[30Aug2025 17:29:16.125] [main/INFO] [cpw.mods.modlauncher.Launcher/MODLAUNCHER]: ModLauncher running: args [--launchTarget, forgeserver, --fml.forgeVersion, 47.4.2, --fml.mcVersion, 1.20.1, --fml.forgeGroup, net.minecraftforge, --fml.mcpVersion, 20230612.114412, nogui]
[30Aug2025 17:29:16.130] [main/INFO] [cpw.mods.modlauncher.Launcher/MODLAUNCHER]: ModLauncher 10.0.9+10.0.9+main.dcd20f30 starting: java version 17.0.15 by Ubuntu; OS Linux arch amd64 version 6.8.0-1030-azure
[30Aug2025 17:29:16.177] [main/DEBUG] [cpw.mods.modlauncher.LaunchServiceHandler/MODLAUNCHER]: Found launch services [fmlclientdev,forgeclient,minecraft,forgegametestserverdev,fmlserveruserdev,fmlclient,fmldatauserdev,forgeserverdev,forgeserveruserdev,forgeclientdev,forgeclientuserdev,forgeserver,forgedatadev,fmlserver,fmlclientuserdev,fmlserverdev,forgedatauserdev,testharness,forgegametestserveruserdev]
[30Aug2025 17:29:16.193] [main/DEBUG] [cpw.mods.modlauncher.NameMappingServiceHandler/MODLAUNCHER]: Found naming services : [srgtomcp]
[30Aug2025 17:29:16.218] [main/DEBUG] [cpw.mods.modlauncher.LaunchPluginHandler/MODLAUNCHER]: Found launch plugins: [mixin,eventbus,slf4jfixer,object_holder_definalize,runtime_enum_extender,capability_token_subclass,accesstransformer,runtimedistcleaner]
[30Aug2025 17:29:16.232] [main/DEBUG] [cpw.mods.modlauncher.TransformationServicesHandler/MODLAUNCHER]: Discovering transformation services
[30Aug2025 17:29:16.243] [main/DEBUG] [net.minecraftforge.fml.loading.FMLPaths/CORE]: Path GAMEDIR is /workspaces/server-mc-1.20.1/servidor_minecraft
[30Aug2025 17:29:16.244] [main/DEBUG] [net.minecraftforge.fml.loading.FMLPaths/CORE]: Path MODSDIR is /workspaces/server-mc-1.20.1/servidor_minecraft/mods
[30Aug2025 17:29:16.244] [main/DEBUG] [net.minecraftforge.fml.loading.FMLPaths/CORE]: Path CONFIGDIR is /workspaces/server-mc-1.20.1/servidor_minecraft/config
[30Aug2025 17:29:16.244] [main/DEBUG] [net.minecraftforge.fml.loading.FMLPaths/CORE]: Path FMLCONFIG is /workspaces/server-mc-1.20.1/servidor_minecraft/config/fml.toml
[30Aug2025 17:29:18.453] [main/DEBUG] [cpw.mods.modlauncher.TransformationServicesHandler/MODLAUNCHER]: Found additional transformation services from discovery services: 
[30Aug2025 17:29:18.460] [main/INFO] [net.minecraftforge.fml.loading.ImmediateWindowHandler/]: ImmediateWindowProvider not loading because launch target is forgeserver
[30Aug2025 17:29:18.474] [main/DEBUG] [cpw.mods.modlauncher.TransformationServicesHandler/MODLAUNCHER]: Found transformer services : [mixin,fml]
[30Aug2025 17:29:18.474] [main/DEBUG] [cpw.mods.modlauncher.TransformationServicesHandler/MODLAUNCHER]: Transformation services loading
[30Aug2025 17:29:18.476] [main/DEBUG] [cpw.mods.modlauncher.TransformationServiceDecorator/MODLAUNCHER]: Loading service mixin
[30Aug2025 17:29:18.476] [main/DEBUG] [cpw.mods.modlauncher.TransformationServiceDecorator/MODLAUNCHER]: Loaded service mixin
[30Aug2025 17:29:18.477] [main/DEBUG] [cpw.mods.modlauncher.TransformationServiceDecorator/MODLAUNCHER]: Loading service fml
[30Aug2025 17:29:18.477] [main/DEBUG] [net.minecraftforge.fml.loading.LauncherVersion/CORE]: Found FMLLauncher version 1.0
[30Aug2025 17:29:18.478] [main/DEBUG] [net.minecraftforge.fml.loading.FMLLoader/CORE]: FML 1.0 loading
[30Aug2025 17:29:18.478] [main/DEBUG] [net.minecraftforge.fml.loading.FMLLoader/CORE]: FML found ModLauncher version : 10.0.9+10.0.9+main.dcd20f30
[30Aug2025 17:29:18.478] [main/DEBUG] [net.minecraftforge.fml.loading.FMLLoader/CORE]: Requesting CoreMods to not apply the fix for ASMAPI.findFirstInstructionBefore by default
[30Aug2025 17:29:18.478] [main/DEBUG] [net.minecraftforge.fml.loading.FMLLoader/CORE]: FML found AccessTransformer version : 8.0.4+66+master.c09db6d7
[30Aug2025 17:29:18.479] [main/DEBUG] [net.minecraftforge.fml.loading.FMLLoader/CORE]: FML found EventBus version : 6.0.5+6.0.5+master.eb8e549b
[30Aug2025 17:29:18.479] [main/DEBUG] [net.minecraftforge.fml.loading.FMLLoader/CORE]: Found Runtime Dist Cleaner
[30Aug2025 17:29:18.482] [main/DEBUG] [net.minecraftforge.coremod.CoreModEngine/]: CoreMods will preserve legacy behavior of ASMAPI.findFirstInstructionBefore for backwards-compatibility
[30Aug2025 17:29:18.482] [main/DEBUG] [net.minecraftforge.fml.loading.FMLLoader/CORE]: FML found CoreMod version : 5.2.4
[30Aug2025 17:29:18.483] [main/DEBUG] [net.minecraftforge.fml.loading.FMLLoader/CORE]: Found ForgeSPI package implementation version 7.0.1+7.0.1+master.d2b38bf6
[30Aug2025 17:29:18.483] [main/DEBUG] [net.minecraftforge.fml.loading.FMLLoader/CORE]: Found ForgeSPI package specification 5
[30Aug2025 17:29:18.483] [main/DEBUG] [cpw.mods.modlauncher.TransformationServiceDecorator/MODLAUNCHER]: Loaded service fml
[30Aug2025 17:29:18.484] [main/DEBUG] [cpw.mods.modlauncher.TransformationServicesHandler/MODLAUNCHER]: Configuring option handling for services
[30Aug2025 17:29:18.493] [main/DEBUG] [cpw.mods.modlauncher.TransformationServicesHandler/MODLAUNCHER]: Transformation services initializing
[30Aug2025 17:29:18.494] [main/DEBUG] [cpw.mods.modlauncher.TransformationServiceDecorator/MODLAUNCHER]: Initializing transformation service mixin
[30Aug2025 17:29:18.510] [main/DEBUG] [mixin/]: MixinService [ModLauncher] was successfully booted in cpw.mods.cl.ModuleClassLoader@1e7c7811
[30Aug2025 17:29:18.537] [main/INFO] [mixin/]: SpongePowered MIXIN Subsystem Version=0.8.5 Source=union:/workspaces/server-mc-1.20.1/servidor_minecraft/libraries/org/spongepowered/mixin/0.8.5/mixin-0.8.5.jar%2365!/ Service=ModLauncher Env=SERVER
[30Aug2025 17:29:18.541] [main/DEBUG] [mixin/]: Initialising Mixin Platform Manager
[30Aug2025 17:29:18.542] [main/DEBUG] [mixin/]: Adding mixin platform agents for container ModLauncher Root Container(ModLauncher:4f56a0a2)
[30Aug2025 17:29:18.542] [main/DEBUG] [mixin/]: Instancing new MixinPlatformAgentMinecraftForge for ModLauncher Root Container(ModLauncher:4f56a0a2)
[30Aug2025 17:29:18.543] [main/DEBUG] [mixin/]: MixinPlatformAgentMinecraftForge rejected container ModLauncher Root Container(ModLauncher:4f56a0a2)
[30Aug2025 17:29:18.544] [main/DEBUG] [mixin/]: Instancing new MixinPlatformAgentDefault for ModLauncher Root Container(ModLauncher:4f56a0a2)
[30Aug2025 17:29:18.544] [main/DEBUG] [mixin/]: MixinPlatformAgentDefault accepted container ModLauncher Root Container(ModLauncher:4f56a0a2)
[30Aug2025 17:29:18.547] [main/DEBUG] [cpw.mods.modlauncher.TransformationServiceDecorator/MODLAUNCHER]: Initialized transformation service mixin
[30Aug2025 17:29:18.548] [main/DEBUG] [cpw.mods.modlauncher.TransformationServiceDecorator/MODLAUNCHER]: Initializing transformation service fml
[30Aug2025 17:29:18.548] [main/DEBUG] [net.minecraftforge.fml.loading.FMLServiceProvider/CORE]: Setting up basic FML game directories
[30Aug2025 17:29:18.548] [main/DEBUG] [net.minecraftforge.fml.loading.FMLPaths/CORE]: Path GAMEDIR is /workspaces/server-mc-1.20.1/servidor_minecraft
[30Aug2025 17:29:18.549] [main/DEBUG] [net.minecraftforge.fml.loading.FMLPaths/CORE]: Path MODSDIR is /workspaces/server-mc-1.20.1/servidor_minecraft/mods
[30Aug2025 17:29:18.549] [main/DEBUG] [net.minecraftforge.fml.loading.FMLPaths/CORE]: Path CONFIGDIR is /workspaces/server-mc-1.20.1/servidor_minecraft/config
[30Aug2025 17:29:18.549] [main/DEBUG] [net.minecraftforge.fml.loading.FMLPaths/CORE]: Path FMLCONFIG is /workspaces/server-mc-1.20.1/servidor_minecraft/config/fml.toml
[30Aug2025 17:29:18.550] [main/DEBUG] [net.minecraftforge.fml.loading.FMLServiceProvider/CORE]: Loading configuration
[30Aug2025 17:29:18.552] [main/DEBUG] [net.minecraftforge.fml.loading.FMLServiceProvider/CORE]: Preparing ModFile
[30Aug2025 17:29:18.555] [main/DEBUG] [net.minecraftforge.fml.loading.FMLServiceProvider/CORE]: Preparing launch handler
[30Aug2025 17:29:18.556] [main/DEBUG] [net.minecraftforge.fml.loading.FMLLoader/CORE]: Using forgeserver as launch service
[30Aug2025 17:29:18.574] [main/DEBUG] [net.minecraftforge.fml.loading.FMLLoader/CORE]: Received command line version data  : VersionInfo[forgeVersion=47.4.2, mcVersion=1.20.1, mcpVersion=20230612.114412, forgeGroup=net.minecraftforge]
[30Aug2025 17:29:18.577] [main/DEBUG] [cpw.mods.modlauncher.TransformationServiceDecorator/MODLAUNCHER]: Initialized transformation service fml
[30Aug2025 17:29:18.578] [main/DEBUG] [cpw.mods.modlauncher.NameMappingServiceHandler/MODLAUNCHER]: Current naming domain is 'srg'
[30Aug2025 17:29:18.578] [main/DEBUG] [cpw.mods.modlauncher.NameMappingServiceHandler/MODLAUNCHER]: Identified name mapping providers {}
[30Aug2025 17:29:18.580] [main/DEBUG] [cpw.mods.modlauncher.TransformationServicesHandler/MODLAUNCHER]: Transformation services begin scanning
[30Aug2025 17:29:18.581] [main/DEBUG] [cpw.mods.modlauncher.TransformationServiceDecorator/MODLAUNCHER]: Beginning scan trigger - transformation service mixin
[30Aug2025 17:29:18.581] [main/DEBUG] [cpw.mods.modlauncher.TransformationServiceDecorator/MODLAUNCHER]: End scan trigger - transformation service mixin
[30Aug2025 17:29:18.581] [main/DEBUG] [cpw.mods.modlauncher.TransformationServiceDecorator/MODLAUNCHER]: Beginning scan trigger - transformation service fml
[30Aug2025 17:29:18.581] [main/DEBUG] [net.minecraftforge.fml.loading.FMLServiceProvider/CORE]: Initiating mod scan
[30Aug2025 17:29:18.595] [main/DEBUG] [net.minecraftforge.fml.loading.moddiscovery.ModListHandler/CORE]: Found mod coordinates from lists: []
[30Aug2025 17:29:18.604] [main/DEBUG] [net.minecraftforge.fml.loading.moddiscovery.ModDiscoverer/CORE]: Found Mod Locators : (mods folder:null),(maven libs:null),(exploded directory:null),(minecraft:null),(userdev classpath:null)
[30Aug2025 17:29:18.605] [main/DEBUG] [net.minecraftforge.fml.loading.moddiscovery.ModDiscoverer/CORE]: Found Dependency Locators : (JarInJar:null)
[30Aug2025 17:29:18.619] [main/DEBUG] [net.minecraftforge.fml.loading.moddiscovery.ModFileParser/LOADING]: Considering mod file candidate /workspaces/server-mc-1.20.1/servidor_minecraft/mods/AI-Improvements-1.20-0.5.2.jar
[30Aug2025 17:29:18.677] [main/DEBUG] [net.minecraftforge.fml.loading.moddiscovery.ModFileInfo/LOADING]: Found valid mod file AI-Improvements-1.20-0.5.2.jar with {aiimprovements} mods - versions {0.5.2}
[30Aug2025 17:29:18.681] [main/DEBUG] [net.minecraftforge.fml.loading.moddiscovery.ModFileParser/LOADING]: Considering mod file candidate /workspaces/server-mc-1.20.1/servidor_minecraft/mods/ancient_golems-1.1.0-forge-1.20.1.jar
[30Aug2025 17:29:18.682] [main/DEBUG] [net.minecraftforge.fml.loading.moddiscovery.ModFileInfo/LOADING]: Found valid mod file ancient_golems-1.1.0-forge-1.20.1.jar with {ancient_golems} mods - versions {1.1.0}
[30Aug2025 17:29:18.685] [main/DEBUG] [net.minecraftforge.fml.loading.moddiscovery.ModFileParser/LOADING]: Considering mod file candidate /workspaces/server-mc-1.20.1/servidor_minecraft/mods/ancore-2025.3.2.1-forge-1.20.1 (1).jar
[30Aug2025 17:29:18.687] [main/DEBUG] [net.minecraftforge.fml.loading.moddiscovery.ModFileInfo/LOADING]: Found valid mod file ancore-2025.3.2.1-forge-1.20.1 (1).jar with {ancore} mods - versions {2025.3.2.1}
[30Aug2025 17:29:18.689] [main/DEBUG] [net.minecraftforge.fml.loading.moddiscovery.ModFileParser/LOADING]: Considering mod file candidate /workspaces/server-mc-1.20.1/servidor_minecraft/mods/appleskin-forge-mc1.20.1-2.5.1.jar
[30Aug2025 17:29:18.690] [main/DEBUG] [net.minecraftforge.fml.loading.moddiscovery.ModFileInfo/LOADING]: Found valid mod file appleskin-forge-mc1.20.1-2.5.1.jar with {appleskin} mods - versions {2.5.1+mc1.20.1}
[30Aug2025 17:29:18.692] [main/DEBUG] [net.minecraftforge.fml.loading.moddiscovery.ModFileParser/LOADING]: Considering mod file candidate /workspaces/server-mc-1.20.1/servidor_minecraft/mods/aquamirae-6.API15.jar
[30Aug2025 17:29:18.696] [main/DEBUG] [net.minecraftforge.fml.loading.moddiscovery.ModFileInfo/LOADING]: Found valid mod file aquamirae-6.API15.jar with {aquamirae} mods - versions {6.API15}
[30Aug2025 17:29:18.696] [main/DEBUG] [net.minecraftforge.fml.loading.moddiscovery.ModFileParser/LOADING]: Considering mod file candidate /workspaces/server-mc-1.20.1/servidor_minecraft/mods/architectury-9.2.14-forge.jar
[30Aug2025 17:29:18.699] [main/DEBUG] [net.minecraftforge.fml.loading.moddiscovery.ModFileInfo/LOADING]: Found valid mod file architectury-9.2.14-forge.jar with {architectury} mods - versions {9.2.14}
[30Aug2025 17:29:18.700] [main/DEBUG] [net.minecraftforge.fml.loading.moddiscovery.ModFileParser/LOADING]: Considering mod file candidate /workspaces/server-mc-1.20.1/servidor_minecraft/mods/artifacts-forge-9.5.16.jar
[30Aug2025 17:29:18.702] [main/DEBUG] [net.minecraftforge.fml.loading.moddiscovery.ModFileInfo/LOADING]: Found valid mod file artifacts-forge-9.5.16.jar with {artifacts} mods - versions {9.5.16}
[30Aug2025 17:29:18.706] [main/DEBUG] [net.minecraftforge.fml.loading.moddiscovery.ModFileParser/LOADING]: Considering mod file candidate /workspaces/server-mc-1.20.1/servidor_minecraft/mods/AttributeFix-Forge-1.20.1-21.0.4.jar
[30Aug2025 17:29:18.710] [main/DEBUG] [net.minecraftforge.fml.loading.moddiscovery.ModFileInfo/LOADING]: Found valid mod file AttributeFix-Forge-1.20.1-21.0.4.jar with {attributefix} mods - versions {21.0.4}
[30Aug2025 17:29:18.711] [main/DEBUG] [net.minecraftforge.fml.loading.moddiscovery.ModFileParser/LOADING]: Considering mod file candidate /workspaces/server-mc-1.20.1/servidor_minecraft/mods/BadMobs-1.20.1-19.0.4.jar
[30Aug2025 17:29:18.712] [main/DEBUG] [net.minecraftforge.fml.loading.moddiscovery.ModFileInfo/LOADING]: Found valid mod file BadMobs-1.20.1-19.0.4.jar with {badmobs} mods - versions {19.0.4}
[30Aug2025 17:29:18.713] [main/DEBUG] [net.minecraftforge.fml.loading.moddiscovery.ModFileParser/LOADING]: Considering mod file candidate /workspaces/server-mc-1.20.1/servidor_minecraft/mods/bettercombat-forge-1.8.6+1.20.1.jar
[30Aug2025 17:29:18.716] [main/DEBUG] [net.minecraftforge.fml.loading.moddiscovery.ModFileInfo/LOADING]: Found valid mod file bettercombat-forge-1.8.6+1.20.1.jar with {bettercombat} mods - versions {1.8.6+1.20.1}
[30Aug2025 17:29:18.718] [main/DEBUG] [net.minecraftforge.fml.loading.moddiscovery.ModFileParser/LOADING]: Considering mod file candidate /workspaces/server-mc-1.20.1/servidor_minecraft/mods/Bonfires-1.20.1-1.2.19-a3b74c6.jar
[30Aug2025 17:29:18.721] [main/DEBUG] [net.minecraftforge.fml.loading.moddiscovery.ModFileInfo/LOADING]: Found valid mod file Bonfires-1.20.1-1.2.19-a3b74c6.jar with {bonfires} mods - versions {1.2.19}
[30Aug2025 17:29:18.732] [main/DEBUG] [net.minecraftforge.fml.loading.moddiscovery.ModFileParser/LOADING]: Considering mod file candidate /workspaces/server-mc-1.20.1/servidor_minecraft/mods/Bookshelf-Forge-1.20.1-20.2.13.jar
[30Aug2025 17:29:18.734] [main/DEBUG] [net.minecraftforge.fml.loading.moddiscovery.ModFileInfo/LOADING]: Found valid mod file Bookshelf-Forge-1.20.1-20.2.13.jar with {bookshelf} mods - versions {20.2.13}
[30Aug2025 17:29:18.735] [main/DEBUG] [net.minecraftforge.fml.loading.moddiscovery.ModFileParser/LOADING]: Considering mod file candidate /workspaces/server-mc-1.20.1/servidor_minecraft/mods/caelus-forge-3.2.0+1.20.1.jar
[30Aug2025 17:29:18.737] [main/DEBUG] [net.minecraftforge.fml.loading.moddiscovery.ModFileInfo/LOADING]: Found valid mod file caelus-forge-3.2.0+1.20.1.jar with {caelus} mods - versions {3.2.0+1.20.1}
[30Aug2025 17:29:18.737] [main/DEBUG] [net.minecraftforge.fml.loading.moddiscovery.ModFileParser/LOADING]: Considering mod file candidate /workspaces/server-mc-1.20.1/servidor_minecraft/mods/charmofundying-forge-6.5.0+1.20.1.jar
[30Aug2025 17:29:18.739] [main/DEBUG] [net.minecraftforge.fml.loading.moddiscovery.ModFileInfo/LOADING]: Found valid mod file charmofundying-forge-6.5.0+1.20.1.jar with {charmofundying} mods - versions {6.5.0+1.20.1}
[30Aug2025 17:29:18.741] [main/DEBUG] [net.minecraftforge.fml.loading.moddiscovery.ModFileParser/LOADING]: Considering mod file candidate /workspaces/server-mc-1.20.1/servidor_minecraft/mods/charms-and-medallions-v1.0.2-v1.20.1.jar
[30Aug2025 17:29:18.742] [main/DEBUG] [net.minecraftforge.fml.loading.moddiscovery.ModFileInfo/LOADING]: Found valid mod file charms-and-medallions-v1.0.2-v1.20.1.jar with {charms_and_medallions} mods - versions {1.0.2}
[30Aug2025 17:29:18.745] [main/DEBUG] [net.minecraftforge.fml.loading.moddiscovery.ModFileParser/LOADING]: Considering mod file candidate /workspaces/server-mc-1.20.1/servidor_minecraft/mods/chest_golems-1.3.0-forge-1.20.1.jar
[30Aug2025 17:29:18.746] [main/DEBUG] [net.minecraftforge.fml.loading.moddiscovery.ModFileInfo/LOADING]: Found valid mod file chest_golems-1.3.0-forge-1.20.1.jar with {chest_golems} mods - versions {1.3.0}
[30Aug2025 17:29:18.747] [main/DEBUG] [net.minecraftforge.fml.loading.moddiscovery.ModFileParser/LOADING]: Considering mod file candidate /workspaces/server-mc-1.20.1/servidor_minecraft/mods/citadel-2.6.1-1.20.1.jar
[30Aug2025 17:29:18.750] [main/DEBUG] [net.minecraftforge.fml.loading.moddiscovery.ModFileInfo/LOADING]: Found valid mod file citadel-2.6.1-1.20.1.jar with {citadel} mods - versions {2.6.1}
[30Aug2025 17:29:18.751] [main/DEBUG] [net.minecraftforge.fml.loading.moddiscovery.ModFileParser/LOADING]: Considering mod file candidate /workspaces/server-mc-1.20.1/servidor_minecraft/mods/cloth-config-11.1.136-forge.jar
[30Aug2025 17:29:18.754] [main/DEBUG] [net.minecraftforge.fml.loading.moddiscovery.ModFileInfo/LOADING]: Found valid mod file cloth-config-11.1.136-forge.jar with {cloth_config} mods - versions {11.1.136}
[30Aug2025 17:29:18.755] [main/DEBUG] [net.minecraftforge.fml.loading.moddiscovery.ModFileParser/LOADING]: Considering mod file candidate /workspaces/server-mc-1.20.1/servidor_minecraft/mods/Clumps-forge-1.20.1-12.0.0.4.jar
[30Aug2025 17:29:18.755] [main/DEBUG] [net.minecraftforge.fml.loading.moddiscovery.ModFileInfo/LOADING]: Found valid mod file Clumps-forge-1.20.1-12.0.0.4.jar with {clumps} mods - versions {12.0.0.4}
[30Aug2025 17:29:18.757] [main/DEBUG] [net.minecraftforge.fml.loading.moddiscovery.ModFileParser/LOADING]: Considering mod file candidate /workspaces/server-mc-1.20.1/servidor_minecraft/mods/cofh_core-1.20.1-11.0.2.56.jar
[30Aug2025 17:29:18.758] [main/DEBUG] [net.minecraftforge.fml.loading.moddiscovery.ModFileInfo/LOADING]: Found valid mod file cofh_core-1.20.1-11.0.2.56.jar with {cofh_core} mods - versions {11.0.2}
[30Aug2025 17:29:18.759] [main/DEBUG] [net.minecraftforge.fml.loading.moddiscovery.ModFileParser/LOADING]: Considering mod file candidate /workspaces/server-mc-1.20.1/servidor_minecraft/mods/comforts-forge-6.4.0+1.20.1.jar
[30Aug2025 17:29:18.760] [main/DEBUG] [net.minecraftforge.fml.loading.moddiscovery.ModFileInfo/LOADING]: Found valid mod file comforts-forge-6.4.0+1.20.1.jar with {comforts} mods - versions {6.4.0+1.20.1}
[30Aug2025 17:29:18.766] [main/DEBUG] [net.minecraftforge.fml.loading.moddiscovery.ModFileParser/LOADING]: Considering mod file candidate /workspaces/server-mc-1.20.1/servidor_minecraft/mods/configured-forge-1.20.1-2.2.3.jar
[30Aug2025 17:29:18.767] [main/DEBUG] [net.minecraftforge.fml.loading.moddiscovery.ModFileInfo/LOADING]: Found valid mod file configured-forge-1.20.1-2.2.3.jar with {configured} mods - versions {2.2.3}
[30Aug2025 17:29:18.770] [main/DEBUG] [net.minecraftforge.fml.loading.moddiscovery.ModFileParser/LOADING]: Considering mod file candidate /workspaces/server-mc-1.20.1/servidor_minecraft/mods/creature_compendium-1.3.1.jar
[30Aug2025 17:29:18.771] [main/DEBUG] [net.minecraftforge.fml.loading.moddiscovery.ModFileInfo/LOADING]: Found valid mod file creature_compendium-1.3.1.jar with {creature_compendium} mods - versions {1.3.1}
[30Aug2025 17:29:18.773] [main/DEBUG] [net.minecraftforge.fml.loading.moddiscovery.ModFileParser/LOADING]: Considering mod file candidate /workspaces/server-mc-1.20.1/servidor_minecraft/mods/curios-forge-5.14.0+1.20.1.jar
[30Aug2025 17:29:18.773] [main/DEBUG] [net.minecraftforge.fml.loading.moddiscovery.ModFileInfo/LOADING]: Found valid mod file curios-forge-5.14.0+1.20.1.jar with {curios} mods - versions {5.14.0+1.20.1}
[30Aug2025 17:29:18.774] [main/DEBUG] [net.minecraftforge.fml.loading.moddiscovery.ModFileParser/LOADING]: Considering mod file candidate /workspaces/server-mc-1.20.1/servidor_minecraft/mods/curios_compat_1_20_1.jar
[30Aug2025 17:29:18.775] [main/DEBUG] [net.minecraftforge.fml.loading.moddiscovery.ModFileInfo/LOADING]: Found valid mod file curios_compat_1_20_1.jar with {curioscompat} mods - versions {1.0.0}
[30Aug2025 17:29:18.776] [main/DEBUG] [net.minecraftforge.fml.loading.moddiscovery.ModFileParser/LOADING]: Considering mod file candidate /workspaces/server-mc-1.20.1/servidor_minecraft/mods/curiouslanterns-1.20.1-1.3.6 (1).jar
[30Aug2025 17:29:18.778] [main/DEBUG] [net.minecraftforge.fml.loading.moddiscovery.ModFileInfo/LOADING]: Found valid mod file curiouslanterns-1.20.1-1.3.6 (1).jar with {curiouslanterns} mods - versions {1.20.1-1.3.6}
[30Aug2025 17:29:18.779] [main/DEBUG] [net.minecraftforge.fml.loading.moddiscovery.ModFileParser/LOADING]: Considering mod file candidate /workspaces/server-mc-1.20.1/servidor_minecraft/mods/darkbread-forge-1.20.1-1.0.0.jar
[30Aug2025 17:29:18.780] [main/DEBUG] [net.minecraftforge.fml.loading.moddiscovery.ModFileInfo/LOADING]: Found valid mod file darkbread-forge-1.20.1-1.0.0.jar with {darkbread} mods - versions {1.0.0}
[30Aug2025 17:29:18.780] [main/DEBUG] [net.minecraftforge.fml.loading.moddiscovery.ModFileParser/LOADING]: Considering mod file candidate /workspaces/server-mc-1.20.1/servidor_minecraft/mods/darkcap-forge-1.20.1-1.0.7.jar
[30Aug2025 17:29:18.783] [main/DEBUG] [net.minecraftforge.fml.loading.moddiscovery.ModFileInfo/LOADING]: Found valid mod file darkcap-forge-1.20.1-1.0.7.jar with {darkcap} mods - versions {1.0.7}
[30Aug2025 17:29:18.783] [main/DEBUG] [net.minecraftforge.fml.loading.moddiscovery.ModFileParser/LOADING]: Considering mod file candidate /workspaces/server-mc-1.20.1/servidor_minecraft/mods/darkdeath-forge-1.20.1-1.0.3.jar
[30Aug2025 17:29:18.784] [main/DEBUG] [net.minecraftforge.fml.loading.moddiscovery.ModFileInfo/LOADING]: Found valid mod file darkdeath-forge-1.20.1-1.0.3.jar with {darkdeath} mods - versions {1.0.3}
[30Aug2025 17:29:18.785] [main/DEBUG] [net.minecraftforge.fml.loading.moddiscovery.ModFileParser/LOADING]: Considering mod file candidate /workspaces/server-mc-1.20.1/servidor_minecraft/mods/darkfeather-forge-1.20.1-1.0.2.jar
[30Aug2025 17:29:18.786] [main/DEBUG] [net.minecraftforge.fml.loading.moddiscovery.ModFileInfo/LOADING]: Found valid mod file darkfeather-forge-1.20.1-1.0.2.jar with {darkfeather} mods - versions {1.0.2}
[30Aug2025 17:29:18.791] [main/DEBUG] [net.minecraftforge.fml.loading.moddiscovery.ModFileParser/LOADING]: Considering mod file candidate /workspaces/server-mc-1.20.1/servidor_minecraft/mods/darkflight-forge-1.20.1-1.0.8.jar
[30Aug2025 17:29:18.792] [main/DEBUG] [net.minecraftforge.fml.loading.moddiscovery.ModFileInfo/LOADING]: Found valid mod file darkflight-forge-1.20.1-1.0.8.jar with {darkflight} mods - versions {1.0.8}
[30Aug2025 17:29:18.794] [main/DEBUG] [net.minecraftforge.fml.loading.moddiscovery.ModFileParser/LOADING]: Considering mod file candidate /workspaces/server-mc-1.20.1/servidor_minecraft/mods/darkglint-forge-1.20.1-1.0.3.jar
[30Aug2025 17:29:18.795] [main/DEBUG] [net.minecraftforge.fml.loading.moddiscovery.ModFileInfo/LOADING]: Found valid mod file darkglint-forge-1.20.1-1.0.3.jar with {darkglint} mods - versions {1.0.3}
[30Aug2025 17:29:18.795] [main/DEBUG] [net.minecraftforge.fml.loading.moddiscovery.ModFileParser/LOADING]: Considering mod file candidate /workspaces/server-mc-1.20.1/servidor_minecraft/mods/darkheads-forge-1.20.1-1.0.6.jar
[30Aug2025 17:29:18.796] [main/DEBUG] [net.minecraftforge.fml.loading.moddiscovery.ModFileInfo/LOADING]: Found valid mod file darkheads-forge-1.20.1-1.0.6.jar with {darkheads} mods - versions {1.0.6}
[30Aug2025 17:29:18.797] [main/DEBUG] [net.minecraftforge.fml.loading.moddiscovery.ModFileParser/LOADING]: Considering mod file candidate /workspaces/server-mc-1.20.1/servidor_minecraft/mods/darkrtp-forge-1.20.1-1.0.9.jar
[30Aug2025 17:29:18.798] [main/DEBUG] [net.minecraftforge.fml.loading.moddiscovery.ModFileInfo/LOADING]: Found valid mod file darkrtp-forge-1.20.1-1.0.9.jar with {darkrtp} mods - versions {1.0.9}
[30Aug2025 17:29:18.799] [main/DEBUG] [net.minecraftforge.fml.loading.moddiscovery.ModFileParser/LOADING]: Considering mod file candidate /workspaces/server-mc-1.20.1/servidor_minecraft/mods/darksleep-forge-1.20.1-1.0.0.jar
[30Aug2025 17:29:18.800] [main/DEBUG] [net.minecraftforge.fml.loading.moddiscovery.ModFileInfo/LOADING]: Found valid mod file darksleep-forge-1.20.1-1.0.0.jar with {darksleep} mods - versions {1.0.0}
[30Aug2025 17:29:18.802] [main/DEBUG] [net.minecraftforge.fml.loading.moddiscovery.ModFileParser/LOADING]: Considering mod file candidate /workspaces/server-mc-1.20.1/servidor_minecraft/mods/darksmelting-forge-1.20.1-1.0.5.jar
[30Aug2025 17:29:18.803] [main/DEBUG] [net.minecraftforge.fml.loading.moddiscovery.ModFileInfo/LOADING]: Found valid mod file darksmelting-forge-1.20.1-1.0.5.jar with {darksmelting} mods - versions {1.0.5}
[30Aug2025 17:29:18.804] [main/DEBUG] [net.minecraftforge.fml.loading.moddiscovery.ModFileParser/LOADING]: Considering mod file candidate /workspaces/server-mc-1.20.1/servidor_minecraft/mods/darksmithing-forge-1.20.1-1.0.5.jar
[30Aug2025 17:29:18.805] [main/DEBUG] [net.minecraftforge.fml.loading.moddiscovery.ModFileInfo/LOADING]: Found valid mod file darksmithing-forge-1.20.1-1.0.5.jar with {darksmithing} mods - versions {1.0.5}
[30Aug2025 17:29:18.806] [main/DEBUG] [net.minecraftforge.fml.loading.moddiscovery.ModFileParser/LOADING]: Considering mod file candidate /workspaces/server-mc-1.20.1/servidor_minecraft/mods/darkspawn-forge-1.20.1-1.1.6.jar
[30Aug2025 17:29:18.808] [main/DEBUG] [net.minecraftforge.fml.loading.moddiscovery.ModFileInfo/LOADING]: Found valid mod file darkspawn-forge-1.20.1-1.1.6.jar with {darkspawn} mods - versions {1.1.6}
[30Aug2025 17:29:18.809] [main/DEBUG] [net.minecraftforge.fml.loading.moddiscovery.ModFileParser/LOADING]: Considering mod file candidate /workspaces/server-mc-1.20.1/servidor_minecraft/mods/darktimer-forge-1.20.1-1.0.9.jar
[30Aug2025 17:29:18.810] [main/DEBUG] [net.minecraftforge.fml.loading.moddiscovery.ModFileInfo/LOADING]: Found valid mod file darktimer-forge-1.20.1-1.0.9.jar with {darktimer} mods - versions {1.0.9}
[30Aug2025 17:29:18.811] [main/DEBUG] [net.minecraftforge.fml.loading.moddiscovery.ModFileParser/LOADING]: Considering mod file candidate /workspaces/server-mc-1.20.1/servidor_minecraft/mods/darkwooly-forge-1.20.1-1.0.6.jar
[30Aug2025 17:29:18.813] [main/DEBUG] [net.minecraftforge.fml.loading.moddiscovery.ModFileInfo/LOADING]: Found valid mod file darkwooly-forge-1.20.1-1.0.6.jar with {darkwooly} mods - versions {1.0.6}
[30Aug2025 17:29:18.814] [main/DEBUG] [net.minecraftforge.fml.loading.moddiscovery.ModFileParser/LOADING]: Considering mod file candidate /workspaces/server-mc-1.20.1/servidor_minecraft/mods/darkzoom-forge-1.20.1-1.0.1.jar
[30Aug2025 17:29:18.815] [main/DEBUG] [net.minecraftforge.fml.loading.moddiscovery.ModFileInfo/LOADING]: Found valid mod file darkzoom-forge-1.20.1-1.0.1.jar with {darkzoom} mods - versions {1.0.1}
[30Aug2025 17:29:18.816] [main/DEBUG] [net.minecraftforge.fml.loading.moddiscovery.ModFileParser/LOADING]: Considering mod file candidate /workspaces/server-mc-1.20.1/servidor_minecraft/mods/Dave's Potioneering-forge-1.20.1-12.jar
[30Aug2025 17:29:18.817] [main/DEBUG] [net.minecraftforge.fml.loading.moddiscovery.ModFileInfo/LOADING]: Found valid mod file Dave's Potioneering-forge-1.20.1-12.jar with {davespotioneering} mods - versions {12}
[30Aug2025 17:29:18.818] [main/DEBUG] [net.minecraftforge.fml.loading.moddiscovery.ModFileParser/LOADING]: Considering mod file candidate /workspaces/server-mc-1.20.1/servidor_minecraft/mods/disenchanting_table-merged-1.20.1-4.0.2.jar
[30Aug2025 17:29:18.819] [main/DEBUG] [net.minecraftforge.fml.loading.moddiscovery.ModFileInfo/LOADING]: Found valid mod file disenchanting_table-merged-1.20.1-4.0.2.jar with {disenchanting_table} mods - versions {4.0.2}
[30Aug2025 17:29:18.820] [main/DEBUG] [net.minecraftforge.fml.loading.moddiscovery.ModFileParser/LOADING]: Considering mod file candidate /workspaces/server-mc-1.20.1/servidor_minecraft/mods/eeeabsmobs-1.20.1-0.97-Fix.jar
[30Aug2025 17:29:18.821] [main/DEBUG] [net.minecraftforge.fml.loading.moddiscovery.ModFileInfo/LOADING]: Found valid mod file eeeabsmobs-1.20.1-0.97-Fix.jar with {eeeabsmobs} mods - versions {1.20.1-0.97}
[30Aug2025 17:29:18.823] [main/DEBUG] [net.minecraftforge.fml.loading.moddiscovery.ModFileParser/LOADING]: Considering mod file candidate /workspaces/server-mc-1.20.1/servidor_minecraft/mods/EnigmaticLegacy-2.30.1.jar
[30Aug2025 17:29:18.825] [main/DEBUG] [net.minecraftforge.fml.loading.moddiscovery.ModFileInfo/LOADING]: Found valid mod file EnigmaticLegacy-2.30.1.jar with {enigmaticlegacy} mods - versions {2.30.1}
[30Aug2025 17:29:18.825] [main/DEBUG] [net.minecraftforge.fml.loading.moddiscovery.ModFileParser/LOADING]: Considering mod file candidate /workspaces/server-mc-1.20.1/servidor_minecraft/mods/ensorcellation-1.20.1-5.0.2.24.jar
[30Aug2025 17:29:18.826] [main/DEBUG] [net.minecraftforge.fml.loading.moddiscovery.ModFileInfo/LOADING]: Found valid mod file ensorcellation-1.20.1-5.0.2.24.jar with {ensorcellation} mods - versions {5.0.2}
[30Aug2025 17:29:18.827] [main/DEBUG] [net.minecraftforge.fml.loading.moddiscovery.ModFileParser/LOADING]: Considering mod file candidate /workspaces/server-mc-1.20.1/servidor_minecraft/mods/entityculling-forge-1.7.0-mc1.20.1.jar
[30Aug2025 17:29:18.827] [main/DEBUG] [net.minecraftforge.fml.loading.moddiscovery.ModFileInfo/LOADING]: Found valid mod file entityculling-forge-1.7.0-mc1.20.1.jar with {entityculling} mods - versions {1.7.0}
[30Aug2025 17:29:18.828] [main/DEBUG] [net.minecraftforge.fml.loading.moddiscovery.ModFileParser/LOADING]: Considering mod file candidate /workspaces/server-mc-1.20.1/servidor_minecraft/mods/experienceobelisk-2.3.6.1-1.20.1.jar
[30Aug2025 17:29:18.829] [main/DEBUG] [net.minecraftforge.fml.loading.moddiscovery.ModFileInfo/LOADING]: Found valid mod file experienceobelisk-2.3.6.1-1.20.1.jar with {experienceobelisk} mods - versions {2.3.6.1-1.20.1}
[30Aug2025 17:29:18.830] [main/DEBUG] [net.minecraftforge.fml.loading.moddiscovery.ModFileParser/LOADING]: Considering mod file candidate /workspaces/server-mc-1.20.1/servidor_minecraft/mods/explosiveenhancement-1.1.0-1.20.1-client-and-server.jar
[30Aug2025 17:29:18.831] [main/DEBUG] [net.minecraftforge.fml.loading.moddiscovery.ModFileInfo/LOADING]: Found valid mod file explosiveenhancement-1.1.0-1.20.1-client-and-server.jar with {explosiveenhancement} mods - versions {1.1.0}
[30Aug2025 17:29:18.832] [main/DEBUG] [net.minecraftforge.fml.loading.moddiscovery.ModFileParser/LOADING]: Considering mod file candidate /workspaces/server-mc-1.20.1/servidor_minecraft/mods/ExtraSoundsNext-forge-1.20.1-1.4.jar
[30Aug2025 17:29:18.832] [main/DEBUG] [net.minecraftforge.fml.loading.moddiscovery.ModFileInfo/LOADING]: Found valid mod file ExtraSoundsNext-forge-1.20.1-1.4.jar with {extrasounds} mods - versions {1.4}
[30Aug2025 17:29:18.835] [main/DEBUG] [net.minecraftforge.fml.loading.moddiscovery.ModFileParser/LOADING]: Considering mod file candidate /workspaces/server-mc-1.20.1/servidor_minecraft/mods/FallingTree-1.20.1-4.3.4.jar
[30Aug2025 17:29:18.836] [main/DEBUG] [net.minecraftforge.fml.loading.moddiscovery.ModFileInfo/LOADING]: Found valid mod file FallingTree-1.20.1-4.3.4.jar with {fallingtree} mods - versions {4.3.4}
[30Aug2025 17:29:18.840] [main/DEBUG] [net.minecraftforge.fml.loading.moddiscovery.ModFileParser/LOADING]: Considering mod file candidate /workspaces/server-mc-1.20.1/servidor_minecraft/mods/ferritecore-6.0.1-forge.jar
[30Aug2025 17:29:18.841] [main/DEBUG] [net.minecraftforge.fml.loading.moddiscovery.ModFileInfo/LOADING]: Found valid mod file ferritecore-6.0.1-forge.jar with {ferritecore} mods - versions {6.0.1}
[30Aug2025 17:29:18.844] [main/DEBUG] [net.minecraftforge.fml.loading.moddiscovery.ModFileParser/LOADING]: Considering mod file candidate /workspaces/server-mc-1.20.1/servidor_minecraft/mods/framework-forge-1.20.1-0.7.12.jar
[30Aug2025 17:29:18.846] [main/DEBUG] [net.minecraftforge.fml.loading.moddiscovery.ModFileInfo/LOADING]: Found valid mod file framework-forge-1.20.1-0.7.12.jar with {framework} mods - versions {0.7.12}
[30Aug2025 17:29:18.846] [main/DEBUG] [net.minecraftforge.fml.loading.moddiscovery.ModFileParser/LOADING]: Considering mod file candidate /workspaces/server-mc-1.20.1/servidor_minecraft/mods/geckolib-forge-1.20.1-4.7.1.2 - copia.jar
[30Aug2025 17:29:18.847] [main/DEBUG] [net.minecraftforge.fml.loading.moddiscovery.ModFileInfo/LOADING]: Found valid mod file geckolib-forge-1.20.1-4.7.1.2 - copia.jar with {geckolib} mods - versions {4.7.1.2}
[30Aug2025 17:29:18.848] [main/DEBUG] [net.minecraftforge.fml.loading.moddiscovery.ModFileParser/LOADING]: Considering mod file candidate /workspaces/server-mc-1.20.1/servidor_minecraft/mods/geckolib-forge-1.20.1-4.7.1.2.jar
[30Aug2025 17:29:18.849] [main/DEBUG] [net.minecraftforge.fml.loading.moddiscovery.ModFileInfo/LOADING]: Found valid mod file geckolib-forge-1.20.1-4.7.1.2.jar with {geckolib} mods - versions {4.7.1.2}
[30Aug2025 17:29:18.851] [main/DEBUG] [net.minecraftforge.fml.loading.moddiscovery.ModFileParser/LOADING]: Considering mod file candidate /workspaces/server-mc-1.20.1/servidor_minecraft/mods/GeckoLibOculusCompat-Forge-1.0.1 - copia.jar
[30Aug2025 17:29:18.852] [main/DEBUG] [net.minecraftforge.fml.loading.moddiscovery.ModFileInfo/LOADING]: Found valid mod file GeckoLibOculusCompat-Forge-1.0.1 - copia.jar with {geckoanimfix} mods - versions {1.0.0}
[30Aug2025 17:29:18.853] [main/DEBUG] [net.minecraftforge.fml.loading.moddiscovery.ModFileParser/LOADING]: Considering mod file candidate /workspaces/server-mc-1.20.1/servidor_minecraft/mods/GeckoLibOculusCompat-Forge-1.0.1.jar
[30Aug2025 17:29:18.853] [main/DEBUG] [net.minecraftforge.fml.loading.moddiscovery.ModFileInfo/LOADING]: Found valid mod file GeckoLibOculusCompat-Forge-1.0.1.jar with {geckoanimfix} mods - versions {1.0.0}
[30Aug2025 17:29:18.855] [main/DEBUG] [net.minecraftforge.fml.loading.moddiscovery.ModFileParser/LOADING]: Considering mod file candidate /workspaces/server-mc-1.20.1/servidor_minecraft/mods/gottschcore-1.20.1-2.3.0.jar
[30Aug2025 17:29:18.856] [main/DEBUG] [net.minecraftforge.fml.loading.moddiscovery.ModFileInfo/LOADING]: Found valid mod file gottschcore-1.20.1-2.3.0.jar with {gottschcore} mods - versions {2.3.0}
[30Aug2025 17:29:18.856] [main/DEBUG] [net.minecraftforge.fml.loading.moddiscovery.ModFileParser/LOADING]: Considering mod file candidate /workspaces/server-mc-1.20.1/servidor_minecraft/mods/ice_and_fire_spellbooks-2.3.1-1.20.1.jar
[30Aug2025 17:29:18.859] [main/DEBUG] [net.minecraftforge.fml.loading.moddiscovery.ModFileInfo/LOADING]: Found valid mod file ice_and_fire_spellbooks-2.3.1-1.20.1.jar with {ice_and_fire_spellbooks} mods - versions {2.3.1-1.20.1}
[30Aug2025 17:29:18.863] [main/DEBUG] [net.minecraftforge.fml.loading.moddiscovery.ModFileParser/LOADING]: Considering mod file candidate /workspaces/server-mc-1.20.1/servidor_minecraft/mods/iceandfire-2.1.13-1.20.1-beta-5.jar
[30Aug2025 17:29:18.865] [main/DEBUG] [net.minecraftforge.fml.loading.moddiscovery.ModFileInfo/LOADING]: Found valid mod file iceandfire-2.1.13-1.20.1-beta-5.jar with {iceandfire} mods - versions {2.1.13-1.20.1}
[30Aug2025 17:29:18.866] [main/DEBUG] [net.minecraftforge.fml.loading.moddiscovery.ModFileParser/LOADING]: Considering mod file candidate /workspaces/server-mc-1.20.1/servidor_minecraft/mods/iceandfire_curios-1.2.0-forge-1.20.1.jar
[30Aug2025 17:29:18.866] [main/DEBUG] [net.minecraftforge.fml.loading.moddiscovery.ModFileInfo/LOADING]: Found valid mod file iceandfire_curios-1.2.0-forge-1.20.1.jar with {iceandfire_curios} mods - versions {1.2.0}
[30Aug2025 17:29:18.867] [main/DEBUG] [net.minecraftforge.fml.loading.moddiscovery.ModFileParser/LOADING]: Considering mod file candidate /workspaces/server-mc-1.20.1/servidor_minecraft/mods/ImmersiveUI-FORGE-0.3.0.jar
[30Aug2025 17:29:18.870] [main/DEBUG] [net.minecraftforge.fml.loading.moddiscovery.ModFileInfo/LOADING]: Found valid mod file ImmersiveUI-FORGE-0.3.0.jar with {immersiveui} mods - versions {0.3.0}
[30Aug2025 17:29:18.874] [main/DEBUG] [net.minecraftforge.fml.loading.moddiscovery.ModFileParser/LOADING]: Considering mod file candidate /workspaces/server-mc-1.20.1/servidor_minecraft/mods/irons_spellbooks-1.20.1-3.4.0.8.jar
[30Aug2025 17:29:18.876] [main/DEBUG] [net.minecraftforge.fml.loading.moddiscovery.ModFileInfo/LOADING]: Found valid mod file irons_spellbooks-1.20.1-3.4.0.8.jar with {irons_spellbooks} mods - versions {1.20.1-3.4.0.8}
[30Aug2025 17:29:18.877] [main/DEBUG] [net.minecraftforge.fml.loading.moddiscovery.ModFileParser/LOADING]: Considering mod file candidate /workspaces/server-mc-1.20.1/servidor_minecraft/mods/jei-1.20.1-forge-15.20.0.106.jar
[30Aug2025 17:29:18.878] [main/DEBUG] [net.minecraftforge.fml.loading.moddiscovery.ModFileInfo/LOADING]: Found valid mod file jei-1.20.1-forge-15.20.0.106.jar with {jei} mods - versions {15.20.0.106}
[30Aug2025 17:29:18.880] [main/DEBUG] [net.minecraftforge.fml.loading.moddiscovery.ModFileParser/LOADING]: Considering mod file candidate /workspaces/server-mc-1.20.1/servidor_minecraft/mods/justenoughbreeding-forge-1.20-1.20.1-1.5.0.jar
[30Aug2025 17:29:18.881] [main/DEBUG] [net.minecraftforge.fml.loading.moddiscovery.ModFileInfo/LOADING]: Found valid mod file justenoughbreeding-forge-1.20-1.20.1-1.5.0.jar with {justenoughbreeding} mods - versions {1.5.0}
[30Aug2025 17:29:18.884] [main/DEBUG] [net.minecraftforge.fml.loading.moddiscovery.ModFileParser/LOADING]: Considering mod file candidate /workspaces/server-mc-1.20.1/servidor_minecraft/mods/JustEnoughResources-1.20.1-1.4.0.247.jar
[30Aug2025 17:29:18.884] [main/DEBUG] [net.minecraftforge.fml.loading.moddiscovery.ModFileInfo/LOADING]: Found valid mod file JustEnoughResources-1.20.1-1.4.0.247.jar with {jeresources} mods - versions {1.4.0.247}
[30Aug2025 17:29:18.885] [main/DEBUG] [net.minecraftforge.fml.loading.moddiscovery.ModFileParser/LOADING]: Considering mod file candidate /workspaces/server-mc-1.20.1/servidor_minecraft/mods/l2library-2.5.1.jar
[30Aug2025 17:29:18.887] [main/DEBUG] [net.minecraftforge.fml.loading.moddiscovery.ModFileInfo/LOADING]: Found valid mod file l2library-2.5.1.jar with {l2library} mods - versions {2.5.1}
[30Aug2025 17:29:18.890] [main/DEBUG] [net.minecraftforge.fml.loading.moddiscovery.ModFileParser/LOADING]: Considering mod file candidate /workspaces/server-mc-1.20.1/servidor_minecraft/mods/L_Enders_Cataclysm-2.63.jar
[30Aug2025 17:29:18.891] [main/DEBUG] [net.minecraftforge.fml.loading.moddiscovery.ModFileInfo/LOADING]: Found valid mod file L_Enders_Cataclysm-2.63.jar with {cataclysm} mods - versions {2.63}
[30Aug2025 17:29:18.892] [main/DEBUG] [net.minecraftforge.fml.loading.moddiscovery.ModFileParser/LOADING]: Considering mod file candidate /workspaces/server-mc-1.20.1/servidor_minecraft/mods/lategamegolems-1.20.1-2.4.0.0.jar
[30Aug2025 17:29:18.892] [main/DEBUG] [net.minecraftforge.fml.loading.moddiscovery.ModFileInfo/LOADING]: Found valid mod file lategamegolems-1.20.1-2.4.0.0.jar with {lategamegolems} mods - versions {2.4.0.0}
[30Aug2025 17:29:18.895] [main/DEBUG] [net.minecraftforge.fml.loading.moddiscovery.ModFileParser/LOADING]: Considering mod file candidate /workspaces/server-mc-1.20.1/servidor_minecraft/mods/legendarymonsters-1.8.1 MC 1.20.1.jar
[30Aug2025 17:29:18.896] [main/DEBUG] [net.minecraftforge.fml.loading.moddiscovery.ModFileInfo/LOADING]: Found valid mod file legendarymonsters-1.8.1 MC 1.20.1.jar with {legendary_monsters} mods - versions {1.20.1}
[30Aug2025 17:29:18.897] [main/DEBUG] [net.minecraftforge.fml.loading.moddiscovery.ModFileParser/LOADING]: Considering mod file candidate /workspaces/server-mc-1.20.1/servidor_minecraft/mods/lionfishapi-2.4-Fix.jar
[30Aug2025 17:29:18.897] [main/DEBUG] [net.minecraftforge.fml.loading.moddiscovery.ModFileInfo/LOADING]: Found valid mod file lionfishapi-2.4-Fix.jar with {lionfishapi} mods - versions {2.4-Fix}
[30Aug2025 17:29:18.898] [main/DEBUG] [net.minecraftforge.fml.loading.moddiscovery.ModFileParser/LOADING]: Considering mod file candidate /workspaces/server-mc-1.20.1/servidor_minecraft/mods/Log-Begone-Forge-1.20.1-1.0.8.jar
[30Aug2025 17:29:18.899] [main/DEBUG] [net.minecraftforge.fml.loading.moddiscovery.ModFileInfo/LOADING]: Found valid mod file Log-Begone-Forge-1.20.1-1.0.8.jar with {logbegone} mods - versions {1.0.8}
[30Aug2025 17:29:18.900] [main/DEBUG] [net.minecraftforge.fml.loading.moddiscovery.ModFileParser/LOADING]: Considering mod file candidate /workspaces/server-mc-1.20.1/servidor_minecraft/mods/lootr-forge-1.20-0.7.35.92.jar
[30Aug2025 17:29:18.900] [main/DEBUG] [net.minecraftforge.fml.loading.moddiscovery.ModFileInfo/LOADING]: Found valid mod file lootr-forge-1.20-0.7.35.92.jar with {lootr} mods - versions {0.7.35.92}
[30Aug2025 17:29:18.903] [main/DEBUG] [net.minecraftforge.fml.loading.moddiscovery.ModFileParser/LOADING]: Considering mod file candidate /workspaces/server-mc-1.20.1/servidor_minecraft/mods/modulargolems-2.5.18.jar
[30Aug2025 17:29:18.904] [main/DEBUG] [net.minecraftforge.fml.loading.moddiscovery.ModFileInfo/LOADING]: Found valid mod file modulargolems-2.5.18.jar with {modulargolems} mods - versions {2.5.18}
[30Aug2025 17:29:18.905] [main/DEBUG] [net.minecraftforge.fml.loading.moddiscovery.ModFileParser/LOADING]: Considering mod file candidate /workspaces/server-mc-1.20.1/servidor_minecraft/mods/monolib-forge-1.20.1-2.0.0.jar
[30Aug2025 17:29:18.907] [main/DEBUG] [net.minecraftforge.fml.loading.moddiscovery.ModFileInfo/LOADING]: Found valid mod file monolib-forge-1.20.1-2.0.0.jar with {monolib} mods - versions {2.0.0}
[30Aug2025 17:29:18.909] [main/DEBUG] [net.minecraftforge.fml.loading.moddiscovery.ModFileParser/LOADING]: Considering mod file candidate /workspaces/server-mc-1.20.1/servidor_minecraft/mods/mowziesmobs-1.7.2.jar
[30Aug2025 17:29:18.910] [main/DEBUG] [net.minecraftforge.fml.loading.moddiscovery.ModFileInfo/LOADING]: Found valid mod file mowziesmobs-1.7.2.jar with {mowziesmobs} mods - versions {1.7.2}
[30Aug2025 17:29:18.910] [main/DEBUG] [net.minecraftforge.fml.loading.moddiscovery.ModFileParser/LOADING]: Considering mod file candidate /workspaces/server-mc-1.20.1/servidor_minecraft/mods/mutant_addition_mod-1.1.1-forge-1.20.1.jar
[30Aug2025 17:29:18.911] [main/DEBUG] [net.minecraftforge.fml.loading.moddiscovery.ModFileInfo/LOADING]: Found valid mod file mutant_addition_mod-1.1.1-forge-1.20.1.jar with {mutant_addition_mod} mods - versions {1.1.1}
[30Aug2025 17:29:18.913] [main/DEBUG] [net.minecraftforge.fml.loading.moddiscovery.ModFileParser/LOADING]: Considering mod file candidate /workspaces/server-mc-1.20.1/servidor_minecraft/mods/Mutated-Items-3.0.0-forge-1.20.1.jar
[30Aug2025 17:29:18.914] [main/DEBUG] [net.minecraftforge.fml.loading.moddiscovery.ModFileInfo/LOADING]: Found valid mod file Mutated-Items-3.0.0-forge-1.20.1.jar with {mutated_items} mods - versions {3.0.0}
[30Aug2025 17:29:18.914] [main/DEBUG] [net.minecraftforge.fml.loading.moddiscovery.ModFileParser/LOADING]: Considering mod file candidate /workspaces/server-mc-1.20.1/servidor_minecraft/mods/MyServerIsCompatible-1.20-1.0.jar
[30Aug2025 17:29:18.916] [main/DEBUG] [net.minecraftforge.fml.loading.moddiscovery.ModFileInfo/LOADING]: Found valid mod file MyServerIsCompatible-1.20-1.0.jar with {myserveriscompatible} mods - versions {1.0}
[30Aug2025 17:29:18.917] [main/DEBUG] [net.minecraftforge.fml.loading.moddiscovery.ModFileParser/LOADING]: Considering mod file candidate /workspaces/server-mc-1.20.1/servidor_minecraft/mods/NekosEnchantedBooks-1.19.3-2.0.3.jar
[30Aug2025 17:29:18.919] [main/DEBUG] [net.minecraftforge.fml.loading.moddiscovery.ModFileInfo/LOADING]: Found valid mod file NekosEnchantedBooks-1.19.3-2.0.3.jar with {nebs} mods - versions {2.0.3}
[30Aug2025 17:29:18.920] [main/DEBUG] [net.minecraftforge.fml.loading.moddiscovery.ModFileParser/LOADING]: Considering mod file candidate /workspaces/server-mc-1.20.1/servidor_minecraft/mods/nemos-inventory-sorting-Forge-1.20.1-1.8.2-all.jar
[30Aug2025 17:29:18.920] [main/DEBUG] [net.minecraftforge.fml.loading.moddiscovery.ModFileInfo/LOADING]: Found valid mod file nemos-inventory-sorting-Forge-1.20.1-1.8.2-all.jar with {nemos_inventory_sorting} mods - versions {1.8.2}
[30Aug2025 17:29:18.922] [main/DEBUG] [net.minecraftforge.fml.loading.moddiscovery.ModFileParser/LOADING]: Considering mod file candidate /workspaces/server-mc-1.20.1/servidor_minecraft/mods/nether_armory-1.0.0-forge-1.20.1.jar
[30Aug2025 17:29:18.922] [main/DEBUG] [net.minecraftforge.fml.loading.moddiscovery.ModFileInfo/LOADING]: Found valid mod file nether_armory-1.0.0-forge-1.20.1.jar with {nether_armory} mods - versions {1.0.0}
[30Aug2025 17:29:18.923] [main/DEBUG] [net.minecraftforge.fml.loading.moddiscovery.ModFileParser/LOADING]: Considering mod file candidate /workspaces/server-mc-1.20.1/servidor_minecraft/mods/netherite_fusion-1.0.5.jar
[30Aug2025 17:29:18.925] [main/DEBUG] [net.minecraftforge.fml.loading.moddiscovery.ModFileInfo/LOADING]: Found valid mod file netherite_fusion-1.0.5.jar with {netherite_fusion} mods - versions {1.0.0}
[30Aug2025 17:29:18.926] [main/DEBUG] [net.minecraftforge.fml.loading.moddiscovery.ModFileParser/LOADING]: Considering mod file candidate /workspaces/server-mc-1.20.1/servidor_minecraft/mods/nyfsquiver-1.20.1-forge-1.0.1.jar
[30Aug2025 17:29:18.927] [main/DEBUG] [net.minecraftforge.fml.loading.moddiscovery.ModFileInfo/LOADING]: Found valid mod file nyfsquiver-1.20.1-forge-1.0.1.jar with {nyfsquiver} mods - versions {1.18.1-0.7.0}
[30Aug2025 17:29:18.927] [main/DEBUG] [net.minecraftforge.fml.loading.moddiscovery.ModFileParser/LOADING]: Considering mod file candidate /workspaces/server-mc-1.20.1/servidor_minecraft/mods/obscure_api-15.jar
[30Aug2025 17:29:18.929] [main/DEBUG] [net.minecraftforge.fml.loading.moddiscovery.ModFileInfo/LOADING]: Found valid mod file obscure_api-15.jar with {obscure_api} mods - versions {15}
[30Aug2025 17:29:18.930] [main/DEBUG] [net.minecraftforge.fml.loading.moddiscovery.ModFileParser/LOADING]: Considering mod file candidate /workspaces/server-mc-1.20.1/servidor_minecraft/mods/OctoLib-FORGE-0.5.0.1+1.20.1.jar
[30Aug2025 17:29:18.931] [main/DEBUG] [net.minecraftforge.fml.loading.moddiscovery.ModFileInfo/LOADING]: Found valid mod file OctoLib-FORGE-0.5.0.1+1.20.1.jar with {octolib} mods - versions {0.5.0.1}
[30Aug2025 17:29:18.932] [main/DEBUG] [net.minecraftforge.fml.loading.moddiscovery.ModFileParser/LOADING]: Considering mod file candidate /workspaces/server-mc-1.20.1/servidor_minecraft/mods/Patchouli-1.20.1-84.1-FORGE.jar
[30Aug2025 17:29:18.932] [main/DEBUG] [net.minecraftforge.fml.loading.moddiscovery.ModFileInfo/LOADING]: Found valid mod file Patchouli-1.20.1-84.1-FORGE.jar with {patchouli} mods - versions {1.20.1-84.1-FORGE}
[30Aug2025 17:29:18.933] [main/DEBUG] [net.minecraftforge.fml.loading.moddiscovery.ModFileParser/LOADING]: Considering mod file candidate /workspaces/server-mc-1.20.1/servidor_minecraft/mods/player-animation-lib-forge-1.0.2-rc1+1.20.jar
[30Aug2025 17:29:18.934] [main/DEBUG] [net.minecraftforge.fml.loading.moddiscovery.ModFileInfo/LOADING]: Found valid mod file player-animation-lib-forge-1.0.2-rc1+1.20.jar with {playeranimator} mods - versions {1.0.2-rc1+1.20}
[30Aug2025 17:29:18.935] [main/DEBUG] [net.minecraftforge.fml.loading.moddiscovery.ModFileParser/LOADING]: Considering mod file candidate /workspaces/server-mc-1.20.1/servidor_minecraft/mods/polymorph-forge-0.49.9+1.20.1.jar
[30Aug2025 17:29:18.935] [main/DEBUG] [net.minecraftforge.fml.loading.moddiscovery.ModFileInfo/LOADING]: Found valid mod file polymorph-forge-0.49.9+1.20.1.jar with {polymorph} mods - versions {0.49.9+1.20.1}
[30Aug2025 17:29:18.936] [main/DEBUG] [net.minecraftforge.fml.loading.moddiscovery.ModFileParser/LOADING]: Considering mod file candidate /workspaces/server-mc-1.20.1/servidor_minecraft/mods/radiantgear-forge-2.2.0+1.20.1 (1).jar
[30Aug2025 17:29:18.937] [main/DEBUG] [net.minecraftforge.fml.loading.moddiscovery.ModFileInfo/LOADING]: Found valid mod file radiantgear-forge-2.2.0+1.20.1 (1).jar with {radiantgear} mods - versions {2.2.0+1.20.1}
[30Aug2025 17:29:18.938] [main/DEBUG] [net.minecraftforge.fml.loading.moddiscovery.ModFileParser/LOADING]: Considering mod file candidate /workspaces/server-mc-1.20.1/servidor_minecraft/mods/relics-1.20.1-0.8.0.9 (1).jar
[30Aug2025 17:29:18.939] [main/DEBUG] [net.minecraftforge.fml.loading.moddiscovery.ModFileInfo/LOADING]: Found valid mod file relics-1.20.1-0.8.0.9 (1).jar with {relics} mods - versions {0.8.0.9}
[30Aug2025 17:29:18.941] [main/DEBUG] [net.minecraftforge.fml.loading.moddiscovery.ModFileParser/LOADING]: Considering mod file candidate /workspaces/server-mc-1.20.1/servidor_minecraft/mods/reliquary-1.20.1-2.0.45.1248.jar
[30Aug2025 17:29:18.942] [main/DEBUG] [net.minecraftforge.fml.loading.moddiscovery.ModFileInfo/LOADING]: Found valid mod file reliquary-1.20.1-2.0.45.1248.jar with {reliquary} mods - versions {2.0.45.1248}
[30Aug2025 17:29:18.944] [main/DEBUG] [net.minecraftforge.fml.loading.moddiscovery.ModFileParser/LOADING]: Considering mod file candidate /workspaces/server-mc-1.20.1/servidor_minecraft/mods/skinrestorer-2.3.5+1.20-forge.jar
[30Aug2025 17:29:18.944] [main/DEBUG] [net.minecraftforge.fml.loading.moddiscovery.ModFileInfo/LOADING]: Found valid mod file skinrestorer-2.3.5+1.20-forge.jar with {skinrestorer} mods - versions {2.3.5+1.20-forge}
[30Aug2025 17:29:18.945] [main/DEBUG] [net.minecraftforge.fml.loading.moddiscovery.ModFileParser/LOADING]: Considering mod file candidate /workspaces/server-mc-1.20.1/servidor_minecraft/mods/sophisticatedbackpacks-1.20.1-3.23.13.1230.jar
[30Aug2025 17:29:18.946] [main/DEBUG] [net.minecraftforge.fml.loading.moddiscovery.ModFileInfo/LOADING]: Found valid mod file sophisticatedbackpacks-1.20.1-3.23.13.1230.jar with {sophisticatedbackpacks} mods - versions {3.23.13.1230}
[30Aug2025 17:29:18.947] [main/DEBUG] [net.minecraftforge.fml.loading.moddiscovery.ModFileParser/LOADING]: Considering mod file candidate /workspaces/server-mc-1.20.1/servidor_minecraft/mods/sophisticatedcore-1.20.1-1.2.49.962.jar
[30Aug2025 17:29:18.948] [main/DEBUG] [net.minecraftforge.fml.loading.moddiscovery.ModFileInfo/LOADING]: Found valid mod file sophisticatedcore-1.20.1-1.2.49.962.jar with {sophisticatedcore} mods - versions {1.2.49.962}
[30Aug2025 17:29:18.949] [main/DEBUG] [net.minecraftforge.fml.loading.moddiscovery.ModFileParser/LOADING]: Considering mod file candidate /workspaces/server-mc-1.20.1/servidor_minecraft/mods/starlight-1.1.2+forge.1cda73c.jar
[30Aug2025 17:29:18.949] [main/DEBUG] [net.minecraftforge.fml.loading.moddiscovery.ModFileInfo/LOADING]: Found valid mod file starlight-1.1.2+forge.1cda73c.jar with {starlight} mods - versions {1.1.2+forge.1cda73c}
[30Aug2025 17:29:18.950] [main/DEBUG] [net.minecraftforge.fml.loading.moddiscovery.ModFileParser/LOADING]: Considering mod file candidate /workspaces/server-mc-1.20.1/servidor_minecraft/mods/ToolBelt-1.20.1-1.20.02.jar
[30Aug2025 17:29:18.951] [main/DEBUG] [net.minecraftforge.fml.loading.moddiscovery.ModFileInfo/LOADING]: Found valid mod file ToolBelt-1.20.1-1.20.02.jar with {toolbelt} mods - versions {1.20.02}
[30Aug2025 17:29:18.952] [main/DEBUG] [net.minecraftforge.fml.loading.moddiscovery.ModFileParser/LOADING]: Considering mod file candidate /workspaces/server-mc-1.20.1/servidor_minecraft/mods/treasure2-1.20.1-3.12.0.jar
[30Aug2025 17:29:18.953] [main/DEBUG] [net.minecraftforge.fml.loading.moddiscovery.ModFileInfo/LOADING]: Found valid mod file treasure2-1.20.1-3.12.0.jar with {treasure2} mods - versions {3.12.0}
[30Aug2025 17:29:18.954] [main/DEBUG] [net.minecraftforge.fml.loading.moddiscovery.ModFileParser/LOADING]: Considering mod file candidate /workspaces/server-mc-1.20.1/servidor_minecraft/mods/WOLegendaryMonsters-1.0.2-forge-1.20.1.jar
[30Aug2025 17:29:18.955] [main/DEBUG] [net.minecraftforge.fml.loading.moddiscovery.ModFileInfo/LOADING]: Found valid mod file WOLegendaryMonsters-1.0.2-forge-1.20.1.jar with {wolm} mods - versions {1.0.2}
[30Aug2025 17:29:18.956] [main/DEBUG] [net.minecraftforge.fml.loading.moddiscovery.ModFileParser/LOADING]: Considering mod file candidate /workspaces/server-mc-1.20.1/servidor_minecraft/mods/Xaeros_Minimap_25.2.6_Forge_1.20.jar
[30Aug2025 17:29:18.956] [main/DEBUG] [net.minecraftforge.fml.loading.moddiscovery.ModFileInfo/LOADING]: Found valid mod file Xaeros_Minimap_25.2.6_Forge_1.20.jar with {xaerominimap} mods - versions {25.2.6}
[30Aug2025 17:29:18.958] [main/WARN] [net.minecraftforge.fml.loading.moddiscovery.ModDiscoverer/SCAN]: Locator {mods folder locator at /workspaces/server-mc-1.20.1/servidor_minecraft/mods} returned 2 files which are client-side-only mods, but we're on a dedicated server. They will be skipped!
[30Aug2025 17:29:19.134] [main/DEBUG] [net.minecraftforge.fml.loading.moddiscovery.ModFileInfo/LOADING]: Found valid mod file server-1.20.1-20230612.114412-srg.jar with {minecraft} mods - versions {1.20.1}
[30Aug2025 17:29:19.136] [main/DEBUG] [net.minecraftforge.fml.loading.moddiscovery.ModFileParser/LOADING]: Considering mod file candidate /workspaces/server-mc-1.20.1/servidor_minecraft/libraries/net/minecraftforge/fmlcore/1.20.1-47.4.2/fmlcore-1.20.1-47.4.2.jar
[30Aug2025 17:29:19.137] [main/WARN] [net.minecraftforge.fml.loading.moddiscovery.ModFileParser/LOADING]: Mod file /workspaces/server-mc-1.20.1/servidor_minecraft/libraries/net/minecraftforge/fmlcore/1.20.1-47.4.2/fmlcore-1.20.1-47.4.2.jar is missing mods.toml file
[30Aug2025 17:29:19.138] [main/DEBUG] [net.minecraftforge.fml.loading.moddiscovery.ModFileParser/LOADING]: Considering mod file candidate /workspaces/server-mc-1.20.1/servidor_minecraft/libraries/net/minecraftforge/javafmllanguage/1.20.1-47.4.2/javafmllanguage-1.20.1-47.4.2.jar
[30Aug2025 17:29:19.139] [main/WARN] [net.minecraftforge.fml.loading.moddiscovery.ModFileParser/LOADING]: Mod file /workspaces/server-mc-1.20.1/servidor_minecraft/libraries/net/minecraftforge/javafmllanguage/1.20.1-47.4.2/javafmllanguage-1.20.1-47.4.2.jar is missing mods.toml file
[30Aug2025 17:29:19.140] [main/DEBUG] [net.minecraftforge.fml.loading.moddiscovery.ModFileParser/LOADING]: Considering mod file candidate /workspaces/server-mc-1.20.1/servidor_minecraft/libraries/net/minecraftforge/lowcodelanguage/1.20.1-47.4.2/lowcodelanguage-1.20.1-47.4.2.jar
[30Aug2025 17:29:19.140] [main/WARN] [net.minecraftforge.fml.loading.moddiscovery.ModFileParser/LOADING]: Mod file /workspaces/server-mc-1.20.1/servidor_minecraft/libraries/net/minecraftforge/lowcodelanguage/1.20.1-47.4.2/lowcodelanguage-1.20.1-47.4.2.jar is missing mods.toml file
[30Aug2025 17:29:19.141] [main/DEBUG] [net.minecraftforge.fml.loading.moddiscovery.ModFileParser/LOADING]: Considering mod file candidate /workspaces/server-mc-1.20.1/servidor_minecraft/libraries/net/minecraftforge/mclanguage/1.20.1-47.4.2/mclanguage-1.20.1-47.4.2.jar
[30Aug2025 17:29:19.142] [main/WARN] [net.minecraftforge.fml.loading.moddiscovery.ModFileParser/LOADING]: Mod file /workspaces/server-mc-1.20.1/servidor_minecraft/libraries/net/minecraftforge/mclanguage/1.20.1-47.4.2/mclanguage-1.20.1-47.4.2.jar is missing mods.toml file
[30Aug2025 17:29:19.191] [main/DEBUG] [net.minecraftforge.fml.loading.moddiscovery.ModFileParser/LOADING]: Considering mod file candidate /workspaces/server-mc-1.20.1/servidor_minecraft/libraries/net/minecraftforge/forge/1.20.1-47.4.2/forge-1.20.1-47.4.2-universal.jar
[30Aug2025 17:29:19.192] [main/DEBUG] [net.minecraftforge.fml.loading.moddiscovery.ModFileInfo/LOADING]: Found valid mod file forge-1.20.1-47.4.2-universal.jar with {forge} mods - versions {47.4.2}
[30Aug2025 17:29:19.199] [main/DEBUG] [net.minecraftforge.fml.loading.UniqueModListBuilder/]: Found 2 mods for first modid geckolib, selecting most recent based on version data
[30Aug2025 17:29:19.200] [main/DEBUG] [net.minecraftforge.fml.loading.UniqueModListBuilder/]: Selected file geckolib-forge-1.20.1-4.7.1.2 - copia.jar for modid geckolib with version 4.7.1.2
[30Aug2025 17:29:19.200] [main/DEBUG] [net.minecraftforge.fml.loading.UniqueModListBuilder/]: Found 2 mods for first modid geckoanimfix, selecting most recent based on version data
[30Aug2025 17:29:19.200] [main/DEBUG] [net.minecraftforge.fml.loading.UniqueModListBuilder/]: Selected file GeckoLibOculusCompat-Forge-1.0.1 - copia.jar for modid geckoanimfix with version 1.0.0
[30Aug2025 17:29:19.207] [main/DEBUG] [net.minecraftforge.fml.loading.moddiscovery.AbstractJarFileDependencyLocator/]: Failed to load resource META-INF/jarjar/metadata.json from disenchanting_table-merged-1.20.1-4.0.2.jar, it does not contain dependency information.
[30Aug2025 17:29:19.207] [main/DEBUG] [net.minecraftforge.fml.loading.moddiscovery.AbstractJarFileDependencyLocator/]: Failed to load resource META-INF/jarjar/metadata.json from player-animation-lib-forge-1.0.2-rc1+1.20.jar, it does not contain dependency information.
[30Aug2025 17:29:19.207] [main/DEBUG] [net.minecraftforge.fml.loading.moddiscovery.AbstractJarFileDependencyLocator/]: Failed to load resource META-INF/jarjar/metadata.json from darkfeather-forge-1.20.1-1.0.2.jar, it does not contain dependency information.
[30Aug2025 17:29:19.207] [main/DEBUG] [net.minecraftforge.fml.loading.moddiscovery.AbstractJarFileDependencyLocator/]: Failed to load resource META-INF/jarjar/metadata.json from sophisticatedcore-1.20.1-1.2.49.962.jar, it does not contain dependency information.
[30Aug2025 17:29:19.207] [main/DEBUG] [net.minecraftforge.fml.loading.moddiscovery.AbstractJarFileDependencyLocator/]: Failed to load resource META-INF/jarjar/metadata.json from nyfsquiver-1.20.1-forge-1.0.1.jar, it does not contain dependency information.
[30Aug2025 17:29:19.208] [main/DEBUG] [net.minecraftforge.fml.loading.moddiscovery.AbstractJarFileDependencyLocator/]: Failed to load resource META-INF/jarjar/metadata.json from chest_golems-1.3.0-forge-1.20.1.jar, it does not contain dependency information.
[30Aug2025 17:29:19.208] [main/DEBUG] [net.minecraftforge.fml.loading.moddiscovery.AbstractJarFileDependencyLocator/]: Failed to load resource META-INF/jarjar/metadata.json from citadel-2.6.1-1.20.1.jar, it does not contain dependency information.
[30Aug2025 17:29:19.208] [main/DEBUG] [net.minecraftforge.fml.loading.moddiscovery.AbstractJarFileDependencyLocator/]: Failed to load resource META-INF/jarjar/metadata.json from Bookshelf-Forge-1.20.1-20.2.13.jar, it does not contain dependency information.
[30Aug2025 17:29:19.208] [main/DEBUG] [net.minecraftforge.fml.loading.moddiscovery.AbstractJarFileDependencyLocator/]: Failed to load resource META-INF/jarjar/metadata.json from sophisticatedbackpacks-1.20.1-3.23.13.1230.jar, it does not contain dependency information.
[30Aug2025 17:29:19.208] [main/DEBUG] [net.minecraftforge.fml.loading.moddiscovery.AbstractJarFileDependencyLocator/]: Failed to load resource META-INF/jarjar/metadata.json from relics-1.20.1-0.8.0.9 (1).jar, it does not contain dependency information.
[30Aug2025 17:29:19.209] [main/DEBUG] [net.minecraftforge.fml.loading.moddiscovery.AbstractJarFileDependencyLocator/]: Failed to load resource META-INF/jarjar/metadata.json from darktimer-forge-1.20.1-1.0.9.jar, it does not contain dependency information.
[30Aug2025 17:29:19.209] [main/DEBUG] [net.minecraftforge.fml.loading.moddiscovery.AbstractJarFileDependencyLocator/]: Failed to load resource META-INF/jarjar/metadata.json from JustEnoughResources-1.20.1-1.4.0.247.jar, it does not contain dependency information.
[30Aug2025 17:29:19.209] [main/DEBUG] [net.minecraftforge.fml.loading.moddiscovery.AbstractJarFileDependencyLocator/]: Failed to load resource META-INF/jarjar/metadata.json from cloth-config-11.1.136-forge.jar, it does not contain dependency information.
[30Aug2025 17:29:19.209] [main/DEBUG] [net.minecraftforge.fml.loading.moddiscovery.AbstractJarFileDependencyLocator/]: Failed to load resource META-INF/jarjar/metadata.json from darkflight-forge-1.20.1-1.0.8.jar, it does not contain dependency information.
[30Aug2025 17:29:19.210] [main/DEBUG] [net.minecraftforge.fml.loading.moddiscovery.AbstractJarFileDependencyLocator/]: Failed to load resource META-INF/jarjar/metadata.json from darksmithing-forge-1.20.1-1.0.5.jar, it does not contain dependency information.
[30Aug2025 17:29:19.210] [main/DEBUG] [net.minecraftforge.fml.loading.moddiscovery.AbstractJarFileDependencyLocator/]: Failed to load resource META-INF/jarjar/metadata.json from darkglint-forge-1.20.1-1.0.3.jar, it does not contain dependency information.
[30Aug2025 17:29:19.210] [main/DEBUG] [net.minecraftforge.fml.loading.moddiscovery.AbstractJarFileDependencyLocator/]: Failed to load resource META-INF/jarjar/metadata.json from mutant_addition_mod-1.1.1-forge-1.20.1.jar, it does not contain dependency information.
[30Aug2025 17:29:19.210] [main/DEBUG] [net.minecraftforge.fml.loading.moddiscovery.AbstractJarFileDependencyLocator/]: Failed to load resource META-INF/jarjar/metadata.json from darkwooly-forge-1.20.1-1.0.6.jar, it does not contain dependency information.
[30Aug2025 17:29:19.210] [main/DEBUG] [net.minecraftforge.fml.loading.moddiscovery.AbstractJarFileDependencyLocator/]: Failed to load resource META-INF/jarjar/metadata.json from treasure2-1.20.1-3.12.0.jar, it does not contain dependency information.
[30Aug2025 17:29:19.210] [main/DEBUG] [net.minecraftforge.fml.loading.moddiscovery.AbstractJarFileDependencyLocator/]: Failed to load resource META-INF/jarjar/metadata.json from Mutated-Items-3.0.0-forge-1.20.1.jar, it does not contain dependency information.
[30Aug2025 17:29:19.210] [main/DEBUG] [net.minecraftforge.fml.loading.moddiscovery.AbstractJarFileDependencyLocator/]: Failed to load resource META-INF/jarjar/metadata.json from eeeabsmobs-1.20.1-0.97-Fix.jar, it does not contain dependency information.
[30Aug2025 17:29:19.211] [main/DEBUG] [net.minecraftforge.fml.loading.moddiscovery.AbstractJarFileDependencyLocator/]: Failed to load resource META-INF/jarjar/metadata.json from lionfishapi-2.4-Fix.jar, it does not contain dependency information.
[30Aug2025 17:29:19.211] [main/DEBUG] [net.minecraftforge.fml.loading.moddiscovery.AbstractJarFileDependencyLocator/]: Failed to load resource META-INF/jarjar/metadata.json from curiouslanterns-1.20.1-1.3.6 (1).jar, it does not contain dependency information.
[30Aug2025 17:29:19.211] [main/DEBUG] [net.minecraftforge.fml.loading.moddiscovery.AbstractJarFileDependencyLocator/]: Failed to load resource META-INF/jarjar/metadata.json from Bonfires-1.20.1-1.2.19-a3b74c6.jar, it does not contain dependency information.
[30Aug2025 17:29:19.211] [main/DEBUG] [net.minecraftforge.fml.loading.moddiscovery.AbstractJarFileDependencyLocator/]: Failed to load resource META-INF/jarjar/metadata.json from L_Enders_Cataclysm-2.63.jar, it does not contain dependency information.
[30Aug2025 17:29:19.212] [main/DEBUG] [net.minecraftforge.fml.loading.moddiscovery.AbstractJarFileDependencyLocator/]: Failed to load resource META-INF/jarjar/metadata.json from curios-forge-5.14.0+1.20.1.jar, it does not contain dependency information.
[30Aug2025 17:29:19.212] [main/DEBUG] [net.minecraftforge.fml.loading.moddiscovery.AbstractJarFileDependencyLocator/]: Failed to load resource META-INF/jarjar/metadata.json from Patchouli-1.20.1-84.1-FORGE.jar, it does not contain dependency information.
[30Aug2025 17:29:19.212] [main/DEBUG] [net.minecraftforge.fml.loading.moddiscovery.AbstractJarFileDependencyLocator/]: Failed to load resource META-INF/jarjar/metadata.json from gottschcore-1.20.1-2.3.0.jar, it does not contain dependency information.
[30Aug2025 17:29:19.212] [main/DEBUG] [net.minecraftforge.fml.loading.moddiscovery.AbstractJarFileDependencyLocator/]: Failed to load resource META-INF/jarjar/metadata.json from darkdeath-forge-1.20.1-1.0.3.jar, it does not contain dependency information.
[30Aug2025 17:29:19.213] [main/DEBUG] [net.minecraftforge.fml.loading.moddiscovery.AbstractJarFileDependencyLocator/]: Failed to load resource META-INF/jarjar/metadata.json from EnigmaticLegacy-2.30.1.jar, it does not contain dependency information.
[30Aug2025 17:29:19.213] [main/DEBUG] [net.minecraftforge.fml.loading.moddiscovery.AbstractJarFileDependencyLocator/]: Failed to load resource META-INF/jarjar/metadata.json from architectury-9.2.14-forge.jar, it does not contain dependency information.
[30Aug2025 17:29:19.213] [main/DEBUG] [net.minecraftforge.fml.loading.moddiscovery.AbstractJarFileDependencyLocator/]: Failed to load resource META-INF/jarjar/metadata.json from AI-Improvements-1.20-0.5.2.jar, it does not contain dependency information.
[30Aug2025 17:29:19.213] [main/DEBUG] [net.minecraftforge.fml.loading.moddiscovery.AbstractJarFileDependencyLocator/]: Failed to load resource META-INF/jarjar/metadata.json from lategamegolems-1.20.1-2.4.0.0.jar, it does not contain dependency information.
[30Aug2025 17:29:19.213] [main/DEBUG] [net.minecraftforge.fml.loading.moddiscovery.AbstractJarFileDependencyLocator/]: Failed to load resource META-INF/jarjar/metadata.json from WOLegendaryMonsters-1.0.2-forge-1.20.1.jar, it does not contain dependency information.
[30Aug2025 17:29:19.214] [main/DEBUG] [net.minecraftforge.fml.loading.moddiscovery.AbstractJarFileDependencyLocator/]: Failed to load resource META-INF/jarjar/metadata.json from nether_armory-1.0.0-forge-1.20.1.jar, it does not contain dependency information.
[30Aug2025 17:29:19.214] [main/DEBUG] [net.minecraftforge.fml.loading.moddiscovery.AbstractJarFileDependencyLocator/]: Failed to load resource META-INF/jarjar/metadata.json from darksmelting-forge-1.20.1-1.0.5.jar, it does not contain dependency information.
[30Aug2025 17:29:19.214] [main/DEBUG] [net.minecraftforge.fml.loading.moddiscovery.AbstractJarFileDependencyLocator/]: Failed to load resource META-INF/jarjar/metadata.json from monolib-forge-1.20.1-2.0.0.jar, it does not contain dependency information.
[30Aug2025 17:29:19.215] [main/DEBUG] [net.minecraftforge.fml.loading.moddiscovery.AbstractJarFileDependencyLocator/]: Failed to load resource META-INF/jarjar/metadata.json from darkcap-forge-1.20.1-1.0.7.jar, it does not contain dependency information.
[30Aug2025 17:29:19.215] [main/DEBUG] [net.minecraftforge.fml.loading.moddiscovery.AbstractJarFileDependencyLocator/]: Failed to load resource META-INF/jarjar/metadata.json from framework-forge-1.20.1-0.7.12.jar, it does not contain dependency information.
[30Aug2025 17:29:19.215] [main/DEBUG] [net.minecraftforge.fml.loading.moddiscovery.AbstractJarFileDependencyLocator/]: Failed to load resource META-INF/jarjar/metadata.json from FallingTree-1.20.1-4.3.4.jar, it does not contain dependency information.
[30Aug2025 17:29:19.216] [main/DEBUG] [net.minecraftforge.fml.loading.moddiscovery.AbstractJarFileDependencyLocator/]: Failed to load resource META-INF/jarjar/metadata.json from darkspawn-forge-1.20.1-1.1.6.jar, it does not contain dependency information.
[30Aug2025 17:29:19.216] [main/DEBUG] [net.minecraftforge.fml.loading.moddiscovery.AbstractJarFileDependencyLocator/]: Failed to load resource META-INF/jarjar/metadata.json from mowziesmobs-1.7.2.jar, it does not contain dependency information.
[30Aug2025 17:29:19.216] [main/DEBUG] [net.minecraftforge.fml.loading.moddiscovery.AbstractJarFileDependencyLocator/]: Failed to load resource META-INF/jarjar/metadata.json from darkbread-forge-1.20.1-1.0.0.jar, it does not contain dependency information.
[30Aug2025 17:29:19.216] [main/DEBUG] [net.minecraftforge.fml.loading.moddiscovery.AbstractJarFileDependencyLocator/]: Failed to load resource META-INF/jarjar/metadata.json from ancore-2025.3.2.1-forge-1.20.1 (1).jar, it does not contain dependency information.
[30Aug2025 17:29:19.216] [main/DEBUG] [net.minecraftforge.fml.loading.moddiscovery.AbstractJarFileDependencyLocator/]: Failed to load resource META-INF/jarjar/metadata.json from jei-1.20.1-forge-15.20.0.106.jar, it does not contain dependency information.
[30Aug2025 17:29:19.217] [main/DEBUG] [net.minecraftforge.fml.loading.moddiscovery.AbstractJarFileDependencyLocator/]: Failed to load resource META-INF/jarjar/metadata.json from darksleep-forge-1.20.1-1.0.0.jar, it does not contain dependency information.
[30Aug2025 17:29:19.217] [main/DEBUG] [net.minecraftforge.fml.loading.moddiscovery.AbstractJarFileDependencyLocator/]: Failed to load resource META-INF/jarjar/metadata.json from AttributeFix-Forge-1.20.1-21.0.4.jar, it does not contain dependency information.
[30Aug2025 17:29:19.217] [main/DEBUG] [net.minecraftforge.fml.loading.moddiscovery.AbstractJarFileDependencyLocator/]: Failed to load resource META-INF/jarjar/metadata.json from caelus-forge-3.2.0+1.20.1.jar, it does not contain dependency information.
[30Aug2025 17:29:19.217] [main/DEBUG] [net.minecraftforge.fml.loading.moddiscovery.AbstractJarFileDependencyLocator/]: Failed to load resource META-INF/jarjar/metadata.json from obscure_api-15.jar, it does not contain dependency information.
[30Aug2025 17:29:19.218] [main/DEBUG] [net.minecraftforge.fml.loading.moddiscovery.AbstractJarFileDependencyLocator/]: Failed to load resource META-INF/jarjar/metadata.json from GeckoLibOculusCompat-Forge-1.0.1 - copia.jar, it does not contain dependency information.
[30Aug2025 17:29:19.218] [main/DEBUG] [net.minecraftforge.fml.loading.moddiscovery.AbstractJarFileDependencyLocator/]: Failed to load resource META-INF/jarjar/metadata.json from ensorcellation-1.20.1-5.0.2.24.jar, it does not contain dependency information.
[30Aug2025 17:29:19.218] [main/DEBUG] [net.minecraftforge.fml.loading.moddiscovery.AbstractJarFileDependencyLocator/]: Failed to load resource META-INF/jarjar/metadata.json from Clumps-forge-1.20.1-12.0.0.4.jar, it does not contain dependency information.
[30Aug2025 17:29:19.218] [main/DEBUG] [net.minecraftforge.fml.loading.moddiscovery.AbstractJarFileDependencyLocator/]: Failed to load resource META-INF/jarjar/metadata.json from darkzoom-forge-1.20.1-1.0.1.jar, it does not contain dependency information.
[30Aug2025 17:29:19.219] [main/DEBUG] [net.minecraftforge.fml.loading.moddiscovery.AbstractJarFileDependencyLocator/]: Failed to load resource META-INF/jarjar/metadata.json from configured-forge-1.20.1-2.2.3.jar, it does not contain dependency information.
[30Aug2025 17:29:19.219] [main/DEBUG] [net.minecraftforge.fml.loading.moddiscovery.AbstractJarFileDependencyLocator/]: Failed to load resource META-INF/jarjar/metadata.json from netherite_fusion-1.0.5.jar, it does not contain dependency information.
[30Aug2025 17:29:19.220] [main/DEBUG] [net.minecraftforge.fml.loading.moddiscovery.AbstractJarFileDependencyLocator/]: Failed to load resource META-INF/jarjar/metadata.json from MyServerIsCompatible-1.20-1.0.jar, it does not contain dependency information.
[30Aug2025 17:29:19.220] [main/DEBUG] [net.minecraftforge.fml.loading.moddiscovery.AbstractJarFileDependencyLocator/]: Failed to load resource META-INF/jarjar/metadata.json from ice_and_fire_spellbooks-2.3.1-1.20.1.jar, it does not contain dependency information.
[30Aug2025 17:29:19.220] [main/DEBUG] [net.minecraftforge.fml.loading.moddiscovery.AbstractJarFileDependencyLocator/]: Failed to load resource META-INF/jarjar/metadata.json from BadMobs-1.20.1-19.0.4.jar, it does not contain dependency information.
[30Aug2025 17:29:19.220] [main/DEBUG] [net.minecraftforge.fml.loading.moddiscovery.AbstractJarFileDependencyLocator/]: Failed to load resource META-INF/jarjar/metadata.json from cofh_core-1.20.1-11.0.2.56.jar, it does not contain dependency information.
[30Aug2025 17:29:19.220] [main/DEBUG] [net.minecraftforge.fml.loading.moddiscovery.AbstractJarFileDependencyLocator/]: Failed to load resource META-INF/jarjar/metadata.json from starlight-1.1.2+forge.1cda73c.jar, it does not contain dependency information.
[30Aug2025 17:29:19.220] [main/DEBUG] [net.minecraftforge.fml.loading.moddiscovery.AbstractJarFileDependencyLocator/]: Failed to load resource META-INF/jarjar/metadata.json from creature_compendium-1.3.1.jar, it does not contain dependency information.
[30Aug2025 17:29:19.221] [main/DEBUG] [net.minecraftforge.fml.loading.moddiscovery.AbstractJarFileDependencyLocator/]: Failed to load resource META-INF/jarjar/metadata.json from iceandfire-2.1.13-1.20.1-beta-5.jar, it does not contain dependency information.
[30Aug2025 17:29:19.221] [main/DEBUG] [net.minecraftforge.fml.loading.moddiscovery.AbstractJarFileDependencyLocator/]: Failed to load resource META-INF/jarjar/metadata.json from Dave's Potioneering-forge-1.20.1-12.jar, it does not contain dependency information.
[30Aug2025 17:29:19.221] [main/DEBUG] [net.minecraftforge.fml.loading.moddiscovery.AbstractJarFileDependencyLocator/]: Failed to load resource META-INF/jarjar/metadata.json from forge-1.20.1-47.4.2-universal.jar, it does not contain dependency information.
[30Aug2025 17:29:19.221] [main/DEBUG] [net.minecraftforge.fml.loading.moddiscovery.AbstractJarFileDependencyLocator/]: Failed to load resource META-INF/jarjar/metadata.json from Log-Begone-Forge-1.20.1-1.0.8.jar, it does not contain dependency information.
[30Aug2025 17:29:19.222] [main/DEBUG] [net.minecraftforge.fml.loading.moddiscovery.AbstractJarFileDependencyLocator/]: Failed to load resource META-INF/jarjar/metadata.json from server-1.20.1-20230612.114412-srg.jar, it does not contain dependency information.
[30Aug2025 17:29:19.222] [main/DEBUG] [net.minecraftforge.fml.loading.moddiscovery.AbstractJarFileDependencyLocator/]: Failed to load resource META-INF/jarjar/metadata.json from curios_compat_1_20_1.jar, it does not contain dependency information.
[30Aug2025 17:29:19.222] [main/DEBUG] [net.minecraftforge.fml.loading.moddiscovery.AbstractJarFileDependencyLocator/]: Failed to load resource META-INF/jarjar/metadata.json from radiantgear-forge-2.2.0+1.20.1 (1).jar, it does not contain dependency information.
[30Aug2025 17:29:19.223] [main/DEBUG] [net.minecraftforge.fml.loading.moddiscovery.AbstractJarFileDependencyLocator/]: Failed to load resource META-INF/jarjar/metadata.json from ToolBelt-1.20.1-1.20.02.jar, it does not contain dependency information.
[30Aug2025 17:29:19.223] [main/DEBUG] [net.minecraftforge.fml.loading.moddiscovery.AbstractJarFileDependencyLocator/]: Failed to load resource META-INF/jarjar/metadata.json from justenoughbreeding-forge-1.20-1.20.1-1.5.0.jar, it does not contain dependency information.
[30Aug2025 17:29:19.223] [main/DEBUG] [net.minecraftforge.fml.loading.moddiscovery.AbstractJarFileDependencyLocator/]: Failed to load resource META-INF/jarjar/metadata.json from darkheads-forge-1.20.1-1.0.6.jar, it does not contain dependency information.
[30Aug2025 17:29:19.223] [main/DEBUG] [net.minecraftforge.fml.loading.moddiscovery.AbstractJarFileDependencyLocator/]: Failed to load resource META-INF/jarjar/metadata.json from darkrtp-forge-1.20.1-1.0.9.jar, it does not contain dependency information.
[30Aug2025 17:29:19.224] [main/DEBUG] [net.minecraftforge.fml.loading.moddiscovery.AbstractJarFileDependencyLocator/]: Failed to load resource META-INF/jarjar/metadata.json from reliquary-1.20.1-2.0.45.1248.jar, it does not contain dependency information.
[30Aug2025 17:29:19.224] [main/DEBUG] [net.minecraftforge.fml.loading.moddiscovery.AbstractJarFileDependencyLocator/]: Failed to load resource META-INF/jarjar/metadata.json from Xaeros_Minimap_25.2.6_Forge_1.20.jar, it does not contain dependency information.
[30Aug2025 17:29:19.224] [main/DEBUG] [net.minecraftforge.fml.loading.moddiscovery.AbstractJarFileDependencyLocator/]: Failed to load resource META-INF/jarjar/metadata.json from experienceobelisk-2.3.6.1-1.20.1.jar, it does not contain dependency information.
[30Aug2025 17:29:19.224] [main/DEBUG] [net.minecraftforge.fml.loading.moddiscovery.AbstractJarFileDependencyLocator/]: Failed to load resource META-INF/jarjar/metadata.json from legendarymonsters-1.8.1 MC 1.20.1.jar, it does not contain dependency information.
[30Aug2025 17:29:19.224] [main/DEBUG] [net.minecraftforge.fml.loading.moddiscovery.AbstractJarFileDependencyLocator/]: Failed to load resource META-INF/jarjar/metadata.json from irons_spellbooks-1.20.1-3.4.0.8.jar, it does not contain dependency information.
[30Aug2025 17:29:19.224] [main/DEBUG] [net.minecraftforge.fml.loading.moddiscovery.AbstractJarFileDependencyLocator/]: Failed to load resource META-INF/jarjar/metadata.json from ExtraSoundsNext-forge-1.20.1-1.4.jar, it does not contain dependency information.
[30Aug2025 17:29:19.224] [main/DEBUG] [net.minecraftforge.fml.loading.moddiscovery.AbstractJarFileDependencyLocator/]: Failed to load resource META-INF/jarjar/metadata.json from appleskin-forge-mc1.20.1-2.5.1.jar, it does not contain dependency information.
[30Aug2025 17:29:19.225] [main/DEBUG] [net.minecraftforge.fml.loading.moddiscovery.AbstractJarFileDependencyLocator/]: Failed to load resource META-INF/jarjar/metadata.json from lootr-forge-1.20-0.7.35.92.jar, it does not contain dependency information.
[30Aug2025 17:29:19.225] [main/DEBUG] [net.minecraftforge.fml.loading.moddiscovery.AbstractJarFileDependencyLocator/]: Failed to load resource META-INF/jarjar/metadata.json from ferritecore-6.0.1-forge.jar, it does not contain dependency information.
[30Aug2025 17:29:19.225] [main/DEBUG] [net.minecraftforge.fml.loading.moddiscovery.AbstractJarFileDependencyLocator/]: Failed to load resource META-INF/jarjar/metadata.json from ancient_golems-1.1.0-forge-1.20.1.jar, it does not contain dependency information.
[30Aug2025 17:29:19.225] [main/DEBUG] [net.minecraftforge.fml.loading.moddiscovery.AbstractJarFileDependencyLocator/]: Failed to load resource META-INF/jarjar/metadata.json from explosiveenhancement-1.1.0-1.20.1-client-and-server.jar, it does not contain dependency information.
[30Aug2025 17:29:19.225] [main/DEBUG] [net.minecraftforge.fml.loading.moddiscovery.AbstractJarFileDependencyLocator/]: Failed to load resource META-INF/jarjar/metadata.json from charms-and-medallions-v1.0.2-v1.20.1.jar, it does not contain dependency information.
[30Aug2025 17:29:19.225] [main/DEBUG] [net.minecraftforge.fml.loading.moddiscovery.AbstractJarFileDependencyLocator/]: Failed to load resource META-INF/jarjar/metadata.json from aquamirae-6.API15.jar, it does not contain dependency information.
[30Aug2025 17:29:19.225] [main/DEBUG] [net.minecraftforge.fml.loading.moddiscovery.AbstractJarFileDependencyLocator/]: Failed to load resource META-INF/jarjar/metadata.json from iceandfire_curios-1.2.0-forge-1.20.1.jar, it does not contain dependency information.
[30Aug2025 17:29:19.225] [main/DEBUG] [net.minecraftforge.fml.loading.moddiscovery.AbstractJarFileDependencyLocator/]: Failed to load resource META-INF/jarjar/metadata.json from mclanguage-1.20.1-47.4.2.jar, it does not contain dependency information.
[30Aug2025 17:29:19.226] [main/DEBUG] [net.minecraftforge.fml.loading.moddiscovery.AbstractJarFileDependencyLocator/]: Failed to load resource META-INF/jarjar/metadata.json from javafmllanguage-1.20.1-47.4.2.jar, it does not contain dependency information.
[30Aug2025 17:29:19.226] [main/DEBUG] [net.minecraftforge.fml.loading.moddiscovery.AbstractJarFileDependencyLocator/]: Failed to load resource META-INF/jarjar/metadata.json from fmlcore-1.20.1-47.4.2.jar, it does not contain dependency information.
[30Aug2025 17:29:19.226] [main/DEBUG] [net.minecraftforge.fml.loading.moddiscovery.AbstractJarFileDependencyLocator/]: Failed to load resource META-INF/jarjar/metadata.json from lowcodelanguage-1.20.1-47.4.2.jar, it does not contain dependency information.
[30Aug2025 17:29:19.288] [main/DEBUG] [net.minecraftforge.fml.loading.moddiscovery.ModFileParser/LOADING]: Considering mod file candidate 
[30Aug2025 17:29:19.289] [main/DEBUG] [net.minecraftforge.fml.loading.moddiscovery.ModFileInfo/LOADING]: Found valid mod file mixinextras-forge-0.2.0-beta.8.jar with {mixinextras} mods - versions {0.2.0-beta.8}
[30Aug2025 17:29:19.309] [main/DEBUG] [net.minecraftforge.fml.loading.moddiscovery.ModFileParser/LOADING]: Considering mod file candidate 
[30Aug2025 17:29:19.312] [main/DEBUG] [net.minecraftforge.fml.loading.moddiscovery.ModFileInfo/LOADING]: Found valid mod file l2tabs-0.3.3.jar with {l2tabs} mods - versions {0.3.3}
[30Aug2025 17:29:19.317] [main/DEBUG] [net.minecraftforge.fml.loading.moddiscovery.ModFileParser/LOADING]: Considering mod file candidate 
[30Aug2025 17:29:19.319] [main/DEBUG] [net.minecraftforge.fml.loading.moddiscovery.ModFileInfo/LOADING]: Found valid mod file l2screentracker-0.1.4.jar with {l2screentracker} mods - versions {0.1.4}
[30Aug2025 17:29:19.322] [main/DEBUG] [net.minecraftforge.fml.loading.moddiscovery.ModFileParser/LOADING]: Considering mod file candidate 
[30Aug2025 17:29:19.323] [main/DEBUG] [net.minecraftforge.fml.loading.moddiscovery.ModFileInfo/LOADING]: Found valid mod file l2itemselector-0.1.9.jar with {l2itemselector} mods - versions {0.1.9}
[30Aug2025 17:29:19.325] [main/DEBUG] [net.minecraftforge.fml.loading.moddiscovery.ModFileParser/LOADING]: Considering mod file candidate 
[30Aug2025 17:29:19.326] [main/DEBUG] [net.minecraftforge.fml.loading.moddiscovery.ModFileInfo/LOADING]: Found valid mod file mixinextras-forge-0.4.1.jar with {mixinextras} mods - versions {0.4.1}
[30Aug2025 17:29:19.329] [main/DEBUG] [net.minecraftforge.fml.loading.moddiscovery.ModFileParser/LOADING]: Considering mod file candidate 
[30Aug2025 17:29:19.330] [main/DEBUG] [net.minecraftforge.fml.loading.moddiscovery.ModFileInfo/LOADING]: Found valid mod file spectrelib-forge-0.13.15+1.20.1.jar with {spectrelib} mods - versions {0.13.15+1.20.1}
[30Aug2025 17:29:19.354] [main/DEBUG] [net.minecraftforge.fml.loading.moddiscovery.ModFileParser/LOADING]: Considering mod file candidate 
[30Aug2025 17:29:19.355] [main/DEBUG] [net.minecraftforge.fml.loading.moddiscovery.ModFileInfo/LOADING]: Found valid mod file spectrelib-forge-0.13.17+1.20.1.jar with {spectrelib} mods - versions {0.13.17+1.20.1}
[30Aug2025 17:29:19.359] [main/DEBUG] [net.minecraftforge.fml.loading.moddiscovery.ModFileParser/LOADING]: Considering mod file candidate 
[30Aug2025 17:29:19.360] [main/DEBUG] [net.minecraftforge.fml.loading.moddiscovery.ModFileInfo/LOADING]: Found valid mod file mixinextras-forge-0.4.1.jar with {mixinextras} mods - versions {0.4.1}
[30Aug2025 17:29:19.364] [main/DEBUG] [net.minecraftforge.fml.loading.moddiscovery.ModFileParser/LOADING]: Considering mod file candidate 
[30Aug2025 17:29:19.364] [main/DEBUG] [net.minecraftforge.fml.loading.moddiscovery.ModFileInfo/LOADING]: Found valid mod file mixinextras-forge-0.2.0.jar with {mixinextras} mods - versions {0.2.0}
[30Aug2025 17:29:19.366] [main/DEBUG] [net.minecraftforge.fml.loading.moddiscovery.ModFileParser/LOADING]: Considering mod file candidate 
[30Aug2025 17:29:19.367] [main/DEBUG] [net.minecraftforge.fml.loading.moddiscovery.ModFileInfo/LOADING]: Found valid mod file l2itemselector-0.1.9.jar with {l2itemselector} mods - versions {0.1.9}
[30Aug2025 17:29:19.372] [main/DEBUG] [net.minecraftforge.fml.loading.moddiscovery.ModFileParser/LOADING]: Considering mod file candidate 
[30Aug2025 17:29:19.373] [main/DEBUG] [net.minecraftforge.fml.loading.moddiscovery.ModFileInfo/LOADING]: Found valid mod file l2damagetracker-0.3.7.jar with {l2damagetracker} mods - versions {0.3.7}
[30Aug2025 17:29:19.377] [main/DEBUG] [net.minecraftforge.fml.loading.moddiscovery.ModFileParser/LOADING]: Considering mod file candidate 
[30Aug2025 17:29:19.378] [main/DEBUG] [net.minecraftforge.fml.loading.moddiscovery.ModFileInfo/LOADING]: Found valid mod file mob_weapon_api-0.2.5.jar with {mob_weapon_api} mods - versions {0.2.5}
[30Aug2025 17:29:19.380] [main/DEBUG] [net.minecraftforge.fml.loading.moddiscovery.ModFileParser/LOADING]: Considering mod file candidate 
[30Aug2025 17:29:19.381] [main/DEBUG] [net.minecraftforge.fml.loading.moddiscovery.ModFileInfo/LOADING]: Found valid mod file expandability-forge-9.0.4.jar with {expandability} mods - versions {9.0.4}
[30Aug2025 17:29:19.383] [main/DEBUG] [net.minecraftforge.fml.loading.moddiscovery.ModFileParser/LOADING]: Considering mod file candidate 
[30Aug2025 17:29:19.384] [main/DEBUG] [net.minecraftforge.fml.loading.moddiscovery.ModFileInfo/LOADING]: Found valid mod file mixinextras-forge-0.3.5.jar with {mixinextras} mods - versions {0.3.5}
[30Aug2025 17:29:19.395] [main/DEBUG] [net.minecraftforge.fml.loading.moddiscovery.ModFileParser/LOADING]: Considering mod file candidate 
[30Aug2025 17:29:19.396] [main/DEBUG] [net.minecraftforge.fml.loading.moddiscovery.ModFileInfo/LOADING]: Found valid mod file spectrelib-forge-0.13.15+1.20.1.jar with {spectrelib} mods - versions {0.13.15+1.20.1}
[30Aug2025 17:29:19.403] [main/DEBUG] [net.minecraftforge.fml.loading.moddiscovery.AbstractJarFileDependencyLocator/]: Failed to load resource META-INF/jarjar/metadata.json from Registrate-MC1.20-1.3.11.jar, it does not contain dependency information.
[30Aug2025 17:29:19.404] [main/DEBUG] [net.minecraftforge.fml.loading.moddiscovery.AbstractJarFileDependencyLocator/]: Failed to load resource META-INF/jarjar/metadata.json from l2serial-1.2.2.jar, it does not contain dependency information.
[30Aug2025 17:29:19.405] [main/DEBUG] [net.minecraftforge.fml.loading.moddiscovery.AbstractJarFileDependencyLocator/]: Failed to load resource META-INF/jarjar/metadata.json from l2tabs-0.3.3.jar, it does not contain dependency information.
[30Aug2025 17:29:19.405] [main/DEBUG] [net.minecraftforge.fml.loading.moddiscovery.AbstractJarFileDependencyLocator/]: Failed to load resource META-INF/jarjar/metadata.json from l2screentracker-0.1.4.jar, it does not contain dependency information.
[30Aug2025 17:29:19.407] [main/DEBUG] [net.minecraftforge.fml.loading.moddiscovery.AbstractJarFileDependencyLocator/]: Failed to load resource META-INF/jarjar/metadata.json from l2modularblock-1.1.0.jar, it does not contain dependency information.
[30Aug2025 17:29:19.408] [main/DEBUG] [net.minecraftforge.fml.loading.moddiscovery.AbstractJarFileDependencyLocator/]: Failed to load resource META-INF/jarjar/metadata.json from l2itemselector-0.1.9.jar, it does not contain dependency information.
[30Aug2025 17:29:19.414] [main/DEBUG] [net.minecraftforge.fml.loading.moddiscovery.AbstractJarFileDependencyLocator/]: Failed to load resource META-INF/jarjar/metadata.json from spectrelib-forge-0.13.15+1.20.1.jar, it does not contain dependency information.
[30Aug2025 17:29:19.415] [main/DEBUG] [net.minecraftforge.fml.loading.moddiscovery.AbstractJarFileDependencyLocator/]: Failed to load resource META-INF/jarjar/metadata.json from java-client-3.0.6-SNAPSHOT.jar, it does not contain dependency information.
[30Aug2025 17:29:19.415] [main/DEBUG] [net.minecraftforge.fml.loading.moddiscovery.AbstractJarFileDependencyLocator/]: Failed to load resource META-INF/jarjar/metadata.json from snakeyaml-2.2.jar, it does not contain dependency information.
[30Aug2025 17:29:19.415] [main/DEBUG] [net.minecraftforge.fml.loading.moddiscovery.AbstractJarFileDependencyLocator/]: Failed to load resource META-INF/jarjar/metadata.json from spectrelib-forge-0.13.17+1.20.1.jar, it does not contain dependency information.
[30Aug2025 17:29:19.427] [main/DEBUG] [net.minecraftforge.fml.loading.moddiscovery.AbstractJarFileDependencyLocator/]: Failed to load resource META-INF/jarjar/metadata.json from l2itemselector-0.1.9.jar, it does not contain dependency information.
[30Aug2025 17:29:19.427] [main/DEBUG] [net.minecraftforge.fml.loading.moddiscovery.AbstractJarFileDependencyLocator/]: Failed to load resource META-INF/jarjar/metadata.json from l2damagetracker-0.3.7.jar, it does not contain dependency information.
[30Aug2025 17:29:19.427] [main/DEBUG] [net.minecraftforge.fml.loading.moddiscovery.AbstractJarFileDependencyLocator/]: Failed to load resource META-INF/jarjar/metadata.json from mob_weapon_api-0.2.5.jar, it does not contain dependency information.
[30Aug2025 17:29:19.437] [main/DEBUG] [net.minecraftforge.fml.loading.moddiscovery.AbstractJarFileDependencyLocator/]: Failed to load resource META-INF/jarjar/metadata.json from mclib-20.jar, it does not contain dependency information.
[30Aug2025 17:29:19.437] [main/DEBUG] [net.minecraftforge.fml.loading.moddiscovery.AbstractJarFileDependencyLocator/]: Failed to load resource META-INF/jarjar/metadata.json from spectrelib-forge-0.13.15+1.20.1.jar, it does not contain dependency information.
[30Aug2025 17:29:19.437] [main/DEBUG] [net.minecraftforge.fml.loading.moddiscovery.AbstractJarFileDependencyLocator/]: Failed to load resource META-INF/jarjar/metadata.json from MixinExtras-0.2.0-beta.8.jar, it does not contain dependency information.
[30Aug2025 17:29:19.438] [main/DEBUG] [net.minecraftforge.fml.loading.moddiscovery.AbstractJarFileDependencyLocator/]: Failed to load resource META-INF/jarjar/metadata.json from MixinExtras-0.4.1.jar, it does not contain dependency information.
[30Aug2025 17:29:19.438] [main/DEBUG] [net.minecraftforge.fml.loading.moddiscovery.AbstractJarFileDependencyLocator/]: Failed to load resource META-INF/jarjar/metadata.json from MixinExtras-0.4.1.jar, it does not contain dependency information.
[30Aug2025 17:29:19.438] [main/DEBUG] [net.minecraftforge.fml.loading.moddiscovery.AbstractJarFileDependencyLocator/]: Failed to load resource META-INF/jarjar/metadata.json from MixinExtras-0.2.0.jar, it does not contain dependency information.
[30Aug2025 17:29:19.439] [main/DEBUG] [net.minecraftforge.fml.loading.moddiscovery.AbstractJarFileDependencyLocator/]: Failed to load resource META-INF/jarjar/metadata.json from MixinExtras-0.1.1.jar, it does not contain dependency information.
[30Aug2025 17:29:19.439] [main/DEBUG] [net.minecraftforge.fml.loading.moddiscovery.AbstractJarFileDependencyLocator/]: Failed to load resource META-INF/jarjar/metadata.json from MixinExtras-0.3.5.jar, it does not contain dependency information.
[30Aug2025 17:29:19.470] [main/DEBUG] [net.minecraftforge.fml.loading.moddiscovery.ModFileParser/LOADING]: Considering mod file candidate 
[30Aug2025 17:29:19.471] [main/DEBUG] [net.minecraftforge.fml.loading.moddiscovery.ModFileInfo/LOADING]: Found valid mod file mixinextras-forge-0.4.1.jar with {mixinextras} mods - versions {0.4.1}
[30Aug2025 17:29:19.476] [main/DEBUG] [net.minecraftforge.fml.loading.moddiscovery.ModFileParser/LOADING]: Considering mod file candidate 
[30Aug2025 17:29:19.477] [main/DEBUG] [net.minecraftforge.fml.loading.moddiscovery.ModFileInfo/LOADING]: Found valid mod file mob_weapon_api-0.2.5.jar with {mob_weapon_api} mods - versions {0.2.5}
[30Aug2025 17:29:19.487] [main/DEBUG] [net.minecraftforge.fml.loading.moddiscovery.ModFileParser/LOADING]: Considering mod file candidate 
[30Aug2025 17:29:19.487] [main/DEBUG] [net.minecraftforge.fml.loading.moddiscovery.ModFileInfo/LOADING]: Found valid mod file spectrelib-forge-0.13.17+1.20.1.jar with {spectrelib} mods - versions {0.13.17+1.20.1}
[30Aug2025 17:29:19.492] [main/DEBUG] [net.minecraftforge.fml.loading.moddiscovery.ModFileParser/LOADING]: Considering mod file candidate 
[30Aug2025 17:29:19.493] [main/DEBUG] [net.minecraftforge.fml.loading.moddiscovery.ModFileInfo/LOADING]: Found valid mod file l2damagetracker-0.3.7.jar with {l2damagetracker} mods - versions {0.3.7}
[30Aug2025 17:29:19.495] [main/DEBUG] [net.minecraftforge.fml.loading.moddiscovery.ModFileParser/LOADING]: Considering mod file candidate 
[30Aug2025 17:29:19.497] [main/DEBUG] [net.minecraftforge.fml.loading.moddiscovery.ModFileInfo/LOADING]: Found valid mod file l2screentracker-0.1.4.jar with {l2screentracker} mods - versions {0.1.4}
[30Aug2025 17:29:19.500] [main/DEBUG] [net.minecraftforge.fml.loading.moddiscovery.ModFileParser/LOADING]: Considering mod file candidate 
[30Aug2025 17:29:19.501] [main/DEBUG] [net.minecraftforge.fml.loading.moddiscovery.ModFileInfo/LOADING]: Found valid mod file l2tabs-0.3.3.jar with {l2tabs} mods - versions {0.3.3}
[30Aug2025 17:29:19.502] [main/DEBUG] [net.minecraftforge.fml.loading.moddiscovery.ModFileParser/LOADING]: Considering mod file candidate 
[30Aug2025 17:29:19.502] [main/DEBUG] [net.minecraftforge.fml.loading.moddiscovery.ModFileInfo/LOADING]: Found valid mod file l2itemselector-0.1.9.jar with {l2itemselector} mods - versions {0.1.9}
[30Aug2025 17:29:19.504] [main/DEBUG] [net.minecraftforge.fml.loading.moddiscovery.ModFileParser/LOADING]: Considering mod file candidate 
[30Aug2025 17:29:19.504] [main/DEBUG] [net.minecraftforge.fml.loading.moddiscovery.ModFileInfo/LOADING]: Found valid mod file expandability-forge-9.0.4.jar with {expandability} mods - versions {9.0.4}
[30Aug2025 17:29:19.506] [main/DEBUG] [net.minecraftforge.fml.loading.moddiscovery.ModFileParser/LOADING]: Considering mod file candidate 
[30Aug2025 17:29:19.506] [main/DEBUG] [net.minecraftforge.fml.loading.moddiscovery.ModFileInfo/LOADING]: Found valid mod file mixinextras-forge-0.2.0-beta.8.jar with {mixinextras} mods - versions {0.2.0-beta.8}
[30Aug2025 17:29:19.515] [main/WARN] [net.minecraftforge.jarjar.selection.JarSelector/]: Attempted to select two dependency jars from JarJar which have the same identification: Mod File:  and Mod File: . Using Mod File: 
[30Aug2025 17:29:19.516] [main/INFO] [net.minecraftforge.fml.loading.moddiscovery.JarInJarDependencyLocator/]: Found 15 dependencies adding them to mods collection
[30Aug2025 17:29:19.519] [main/DEBUG] [net.minecraftforge.fml.loading.moddiscovery.ModFileParser/LOADING]: Considering mod file candidate /workspaces/server-mc-1.20.1/servidor_minecraft/mods/disenchanting_table-merged-1.20.1-4.0.2.jar
[30Aug2025 17:29:19.519] [main/DEBUG] [net.minecraftforge.fml.loading.moddiscovery.ModFileInfo/LOADING]: Found valid mod file disenchanting_table-merged-1.20.1-4.0.2.jar with {disenchanting_table} mods - versions {4.0.2}
[30Aug2025 17:29:19.522] [main/DEBUG] [net.minecraftforge.fml.loading.moddiscovery.ModFile/LOADING]: Loading mod file /workspaces/server-mc-1.20.1/servidor_minecraft/mods/disenchanting_table-merged-1.20.1-4.0.2.jar with languages [LanguageSpec[languageName=javafml, acceptedVersions=[47,)]]
[30Aug2025 17:29:19.524] [main/DEBUG] [net.minecraftforge.fml.loading.moddiscovery.ModFileParser/LOADING]: Considering mod file candidate /workspaces/server-mc-1.20.1/servidor_minecraft/mods/geckolib-forge-1.20.1-4.7.1.2 - copia.jar
[30Aug2025 17:29:19.525] [main/DEBUG] [net.minecraftforge.fml.loading.moddiscovery.ModFileInfo/LOADING]: Found valid mod file geckolib-forge-1.20.1-4.7.1.2 - copia.jar with {geckolib} mods - versions {4.7.1.2}
[30Aug2025 17:29:19.525] [main/DEBUG] [net.minecraftforge.fml.loading.moddiscovery.ModFile/LOADING]: Loading mod file /workspaces/server-mc-1.20.1/servidor_minecraft/mods/geckolib-forge-1.20.1-4.7.1.2 - copia.jar with languages [LanguageSpec[languageName=javafml, acceptedVersions=[47,)]]
[30Aug2025 17:29:19.525] [main/DEBUG] [net.minecraftforge.fml.loading.moddiscovery.ModFileParser/LOADING]: Considering mod file candidate /workspaces/server-mc-1.20.1/servidor_minecraft/mods/player-animation-lib-forge-1.0.2-rc1+1.20.jar
[30Aug2025 17:29:19.527] [main/DEBUG] [net.minecraftforge.fml.loading.moddiscovery.ModFileInfo/LOADING]: Found valid mod file player-animation-lib-forge-1.0.2-rc1+1.20.jar with {playeranimator} mods - versions {1.0.2-rc1+1.20}
[30Aug2025 17:29:19.527] [main/DEBUG] [net.minecraftforge.fml.loading.moddiscovery.ModFile/LOADING]: Loading mod file /workspaces/server-mc-1.20.1/servidor_minecraft/mods/player-animation-lib-forge-1.0.2-rc1+1.20.jar with languages [LanguageSpec[languageName=javafml, acceptedVersions=[46.0.0,)]]
[30Aug2025 17:29:19.527] [main/DEBUG] [net.minecraftforge.fml.loading.moddiscovery.ModFileParser/LOADING]: Considering mod file candidate /workspaces/server-mc-1.20.1/servidor_minecraft/mods/darkfeather-forge-1.20.1-1.0.2.jar
[30Aug2025 17:29:19.527] [main/DEBUG] [net.minecraftforge.fml.loading.moddiscovery.ModFileInfo/LOADING]: Found valid mod file darkfeather-forge-1.20.1-1.0.2.jar with {darkfeather} mods - versions {1.0.2}
[30Aug2025 17:29:19.527] [main/DEBUG] [net.minecraftforge.fml.loading.moddiscovery.ModFile/LOADING]: Loading mod file /workspaces/server-mc-1.20.1/servidor_minecraft/mods/darkfeather-forge-1.20.1-1.0.2.jar with languages [LanguageSpec[languageName=javafml, acceptedVersions=[47,)]]
[30Aug2025 17:29:19.528] [main/DEBUG] [net.minecraftforge.fml.loading.moddiscovery.ModFileParser/LOADING]: Considering mod file candidate /workspaces/server-mc-1.20.1/servidor_minecraft/mods/nyfsquiver-1.20.1-forge-1.0.1.jar
[30Aug2025 17:29:19.528] [main/DEBUG] [net.minecraftforge.fml.loading.moddiscovery.ModFileInfo/LOADING]: Found valid mod file nyfsquiver-1.20.1-forge-1.0.1.jar with {nyfsquiver} mods - versions {1.18.1-0.7.0}
[30Aug2025 17:29:19.528] [main/DEBUG] [net.minecraftforge.fml.loading.moddiscovery.ModFile/LOADING]: Loading mod file /workspaces/server-mc-1.20.1/servidor_minecraft/mods/nyfsquiver-1.20.1-forge-1.0.1.jar with languages [LanguageSpec[languageName=javafml, acceptedVersions=[36,)]]
[30Aug2025 17:29:19.528] [main/DEBUG] [net.minecraftforge.fml.loading.moddiscovery.ModFileParser/LOADING]: Considering mod file candidate /workspaces/server-mc-1.20.1/servidor_minecraft/mods/sophisticatedcore-1.20.1-1.2.49.962.jar
[30Aug2025 17:29:19.529] [main/DEBUG] [net.minecraftforge.fml.loading.moddiscovery.ModFileInfo/LOADING]: Found valid mod file sophisticatedcore-1.20.1-1.2.49.962.jar with {sophisticatedcore} mods - versions {1.2.49.962}
[30Aug2025 17:29:19.529] [main/DEBUG] [net.minecraftforge.fml.loading.moddiscovery.ModFile/LOADING]: Loading mod file /workspaces/server-mc-1.20.1/servidor_minecraft/mods/sophisticatedcore-1.20.1-1.2.49.962.jar with languages [LanguageSpec[languageName=javafml, acceptedVersions=[47,)]]
[30Aug2025 17:29:19.529] [main/DEBUG] [net.minecraftforge.fml.loading.moddiscovery.ModFileParser/LOADING]: Considering mod file candidate /workspaces/server-mc-1.20.1/servidor_minecraft/mods/chest_golems-1.3.0-forge-1.20.1.jar
[30Aug2025 17:29:19.529] [main/DEBUG] [net.minecraftforge.fml.loading.moddiscovery.ModFileInfo/LOADING]: Found valid mod file chest_golems-1.3.0-forge-1.20.1.jar with {chest_golems} mods - versions {1.3.0}
[30Aug2025 17:29:19.530] [main/DEBUG] [net.minecraftforge.fml.loading.moddiscovery.ModFile/LOADING]: Loading mod file /workspaces/server-mc-1.20.1/servidor_minecraft/mods/chest_golems-1.3.0-forge-1.20.1.jar with languages [LanguageSpec[languageName=javafml, acceptedVersions=[47,)]]
[30Aug2025 17:29:19.530] [main/DEBUG] [net.minecraftforge.fml.loading.moddiscovery.ModFileParser/LOADING]: Considering mod file candidate /workspaces/server-mc-1.20.1/servidor_minecraft/mods/citadel-2.6.1-1.20.1.jar
[30Aug2025 17:29:19.530] [main/DEBUG] [net.minecraftforge.fml.loading.moddiscovery.ModFileInfo/LOADING]: Found valid mod file citadel-2.6.1-1.20.1.jar with {citadel} mods - versions {2.6.1}
[30Aug2025 17:29:19.530] [main/DEBUG] [net.minecraftforge.fml.loading.moddiscovery.ModFile/LOADING]: Loading mod file /workspaces/server-mc-1.20.1/servidor_minecraft/mods/citadel-2.6.1-1.20.1.jar with languages [LanguageSpec[languageName=javafml, acceptedVersions=[47,)]]
[30Aug2025 17:29:19.530] [main/DEBUG] [net.minecraftforge.fml.loading.moddiscovery.ModFileParser/LOADING]: Considering mod file candidate /workspaces/server-mc-1.20.1/servidor_minecraft/mods/Bookshelf-Forge-1.20.1-20.2.13.jar
[30Aug2025 17:29:19.531] [main/DEBUG] [net.minecraftforge.fml.loading.moddiscovery.ModFileInfo/LOADING]: Found valid mod file Bookshelf-Forge-1.20.1-20.2.13.jar with {bookshelf} mods - versions {20.2.13}
[30Aug2025 17:29:19.531] [main/DEBUG] [net.minecraftforge.fml.loading.moddiscovery.ModFile/LOADING]: Loading mod file /workspaces/server-mc-1.20.1/servidor_minecraft/mods/Bookshelf-Forge-1.20.1-20.2.13.jar with languages [LanguageSpec[languageName=javafml, acceptedVersions=[47,)]]
[30Aug2025 17:29:19.531] [main/DEBUG] [net.minecraftforge.fml.loading.moddiscovery.ModFileParser/LOADING]: Considering mod file candidate /workspaces/server-mc-1.20.1/servidor_minecraft/mods/sophisticatedbackpacks-1.20.1-3.23.13.1230.jar
[30Aug2025 17:29:19.532] [main/DEBUG] [net.minecraftforge.fml.loading.moddiscovery.ModFileInfo/LOADING]: Found valid mod file sophisticatedbackpacks-1.20.1-3.23.13.1230.jar with {sophisticatedbackpacks} mods - versions {3.23.13.1230}
[30Aug2025 17:29:19.532] [main/DEBUG] [net.minecraftforge.fml.loading.moddiscovery.ModFile/LOADING]: Loading mod file /workspaces/server-mc-1.20.1/servidor_minecraft/mods/sophisticatedbackpacks-1.20.1-3.23.13.1230.jar with languages [LanguageSpec[languageName=javafml, acceptedVersions=[47,)]]
[30Aug2025 17:29:19.532] [main/DEBUG] [net.minecraftforge.fml.loading.moddiscovery.ModFileParser/LOADING]: Considering mod file candidate /workspaces/server-mc-1.20.1/servidor_minecraft/mods/relics-1.20.1-0.8.0.9 (1).jar
[30Aug2025 17:29:19.532] [main/DEBUG] [net.minecraftforge.fml.loading.moddiscovery.ModFileInfo/LOADING]: Found valid mod file relics-1.20.1-0.8.0.9 (1).jar with {relics} mods - versions {0.8.0.9}
[30Aug2025 17:29:19.532] [main/DEBUG] [net.minecraftforge.fml.loading.moddiscovery.ModFile/LOADING]: Loading mod file /workspaces/server-mc-1.20.1/servidor_minecraft/mods/relics-1.20.1-0.8.0.9 (1).jar with languages [LanguageSpec[languageName=javafml, acceptedVersions=[47,)]]
[30Aug2025 17:29:19.533] [main/DEBUG] [net.minecraftforge.fml.loading.moddiscovery.ModFileParser/LOADING]: Considering mod file candidate /workspaces/server-mc-1.20.1/servidor_minecraft/mods/darktimer-forge-1.20.1-1.0.9.jar
[30Aug2025 17:29:19.533] [main/DEBUG] [net.minecraftforge.fml.loading.moddiscovery.ModFileInfo/LOADING]: Found valid mod file darktimer-forge-1.20.1-1.0.9.jar with {darktimer} mods - versions {1.0.9}
[30Aug2025 17:29:19.533] [main/DEBUG] [net.minecraftforge.fml.loading.moddiscovery.ModFile/LOADING]: Loading mod file /workspaces/server-mc-1.20.1/servidor_minecraft/mods/darktimer-forge-1.20.1-1.0.9.jar with languages [LanguageSpec[languageName=javafml, acceptedVersions=[47,)]]
[30Aug2025 17:29:19.533] [main/DEBUG] [net.minecraftforge.fml.loading.moddiscovery.ModFileParser/LOADING]: Considering mod file candidate /workspaces/server-mc-1.20.1/servidor_minecraft/mods/JustEnoughResources-1.20.1-1.4.0.247.jar
[30Aug2025 17:29:19.534] [main/DEBUG] [net.minecraftforge.fml.loading.moddiscovery.ModFileInfo/LOADING]: Found valid mod file JustEnoughResources-1.20.1-1.4.0.247.jar with {jeresources} mods - versions {1.4.0.247}
[30Aug2025 17:29:19.534] [main/DEBUG] [net.minecraftforge.fml.loading.moddiscovery.ModFile/LOADING]: Loading mod file /workspaces/server-mc-1.20.1/servidor_minecraft/mods/JustEnoughResources-1.20.1-1.4.0.247.jar with languages [LanguageSpec[languageName=javafml, acceptedVersions=[47,)]]
[30Aug2025 17:29:19.535] [main/DEBUG] [net.minecraftforge.fml.loading.moddiscovery.ModFileParser/LOADING]: Considering mod file candidate /workspaces/server-mc-1.20.1/servidor_minecraft/mods/cloth-config-11.1.136-forge.jar
[30Aug2025 17:29:19.535] [main/DEBUG] [net.minecraftforge.fml.loading.moddiscovery.ModFileInfo/LOADING]: Found valid mod file cloth-config-11.1.136-forge.jar with {cloth_config} mods - versions {11.1.136}
[30Aug2025 17:29:19.535] [main/DEBUG] [net.minecraftforge.fml.loading.moddiscovery.ModFile/LOADING]: Loading mod file /workspaces/server-mc-1.20.1/servidor_minecraft/mods/cloth-config-11.1.136-forge.jar with languages [LanguageSpec[languageName=javafml, acceptedVersions=[34,)]]
[30Aug2025 17:29:19.535] [main/DEBUG] [net.minecraftforge.fml.loading.moddiscovery.ModFileParser/LOADING]: Considering mod file candidate /workspaces/server-mc-1.20.1/servidor_minecraft/mods/darkflight-forge-1.20.1-1.0.8.jar
[30Aug2025 17:29:19.536] [main/DEBUG] [net.minecraftforge.fml.loading.moddiscovery.ModFileInfo/LOADING]: Found valid mod file darkflight-forge-1.20.1-1.0.8.jar with {darkflight} mods - versions {1.0.8}
[30Aug2025 17:29:19.536] [main/DEBUG] [net.minecraftforge.fml.loading.moddiscovery.ModFile/LOADING]: Loading mod file /workspaces/server-mc-1.20.1/servidor_minecraft/mods/darkflight-forge-1.20.1-1.0.8.jar with languages [LanguageSpec[languageName=javafml, acceptedVersions=[47,)]]
[30Aug2025 17:29:19.536] [main/DEBUG] [net.minecraftforge.fml.loading.moddiscovery.ModFileParser/LOADING]: Considering mod file candidate 
[30Aug2025 17:29:19.538] [main/DEBUG] [net.minecraftforge.fml.loading.moddiscovery.ModFileInfo/LOADING]: Found valid mod file l2damagetracker-0.3.7.jar with {l2damagetracker} mods - versions {0.3.7}
[30Aug2025 17:29:19.539] [main/DEBUG] [net.minecraftforge.fml.loading.moddiscovery.ModFile/LOADING]: Loading mod file  with languages [LanguageSpec[languageName=javafml, acceptedVersions=[46,)]]
[30Aug2025 17:29:19.539] [main/DEBUG] [net.minecraftforge.fml.loading.moddiscovery.ModFileParser/LOADING]: Considering mod file candidate /workspaces/server-mc-1.20.1/servidor_minecraft/mods/darkglint-forge-1.20.1-1.0.3.jar
[30Aug2025 17:29:19.542] [main/DEBUG] [net.minecraftforge.fml.loading.moddiscovery.ModFileInfo/LOADING]: Found valid mod file darkglint-forge-1.20.1-1.0.3.jar with {darkglint} mods - versions {1.0.3}
[30Aug2025 17:29:19.542] [main/DEBUG] [net.minecraftforge.fml.loading.moddiscovery.ModFile/LOADING]: Loading mod file /workspaces/server-mc-1.20.1/servidor_minecraft/mods/darkglint-forge-1.20.1-1.0.3.jar with languages [LanguageSpec[languageName=javafml, acceptedVersions=[47,)]]
[30Aug2025 17:29:19.542] [main/DEBUG] [net.minecraftforge.fml.loading.moddiscovery.ModFileParser/LOADING]: Considering mod file candidate /workspaces/server-mc-1.20.1/servidor_minecraft/mods/darksmithing-forge-1.20.1-1.0.5.jar
[30Aug2025 17:29:19.543] [main/DEBUG] [net.minecraftforge.fml.loading.moddiscovery.ModFileInfo/LOADING]: Found valid mod file darksmithing-forge-1.20.1-1.0.5.jar with {darksmithing} mods - versions {1.0.5}
[30Aug2025 17:29:19.543] [main/DEBUG] [net.minecraftforge.fml.loading.moddiscovery.ModFile/LOADING]: Loading mod file /workspaces/server-mc-1.20.1/servidor_minecraft/mods/darksmithing-forge-1.20.1-1.0.5.jar with languages [LanguageSpec[languageName=javafml, acceptedVersions=[47,)]]
[30Aug2025 17:29:19.543] [main/DEBUG] [net.minecraftforge.fml.loading.moddiscovery.ModFileParser/LOADING]: Considering mod file candidate /workspaces/server-mc-1.20.1/servidor_minecraft/mods/mutant_addition_mod-1.1.1-forge-1.20.1.jar
[30Aug2025 17:29:19.544] [main/DEBUG] [net.minecraftforge.fml.loading.moddiscovery.ModFileInfo/LOADING]: Found valid mod file mutant_addition_mod-1.1.1-forge-1.20.1.jar with {mutant_addition_mod} mods - versions {1.1.1}
[30Aug2025 17:29:19.544] [main/DEBUG] [net.minecraftforge.fml.loading.moddiscovery.ModFile/LOADING]: Loading mod file /workspaces/server-mc-1.20.1/servidor_minecraft/mods/mutant_addition_mod-1.1.1-forge-1.20.1.jar with languages [LanguageSpec[languageName=javafml, acceptedVersions=[47,)]]
[30Aug2025 17:29:19.544] [main/DEBUG] [net.minecraftforge.fml.loading.moddiscovery.ModFileParser/LOADING]: Considering mod file candidate /workspaces/server-mc-1.20.1/servidor_minecraft/mods/ImmersiveUI-FORGE-0.3.0.jar
[30Aug2025 17:29:19.546] [main/DEBUG] [net.minecraftforge.fml.loading.moddiscovery.ModFileInfo/LOADING]: Found valid mod file ImmersiveUI-FORGE-0.3.0.jar with {immersiveui} mods - versions {0.3.0}
[30Aug2025 17:29:19.547] [main/DEBUG] [net.minecraftforge.fml.loading.moddiscovery.ModFile/LOADING]: Loading mod file /workspaces/server-mc-1.20.1/servidor_minecraft/mods/ImmersiveUI-FORGE-0.3.0.jar with languages [LanguageSpec[languageName=javafml, acceptedVersions=[4,)]]
[30Aug2025 17:29:19.547] [main/DEBUG] [net.minecraftforge.fml.loading.moddiscovery.ModFileParser/LOADING]: Considering mod file candidate /workspaces/server-mc-1.20.1/servidor_minecraft/mods/darkwooly-forge-1.20.1-1.0.6.jar
[30Aug2025 17:29:19.548] [main/DEBUG] [net.minecraftforge.fml.loading.moddiscovery.ModFileInfo/LOADING]: Found valid mod file darkwooly-forge-1.20.1-1.0.6.jar with {darkwooly} mods - versions {1.0.6}
[30Aug2025 17:29:19.548] [main/DEBUG] [net.minecraftforge.fml.loading.moddiscovery.ModFile/LOADING]: Loading mod file /workspaces/server-mc-1.20.1/servidor_minecraft/mods/darkwooly-forge-1.20.1-1.0.6.jar with languages [LanguageSpec[languageName=javafml, acceptedVersions=[47,)]]
[30Aug2025 17:29:19.548] [main/DEBUG] [net.minecraftforge.fml.loading.moddiscovery.ModFileParser/LOADING]: Considering mod file candidate /workspaces/server-mc-1.20.1/servidor_minecraft/mods/treasure2-1.20.1-3.12.0.jar
[30Aug2025 17:29:19.550] [main/DEBUG] [net.minecraftforge.fml.loading.moddiscovery.ModFileInfo/LOADING]: Found valid mod file treasure2-1.20.1-3.12.0.jar with {treasure2} mods - versions {3.12.0}
[30Aug2025 17:29:19.550] [main/DEBUG] [net.minecraftforge.fml.loading.moddiscovery.ModFile/LOADING]: Loading mod file /workspaces/server-mc-1.20.1/servidor_minecraft/mods/treasure2-1.20.1-3.12.0.jar with languages [LanguageSpec[languageName=javafml, acceptedVersions=[47,)]]
[30Aug2025 17:29:19.550] [main/DEBUG] [net.minecraftforge.fml.loading.moddiscovery.ModFileParser/LOADING]: Considering mod file candidate /workspaces/server-mc-1.20.1/servidor_minecraft/mods/Mutated-Items-3.0.0-forge-1.20.1.jar
[30Aug2025 17:29:19.550] [main/DEBUG] [net.minecraftforge.fml.loading.moddiscovery.ModFileInfo/LOADING]: Found valid mod file Mutated-Items-3.0.0-forge-1.20.1.jar with {mutated_items} mods - versions {3.0.0}
[30Aug2025 17:29:19.551] [main/DEBUG] [net.minecraftforge.fml.loading.moddiscovery.ModFile/LOADING]: Loading mod file /workspaces/server-mc-1.20.1/servidor_minecraft/mods/Mutated-Items-3.0.0-forge-1.20.1.jar with languages [LanguageSpec[languageName=javafml, acceptedVersions=[47,)]]
[30Aug2025 17:29:19.552] [main/DEBUG] [net.minecraftforge.fml.loading.moddiscovery.ModFileParser/LOADING]: Considering mod file candidate /workspaces/server-mc-1.20.1/servidor_minecraft/mods/eeeabsmobs-1.20.1-0.97-Fix.jar
[30Aug2025 17:29:19.552] [main/DEBUG] [net.minecraftforge.fml.loading.moddiscovery.ModFileInfo/LOADING]: Found valid mod file eeeabsmobs-1.20.1-0.97-Fix.jar with {eeeabsmobs} mods - versions {1.20.1-0.97}
[30Aug2025 17:29:19.552] [main/DEBUG] [net.minecraftforge.fml.loading.moddiscovery.ModFile/LOADING]: Loading mod file /workspaces/server-mc-1.20.1/servidor_minecraft/mods/eeeabsmobs-1.20.1-0.97-Fix.jar with languages [LanguageSpec[languageName=javafml, acceptedVersions=[47,)]]
[30Aug2025 17:29:19.553] [main/DEBUG] [net.minecraftforge.fml.loading.moddiscovery.ModFileParser/LOADING]: Considering mod file candidate /workspaces/server-mc-1.20.1/servidor_minecraft/mods/lionfishapi-2.4-Fix.jar
[30Aug2025 17:29:19.553] [main/DEBUG] [net.minecraftforge.fml.loading.moddiscovery.ModFileInfo/LOADING]: Found valid mod file lionfishapi-2.4-Fix.jar with {lionfishapi} mods - versions {2.4-Fix}
[30Aug2025 17:29:19.553] [main/DEBUG] [net.minecraftforge.fml.loading.moddiscovery.ModFile/LOADING]: Loading mod file /workspaces/server-mc-1.20.1/servidor_minecraft/mods/lionfishapi-2.4-Fix.jar with languages [LanguageSpec[languageName=javafml, acceptedVersions=[47,)]]
[30Aug2025 17:29:19.553] [main/DEBUG] [net.minecraftforge.fml.loading.moddiscovery.ModFileParser/LOADING]: Considering mod file candidate /workspaces/server-mc-1.20.1/servidor_minecraft/mods/Bonfires-1.20.1-1.2.19-a3b74c6.jar
[30Aug2025 17:29:19.554] [main/DEBUG] [net.minecraftforge.fml.loading.moddiscovery.ModFileInfo/LOADING]: Found valid mod file Bonfires-1.20.1-1.2.19-a3b74c6.jar with {bonfires} mods - versions {1.2.19}
[30Aug2025 17:29:19.555] [main/DEBUG] [net.minecraftforge.fml.loading.moddiscovery.ModFile/LOADING]: Loading mod file /workspaces/server-mc-1.20.1/servidor_minecraft/mods/Bonfires-1.20.1-1.2.19-a3b74c6.jar with languages [LanguageSpec[languageName=javafml, acceptedVersions=[46,)]]
[30Aug2025 17:29:19.555] [main/DEBUG] [net.minecraftforge.fml.loading.moddiscovery.ModFileParser/LOADING]: Considering mod file candidate /workspaces/server-mc-1.20.1/servidor_minecraft/mods/curiouslanterns-1.20.1-1.3.6 (1).jar
[30Aug2025 17:29:19.556] [main/DEBUG] [net.minecraftforge.fml.loading.moddiscovery.ModFileInfo/LOADING]: Found valid mod file curiouslanterns-1.20.1-1.3.6 (1).jar with {curiouslanterns} mods - versions {1.20.1-1.3.6}
[30Aug2025 17:29:19.556] [main/DEBUG] [net.minecraftforge.fml.loading.moddiscovery.ModFile/LOADING]: Loading mod file /workspaces/server-mc-1.20.1/servidor_minecraft/mods/curiouslanterns-1.20.1-1.3.6 (1).jar with languages [LanguageSpec[languageName=javafml, acceptedVersions=[47,)]]
[30Aug2025 17:29:19.556] [main/DEBUG] [net.minecraftforge.fml.loading.moddiscovery.ModFileParser/LOADING]: Considering mod file candidate /workspaces/server-mc-1.20.1/servidor_minecraft/mods/curios-forge-5.14.0+1.20.1.jar
[30Aug2025 17:29:19.557] [main/DEBUG] [net.minecraftforge.fml.loading.moddiscovery.ModFileInfo/LOADING]: Found valid mod file curios-forge-5.14.0+1.20.1.jar with {curios} mods - versions {5.14.0+1.20.1}
[30Aug2025 17:29:19.558] [main/DEBUG] [net.minecraftforge.fml.loading.moddiscovery.ModFile/LOADING]: Loading mod file /workspaces/server-mc-1.20.1/servidor_minecraft/mods/curios-forge-5.14.0+1.20.1.jar with languages [LanguageSpec[languageName=javafml, acceptedVersions=[41,)]]
[30Aug2025 17:29:19.558] [main/DEBUG] [net.minecraftforge.fml.loading.moddiscovery.ModFileParser/LOADING]: Considering mod file candidate /workspaces/server-mc-1.20.1/servidor_minecraft/mods/L_Enders_Cataclysm-2.63.jar
[30Aug2025 17:29:19.559] [main/DEBUG] [net.minecraftforge.fml.loading.moddiscovery.ModFileInfo/LOADING]: Found valid mod file L_Enders_Cataclysm-2.63.jar with {cataclysm} mods - versions {2.63}
[30Aug2025 17:29:19.559] [main/DEBUG] [net.minecraftforge.fml.loading.moddiscovery.ModFile/LOADING]: Loading mod file /workspaces/server-mc-1.20.1/servidor_minecraft/mods/L_Enders_Cataclysm-2.63.jar with languages [LanguageSpec[languageName=javafml, acceptedVersions=[47,)]]
[30Aug2025 17:29:19.559] [main/DEBUG] [net.minecraftforge.fml.loading.moddiscovery.ModFileParser/LOADING]: Considering mod file candidate /workspaces/server-mc-1.20.1/servidor_minecraft/mods/Patchouli-1.20.1-84.1-FORGE.jar
[30Aug2025 17:29:19.559] [main/DEBUG] [net.minecraftforge.fml.loading.moddiscovery.ModFileInfo/LOADING]: Found valid mod file Patchouli-1.20.1-84.1-FORGE.jar with {patchouli} mods - versions {1.20.1-84.1-FORGE}
[30Aug2025 17:29:19.560] [main/DEBUG] [net.minecraftforge.fml.loading.moddiscovery.ModFile/LOADING]: Loading mod file /workspaces/server-mc-1.20.1/servidor_minecraft/mods/Patchouli-1.20.1-84.1-FORGE.jar with languages [LanguageSpec[languageName=javafml, acceptedVersions=[47,)]]
[30Aug2025 17:29:19.560] [main/DEBUG] [net.minecraftforge.fml.loading.moddiscovery.ModFileParser/LOADING]: Considering mod file candidate /workspaces/server-mc-1.20.1/servidor_minecraft/mods/darkdeath-forge-1.20.1-1.0.3.jar
[30Aug2025 17:29:19.560] [main/DEBUG] [net.minecraftforge.fml.loading.moddiscovery.ModFileInfo/LOADING]: Found valid mod file darkdeath-forge-1.20.1-1.0.3.jar with {darkdeath} mods - versions {1.0.3}
[30Aug2025 17:29:19.560] [main/DEBUG] [net.minecraftforge.fml.loading.moddiscovery.ModFile/LOADING]: Loading mod file /workspaces/server-mc-1.20.1/servidor_minecraft/mods/darkdeath-forge-1.20.1-1.0.3.jar with languages [LanguageSpec[languageName=javafml, acceptedVersions=[47,)]]
[30Aug2025 17:29:19.561] [main/DEBUG] [net.minecraftforge.fml.loading.moddiscovery.ModFileParser/LOADING]: Considering mod file candidate /workspaces/server-mc-1.20.1/servidor_minecraft/mods/gottschcore-1.20.1-2.3.0.jar
[30Aug2025 17:29:19.561] [main/DEBUG] [net.minecraftforge.fml.loading.moddiscovery.ModFileInfo/LOADING]: Found valid mod file gottschcore-1.20.1-2.3.0.jar with {gottschcore} mods - versions {2.3.0}
[30Aug2025 17:29:19.562] [main/DEBUG] [net.minecraftforge.fml.loading.moddiscovery.ModFile/LOADING]: Loading mod file /workspaces/server-mc-1.20.1/servidor_minecraft/mods/gottschcore-1.20.1-2.3.0.jar with languages [LanguageSpec[languageName=javafml, acceptedVersions=[47,)]]
[30Aug2025 17:29:19.562] [main/DEBUG] [net.minecraftforge.fml.loading.moddiscovery.ModFileParser/LOADING]: Considering mod file candidate /workspaces/server-mc-1.20.1/servidor_minecraft/mods/EnigmaticLegacy-2.30.1.jar
[30Aug2025 17:29:19.563] [main/DEBUG] [net.minecraftforge.fml.loading.moddiscovery.ModFileInfo/LOADING]: Found valid mod file EnigmaticLegacy-2.30.1.jar with {enigmaticlegacy} mods - versions {2.30.1}
[30Aug2025 17:29:19.563] [main/DEBUG] [net.minecraftforge.fml.loading.moddiscovery.ModFile/LOADING]: Loading mod file /workspaces/server-mc-1.20.1/servidor_minecraft/mods/EnigmaticLegacy-2.30.1.jar with languages [LanguageSpec[languageName=javafml, acceptedVersions=[31,)]]
[30Aug2025 17:29:19.563] [main/DEBUG] [net.minecraftforge.fml.loading.moddiscovery.ModFileParser/LOADING]: Considering mod file candidate /workspaces/server-mc-1.20.1/servidor_minecraft/mods/architectury-9.2.14-forge.jar
[30Aug2025 17:29:19.563] [main/DEBUG] [net.minecraftforge.fml.loading.moddiscovery.ModFileInfo/LOADING]: Found valid mod file architectury-9.2.14-forge.jar with {architectury} mods - versions {9.2.14}
[30Aug2025 17:29:19.564] [main/DEBUG] [net.minecraftforge.fml.loading.moddiscovery.ModFile/LOADING]: Loading mod file /workspaces/server-mc-1.20.1/servidor_minecraft/mods/architectury-9.2.14-forge.jar with languages [LanguageSpec[languageName=javafml, acceptedVersions=[46,)]]
[30Aug2025 17:29:19.564] [main/DEBUG] [net.minecraftforge.fml.loading.moddiscovery.ModFileParser/LOADING]: Considering mod file candidate /workspaces/server-mc-1.20.1/servidor_minecraft/mods/AI-Improvements-1.20-0.5.2.jar
[30Aug2025 17:29:19.564] [main/DEBUG] [net.minecraftforge.fml.loading.moddiscovery.ModFileInfo/LOADING]: Found valid mod file AI-Improvements-1.20-0.5.2.jar with {aiimprovements} mods - versions {0.5.2}
[30Aug2025 17:29:19.564] [main/DEBUG] [net.minecraftforge.fml.loading.moddiscovery.ModFile/LOADING]: Loading mod file /workspaces/server-mc-1.20.1/servidor_minecraft/mods/AI-Improvements-1.20-0.5.2.jar with languages [LanguageSpec[languageName=javafml, acceptedVersions=[46,)]]
[30Aug2025 17:29:19.565] [main/DEBUG] [net.minecraftforge.fml.loading.moddiscovery.ModFileParser/LOADING]: Considering mod file candidate /workspaces/server-mc-1.20.1/servidor_minecraft/mods/lategamegolems-1.20.1-2.4.0.0.jar
[30Aug2025 17:29:19.565] [main/DEBUG] [net.minecraftforge.fml.loading.moddiscovery.ModFileInfo/LOADING]: Found valid mod file lategamegolems-1.20.1-2.4.0.0.jar with {lategamegolems} mods - versions {2.4.0.0}
[30Aug2025 17:29:19.565] [main/DEBUG] [net.minecraftforge.fml.loading.moddiscovery.ModFile/LOADING]: Loading mod file /workspaces/server-mc-1.20.1/servidor_minecraft/mods/lategamegolems-1.20.1-2.4.0.0.jar with languages [LanguageSpec[languageName=javafml, acceptedVersions=[47,)]]
[30Aug2025 17:29:19.566] [main/DEBUG] [net.minecraftforge.fml.loading.moddiscovery.ModFileParser/LOADING]: Considering mod file candidate /workspaces/server-mc-1.20.1/servidor_minecraft/mods/darksmelting-forge-1.20.1-1.0.5.jar
[30Aug2025 17:29:19.566] [main/DEBUG] [net.minecraftforge.fml.loading.moddiscovery.ModFileInfo/LOADING]: Found valid mod file darksmelting-forge-1.20.1-1.0.5.jar with {darksmelting} mods - versions {1.0.5}
[30Aug2025 17:29:19.566] [main/DEBUG] [net.minecraftforge.fml.loading.moddiscovery.ModFile/LOADING]: Loading mod file /workspaces/server-mc-1.20.1/servidor_minecraft/mods/darksmelting-forge-1.20.1-1.0.5.jar with languages [LanguageSpec[languageName=javafml, acceptedVersions=[47,)]]
[30Aug2025 17:29:19.567] [main/DEBUG] [net.minecraftforge.fml.loading.moddiscovery.ModFileParser/LOADING]: Considering mod file candidate /workspaces/server-mc-1.20.1/servidor_minecraft/mods/nether_armory-1.0.0-forge-1.20.1.jar
[30Aug2025 17:29:19.567] [main/DEBUG] [net.minecraftforge.fml.loading.moddiscovery.ModFileInfo/LOADING]: Found valid mod file nether_armory-1.0.0-forge-1.20.1.jar with {nether_armory} mods - versions {1.0.0}
[30Aug2025 17:29:19.567] [main/DEBUG] [net.minecraftforge.fml.loading.moddiscovery.ModFile/LOADING]: Loading mod file /workspaces/server-mc-1.20.1/servidor_minecraft/mods/nether_armory-1.0.0-forge-1.20.1.jar with languages [LanguageSpec[languageName=javafml, acceptedVersions=[47,)]]
[30Aug2025 17:29:19.567] [main/DEBUG] [net.minecraftforge.fml.loading.moddiscovery.ModFileParser/LOADING]: Considering mod file candidate /workspaces/server-mc-1.20.1/servidor_minecraft/mods/WOLegendaryMonsters-1.0.2-forge-1.20.1.jar
[30Aug2025 17:29:19.568] [main/DEBUG] [net.minecraftforge.fml.loading.moddiscovery.ModFileInfo/LOADING]: Found valid mod file WOLegendaryMonsters-1.0.2-forge-1.20.1.jar with {wolm} mods - versions {1.0.2}
[30Aug2025 17:29:19.568] [main/DEBUG] [net.minecraftforge.fml.loading.moddiscovery.ModFile/LOADING]: Loading mod file /workspaces/server-mc-1.20.1/servidor_minecraft/mods/WOLegendaryMonsters-1.0.2-forge-1.20.1.jar with languages [LanguageSpec[languageName=javafml, acceptedVersions=[47,)]]
[30Aug2025 17:29:19.568] [main/DEBUG] [net.minecraftforge.fml.loading.moddiscovery.ModFileParser/LOADING]: Considering mod file candidate /workspaces/server-mc-1.20.1/servidor_minecraft/mods/darkcap-forge-1.20.1-1.0.7.jar
[30Aug2025 17:29:19.569] [main/DEBUG] [net.minecraftforge.fml.loading.moddiscovery.ModFileInfo/LOADING]: Found valid mod file darkcap-forge-1.20.1-1.0.7.jar with {darkcap} mods - versions {1.0.7}
[30Aug2025 17:29:19.569] [main/DEBUG] [net.minecraftforge.fml.loading.moddiscovery.ModFile/LOADING]: Loading mod file /workspaces/server-mc-1.20.1/servidor_minecraft/mods/darkcap-forge-1.20.1-1.0.7.jar with languages [LanguageSpec[languageName=javafml, acceptedVersions=[47,)]]
[30Aug2025 17:29:19.569] [main/DEBUG] [net.minecraftforge.fml.loading.moddiscovery.ModFileParser/LOADING]: Considering mod file candidate /workspaces/server-mc-1.20.1/servidor_minecraft/mods/monolib-forge-1.20.1-2.0.0.jar
[30Aug2025 17:29:19.570] [main/DEBUG] [net.minecraftforge.fml.loading.moddiscovery.ModFileInfo/LOADING]: Found valid mod file monolib-forge-1.20.1-2.0.0.jar with {monolib} mods - versions {2.0.0}
[30Aug2025 17:29:19.570] [main/DEBUG] [net.minecraftforge.fml.loading.moddiscovery.ModFile/LOADING]: Loading mod file /workspaces/server-mc-1.20.1/servidor_minecraft/mods/monolib-forge-1.20.1-2.0.0.jar with languages [LanguageSpec[languageName=javafml, acceptedVersions=[0,)]]
[30Aug2025 17:29:19.570] [main/DEBUG] [net.minecraftforge.fml.loading.moddiscovery.ModFileParser/LOADING]: Considering mod file candidate /workspaces/server-mc-1.20.1/servidor_minecraft/mods/nemos-inventory-sorting-Forge-1.20.1-1.8.2-all.jar
[30Aug2025 17:29:19.571] [main/DEBUG] [net.minecraftforge.fml.loading.moddiscovery.ModFileInfo/LOADING]: Found valid mod file nemos-inventory-sorting-Forge-1.20.1-1.8.2-all.jar with {nemos_inventory_sorting} mods - versions {1.8.2}
[30Aug2025 17:29:19.571] [main/DEBUG] [net.minecraftforge.fml.loading.moddiscovery.ModFile/LOADING]: Loading mod file /workspaces/server-mc-1.20.1/servidor_minecraft/mods/nemos-inventory-sorting-Forge-1.20.1-1.8.2-all.jar with languages [LanguageSpec[languageName=javafml, acceptedVersions=[47,)]]
[30Aug2025 17:29:19.572] [main/DEBUG] [net.minecraftforge.fml.loading.moddiscovery.ModFileParser/LOADING]: Considering mod file candidate /workspaces/server-mc-1.20.1/servidor_minecraft/mods/FallingTree-1.20.1-4.3.4.jar
[30Aug2025 17:29:19.572] [main/DEBUG] [net.minecraftforge.fml.loading.moddiscovery.ModFileInfo/LOADING]: Found valid mod file FallingTree-1.20.1-4.3.4.jar with {fallingtree} mods - versions {4.3.4}
[30Aug2025 17:29:19.573] [main/DEBUG] [net.minecraftforge.fml.loading.moddiscovery.ModFile/LOADING]: Loading mod file /workspaces/server-mc-1.20.1/servidor_minecraft/mods/FallingTree-1.20.1-4.3.4.jar with languages [LanguageSpec[languageName=javafml, acceptedVersions=[47,)]]
[30Aug2025 17:29:19.573] [main/DEBUG] [net.minecraftforge.fml.loading.moddiscovery.ModFileParser/LOADING]: Considering mod file candidate /workspaces/server-mc-1.20.1/servidor_minecraft/mods/framework-forge-1.20.1-0.7.12.jar
[30Aug2025 17:29:19.573] [main/DEBUG] [net.minecraftforge.fml.loading.moddiscovery.ModFileInfo/LOADING]: Found valid mod file framework-forge-1.20.1-0.7.12.jar with {framework} mods - versions {0.7.12}
[30Aug2025 17:29:19.573] [main/DEBUG] [net.minecraftforge.fml.loading.moddiscovery.ModFile/LOADING]: Loading mod file /workspaces/server-mc-1.20.1/servidor_minecraft/mods/framework-forge-1.20.1-0.7.12.jar with languages [LanguageSpec[languageName=javafml, acceptedVersions=[39,)]]
[30Aug2025 17:29:19.574] [main/DEBUG] [net.minecraftforge.fml.loading.moddiscovery.ModFileParser/LOADING]: Considering mod file candidate /workspaces/server-mc-1.20.1/servidor_minecraft/mods/l2library-2.5.1.jar
[30Aug2025 17:29:19.574] [main/DEBUG] [net.minecraftforge.fml.loading.moddiscovery.ModFileInfo/LOADING]: Found valid mod file l2library-2.5.1.jar with {l2library} mods - versions {2.5.1}
[30Aug2025 17:29:19.575] [main/DEBUG] [net.minecraftforge.fml.loading.moddiscovery.ModFile/LOADING]: Loading mod file /workspaces/server-mc-1.20.1/servidor_minecraft/mods/l2library-2.5.1.jar with languages [LanguageSpec[languageName=javafml, acceptedVersions=[46,)]]
[30Aug2025 17:29:19.575] [main/DEBUG] [net.minecraftforge.fml.loading.moddiscovery.ModFileParser/LOADING]: Considering mod file candidate /workspaces/server-mc-1.20.1/servidor_minecraft/mods/darkspawn-forge-1.20.1-1.1.6.jar
[30Aug2025 17:29:19.575] [main/DEBUG] [net.minecraftforge.fml.loading.moddiscovery.ModFileInfo/LOADING]: Found valid mod file darkspawn-forge-1.20.1-1.1.6.jar with {darkspawn} mods - versions {1.1.6}
[30Aug2025 17:29:19.576] [main/DEBUG] [net.minecraftforge.fml.loading.moddiscovery.ModFile/LOADING]: Loading mod file /workspaces/server-mc-1.20.1/servidor_minecraft/mods/darkspawn-forge-1.20.1-1.1.6.jar with languages [LanguageSpec[languageName=javafml, acceptedVersions=[47,)]]
[30Aug2025 17:29:19.577] [main/DEBUG] [net.minecraftforge.fml.loading.moddiscovery.ModFileParser/LOADING]: Considering mod file candidate /workspaces/server-mc-1.20.1/servidor_minecraft/mods/mowziesmobs-1.7.2.jar
[30Aug2025 17:29:19.577] [main/DEBUG] [net.minecraftforge.fml.loading.moddiscovery.ModFileInfo/LOADING]: Found valid mod file mowziesmobs-1.7.2.jar with {mowziesmobs} mods - versions {1.7.2}
[30Aug2025 17:29:19.577] [main/DEBUG] [net.minecraftforge.fml.loading.moddiscovery.ModFile/LOADING]: Loading mod file /workspaces/server-mc-1.20.1/servidor_minecraft/mods/mowziesmobs-1.7.2.jar with languages [LanguageSpec[languageName=javafml, acceptedVersions=[43,)]]
[30Aug2025 17:29:19.578] [main/DEBUG] [net.minecraftforge.fml.loading.moddiscovery.ModFileParser/LOADING]: Considering mod file candidate 
[30Aug2025 17:29:19.578] [main/DEBUG] [net.minecraftforge.fml.loading.moddiscovery.ModFileInfo/LOADING]: Found valid mod file l2tabs-0.3.3.jar with {l2tabs} mods - versions {0.3.3}
[30Aug2025 17:29:19.578] [main/DEBUG] [net.minecraftforge.fml.loading.moddiscovery.ModFile/LOADING]: Loading mod file  with languages [LanguageSpec[languageName=javafml, acceptedVersions=[46,)]]
[30Aug2025 17:29:19.578] [main/DEBUG] [net.minecraftforge.fml.loading.moddiscovery.ModFileParser/LOADING]: Considering mod file candidate /workspaces/server-mc-1.20.1/servidor_minecraft/mods/darkbread-forge-1.20.1-1.0.0.jar
[30Aug2025 17:29:19.579] [main/DEBUG] [net.minecraftforge.fml.loading.moddiscovery.ModFileInfo/LOADING]: Found valid mod file darkbread-forge-1.20.1-1.0.0.jar with {darkbread} mods - versions {1.0.0}
[30Aug2025 17:29:19.579] [main/DEBUG] [net.minecraftforge.fml.loading.moddiscovery.ModFile/LOADING]: Loading mod file /workspaces/server-mc-1.20.1/servidor_minecraft/mods/darkbread-forge-1.20.1-1.0.0.jar with languages [LanguageSpec[languageName=javafml, acceptedVersions=[47,)]]
[30Aug2025 17:29:19.579] [main/DEBUG] [net.minecraftforge.fml.loading.moddiscovery.ModFileParser/LOADING]: Considering mod file candidate /workspaces/server-mc-1.20.1/servidor_minecraft/mods/OctoLib-FORGE-0.5.0.1+1.20.1.jar
[30Aug2025 17:29:19.580] [main/DEBUG] [net.minecraftforge.fml.loading.moddiscovery.ModFileInfo/LOADING]: Found valid mod file OctoLib-FORGE-0.5.0.1+1.20.1.jar with {octolib} mods - versions {0.5.0.1}
[30Aug2025 17:29:19.580] [main/DEBUG] [net.minecraftforge.fml.loading.moddiscovery.ModFile/LOADING]: Loading mod file /workspaces/server-mc-1.20.1/servidor_minecraft/mods/OctoLib-FORGE-0.5.0.1+1.20.1.jar with languages [LanguageSpec[languageName=javafml, acceptedVersions=[47,)]]
[30Aug2025 17:29:19.580] [main/DEBUG] [net.minecraftforge.fml.loading.moddiscovery.ModFileParser/LOADING]: Considering mod file candidate /workspaces/server-mc-1.20.1/servidor_minecraft/mods/ancore-2025.3.2.1-forge-1.20.1 (1).jar
[30Aug2025 17:29:19.580] [main/DEBUG] [net.minecraftforge.fml.loading.moddiscovery.ModFileInfo/LOADING]: Found valid mod file ancore-2025.3.2.1-forge-1.20.1 (1).jar with {ancore} mods - versions {2025.3.2.1}
[30Aug2025 17:29:19.580] [main/DEBUG] [net.minecraftforge.fml.loading.moddiscovery.ModFile/LOADING]: Loading mod file /workspaces/server-mc-1.20.1/servidor_minecraft/mods/ancore-2025.3.2.1-forge-1.20.1 (1).jar with languages [LanguageSpec[languageName=javafml, acceptedVersions=[47,)]]
[30Aug2025 17:29:19.580] [main/DEBUG] [net.minecraftforge.fml.loading.moddiscovery.ModFileParser/LOADING]: Considering mod file candidate /workspaces/server-mc-1.20.1/servidor_minecraft/mods/jei-1.20.1-forge-15.20.0.106.jar
[30Aug2025 17:29:19.581] [main/DEBUG] [net.minecraftforge.fml.loading.moddiscovery.ModFileInfo/LOADING]: Found valid mod file jei-1.20.1-forge-15.20.0.106.jar with {jei} mods - versions {15.20.0.106}
[30Aug2025 17:29:19.581] [main/DEBUG] [net.minecraftforge.fml.loading.moddiscovery.ModFile/LOADING]: Loading mod file /workspaces/server-mc-1.20.1/servidor_minecraft/mods/jei-1.20.1-forge-15.20.0.106.jar with languages [LanguageSpec[languageName=javafml, acceptedVersions=[47,)]]
[30Aug2025 17:29:19.581] [main/DEBUG] [net.minecraftforge.fml.loading.moddiscovery.ModFileParser/LOADING]: Considering mod file candidate /workspaces/server-mc-1.20.1/servidor_minecraft/mods/darksleep-forge-1.20.1-1.0.0.jar
[30Aug2025 17:29:19.582] [main/DEBUG] [net.minecraftforge.fml.loading.moddiscovery.ModFileInfo/LOADING]: Found valid mod file darksleep-forge-1.20.1-1.0.0.jar with {darksleep} mods - versions {1.0.0}
[30Aug2025 17:29:19.583] [main/DEBUG] [net.minecraftforge.fml.loading.moddiscovery.ModFile/LOADING]: Loading mod file /workspaces/server-mc-1.20.1/servidor_minecraft/mods/darksleep-forge-1.20.1-1.0.0.jar with languages [LanguageSpec[languageName=javafml, acceptedVersions=[47,)]]
[30Aug2025 17:29:19.583] [main/DEBUG] [net.minecraftforge.fml.loading.moddiscovery.ModFileParser/LOADING]: Considering mod file candidate /workspaces/server-mc-1.20.1/servidor_minecraft/mods/AttributeFix-Forge-1.20.1-21.0.4.jar
[30Aug2025 17:29:19.583] [main/DEBUG] [net.minecraftforge.fml.loading.moddiscovery.ModFileInfo/LOADING]: Found valid mod file AttributeFix-Forge-1.20.1-21.0.4.jar with {attributefix} mods - versions {21.0.4}
[30Aug2025 17:29:19.583] [main/DEBUG] [net.minecraftforge.fml.loading.moddiscovery.ModFile/LOADING]: Loading mod file /workspaces/server-mc-1.20.1/servidor_minecraft/mods/AttributeFix-Forge-1.20.1-21.0.4.jar with languages [LanguageSpec[languageName=javafml, acceptedVersions=[47,)]]
[30Aug2025 17:29:19.584] [main/DEBUG] [net.minecraftforge.fml.loading.moddiscovery.ModFileParser/LOADING]: Considering mod file candidate /workspaces/server-mc-1.20.1/servidor_minecraft/mods/caelus-forge-3.2.0+1.20.1.jar
[30Aug2025 17:29:19.584] [main/DEBUG] [net.minecraftforge.fml.loading.moddiscovery.ModFileInfo/LOADING]: Found valid mod file caelus-forge-3.2.0+1.20.1.jar with {caelus} mods - versions {3.2.0+1.20.1}
[30Aug2025 17:29:19.584] [main/DEBUG] [net.minecraftforge.fml.loading.moddiscovery.ModFile/LOADING]: Loading mod file /workspaces/server-mc-1.20.1/servidor_minecraft/mods/caelus-forge-3.2.0+1.20.1.jar with languages [LanguageSpec[languageName=javafml, acceptedVersions=[46,)]]
[30Aug2025 17:29:19.584] [main/DEBUG] [net.minecraftforge.fml.loading.moddiscovery.ModFileParser/LOADING]: Considering mod file candidate /workspaces/server-mc-1.20.1/servidor_minecraft/mods/obscure_api-15.jar
[30Aug2025 17:29:19.585] [main/DEBUG] [net.minecraftforge.fml.loading.moddiscovery.ModFileInfo/LOADING]: Found valid mod file obscure_api-15.jar with {obscure_api} mods - versions {15}
[30Aug2025 17:29:19.586] [main/DEBUG] [net.minecraftforge.fml.loading.moddiscovery.ModFile/LOADING]: Loading mod file /workspaces/server-mc-1.20.1/servidor_minecraft/mods/obscure_api-15.jar with languages [LanguageSpec[languageName=javafml, acceptedVersions=[47,)]]
[30Aug2025 17:29:19.588] [main/DEBUG] [net.minecraftforge.fml.loading.moddiscovery.ModFileParser/LOADING]: Considering mod file candidate /workspaces/server-mc-1.20.1/servidor_minecraft/mods/GeckoLibOculusCompat-Forge-1.0.1 - copia.jar
[30Aug2025 17:29:19.589] [main/DEBUG] [net.minecraftforge.fml.loading.moddiscovery.ModFileInfo/LOADING]: Found valid mod file GeckoLibOculusCompat-Forge-1.0.1 - copia.jar with {geckoanimfix} mods - versions {1.0.0}
[30Aug2025 17:29:19.589] [main/DEBUG] [net.minecraftforge.fml.loading.moddiscovery.ModFile/LOADING]: Loading mod file /workspaces/server-mc-1.20.1/servidor_minecraft/mods/GeckoLibOculusCompat-Forge-1.0.1 - copia.jar with languages [LanguageSpec[languageName=javafml, acceptedVersions=*]]
[30Aug2025 17:29:19.589] [main/DEBUG] [net.minecraftforge.fml.loading.moddiscovery.ModFileParser/LOADING]: Considering mod file candidate /workspaces/server-mc-1.20.1/servidor_minecraft/mods/ensorcellation-1.20.1-5.0.2.24.jar
[30Aug2025 17:29:19.590] [main/DEBUG] [net.minecraftforge.fml.loading.moddiscovery.ModFileInfo/LOADING]: Found valid mod file ensorcellation-1.20.1-5.0.2.24.jar with {ensorcellation} mods - versions {5.0.2}
[30Aug2025 17:29:19.590] [main/DEBUG] [net.minecraftforge.fml.loading.moddiscovery.ModFile/LOADING]: Loading mod file /workspaces/server-mc-1.20.1/servidor_minecraft/mods/ensorcellation-1.20.1-5.0.2.24.jar with languages [LanguageSpec[languageName=javafml, acceptedVersions=[47,)]]
[30Aug2025 17:29:19.590] [main/DEBUG] [net.minecraftforge.fml.loading.moddiscovery.ModFileParser/LOADING]: Considering mod file candidate /workspaces/server-mc-1.20.1/servidor_minecraft/mods/Clumps-forge-1.20.1-12.0.0.4.jar
[30Aug2025 17:29:19.590] [main/DEBUG] [net.minecraftforge.fml.loading.moddiscovery.ModFileInfo/LOADING]: Found valid mod file Clumps-forge-1.20.1-12.0.0.4.jar with {clumps} mods - versions {12.0.0.4}
[30Aug2025 17:29:19.590] [main/DEBUG] [net.minecraftforge.fml.loading.moddiscovery.ModFile/LOADING]: Loading mod file /workspaces/server-mc-1.20.1/servidor_minecraft/mods/Clumps-forge-1.20.1-12.0.0.4.jar with languages [LanguageSpec[languageName=javafml, acceptedVersions=[41,)]]
[30Aug2025 17:29:19.590] [main/DEBUG] [net.minecraftforge.fml.loading.moddiscovery.ModFileParser/LOADING]: Considering mod file candidate /workspaces/server-mc-1.20.1/servidor_minecraft/mods/comforts-forge-6.4.0+1.20.1.jar
[30Aug2025 17:29:19.591] [main/DEBUG] [net.minecraftforge.fml.loading.moddiscovery.ModFileInfo/LOADING]: Found valid mod file comforts-forge-6.4.0+1.20.1.jar with {comforts} mods - versions {6.4.0+1.20.1}
[30Aug2025 17:29:19.591] [main/DEBUG] [net.minecraftforge.fml.loading.moddiscovery.ModFile/LOADING]: Loading mod file /workspaces/server-mc-1.20.1/servidor_minecraft/mods/comforts-forge-6.4.0+1.20.1.jar with languages [LanguageSpec[languageName=javafml, acceptedVersions=[46,)]]
[30Aug2025 17:29:19.591] [main/DEBUG] [net.minecraftforge.fml.loading.moddiscovery.ModFileParser/LOADING]: Considering mod file candidate /workspaces/server-mc-1.20.1/servidor_minecraft/mods/darkzoom-forge-1.20.1-1.0.1.jar
[30Aug2025 17:29:19.594] [main/DEBUG] [net.minecraftforge.fml.loading.moddiscovery.ModFileInfo/LOADING]: Found valid mod file darkzoom-forge-1.20.1-1.0.1.jar with {darkzoom} mods - versions {1.0.1}
[30Aug2025 17:29:19.594] [main/DEBUG] [net.minecraftforge.fml.loading.moddiscovery.ModFile/LOADING]: Loading mod file /workspaces/server-mc-1.20.1/servidor_minecraft/mods/darkzoom-forge-1.20.1-1.0.1.jar with languages [LanguageSpec[languageName=javafml, acceptedVersions=[47,)]]
[30Aug2025 17:29:19.594] [main/DEBUG] [net.minecraftforge.fml.loading.moddiscovery.ModFileParser/LOADING]: Considering mod file candidate /workspaces/server-mc-1.20.1/servidor_minecraft/mods/artifacts-forge-9.5.16.jar
[30Aug2025 17:29:19.595] [main/DEBUG] [net.minecraftforge.fml.loading.moddiscovery.ModFileInfo/LOADING]: Found valid mod file artifacts-forge-9.5.16.jar with {artifacts} mods - versions {9.5.16}
[30Aug2025 17:29:19.595] [main/DEBUG] [net.minecraftforge.fml.loading.moddiscovery.ModFile/LOADING]: Loading mod file /workspaces/server-mc-1.20.1/servidor_minecraft/mods/artifacts-forge-9.5.16.jar with languages [LanguageSpec[languageName=javafml, acceptedVersions=[47,)]]
[30Aug2025 17:29:19.596] [main/DEBUG] [net.minecraftforge.fml.loading.moddiscovery.ModFileParser/LOADING]: Considering mod file candidate /workspaces/server-mc-1.20.1/servidor_minecraft/mods/configured-forge-1.20.1-2.2.3.jar
[30Aug2025 17:29:19.596] [main/DEBUG] [net.minecraftforge.fml.loading.moddiscovery.ModFileInfo/LOADING]: Found valid mod file configured-forge-1.20.1-2.2.3.jar with {configured} mods - versions {2.2.3}
[30Aug2025 17:29:19.597] [main/DEBUG] [net.minecraftforge.fml.loading.moddiscovery.ModFile/LOADING]: Loading mod file /workspaces/server-mc-1.20.1/servidor_minecraft/mods/configured-forge-1.20.1-2.2.3.jar with languages [LanguageSpec[languageName=javafml, acceptedVersions=[39,)]]
[30Aug2025 17:29:19.597] [main/DEBUG] [net.minecraftforge.fml.loading.moddiscovery.ModFileParser/LOADING]: Considering mod file candidate 
[30Aug2025 17:29:19.598] [main/DEBUG] [net.minecraftforge.fml.loading.moddiscovery.ModFileInfo/LOADING]: Found valid mod file l2screentracker-0.1.4.jar with {l2screentracker} mods - versions {0.1.4}
[30Aug2025 17:29:19.600] [main/DEBUG] [net.minecraftforge.fml.loading.moddiscovery.ModFile/LOADING]: Loading mod file  with languages [LanguageSpec[languageName=javafml, acceptedVersions=[46,)]]
[30Aug2025 17:29:19.601] [main/DEBUG] [net.minecraftforge.fml.loading.moddiscovery.ModFileParser/LOADING]: Considering mod file candidate /workspaces/server-mc-1.20.1/servidor_minecraft/mods/netherite_fusion-1.0.5.jar
[30Aug2025 17:29:19.601] [main/DEBUG] [net.minecraftforge.fml.loading.moddiscovery.ModFileInfo/LOADING]: Found valid mod file netherite_fusion-1.0.5.jar with {netherite_fusion} mods - versions {1.0.0}
[30Aug2025 17:29:19.601] [main/DEBUG] [net.minecraftforge.fml.loading.moddiscovery.ModFile/LOADING]: Loading mod file /workspaces/server-mc-1.20.1/servidor_minecraft/mods/netherite_fusion-1.0.5.jar with languages [LanguageSpec[languageName=javafml, acceptedVersions=[47,)]]
[30Aug2025 17:29:19.601] [main/DEBUG] [net.minecraftforge.fml.loading.moddiscovery.ModFileParser/LOADING]: Considering mod file candidate /workspaces/server-mc-1.20.1/servidor_minecraft/mods/ice_and_fire_spellbooks-2.3.1-1.20.1.jar
[30Aug2025 17:29:19.602] [main/DEBUG] [net.minecraftforge.fml.loading.moddiscovery.ModFileInfo/LOADING]: Found valid mod file ice_and_fire_spellbooks-2.3.1-1.20.1.jar with {ice_and_fire_spellbooks} mods - versions {2.3.1-1.20.1}
[30Aug2025 17:29:19.602] [main/DEBUG] [net.minecraftforge.fml.loading.moddiscovery.ModFile/LOADING]: Loading mod file /workspaces/server-mc-1.20.1/servidor_minecraft/mods/ice_and_fire_spellbooks-2.3.1-1.20.1.jar with languages [LanguageSpec[languageName=javafml, acceptedVersions=[47,)]]
[30Aug2025 17:29:19.602] [main/DEBUG] [net.minecraftforge.fml.loading.moddiscovery.ModFileParser/LOADING]: Considering mod file candidate /workspaces/server-mc-1.20.1/servidor_minecraft/mods/MyServerIsCompatible-1.20-1.0.jar
[30Aug2025 17:29:19.603] [main/DEBUG] [net.minecraftforge.fml.loading.moddiscovery.ModFileInfo/LOADING]: Found valid mod file MyServerIsCompatible-1.20-1.0.jar with {myserveriscompatible} mods - versions {1.0}
[30Aug2025 17:29:19.603] [main/DEBUG] [net.minecraftforge.fml.loading.moddiscovery.ModFile/LOADING]: Loading mod file /workspaces/server-mc-1.20.1/servidor_minecraft/mods/MyServerIsCompatible-1.20-1.0.jar with languages [LanguageSpec[languageName=javafml, acceptedVersions=[46,)]]
[30Aug2025 17:29:19.603] [main/DEBUG] [net.minecraftforge.fml.loading.moddiscovery.ModFileParser/LOADING]: Considering mod file candidate /workspaces/server-mc-1.20.1/servidor_minecraft/mods/BadMobs-1.20.1-19.0.4.jar
[30Aug2025 17:29:19.605] [main/DEBUG] [net.minecraftforge.fml.loading.moddiscovery.ModFileInfo/LOADING]: Found valid mod file BadMobs-1.20.1-19.0.4.jar with {badmobs} mods - versions {19.0.4}
[30Aug2025 17:29:19.605] [main/DEBUG] [net.minecraftforge.fml.loading.moddiscovery.ModFile/LOADING]: Loading mod file /workspaces/server-mc-1.20.1/servidor_minecraft/mods/BadMobs-1.20.1-19.0.4.jar with languages [LanguageSpec[languageName=javafml, acceptedVersions=[47,]]]
[30Aug2025 17:29:19.606] [main/DEBUG] [net.minecraftforge.fml.loading.moddiscovery.ModFileParser/LOADING]: Considering mod file candidate /workspaces/server-mc-1.20.1/servidor_minecraft/mods/cofh_core-1.20.1-11.0.2.56.jar
[30Aug2025 17:29:19.606] [main/DEBUG] [net.minecraftforge.fml.loading.moddiscovery.ModFileInfo/LOADING]: Found valid mod file cofh_core-1.20.1-11.0.2.56.jar with {cofh_core} mods - versions {11.0.2}
[30Aug2025 17:29:19.606] [main/DEBUG] [net.minecraftforge.fml.loading.moddiscovery.ModFile/LOADING]: Loading mod file /workspaces/server-mc-1.20.1/servidor_minecraft/mods/cofh_core-1.20.1-11.0.2.56.jar with languages [LanguageSpec[languageName=javafml, acceptedVersions=[47,)]]
[30Aug2025 17:29:19.606] [main/DEBUG] [net.minecraftforge.fml.loading.moddiscovery.ModFileParser/LOADING]: Considering mod file candidate /workspaces/server-mc-1.20.1/servidor_minecraft/mods/starlight-1.1.2+forge.1cda73c.jar
[30Aug2025 17:29:19.606] [main/DEBUG] [net.minecraftforge.fml.loading.moddiscovery.ModFileInfo/LOADING]: Found valid mod file starlight-1.1.2+forge.1cda73c.jar with {starlight} mods - versions {1.1.2+forge.1cda73c}
[30Aug2025 17:29:19.607] [main/DEBUG] [net.minecraftforge.fml.loading.moddiscovery.ModFile/LOADING]: Loading mod file /workspaces/server-mc-1.20.1/servidor_minecraft/mods/starlight-1.1.2+forge.1cda73c.jar with languages [LanguageSpec[languageName=javafml, acceptedVersions=[46,)]]
[30Aug2025 17:29:19.607] [main/DEBUG] [net.minecraftforge.fml.loading.moddiscovery.ModFileParser/LOADING]: Considering mod file candidate /workspaces/server-mc-1.20.1/servidor_minecraft/mods/creature_compendium-1.3.1.jar
[30Aug2025 17:29:19.607] [main/DEBUG] [net.minecraftforge.fml.loading.moddiscovery.ModFileInfo/LOADING]: Found valid mod file creature_compendium-1.3.1.jar with {creature_compendium} mods - versions {1.3.1}
[30Aug2025 17:29:19.607] [main/DEBUG] [net.minecraftforge.fml.loading.moddiscovery.ModFile/LOADING]: Loading mod file /workspaces/server-mc-1.20.1/servidor_minecraft/mods/creature_compendium-1.3.1.jar with languages [LanguageSpec[languageName=javafml, acceptedVersions=[0,)]]
[30Aug2025 17:29:19.607] [main/DEBUG] [net.minecraftforge.fml.loading.moddiscovery.ModFileParser/LOADING]: Considering mod file candidate /workspaces/server-mc-1.20.1/servidor_minecraft/mods/Dave's Potioneering-forge-1.20.1-12.jar
[30Aug2025 17:29:19.609] [main/DEBUG] [net.minecraftforge.fml.loading.moddiscovery.ModFileInfo/LOADING]: Found valid mod file Dave's Potioneering-forge-1.20.1-12.jar with {davespotioneering} mods - versions {12}
[30Aug2025 17:29:19.609] [main/DEBUG] [net.minecraftforge.fml.loading.moddiscovery.ModFile/LOADING]: Loading mod file /workspaces/server-mc-1.20.1/servidor_minecraft/mods/Dave's Potioneering-forge-1.20.1-12.jar with languages [LanguageSpec[languageName=javafml, acceptedVersions=[46,)]]
[30Aug2025 17:29:19.609] [main/DEBUG] [net.minecraftforge.fml.loading.moddiscovery.ModFileParser/LOADING]: Considering mod file candidate /workspaces/server-mc-1.20.1/servidor_minecraft/mods/iceandfire-2.1.13-1.20.1-beta-5.jar
[30Aug2025 17:29:19.609] [main/DEBUG] [net.minecraftforge.fml.loading.moddiscovery.ModFileInfo/LOADING]: Found valid mod file iceandfire-2.1.13-1.20.1-beta-5.jar with {iceandfire} mods - versions {2.1.13-1.20.1}
[30Aug2025 17:29:19.610] [main/DEBUG] [net.minecraftforge.fml.loading.moddiscovery.ModFile/LOADING]: Loading mod file /workspaces/server-mc-1.20.1/servidor_minecraft/mods/iceandfire-2.1.13-1.20.1-beta-5.jar with languages [LanguageSpec[languageName=javafml, acceptedVersions=[37.0,)]]
[30Aug2025 17:29:19.610] [main/DEBUG] [net.minecraftforge.fml.loading.moddiscovery.ModFileParser/LOADING]: Considering mod file candidate /workspaces/server-mc-1.20.1/servidor_minecraft/libraries/net/minecraftforge/forge/1.20.1-47.4.2/forge-1.20.1-47.4.2-universal.jar
[30Aug2025 17:29:19.611] [main/DEBUG] [net.minecraftforge.fml.loading.moddiscovery.ModFileInfo/LOADING]: Found valid mod file forge-1.20.1-47.4.2-universal.jar with {forge} mods - versions {47.4.2}
[30Aug2025 17:29:19.611] [main/DEBUG] [net.minecraftforge.fml.loading.moddiscovery.ModFile/LOADING]: Loading mod file /workspaces/server-mc-1.20.1/servidor_minecraft/libraries/net/minecraftforge/forge/1.20.1-47.4.2/forge-1.20.1-47.4.2-universal.jar with languages [LanguageSpec[languageName=javafml, acceptedVersions=[24,]]]
[30Aug2025 17:29:19.614] [main/DEBUG] [net.minecraftforge.fml.loading.moddiscovery.ModFileParser/LOADING]: Found coremod field_to_method with Javascript path coremods/field_to_method.js
[30Aug2025 17:29:19.615] [main/DEBUG] [net.minecraftforge.fml.loading.moddiscovery.ModFileParser/LOADING]: Found coremod field_to_instanceof with Javascript path coremods/field_to_instanceof.js
[30Aug2025 17:29:19.615] [main/DEBUG] [net.minecraftforge.fml.loading.moddiscovery.ModFileParser/LOADING]: Found coremod add_bouncer_method with Javascript path coremods/add_bouncer_method.js
[30Aug2025 17:29:19.615] [main/DEBUG] [net.minecraftforge.fml.loading.moddiscovery.ModFileParser/LOADING]: Found coremod method_redirector with Javascript path coremods/method_redirector.js
[30Aug2025 17:29:19.615] [main/DEBUG] [net.minecraftforge.fml.loading.moddiscovery.ModFile/LOADING]: Found coremod coremods/field_to_method.js
[30Aug2025 17:29:19.615] [main/DEBUG] [net.minecraftforge.fml.loading.moddiscovery.ModFile/LOADING]: Found coremod coremods/field_to_instanceof.js
[30Aug2025 17:29:19.615] [main/DEBUG] [net.minecraftforge.fml.loading.moddiscovery.ModFile/LOADING]: Found coremod coremods/add_bouncer_method.js
[30Aug2025 17:29:19.616] [main/DEBUG] [net.minecraftforge.fml.loading.moddiscovery.ModFile/LOADING]: Found coremod coremods/method_redirector.js
[30Aug2025 17:29:19.616] [main/DEBUG] [net.minecraftforge.fml.loading.moddiscovery.ModFileParser/LOADING]: Considering mod file candidate /workspaces/server-mc-1.20.1/servidor_minecraft/mods/Log-Begone-Forge-1.20.1-1.0.8.jar
[30Aug2025 17:29:19.616] [main/DEBUG] [net.minecraftforge.fml.loading.moddiscovery.ModFileInfo/LOADING]: Found valid mod file Log-Begone-Forge-1.20.1-1.0.8.jar with {logbegone} mods - versions {1.0.8}
[30Aug2025 17:29:19.616] [main/DEBUG] [net.minecraftforge.fml.loading.moddiscovery.ModFile/LOADING]: Loading mod file /workspaces/server-mc-1.20.1/servidor_minecraft/mods/Log-Begone-Forge-1.20.1-1.0.8.jar with languages [LanguageSpec[languageName=javafml, acceptedVersions=[46,)]]
[30Aug2025 17:29:19.617] [main/DEBUG] [net.minecraftforge.fml.loading.moddiscovery.ModFileInfo/LOADING]: Found valid mod file server-1.20.1-20230612.114412-srg.jar with {minecraft} mods - versions {1.20.1}
[30Aug2025 17:29:19.617] [main/DEBUG] [net.minecraftforge.fml.loading.moddiscovery.ModFile/LOADING]: Loading mod file /workspaces/server-mc-1.20.1/servidor_minecraft/libraries/net/minecraft/server/1.20.1-20230612.114412/server-1.20.1-20230612.114412-srg.jar with languages [LanguageSpec[languageName=minecraft, acceptedVersions=1]]
[30Aug2025 17:29:19.617] [main/DEBUG] [net.minecraftforge.fml.loading.moddiscovery.ModFileParser/LOADING]: Considering mod file candidate /workspaces/server-mc-1.20.1/servidor_minecraft/mods/curios_compat_1_20_1.jar
[30Aug2025 17:29:19.618] [main/DEBUG] [net.minecraftforge.fml.loading.moddiscovery.ModFileInfo/LOADING]: Found valid mod file curios_compat_1_20_1.jar with {curioscompat} mods - versions {1.0.0}
[30Aug2025 17:29:19.618] [main/DEBUG] [net.minecraftforge.fml.loading.moddiscovery.ModFile/LOADING]: Loading mod file /workspaces/server-mc-1.20.1/servidor_minecraft/mods/curios_compat_1_20_1.jar with languages [LanguageSpec[languageName=javafml, acceptedVersions=[47,)]]
[30Aug2025 17:29:19.618] [main/DEBUG] [net.minecraftforge.fml.loading.moddiscovery.ModFileParser/LOADING]: Considering mod file candidate /workspaces/server-mc-1.20.1/servidor_minecraft/mods/radiantgear-forge-2.2.0+1.20.1 (1).jar
[30Aug2025 17:29:19.620] [main/DEBUG] [net.minecraftforge.fml.loading.moddiscovery.ModFileInfo/LOADING]: Found valid mod file radiantgear-forge-2.2.0+1.20.1 (1).jar with {radiantgear} mods - versions {2.2.0+1.20.1}
[30Aug2025 17:29:19.620] [main/DEBUG] [net.minecraftforge.fml.loading.moddiscovery.ModFile/LOADING]: Loading mod file /workspaces/server-mc-1.20.1/servidor_minecraft/mods/radiantgear-forge-2.2.0+1.20.1 (1).jar with languages [LanguageSpec[languageName=javafml, acceptedVersions=[41,)]]
[30Aug2025 17:29:19.620] [main/DEBUG] [net.minecraftforge.fml.loading.moddiscovery.ModFileParser/LOADING]: Considering mod file candidate /workspaces/server-mc-1.20.1/servidor_minecraft/mods/bettercombat-forge-1.8.6+1.20.1.jar
[30Aug2025 17:29:19.621] [main/DEBUG] [net.minecraftforge.fml.loading.moddiscovery.ModFileInfo/LOADING]: Found valid mod file bettercombat-forge-1.8.6+1.20.1.jar with {bettercombat} mods - versions {1.8.6+1.20.1}
[30Aug2025 17:29:19.621] [main/DEBUG] [net.minecraftforge.fml.loading.moddiscovery.ModFile/LOADING]: Loading mod file /workspaces/server-mc-1.20.1/servidor_minecraft/mods/bettercombat-forge-1.8.6+1.20.1.jar with languages [LanguageSpec[languageName=javafml, acceptedVersions=[39,)]]
[30Aug2025 17:29:19.621] [main/DEBUG] [net.minecraftforge.fml.loading.moddiscovery.ModFileParser/LOADING]: Considering mod file candidate /workspaces/server-mc-1.20.1/servidor_minecraft/mods/ToolBelt-1.20.1-1.20.02.jar
[30Aug2025 17:29:19.622] [main/DEBUG] [net.minecraftforge.fml.loading.moddiscovery.ModFileInfo/LOADING]: Found valid mod file ToolBelt-1.20.1-1.20.02.jar with {toolbelt} mods - versions {1.20.02}
[30Aug2025 17:29:19.622] [main/DEBUG] [net.minecraftforge.fml.loading.moddiscovery.ModFile/LOADING]: Loading mod file /workspaces/server-mc-1.20.1/servidor_minecraft/mods/ToolBelt-1.20.1-1.20.02.jar with languages [LanguageSpec[languageName=javafml, acceptedVersions=[46,)]]
[30Aug2025 17:29:19.622] [main/DEBUG] [net.minecraftforge.fml.loading.moddiscovery.ModFileParser/LOADING]: Considering mod file candidate /workspaces/server-mc-1.20.1/servidor_minecraft/mods/justenoughbreeding-forge-1.20-1.20.1-1.5.0.jar
[30Aug2025 17:29:19.622] [main/DEBUG] [net.minecraftforge.fml.loading.moddiscovery.ModFileInfo/LOADING]: Found valid mod file justenoughbreeding-forge-1.20-1.20.1-1.5.0.jar with {justenoughbreeding} mods - versions {1.5.0}
[30Aug2025 17:29:19.623] [main/DEBUG] [net.minecraftforge.fml.loading.moddiscovery.ModFile/LOADING]: Loading mod file /workspaces/server-mc-1.20.1/servidor_minecraft/mods/justenoughbreeding-forge-1.20-1.20.1-1.5.0.jar with languages [LanguageSpec[languageName=javafml, acceptedVersions=[46,)]]
[30Aug2025 17:29:19.623] [main/DEBUG] [net.minecraftforge.fml.loading.moddiscovery.ModFileParser/LOADING]: Considering mod file candidate /workspaces/server-mc-1.20.1/servidor_minecraft/mods/darkheads-forge-1.20.1-1.0.6.jar
[30Aug2025 17:29:19.624] [main/DEBUG] [net.minecraftforge.fml.loading.moddiscovery.ModFileInfo/LOADING]: Found valid mod file darkheads-forge-1.20.1-1.0.6.jar with {darkheads} mods - versions {1.0.6}
[30Aug2025 17:29:19.624] [main/DEBUG] [net.minecraftforge.fml.loading.moddiscovery.ModFile/LOADING]: Loading mod file /workspaces/server-mc-1.20.1/servidor_minecraft/mods/darkheads-forge-1.20.1-1.0.6.jar with languages [LanguageSpec[languageName=javafml, acceptedVersions=[47,)]]
[30Aug2025 17:29:19.624] [main/DEBUG] [net.minecraftforge.fml.loading.moddiscovery.ModFileParser/LOADING]: Considering mod file candidate 
[30Aug2025 17:29:19.624] [main/DEBUG] [net.minecraftforge.fml.loading.moddiscovery.ModFileInfo/LOADING]: Found valid mod file spectrelib-forge-0.13.17+1.20.1.jar with {spectrelib} mods - versions {0.13.17+1.20.1}
[30Aug2025 17:29:19.624] [main/DEBUG] [net.minecraftforge.fml.loading.moddiscovery.ModFile/LOADING]: Loading mod file  with languages [LanguageSpec[languageName=javafml, acceptedVersions=[41,)]]
[30Aug2025 17:29:19.624] [main/DEBUG] [net.minecraftforge.fml.loading.moddiscovery.ModFileParser/LOADING]: Considering mod file candidate /workspaces/server-mc-1.20.1/servidor_minecraft/mods/modulargolems-2.5.18.jar
[30Aug2025 17:29:19.625] [main/DEBUG] [net.minecraftforge.fml.loading.moddiscovery.ModFileInfo/LOADING]: Found valid mod file modulargolems-2.5.18.jar with {modulargolems} mods - versions {2.5.18}
[30Aug2025 17:29:19.625] [main/DEBUG] [net.minecraftforge.fml.loading.moddiscovery.ModFile/LOADING]: Loading mod file /workspaces/server-mc-1.20.1/servidor_minecraft/mods/modulargolems-2.5.18.jar with languages [LanguageSpec[languageName=javafml, acceptedVersions=[47,)]]
[30Aug2025 17:29:19.625] [main/DEBUG] [net.minecraftforge.fml.loading.moddiscovery.ModFileParser/LOADING]: Considering mod file candidate /workspaces/server-mc-1.20.1/servidor_minecraft/mods/darkrtp-forge-1.20.1-1.0.9.jar
[30Aug2025 17:29:19.626] [main/DEBUG] [net.minecraftforge.fml.loading.moddiscovery.ModFileInfo/LOADING]: Found valid mod file darkrtp-forge-1.20.1-1.0.9.jar with {darkrtp} mods - versions {1.0.9}
[30Aug2025 17:29:19.626] [main/DEBUG] [net.minecraftforge.fml.loading.moddiscovery.ModFile/LOADING]: Loading mod file /workspaces/server-mc-1.20.1/servidor_minecraft/mods/darkrtp-forge-1.20.1-1.0.9.jar with languages [LanguageSpec[languageName=javafml, acceptedVersions=[47,)]]
[30Aug2025 17:29:19.627] [main/DEBUG] [net.minecraftforge.fml.loading.moddiscovery.ModFileParser/LOADING]: Considering mod file candidate /workspaces/server-mc-1.20.1/servidor_minecraft/mods/reliquary-1.20.1-2.0.45.1248.jar
[30Aug2025 17:29:19.627] [main/DEBUG] [net.minecraftforge.fml.loading.moddiscovery.ModFileInfo/LOADING]: Found valid mod file reliquary-1.20.1-2.0.45.1248.jar with {reliquary} mods - versions {2.0.45.1248}
[30Aug2025 17:29:19.627] [main/DEBUG] [net.minecraftforge.fml.loading.moddiscovery.ModFile/LOADING]: Loading mod file /workspaces/server-mc-1.20.1/servidor_minecraft/mods/reliquary-1.20.1-2.0.45.1248.jar with languages [LanguageSpec[languageName=javafml, acceptedVersions=[47,)]]
[30Aug2025 17:29:19.627] [main/DEBUG] [net.minecraftforge.fml.loading.moddiscovery.ModFileParser/LOADING]: Considering mod file candidate /workspaces/server-mc-1.20.1/servidor_minecraft/mods/Xaeros_Minimap_25.2.6_Forge_1.20.jar
[30Aug2025 17:29:19.628] [main/DEBUG] [net.minecraftforge.fml.loading.moddiscovery.ModFileInfo/LOADING]: Found valid mod file Xaeros_Minimap_25.2.6_Forge_1.20.jar with {xaerominimap} mods - versions {25.2.6}
[30Aug2025 17:29:19.628] [main/DEBUG] [net.minecraftforge.fml.loading.moddiscovery.ModFile/LOADING]: Loading mod file /workspaces/server-mc-1.20.1/servidor_minecraft/mods/Xaeros_Minimap_25.2.6_Forge_1.20.jar with languages [LanguageSpec[languageName=javafml, acceptedVersions=[46,48)]]
[30Aug2025 17:29:19.628] [main/DEBUG] [net.minecraftforge.fml.loading.moddiscovery.ModFileParser/LOADING]: Found coremod xaerohud_core with Javascript path META-INF/xaerohud_core.js
[30Aug2025 17:29:19.629] [main/DEBUG] [net.minecraftforge.fml.loading.moddiscovery.ModFile/LOADING]: Found coremod META-INF/xaerohud_core.js
[30Aug2025 17:29:19.629] [main/DEBUG] [net.minecraftforge.fml.loading.moddiscovery.ModFileParser/LOADING]: Considering mod file candidate /workspaces/server-mc-1.20.1/servidor_minecraft/mods/experienceobelisk-2.3.6.1-1.20.1.jar
[30Aug2025 17:29:19.630] [main/DEBUG] [net.minecraftforge.fml.loading.moddiscovery.ModFileInfo/LOADING]: Found valid mod file experienceobelisk-2.3.6.1-1.20.1.jar with {experienceobelisk} mods - versions {2.3.6.1-1.20.1}
[30Aug2025 17:29:19.630] [main/DEBUG] [net.minecraftforge.fml.loading.moddiscovery.ModFile/LOADING]: Loading mod file /workspaces/server-mc-1.20.1/servidor_minecraft/mods/experienceobelisk-2.3.6.1-1.20.1.jar with languages [LanguageSpec[languageName=javafml, acceptedVersions=[47,)]]
[30Aug2025 17:29:19.630] [main/DEBUG] [net.minecraftforge.fml.loading.moddiscovery.ModFileParser/LOADING]: Considering mod file candidate /workspaces/server-mc-1.20.1/servidor_minecraft/mods/polymorph-forge-0.49.9+1.20.1.jar
[30Aug2025 17:29:19.631] [main/DEBUG] [net.minecraftforge.fml.loading.moddiscovery.ModFileInfo/LOADING]: Found valid mod file polymorph-forge-0.49.9+1.20.1.jar with {polymorph} mods - versions {0.49.9+1.20.1}
[30Aug2025 17:29:19.633] [main/DEBUG] [net.minecraftforge.fml.loading.moddiscovery.ModFile/LOADING]: Loading mod file /workspaces/server-mc-1.20.1/servidor_minecraft/mods/polymorph-forge-0.49.9+1.20.1.jar with languages [LanguageSpec[languageName=javafml, acceptedVersions=[41,)]]
[30Aug2025 17:29:19.634] [main/DEBUG] [net.minecraftforge.fml.loading.moddiscovery.ModFileParser/LOADING]: Considering mod file candidate /workspaces/server-mc-1.20.1/servidor_minecraft/mods/legendarymonsters-1.8.1 MC 1.20.1.jar
[30Aug2025 17:29:19.634] [main/DEBUG] [net.minecraftforge.fml.loading.moddiscovery.ModFileInfo/LOADING]: Found valid mod file legendarymonsters-1.8.1 MC 1.20.1.jar with {legendary_monsters} mods - versions {1.20.1}
[30Aug2025 17:29:19.634] [main/DEBUG] [net.minecraftforge.fml.loading.moddiscovery.ModFile/LOADING]: Loading mod file /workspaces/server-mc-1.20.1/servidor_minecraft/mods/legendarymonsters-1.8.1 MC 1.20.1.jar with languages [LanguageSpec[languageName=javafml, acceptedVersions=[47,)]]
[30Aug2025 17:29:19.634] [main/DEBUG] [net.minecraftforge.fml.loading.moddiscovery.ModFileParser/LOADING]: Considering mod file candidate /workspaces/server-mc-1.20.1/servidor_minecraft/mods/irons_spellbooks-1.20.1-3.4.0.8.jar
[30Aug2025 17:29:19.635] [main/DEBUG] [net.minecraftforge.fml.loading.moddiscovery.ModFileInfo/LOADING]: Found valid mod file irons_spellbooks-1.20.1-3.4.0.8.jar with {irons_spellbooks} mods - versions {1.20.1-3.4.0.8}
[30Aug2025 17:29:19.635] [main/DEBUG] [net.minecraftforge.fml.loading.moddiscovery.ModFile/LOADING]: Loading mod file /workspaces/server-mc-1.20.1/servidor_minecraft/mods/irons_spellbooks-1.20.1-3.4.0.8.jar with languages [LanguageSpec[languageName=javafml, acceptedVersions=[47,)]]
[30Aug2025 17:29:19.635] [main/DEBUG] [net.minecraftforge.fml.loading.moddiscovery.ModFileParser/LOADING]: Considering mod file candidate 
[30Aug2025 17:29:19.636] [main/DEBUG] [net.minecraftforge.fml.loading.moddiscovery.ModFileInfo/LOADING]: Found valid mod file mob_weapon_api-0.2.5.jar with {mob_weapon_api} mods - versions {0.2.5}
[30Aug2025 17:29:19.636] [main/DEBUG] [net.minecraftforge.fml.loading.moddiscovery.ModFile/LOADING]: Loading mod file  with languages [LanguageSpec[languageName=javafml, acceptedVersions=[46,)]]
[30Aug2025 17:29:19.636] [main/DEBUG] [net.minecraftforge.fml.loading.moddiscovery.ModFileParser/LOADING]: Considering mod file candidate /workspaces/server-mc-1.20.1/servidor_minecraft/mods/ExtraSoundsNext-forge-1.20.1-1.4.jar
[30Aug2025 17:29:19.637] [main/DEBUG] [net.minecraftforge.fml.loading.moddiscovery.ModFileInfo/LOADING]: Found valid mod file ExtraSoundsNext-forge-1.20.1-1.4.jar with {extrasounds} mods - versions {1.4}
[30Aug2025 17:29:19.637] [main/DEBUG] [net.minecraftforge.fml.loading.moddiscovery.ModFile/LOADING]: Loading mod file /workspaces/server-mc-1.20.1/servidor_minecraft/mods/ExtraSoundsNext-forge-1.20.1-1.4.jar with languages [LanguageSpec[languageName=javafml, acceptedVersions=[47,)]]
[30Aug2025 17:29:19.637] [main/DEBUG] [net.minecraftforge.fml.loading.moddiscovery.ModFileParser/LOADING]: Considering mod file candidate /workspaces/server-mc-1.20.1/servidor_minecraft/mods/appleskin-forge-mc1.20.1-2.5.1.jar
[30Aug2025 17:29:19.637] [main/DEBUG] [net.minecraftforge.fml.loading.moddiscovery.ModFileInfo/LOADING]: Found valid mod file appleskin-forge-mc1.20.1-2.5.1.jar with {appleskin} mods - versions {2.5.1+mc1.20.1}
[30Aug2025 17:29:19.637] [main/DEBUG] [net.minecraftforge.fml.loading.moddiscovery.ModFile/LOADING]: Loading mod file /workspaces/server-mc-1.20.1/servidor_minecraft/mods/appleskin-forge-mc1.20.1-2.5.1.jar with languages [LanguageSpec[languageName=javafml, acceptedVersions=[47,)]]
[30Aug2025 17:29:19.638] [main/DEBUG] [net.minecraftforge.fml.loading.moddiscovery.ModFileParser/LOADING]: Considering mod file candidate /workspaces/server-mc-1.20.1/servidor_minecraft/mods/ancient_golems-1.1.0-forge-1.20.1.jar
[30Aug2025 17:29:19.639] [main/DEBUG] [net.minecraftforge.fml.loading.moddiscovery.ModFileInfo/LOADING]: Found valid mod file ancient_golems-1.1.0-forge-1.20.1.jar with {ancient_golems} mods - versions {1.1.0}
[30Aug2025 17:29:19.639] [main/DEBUG] [net.minecraftforge.fml.loading.moddiscovery.ModFile/LOADING]: Loading mod file /workspaces/server-mc-1.20.1/servidor_minecraft/mods/ancient_golems-1.1.0-forge-1.20.1.jar with languages [LanguageSpec[languageName=javafml, acceptedVersions=[47,)]]
[30Aug2025 17:29:19.639] [main/DEBUG] [net.minecraftforge.fml.loading.moddiscovery.ModFileParser/LOADING]: Considering mod file candidate /workspaces/server-mc-1.20.1/servidor_minecraft/mods/ferritecore-6.0.1-forge.jar
[30Aug2025 17:29:19.640] [main/DEBUG] [net.minecraftforge.fml.loading.moddiscovery.ModFileInfo/LOADING]: Found valid mod file ferritecore-6.0.1-forge.jar with {ferritecore} mods - versions {6.0.1}
[30Aug2025 17:29:19.640] [main/DEBUG] [net.minecraftforge.fml.loading.moddiscovery.ModFile/LOADING]: Loading mod file /workspaces/server-mc-1.20.1/servidor_minecraft/mods/ferritecore-6.0.1-forge.jar with languages [LanguageSpec[languageName=javafml, acceptedVersions=[28,)]]
[30Aug2025 17:29:19.641] [main/DEBUG] [net.minecraftforge.fml.loading.moddiscovery.ModFileParser/LOADING]: Considering mod file candidate /workspaces/server-mc-1.20.1/servidor_minecraft/mods/lootr-forge-1.20-0.7.35.92.jar
[30Aug2025 17:29:19.641] [main/DEBUG] [net.minecraftforge.fml.loading.moddiscovery.ModFileInfo/LOADING]: Found valid mod file lootr-forge-1.20-0.7.35.92.jar with {lootr} mods - versions {0.7.35.92}
[30Aug2025 17:29:19.643] [main/DEBUG] [net.minecraftforge.fml.loading.moddiscovery.ModFile/LOADING]: Loading mod file /workspaces/server-mc-1.20.1/servidor_minecraft/mods/lootr-forge-1.20-0.7.35.92.jar with languages [LanguageSpec[languageName=javafml, acceptedVersions=[44,)]]
[30Aug2025 17:29:19.644] [main/DEBUG] [net.minecraftforge.fml.loading.moddiscovery.ModFileParser/LOADING]: Considering mod file candidate 
[30Aug2025 17:29:19.644] [main/DEBUG] [net.minecraftforge.fml.loading.moddiscovery.ModFileInfo/LOADING]: Found valid mod file l2itemselector-0.1.9.jar with {l2itemselector} mods - versions {0.1.9}
[30Aug2025 17:29:19.644] [main/DEBUG] [net.minecraftforge.fml.loading.moddiscovery.ModFile/LOADING]: Loading mod file  with languages [LanguageSpec[languageName=javafml, acceptedVersions=[46,)]]
[30Aug2025 17:29:19.644] [main/DEBUG] [net.minecraftforge.fml.loading.moddiscovery.ModFileParser/LOADING]: Considering mod file candidate /workspaces/server-mc-1.20.1/servidor_minecraft/mods/charmofundying-forge-6.5.0+1.20.1.jar
[30Aug2025 17:29:19.644] [main/DEBUG] [net.minecraftforge.fml.loading.moddiscovery.ModFileInfo/LOADING]: Found valid mod file charmofundying-forge-6.5.0+1.20.1.jar with {charmofundying} mods - versions {6.5.0+1.20.1}
[30Aug2025 17:29:19.645] [main/DEBUG] [net.minecraftforge.fml.loading.moddiscovery.ModFile/LOADING]: Loading mod file /workspaces/server-mc-1.20.1/servidor_minecraft/mods/charmofundying-forge-6.5.0+1.20.1.jar with languages [LanguageSpec[languageName=javafml, acceptedVersions=[41,)]]
[30Aug2025 17:29:19.645] [main/DEBUG] [net.minecraftforge.fml.loading.moddiscovery.ModFileParser/LOADING]: Considering mod file candidate 
[30Aug2025 17:29:19.645] [main/DEBUG] [net.minecraftforge.fml.loading.moddiscovery.ModFileInfo/LOADING]: Found valid mod file expandability-forge-9.0.4.jar with {expandability} mods - versions {9.0.4}
[30Aug2025 17:29:19.645] [main/DEBUG] [net.minecraftforge.fml.loading.moddiscovery.ModFile/LOADING]: Loading mod file  with languages [LanguageSpec[languageName=javafml, acceptedVersions=[46,)]]
[30Aug2025 17:29:19.645] [main/DEBUG] [net.minecraftforge.fml.loading.moddiscovery.ModFileParser/LOADING]: Considering mod file candidate /workspaces/server-mc-1.20.1/servidor_minecraft/mods/explosiveenhancement-1.1.0-1.20.1-client-and-server.jar
[30Aug2025 17:29:19.646] [main/DEBUG] [net.minecraftforge.fml.loading.moddiscovery.ModFileInfo/LOADING]: Found valid mod file explosiveenhancement-1.1.0-1.20.1-client-and-server.jar with {explosiveenhancement} mods - versions {1.1.0}
[30Aug2025 17:29:19.648] [main/DEBUG] [net.minecraftforge.fml.loading.moddiscovery.ModFile/LOADING]: Loading mod file /workspaces/server-mc-1.20.1/servidor_minecraft/mods/explosiveenhancement-1.1.0-1.20.1-client-and-server.jar with languages [LanguageSpec[languageName=javafml, acceptedVersions=[47,)]]
[30Aug2025 17:29:19.649] [main/DEBUG] [net.minecraftforge.fml.loading.moddiscovery.ModFileParser/LOADING]: Considering mod file candidate /workspaces/server-mc-1.20.1/servidor_minecraft/mods/charms-and-medallions-v1.0.2-v1.20.1.jar
[30Aug2025 17:29:19.649] [main/DEBUG] [net.minecraftforge.fml.loading.moddiscovery.ModFileInfo/LOADING]: Found valid mod file charms-and-medallions-v1.0.2-v1.20.1.jar with {charms_and_medallions} mods - versions {1.0.2}
[30Aug2025 17:29:19.649] [main/DEBUG] [net.minecraftforge.fml.loading.moddiscovery.ModFile/LOADING]: Loading mod file /workspaces/server-mc-1.20.1/servidor_minecraft/mods/charms-and-medallions-v1.0.2-v1.20.1.jar with languages [LanguageSpec[languageName=javafml, acceptedVersions=[47,)]]
[30Aug2025 17:29:19.649] [main/DEBUG] [net.minecraftforge.fml.loading.moddiscovery.ModFileParser/LOADING]: Considering mod file candidate /workspaces/server-mc-1.20.1/servidor_minecraft/mods/skinrestorer-2.3.5+1.20-forge.jar
[30Aug2025 17:29:19.650] [main/DEBUG] [net.minecraftforge.fml.loading.moddiscovery.ModFileInfo/LOADING]: Found valid mod file skinrestorer-2.3.5+1.20-forge.jar with {skinrestorer} mods - versions {2.3.5+1.20-forge}
[30Aug2025 17:29:19.650] [main/DEBUG] [net.minecraftforge.fml.loading.moddiscovery.ModFile/LOADING]: Loading mod file /workspaces/server-mc-1.20.1/servidor_minecraft/mods/skinrestorer-2.3.5+1.20-forge.jar with languages [LanguageSpec[languageName=javafml, acceptedVersions=[46,)]]
[30Aug2025 17:29:19.650] [main/DEBUG] [net.minecraftforge.fml.loading.moddiscovery.ModFileParser/LOADING]: Considering mod file candidate /workspaces/server-mc-1.20.1/servidor_minecraft/mods/aquamirae-6.API15.jar
[30Aug2025 17:29:19.650] [main/DEBUG] [net.minecraftforge.fml.loading.moddiscovery.ModFileInfo/LOADING]: Found valid mod file aquamirae-6.API15.jar with {aquamirae} mods - versions {6.API15}
[30Aug2025 17:29:19.650] [main/DEBUG] [net.minecraftforge.fml.loading.moddiscovery.ModFile/LOADING]: Loading mod file /workspaces/server-mc-1.20.1/servidor_minecraft/mods/aquamirae-6.API15.jar with languages [LanguageSpec[languageName=javafml, acceptedVersions=[47,)]]
[30Aug2025 17:29:19.650] [main/DEBUG] [net.minecraftforge.fml.loading.moddiscovery.ModFileParser/LOADING]: Considering mod file candidate /workspaces/server-mc-1.20.1/servidor_minecraft/mods/iceandfire_curios-1.2.0-forge-1.20.1.jar
[30Aug2025 17:29:19.651] [main/DEBUG] [net.minecraftforge.fml.loading.moddiscovery.ModFileInfo/LOADING]: Found valid mod file iceandfire_curios-1.2.0-forge-1.20.1.jar with {iceandfire_curios} mods - versions {1.2.0}
[30Aug2025 17:29:19.651] [main/DEBUG] [net.minecraftforge.fml.loading.moddiscovery.ModFile/LOADING]: Loading mod file /workspaces/server-mc-1.20.1/servidor_minecraft/mods/iceandfire_curios-1.2.0-forge-1.20.1.jar with languages [LanguageSpec[languageName=javafml, acceptedVersions=[47,)]]
[30Aug2025 17:29:19.652] [main/DEBUG] [net.minecraftforge.fml.loading.moddiscovery.ModFile/LOADING]: Loading mod file  with languages []
[30Aug2025 17:29:19.652] [main/DEBUG] [net.minecraftforge.fml.loading.moddiscovery.ModFile/LOADING]: Loading mod file  with languages []
[30Aug2025 17:29:19.653] [main/DEBUG] [net.minecraftforge.fml.loading.moddiscovery.ModFileParser/LOADING]: Considering mod file candidate 
[30Aug2025 17:29:19.654] [main/DEBUG] [net.minecraftforge.fml.loading.moddiscovery.ModFileInfo/LOADING]: Found valid mod file mixinextras-forge-0.4.1.jar with {mixinextras} mods - versions {0.4.1}
[30Aug2025 17:29:19.654] [main/DEBUG] [net.minecraftforge.fml.loading.moddiscovery.ModFile/LOADING]: Loading mod file  with languages [LanguageSpec[languageName=javafml, acceptedVersions=*]]
[30Aug2025 17:29:19.654] [main/DEBUG] [net.minecraftforge.fml.loading.moddiscovery.ModFile/LOADING]: Loading mod file  with languages []
[30Aug2025 17:29:19.654] [main/DEBUG] [net.minecraftforge.fml.loading.moddiscovery.ModFile/LOADING]: Loading mod file  with languages []
[30Aug2025 17:29:19.654] [main/DEBUG] [net.minecraftforge.fml.loading.moddiscovery.ModFile/LOADING]: Loading mod file  with languages []
[30Aug2025 17:29:19.655] [main/DEBUG] [net.minecraftforge.fml.loading.moddiscovery.ModFile/LOADING]: Loading mod file  with languages []
[30Aug2025 17:29:19.655] [main/DEBUG] [net.minecraftforge.fml.loading.moddiscovery.ModFile/LOADING]: Loading mod file  with languages []
[30Aug2025 17:29:19.655] [main/DEBUG] [net.minecraftforge.fml.loading.moddiscovery.ModFile/LOADING]: Loading mod file  with languages []
[30Aug2025 17:29:19.655] [main/DEBUG] [net.minecraftforge.fml.loading.moddiscovery.ModFile/LOADING]: Loading mod file  with languages []
[30Aug2025 17:29:19.655] [main/DEBUG] [net.minecraftforge.fml.loading.moddiscovery.ModFileParser/LOADING]: Considering mod file candidate 
[30Aug2025 17:29:19.655] [main/DEBUG] [net.minecraftforge.fml.loading.moddiscovery.ModFileInfo/LOADING]: Found valid mod file mixinextras-forge-0.4.1.jar with {mixinextras} mods - versions {0.4.1}
[30Aug2025 17:29:19.656] [main/DEBUG] [net.minecraftforge.fml.loading.moddiscovery.ModFile/LOADING]: Loading mod file  with languages [LanguageSpec[languageName=javafml, acceptedVersions=*]]
[30Aug2025 17:29:19.656] [main/DEBUG] [net.minecraftforge.fml.loading.moddiscovery.ModFile/LOADING]: Loading mod file  with languages []
[30Aug2025 17:29:19.656] [main/DEBUG] [net.minecraftforge.fml.loading.moddiscovery.ModFile/LOADING]: Loading mod file  with languages []
[30Aug2025 17:29:19.656] [main/DEBUG] [net.minecraftforge.fml.loading.moddiscovery.ModFile/LOADING]: Loading mod file  with languages []
[30Aug2025 17:29:19.656] [main/DEBUG] [net.minecraftforge.fml.loading.moddiscovery.ModFile/LOADING]: Loading mod file  with languages []
[30Aug2025 17:29:19.656] [main/DEBUG] [net.minecraftforge.fml.loading.moddiscovery.ModFile/LOADING]: Loading mod file  with languages []
[30Aug2025 17:29:19.657] [main/DEBUG] [cpw.mods.modlauncher.TransformationServiceDecorator/MODLAUNCHER]: End scan trigger - transformation service fml
[30Aug2025 17:29:19.678] [main/DEBUG] [net.minecraftforge.fml.loading.LanguageLoadingProvider/CORE]: Found 3 language providers
[30Aug2025 17:29:19.678] [main/DEBUG] [net.minecraftforge.fml.loading.LanguageLoadingProvider/CORE]: Found language provider minecraft, version 1.0
[30Aug2025 17:29:19.679] [main/DEBUG] [net.minecraftforge.fml.loading.LanguageLoadingProvider/CORE]: Found language provider lowcodefml, version 47
[30Aug2025 17:29:19.681] [main/DEBUG] [net.minecraftforge.fml.loading.LanguageLoadingProvider/CORE]: Found language provider javafml, version 47
[30Aug2025 17:29:19.687] [main/DEBUG] [net.minecraftforge.fml.loading.UniqueModListBuilder/]: Found 2 mods for first modid mclib, selecting most recent based on version data
[30Aug2025 17:29:19.687] [main/DEBUG] [net.minecraftforge.fml.loading.UniqueModListBuilder/]: Selected file mclib-20.jar for modid mclib with version 0.0NONE
[30Aug2025 17:29:19.687] [main/DEBUG] [net.minecraftforge.fml.loading.UniqueModListBuilder/]: Found 2 mods for first modid Registrate.MC1._20, selecting most recent based on version data
[30Aug2025 17:29:19.687] [main/DEBUG] [net.minecraftforge.fml.loading.UniqueModListBuilder/]: Selected file Registrate-MC1.20-1.3.11.jar for modid Registrate.MC1._20 with version 0.0NONE
[30Aug2025 17:29:19.687] [main/DEBUG] [net.minecraftforge.fml.loading.UniqueModListBuilder/]: Found 2 mods for first modid mixinextras, selecting most recent based on version data
[30Aug2025 17:29:19.687] [main/DEBUG] [net.minecraftforge.fml.loading.UniqueModListBuilder/]: Selected file mixinextras-forge-0.4.1.jar for modid mixinextras with version 0.4.1
[30Aug2025 17:29:19.687] [main/DEBUG] [net.minecraftforge.fml.loading.UniqueModListBuilder/]: Found 2 mods for first modid l2serial, selecting most recent based on version data
[30Aug2025 17:29:19.687] [main/DEBUG] [net.minecraftforge.fml.loading.UniqueModListBuilder/]: Selected file l2serial-1.2.2.jar for modid l2serial with version 1.2.2
[30Aug2025 17:29:19.687] [main/DEBUG] [net.minecraftforge.fml.loading.UniqueModListBuilder/]: Found 2 mods for first modid org.yaml.snakeyaml, selecting most recent based on version data
[30Aug2025 17:29:19.688] [main/DEBUG] [net.minecraftforge.fml.loading.UniqueModListBuilder/]: Selected file snakeyaml-2.2.jar for modid org.yaml.snakeyaml with version 0.0NONE
[30Aug2025 17:29:19.688] [main/DEBUG] [net.minecraftforge.fml.loading.UniqueModListBuilder/]: Found 2 mods for first modid l2modularblock, selecting most recent based on version data
[30Aug2025 17:29:19.688] [main/DEBUG] [net.minecraftforge.fml.loading.UniqueModListBuilder/]: Selected file l2modularblock-1.1.0.jar for modid l2modularblock with version 1.1.0
[30Aug2025 17:29:19.688] [main/DEBUG] [net.minecraftforge.fml.loading.UniqueModListBuilder/]: Found 2 mods for first modid java.client.SNAPSHOT, selecting most recent based on version data
[30Aug2025 17:29:19.688] [main/DEBUG] [net.minecraftforge.fml.loading.UniqueModListBuilder/]: Selected file java-client-3.0.6-SNAPSHOT.jar for modid java.client.SNAPSHOT with version 0.0NONE
[30Aug2025 17:29:19.688] [main/DEBUG] [net.minecraftforge.fml.loading.UniqueModListBuilder/]: Found 2 mods for first modid MixinExtras, selecting most recent based on version data
[30Aug2025 17:29:19.688] [main/DEBUG] [net.minecraftforge.fml.loading.UniqueModListBuilder/]: Selected file MixinExtras-0.4.1.jar for modid MixinExtras with version 0.0NONE
[30Aug2025 17:29:19.690] [main/DEBUG] [net.minecraftforge.fml.loading.ModSorter/]: Configured system mods: [minecraft, forge]
[30Aug2025 17:29:19.690] [main/DEBUG] [net.minecraftforge.fml.loading.ModSorter/]: Found system mod: minecraft
[30Aug2025 17:29:19.690] [main/DEBUG] [net.minecraftforge.fml.loading.ModSorter/]: Found system mod: forge
[30Aug2025 17:29:19.693] [main/DEBUG] [net.minecraftforge.fml.loading.ModSorter/LOADING]: Found 227 mod requirements (205 mandatory, 22 optional)
[30Aug2025 17:29:19.695] [main/DEBUG] [net.minecraftforge.fml.loading.ModSorter/LOADING]: Found 0 mod requirements missing (0 mandatory, 0 optional)
[30Aug2025 17:29:20.509] [main/DEBUG] [cpw.mods.modlauncher.TransformationServicesHandler/MODLAUNCHER]: Transformation services loading transformers
[30Aug2025 17:29:20.509] [main/DEBUG] [cpw.mods.modlauncher.TransformationServiceDecorator/MODLAUNCHER]: Initializing transformers for transformation service mixin
[30Aug2025 17:29:20.510] [main/DEBUG] [cpw.mods.modlauncher.TransformationServiceDecorator/MODLAUNCHER]: Initialized transformers for transformation service mixin
[30Aug2025 17:29:20.510] [main/DEBUG] [cpw.mods.modlauncher.TransformationServiceDecorator/MODLAUNCHER]: Initializing transformers for transformation service fml
[30Aug2025 17:29:20.510] [main/DEBUG] [net.minecraftforge.fml.loading.FMLServiceProvider/CORE]: Loading coremod transformers
[30Aug2025 17:29:20.510] [main/DEBUG] [net.minecraftforge.coremod.CoreModEngine/COREMOD]: Loading CoreMod from coremods/field_to_method.js
[30Aug2025 17:29:20.905] [main/DEBUG] [net.minecraftforge.coremod.CoreModEngine/COREMOD]: CoreMod loaded successfully
[30Aug2025 17:29:20.906] [main/DEBUG] [net.minecraftforge.coremod.CoreModEngine/COREMOD]: Loading CoreMod from coremods/field_to_instanceof.js
[30Aug2025 17:29:21.055] [main/DEBUG] [net.minecraftforge.coremod.CoreModEngine/COREMOD]: CoreMod loaded successfully
[30Aug2025 17:29:21.056] [main/DEBUG] [net.minecraftforge.coremod.CoreModEngine/COREMOD]: Loading CoreMod from coremods/add_bouncer_method.js
[30Aug2025 17:29:21.169] [main/DEBUG] [net.minecraftforge.coremod.CoreModEngine/COREMOD]: CoreMod loaded successfully
[30Aug2025 17:29:21.169] [main/DEBUG] [net.minecraftforge.coremod.CoreModEngine/COREMOD]: Loading CoreMod from coremods/method_redirector.js
[30Aug2025 17:29:21.328] [main/DEBUG] [net.minecraftforge.coremod.CoreModEngine/COREMOD]: CoreMod loaded successfully
[30Aug2025 17:29:21.330] [main/DEBUG] [net.minecraftforge.coremod.CoreModEngine/COREMOD]: Loading CoreMod from META-INF/xaerohud_core.js
[30Aug2025 17:29:21.506] [main/DEBUG] [net.minecraftforge.coremod.CoreModEngine/COREMOD]: CoreMod loaded successfully
[30Aug2025 17:29:21.535] [main/DEBUG] [cpw.mods.modlauncher.TransformStore/MODLAUNCHER]: Adding transformer net.minecraftforge.coremod.transformer.CoreModClassTransformer@498a612d to Target : CLASS {Lnet/minecraft/world/level/biome/Biome;} {} {V}
[30Aug2025 17:29:21.536] [main/DEBUG] [cpw.mods.modlauncher.TransformStore/MODLAUNCHER]: Adding transformer net.minecraftforge.coremod.transformer.CoreModClassTransformer@226de93c to Target : CLASS {Lnet/minecraft/world/level/levelgen/structure/Structure;} {} {V}
[30Aug2025 17:29:21.536] [main/DEBUG] [cpw.mods.modlauncher.TransformStore/MODLAUNCHER]: Adding transformer net.minecraftforge.coremod.transformer.CoreModClassTransformer@72028a45 to Target : CLASS {Lnet/minecraft/world/effect/MobEffectInstance;} {} {V}
[30Aug2025 17:29:21.537] [main/DEBUG] [cpw.mods.modlauncher.TransformStore/MODLAUNCHER]: Adding transformer net.minecraftforge.coremod.transformer.CoreModClassTransformer@74667e6a to Target : CLASS {Lnet/minecraft/world/level/block/LiquidBlock;} {} {V}
[30Aug2025 17:29:21.537] [main/DEBUG] [cpw.mods.modlauncher.TransformStore/MODLAUNCHER]: Adding transformer net.minecraftforge.coremod.transformer.CoreModClassTransformer@7b222230 to Target : CLASS {Lnet/minecraft/world/item/BucketItem;} {} {V}
[30Aug2025 17:29:21.537] [main/DEBUG] [cpw.mods.modlauncher.TransformStore/MODLAUNCHER]: Adding transformer net.minecraftforge.coremod.transformer.CoreModClassTransformer@364b1061 to Target : CLASS {Lnet/minecraft/world/level/block/StairBlock;} {} {V}
[30Aug2025 17:29:21.537] [main/DEBUG] [cpw.mods.modlauncher.TransformStore/MODLAUNCHER]: Adding transformer net.minecraftforge.coremod.transformer.CoreModClassTransformer@50fdf44f to Target : CLASS {Lnet/minecraft/world/level/block/FlowerPotBlock;} {} {V}
[30Aug2025 17:29:21.538] [main/DEBUG] [cpw.mods.modlauncher.TransformStore/MODLAUNCHER]: Adding transformer net.minecraftforge.coremod.transformer.CoreModClassTransformer@172f4514 to Target : CLASS {Lnet/minecraft/world/item/ItemStack;} {} {V}
[30Aug2025 17:29:21.538] [main/DEBUG] [cpw.mods.modlauncher.TransformStore/MODLAUNCHER]: Adding transformer net.minecraftforge.coremod.transformer.CoreModClassTransformer@7df6d663 to Target : CLASS {Lnet/minecraft/network/play/client/CClientSettingsPacket;} {} {V}
[30Aug2025 17:29:21.539] [main/DEBUG] [cpw.mods.modlauncher.TransformStore/MODLAUNCHER]: Adding transformer net.minecraftforge.coremod.transformer.CoreModClassTransformer@13d019a4 to Target : CLASS {Lnet/minecraft/world/level/levelgen/PatrolSpawner;} {} {V}
[30Aug2025 17:29:21.540] [main/DEBUG] [cpw.mods.modlauncher.TransformStore/MODLAUNCHER]: Adding transformer net.minecraftforge.coremod.transformer.CoreModClassTransformer@13d019a4 to Target : CLASS {Lnet/minecraft/world/level/levelgen/PhantomSpawner;} {} {V}
[30Aug2025 17:29:21.540] [main/DEBUG] [cpw.mods.modlauncher.TransformStore/MODLAUNCHER]: Adding transformer net.minecraftforge.coremod.transformer.CoreModClassTransformer@13d019a4 to Target : CLASS {Lnet/minecraft/world/level/levelgen/structure/structures/WoodlandMansionPieces$WoodlandMansionPiece;} {} {V}
[30Aug2025 17:29:21.540] [main/DEBUG] [cpw.mods.modlauncher.TransformStore/MODLAUNCHER]: Adding transformer net.minecraftforge.coremod.transformer.CoreModClassTransformer@13d019a4 to Target : CLASS {Lnet/minecraft/world/entity/monster/ZombieVillager;} {} {V}
[30Aug2025 17:29:21.540] [main/DEBUG] [cpw.mods.modlauncher.TransformStore/MODLAUNCHER]: Adding transformer net.minecraftforge.coremod.transformer.CoreModClassTransformer@13d019a4 to Target : CLASS {Lnet/minecraft/world/level/levelgen/structure/structures/OceanRuinPieces$OceanRuinPiece;} {} {V}
[30Aug2025 17:29:21.540] [main/DEBUG] [cpw.mods.modlauncher.TransformStore/MODLAUNCHER]: Adding transformer net.minecraftforge.coremod.transformer.CoreModClassTransformer@13d019a4 to Target : CLASS {Lnet/minecraft/world/level/levelgen/structure/structures/SwampHutPiece;} {} {V}
[30Aug2025 17:29:21.540] [main/DEBUG] [cpw.mods.modlauncher.TransformStore/MODLAUNCHER]: Adding transformer net.minecraftforge.coremod.transformer.CoreModClassTransformer@13d019a4 to Target : CLASS {Lnet/minecraft/world/entity/monster/Spider;} {} {V}
[30Aug2025 17:29:21.540] [main/DEBUG] [cpw.mods.modlauncher.TransformStore/MODLAUNCHER]: Adding transformer net.minecraftforge.coremod.transformer.CoreModClassTransformer@13d019a4 to Target : CLASS {Lnet/minecraft/world/entity/raid/Raid;} {} {V}
[30Aug2025 17:29:21.540] [main/DEBUG] [cpw.mods.modlauncher.TransformStore/MODLAUNCHER]: Adding transformer net.minecraftforge.coremod.transformer.CoreModClassTransformer@13d019a4 to Target : CLASS {Lnet/minecraft/world/entity/EntityType;} {} {V}
[30Aug2025 17:29:21.540] [main/DEBUG] [cpw.mods.modlauncher.TransformStore/MODLAUNCHER]: Adding transformer net.minecraftforge.coremod.transformer.CoreModClassTransformer@13d019a4 to Target : CLASS {Lnet/minecraft/world/entity/animal/frog/Tadpole;} {} {V}
[30Aug2025 17:29:21.540] [main/DEBUG] [cpw.mods.modlauncher.TransformStore/MODLAUNCHER]: Adding transformer net.minecraftforge.coremod.transformer.CoreModClassTransformer@13d019a4 to Target : CLASS {Lnet/minecraft/world/entity/monster/Zombie;} {} {V}
[30Aug2025 17:29:21.540] [main/DEBUG] [cpw.mods.modlauncher.TransformStore/MODLAUNCHER]: Adding transformer net.minecraftforge.coremod.transformer.CoreModClassTransformer@13d019a4 to Target : CLASS {Lnet/minecraft/server/commands/RaidCommand;} {} {V}
[30Aug2025 17:29:21.540] [main/DEBUG] [cpw.mods.modlauncher.TransformStore/MODLAUNCHER]: Adding transformer net.minecraftforge.coremod.transformer.CoreModClassTransformer@13d019a4 to Target : CLASS {Lnet/minecraft/world/entity/npc/Villager;} {} {V}
[30Aug2025 17:29:21.540] [main/DEBUG] [cpw.mods.modlauncher.TransformStore/MODLAUNCHER]: Adding transformer net.minecraftforge.coremod.transformer.CoreModClassTransformer@13d019a4 to Target : CLASS {Lnet/minecraft/world/level/levelgen/structure/templatesystem/StructureTemplate;} {} {V}
[30Aug2025 17:29:21.541] [main/DEBUG] [cpw.mods.modlauncher.TransformStore/MODLAUNCHER]: Adding transformer net.minecraftforge.coremod.transformer.CoreModClassTransformer@13d019a4 to Target : CLASS {Lnet/minecraft/world/level/levelgen/structure/structures/OceanMonumentPieces$OceanMonumentPiece;} {} {V}
[30Aug2025 17:29:21.542] [main/DEBUG] [cpw.mods.modlauncher.TransformStore/MODLAUNCHER]: Adding transformer net.minecraftforge.coremod.transformer.CoreModClassTransformer@13d019a4 to Target : CLASS {Lnet/minecraft/world/entity/ai/village/VillageSiege;} {} {V}
[30Aug2025 17:29:21.542] [main/DEBUG] [cpw.mods.modlauncher.TransformStore/MODLAUNCHER]: Adding transformer net.minecraftforge.coremod.transformer.CoreModClassTransformer@13d019a4 to Target : CLASS {Lnet/minecraft/world/entity/npc/CatSpawner;} {} {V}
[30Aug2025 17:29:21.542] [main/DEBUG] [cpw.mods.modlauncher.TransformStore/MODLAUNCHER]: Adding transformer net.minecraftforge.coremod.transformer.CoreModClassTransformer@13d019a4 to Target : CLASS {Lnet/minecraft/world/entity/animal/horse/SkeletonTrapGoal;} {} {V}
[30Aug2025 17:29:21.542] [main/DEBUG] [cpw.mods.modlauncher.TransformStore/MODLAUNCHER]: Adding transformer net.minecraftforge.coremod.transformer.CoreModClassTransformer@13d019a4 to Target : CLASS {Lnet/minecraft/world/level/NaturalSpawner;} {} {V}
[30Aug2025 17:29:21.542] [main/DEBUG] [cpw.mods.modlauncher.TransformStore/MODLAUNCHER]: Adding transformer net.minecraftforge.coremod.transformer.CoreModClassTransformer@13d019a4 to Target : CLASS {Lnet/minecraft/world/entity/monster/Evoker$EvokerSummonSpellGoal;} {} {V}
[30Aug2025 17:29:21.542] [main/DEBUG] [cpw.mods.modlauncher.TransformStore/MODLAUNCHER]: Adding transformer net.minecraftforge.coremod.transformer.CoreModClassTransformer@13d019a4 to Target : CLASS {Lnet/minecraft/world/entity/monster/Strider;} {} {V}
[30Aug2025 17:29:21.542] [main/DEBUG] [cpw.mods.modlauncher.TransformStore/MODLAUNCHER]: Adding transformer net.minecraftforge.coremod.transformer.CoreModClassTransformer@13d019a4 to Target : CLASS {Lnet/minecraft/server/commands/SummonCommand;} {} {V}
[30Aug2025 17:29:21.543] [main/DEBUG] [cpw.mods.modlauncher.TransformStore/MODLAUNCHER]: Adding transformer net.minecraftforge.coremod.transformer.CoreModClassTransformer@2c30c81d to Target : CLASS {Lnet/minecraft/world/level/chunk/LevelChunk;} {} {V}
[30Aug2025 17:29:21.543] [main/DEBUG] [cpw.mods.modlauncher.TransformStore/MODLAUNCHER]: Adding transformer net.minecraftforge.coremod.transformer.CoreModClassTransformer@415a3f6a to Target : CLASS {Lnet/minecraft/client/multiplayer/ClientPacketListener;} {} {V}
[30Aug2025 17:29:21.543] [main/DEBUG] [cpw.mods.modlauncher.TransformStore/MODLAUNCHER]: Adding transformer net.minecraftforge.coremod.transformer.CoreModClassTransformer@a54acec to Target : CLASS {Lnet/minecraft/client/multiplayer/ClientLevel;} {} {V}
[30Aug2025 17:29:21.545] [main/DEBUG] [cpw.mods.modlauncher.TransformStore/MODLAUNCHER]: Adding transformer net.minecraftforge.coremod.transformer.CoreModClassTransformer@19da993b to Target : CLASS {Lnet/minecraft/network/protocol/game/ClientboundSectionBlocksUpdatePacket;} {} {V}
[30Aug2025 17:29:21.545] [main/DEBUG] [cpw.mods.modlauncher.TransformStore/MODLAUNCHER]: Adding transformer net.minecraftforge.coremod.transformer.CoreModClassTransformer@3380ca3d to Target : CLASS {Lnet/minecraft/client/gui/components/CycleButton;} {} {V}
[30Aug2025 17:29:21.546] [main/DEBUG] [cpw.mods.modlauncher.TransformStore/MODLAUNCHER]: Adding transformer net.minecraftforge.coremod.transformer.CoreModClassTransformer@23310248 to Target : CLASS {Lnet/minecraft/server/MinecraftServer;} {} {V}
[30Aug2025 17:29:21.546] [main/DEBUG] [cpw.mods.modlauncher.TransformStore/MODLAUNCHER]: Adding transformer net.minecraftforge.coremod.transformer.CoreModClassTransformer@c2df90e to Target : CLASS {Lnet/minecraft/server/level/ServerPlayer;} {} {V}
[30Aug2025 17:29:21.546] [main/DEBUG] [cpw.mods.modlauncher.TransformStore/MODLAUNCHER]: Adding transformer net.minecraftforge.coremod.transformer.CoreModClassTransformer@41f3aaf1 to Target : CLASS {Lnet/minecraft/client/Minecraft;} {} {V}
[30Aug2025 17:29:21.546] [main/DEBUG] [cpw.mods.modlauncher.TransformStore/MODLAUNCHER]: Adding transformer net.minecraftforge.coremod.transformer.CoreModClassTransformer@741741d0 to Target : CLASS {Lnet/minecraft/client/gui/components/AbstractSelectionList;} {} {V}
[30Aug2025 17:29:21.546] [main/DEBUG] [cpw.mods.modlauncher.TransformStore/MODLAUNCHER]: Adding transformer net.minecraftforge.coremod.transformer.CoreModMethodTransformer@3c19592c to Target : METHOD {Lnet/minecraft/client/multiplayer/ClientPacketListener;} {m_6773_} {(Lnet/minecraft/network/protocol/game/ClientboundBlockUpdatePacket;)V}
[30Aug2025 17:29:21.547] [main/DEBUG] [cpw.mods.modlauncher.TransformStore/MODLAUNCHER]: Adding transformer net.minecraftforge.coremod.transformer.CoreModMethodTransformer@60e1d87c to Target : METHOD {Lnet/minecraft/client/multiplayer/ClientPacketListener;} {m_5771_} {(Lnet/minecraft/network/protocol/game/ClientboundSectionBlocksUpdatePacket;)V}
[30Aug2025 17:29:21.547] [main/DEBUG] [cpw.mods.modlauncher.TransformStore/MODLAUNCHER]: Adding transformer net.minecraftforge.coremod.transformer.CoreModMethodTransformer@2eb60c71 to Target : METHOD {Lnet/minecraft/client/multiplayer/ClientPacketListener;} {m_194198_} {(IILnet/minecraft/network/protocol/game/ClientboundLevelChunkPacketData;)V}
[30Aug2025 17:29:21.547] [main/DEBUG] [cpw.mods.modlauncher.TransformStore/MODLAUNCHER]: Adding transformer net.minecraftforge.coremod.transformer.CoreModMethodTransformer@87d9a01 to Target : METHOD {Lnet/minecraft/client/multiplayer/ClientPacketListener;} {m_183388_} {(Lnet/minecraft/network/protocol/game/ClientboundLevelChunkWithLightPacket;)V}
[30Aug2025 17:29:21.548] [main/DEBUG] [cpw.mods.modlauncher.TransformStore/MODLAUNCHER]: Adding transformer net.minecraftforge.coremod.transformer.CoreModMethodTransformer@7e5b621b to Target : METHOD {Lnet/minecraft/client/multiplayer/ClientPacketListener;} {m_183514_} {(Lnet/minecraft/network/protocol/game/ClientboundLightUpdatePacket;)V}
[30Aug2025 17:29:21.549] [main/DEBUG] [cpw.mods.modlauncher.TransformStore/MODLAUNCHER]: Adding transformer net.minecraftforge.coremod.transformer.CoreModMethodTransformer@10177794 to Target : METHOD {Lnet/minecraft/client/multiplayer/ClientPacketListener;} {m_194252_} {(Lnet/minecraft/network/protocol/game/ClientboundForgetLevelChunkPacket;)V}
[30Aug2025 17:29:21.549] [main/DEBUG] [cpw.mods.modlauncher.TransformStore/MODLAUNCHER]: Adding transformer net.minecraftforge.coremod.transformer.CoreModMethodTransformer@e5c2463 to Target : METHOD {Lnet/minecraft/client/multiplayer/ClientPacketListener;} {m_6571_} {(Lnet/minecraft/network/protocol/game/ClientboundSetDefaultSpawnPositionPacket;)V}
[30Aug2025 17:29:21.549] [main/DEBUG] [cpw.mods.modlauncher.TransformStore/MODLAUNCHER]: Adding transformer net.minecraftforge.coremod.transformer.CoreModMethodTransformer@6a950a3b to Target : METHOD {Lnet/minecraft/client/player/AbstractClientPlayer;} {m_108561_} {()Lnet/minecraft/resources/ResourceLocation;}
[30Aug2025 17:29:21.549] [main/DEBUG] [cpw.mods.modlauncher.TransformStore/MODLAUNCHER]: Adding transformer net.minecraftforge.coremod.transformer.CoreModMethodTransformer@4f7be6c8 to Target : METHOD {Lnet/minecraft/world/entity/player/Player;} {m_36170_} {(Lnet/minecraft/world/entity/player/PlayerModelPart;)Z}
[30Aug2025 17:29:21.549] [main/DEBUG] [cpw.mods.modlauncher.TransformStore/MODLAUNCHER]: Adding transformer net.minecraftforge.coremod.transformer.CoreModMethodTransformer@647b9364 to Target : METHOD {Lnet/minecraft/client/multiplayer/ClientPacketListener;} {m_5998_} {(Lnet/minecraft/network/protocol/game/ClientboundLoginPacket;)V}
[30Aug2025 17:29:21.549] [main/DEBUG] [cpw.mods.modlauncher.TransformStore/MODLAUNCHER]: Adding transformer net.minecraftforge.coremod.transformer.CoreModMethodTransformer@b6bccb4 to Target : METHOD {Lnet/minecraft/client/multiplayer/ClientPacketListener;} {m_261044_} {()V}
[30Aug2025 17:29:21.549] [main/DEBUG] [cpw.mods.modlauncher.TransformStore/MODLAUNCHER]: Adding transformer net.minecraftforge.coremod.transformer.CoreModMethodTransformer@49edcb30 to Target : METHOD {Lnet/minecraft/client/player/LocalPlayer;} {m_7583_} {()V}
[30Aug2025 17:29:21.549] [main/DEBUG] [cpw.mods.modlauncher.TransformStore/MODLAUNCHER]: Adding transformer net.minecraftforge.coremod.transformer.CoreModMethodTransformer@59303963 to Target : METHOD {Lnet/minecraft/server/players/PlayerList;} {m_11229_} {(Lnet/minecraft/server/level/ServerPlayer;Lnet/minecraft/server/level/ServerLevel;)V}
[30Aug2025 17:29:21.550] [main/DEBUG] [cpw.mods.modlauncher.TransformStore/MODLAUNCHER]: Adding transformer net.minecraftforge.coremod.transformer.CoreModMethodTransformer@61e86192 to Target : METHOD {Lnet/minecraft/client/gui/components/BossHealthOverlay;} {m_280652_} {(Lnet/minecraft/client/gui/GuiGraphics;)V}
[30Aug2025 17:29:21.550] [main/DEBUG] [cpw.mods.modlauncher.TransformStore/MODLAUNCHER]: Adding transformer net.minecraftforge.coremod.transformer.CoreModMethodTransformer@34330f77 to Target : METHOD {Lnet/minecraft/client/model/ListModel;} {m_7695_} {(Lcom/mojang/blaze3d/vertex/PoseStack;Lcom/mojang/blaze3d/vertex/VertexConsumer;IIFFFF)V}
[30Aug2025 17:29:21.550] [main/DEBUG] [cpw.mods.modlauncher.TransformStore/MODLAUNCHER]: Adding transformer net.minecraftforge.coremod.transformer.CoreModMethodTransformer@1320e68a to Target : METHOD {Lnet/minecraft/client/model/AgeableListModel;} {m_7695_} {(Lcom/mojang/blaze3d/vertex/PoseStack;Lcom/mojang/blaze3d/vertex/VertexConsumer;IIFFFF)V}
[30Aug2025 17:29:21.551] [main/DEBUG] [cpw.mods.modlauncher.TransformStore/MODLAUNCHER]: Adding transformer net.minecraftforge.coremod.transformer.CoreModMethodTransformer@4b033eac to Target : METHOD {Lnet/minecraft/client/model/LlamaModel;} {m_7695_} {(Lcom/mojang/blaze3d/vertex/PoseStack;Lcom/mojang/blaze3d/vertex/VertexConsumer;IIFFFF)V}
[30Aug2025 17:29:21.551] [main/DEBUG] [cpw.mods.modlauncher.TransformStore/MODLAUNCHER]: Adding transformer net.minecraftforge.coremod.transformer.CoreModMethodTransformer@69c532af to Target : METHOD {Lnet/minecraft/client/model/RabbitModel;} {m_7695_} {(Lcom/mojang/blaze3d/vertex/PoseStack;Lcom/mojang/blaze3d/vertex/VertexConsumer;IIFFFF)V}
[30Aug2025 17:29:21.551] [main/DEBUG] [cpw.mods.modlauncher.TransformStore/MODLAUNCHER]: Adding transformer net.minecraftforge.coremod.transformer.CoreModMethodTransformer@45a1d057 to Target : METHOD {Lnet/minecraft/client/renderer/entity/EnderDragonRenderer$DragonModel;} {m_7695_} {(Lcom/mojang/blaze3d/vertex/PoseStack;Lcom/mojang/blaze3d/vertex/VertexConsumer;IIFFFF)V}
[30Aug2025 17:29:21.551] [main/DEBUG] [cpw.mods.modlauncher.TransformStore/MODLAUNCHER]: Adding transformer net.minecraftforge.coremod.transformer.CoreModMethodTransformer@51a16adf to Target : METHOD {Lnet/minecraft/client/model/HierarchicalModel;} {m_7695_} {(Lcom/mojang/blaze3d/vertex/PoseStack;Lcom/mojang/blaze3d/vertex/VertexConsumer;IIFFFF)V}
[30Aug2025 17:29:21.551] [main/DEBUG] [cpw.mods.modlauncher.TransformStore/MODLAUNCHER]: Adding transformer net.minecraftforge.coremod.transformer.CoreModMethodTransformer@385d819 to Target : METHOD {Lnet/minecraft/client/model/geom/ModelPart;} {m_104290_} {(Lcom/mojang/blaze3d/vertex/PoseStack$Pose;Lcom/mojang/blaze3d/vertex/VertexConsumer;IIFFFF)V}
[30Aug2025 17:29:21.551] [main/DEBUG] [cpw.mods.modlauncher.TransformStore/MODLAUNCHER]: Adding transformer net.minecraftforge.coremod.transformer.CoreModMethodTransformer@4315c28c to Target : METHOD {Lnet/minecraft/world/level/storage/LevelStorageSource$LevelStorageAccess;} {m_78311_} {()V}
[30Aug2025 17:29:21.551] [main/DEBUG] [cpw.mods.modlauncher.TransformStore/MODLAUNCHER]: Adding transformer net.minecraftforge.coremod.transformer.CoreModMethodTransformer@8fd91d1 to Target : METHOD {Lnet/minecraft/client/multiplayer/ClientPacketListener;} {m_246623_} {(Ljava/lang/String;)V}
[30Aug2025 17:29:21.552] [main/DEBUG] [cpw.mods.modlauncher.TransformStore/MODLAUNCHER]: Adding transformer net.minecraftforge.coremod.transformer.CoreModMethodTransformer@52d0f583 to Target : METHOD {Lnet/minecraft/client/multiplayer/ClientPacketListener;} {m_246979_} {(Ljava/lang/String;)Z}
[30Aug2025 17:29:21.552] [main/DEBUG] [cpw.mods.modlauncher.TransformStore/MODLAUNCHER]: Adding transformer net.minecraftforge.coremod.transformer.CoreModMethodTransformer@7fb8bad0 to Target : METHOD {Lnet/minecraft/client/multiplayer/chat/ChatListener;} {m_240494_} {(Lnet/minecraft/network/chat/Component;Z)V}
[30Aug2025 17:29:21.553] [main/DEBUG] [cpw.mods.modlauncher.TransformStore/MODLAUNCHER]: Adding transformer net.minecraftforge.coremod.transformer.CoreModMethodTransformer@12d40609 to Target : METHOD {Lnet/minecraft/client/multiplayer/chat/ChatListener;} {m_245141_} {(Lnet/minecraft/network/chat/Component;Lnet/minecraft/network/chat/ChatType$Bound;)V}
[30Aug2025 17:29:21.553] [main/DEBUG] [cpw.mods.modlauncher.TransformStore/MODLAUNCHER]: Adding transformer net.minecraftforge.coremod.transformer.CoreModMethodTransformer@76437e9b to Target : METHOD {Lnet/minecraft/client/ToggleKeyMapping;} {m_90857_} {()Z}
[30Aug2025 17:29:21.553] [main/DEBUG] [cpw.mods.modlauncher.TransformationServiceDecorator/MODLAUNCHER]: Initialized transformers for transformation service fml
[30Aug2025 17:29:24.176] [main/DEBUG] [mixin/]: Processing prepare() for PlatformAgent[MixinPlatformAgentDefault:ModLauncher Root Container(ModLauncher:4f56a0a2)]
[30Aug2025 17:29:24.176] [main/DEBUG] [mixin/]: Processing launch tasks for PlatformAgent[MixinPlatformAgentDefault:ModLauncher Root Container(ModLauncher:4f56a0a2)]
[30Aug2025 17:29:24.177] [main/DEBUG] [mixin/]: Adding mixin platform agents for container SecureJarResource(playeranimator)
[30Aug2025 17:29:24.177] [main/DEBUG] [mixin/]: Instancing new MixinPlatformAgentMinecraftForge for SecureJarResource(playeranimator)
[30Aug2025 17:29:24.177] [main/DEBUG] [mixin/]: MixinPlatformAgentMinecraftForge rejected container SecureJarResource(playeranimator)
[30Aug2025 17:29:24.177] [main/DEBUG] [mixin/]: Instancing new MixinPlatformAgentDefault for SecureJarResource(playeranimator)
[30Aug2025 17:29:24.177] [main/DEBUG] [mixin/]: MixinPlatformAgentDefault accepted container SecureJarResource(playeranimator)
[30Aug2025 17:29:24.177] [main/DEBUG] [mixin/]: Processing prepare() for PlatformAgent[MixinPlatformAgentDefault:SecureJarResource(playeranimator)]
[30Aug2025 17:29:24.177] [main/DEBUG] [mixin/]: Registering mixin config: playerAnimator-common.mixins.json
[30Aug2025 17:29:24.219] [main/DEBUG] [mixin/]: Adding mixin platform agents for container SecureJarResource(darkfeather)
[30Aug2025 17:29:24.219] [main/DEBUG] [mixin/]: Instancing new MixinPlatformAgentMinecraftForge for SecureJarResource(darkfeather)
[30Aug2025 17:29:24.219] [main/DEBUG] [mixin/]: MixinPlatformAgentMinecraftForge rejected container SecureJarResource(darkfeather)
[30Aug2025 17:29:24.219] [main/DEBUG] [mixin/]: Instancing new MixinPlatformAgentDefault for SecureJarResource(darkfeather)
[30Aug2025 17:29:24.219] [main/DEBUG] [mixin/]: MixinPlatformAgentDefault accepted container SecureJarResource(darkfeather)
[30Aug2025 17:29:24.220] [main/DEBUG] [mixin/]: Processing prepare() for PlatformAgent[MixinPlatformAgentDefault:SecureJarResource(darkfeather)]
[30Aug2025 17:29:24.220] [main/DEBUG] [mixin/]: Adding mixin platform agents for container SecureJarResource(sophisticatedcore)
[30Aug2025 17:29:24.221] [main/DEBUG] [mixin/]: Instancing new MixinPlatformAgentMinecraftForge for SecureJarResource(sophisticatedcore)
[30Aug2025 17:29:24.221] [main/DEBUG] [mixin/]: MixinPlatformAgentMinecraftForge rejected container SecureJarResource(sophisticatedcore)
[30Aug2025 17:29:24.222] [main/DEBUG] [mixin/]: Instancing new MixinPlatformAgentDefault for SecureJarResource(sophisticatedcore)
[30Aug2025 17:29:24.222] [main/DEBUG] [mixin/]: MixinPlatformAgentDefault accepted container SecureJarResource(sophisticatedcore)
[30Aug2025 17:29:24.222] [main/DEBUG] [mixin/]: Processing prepare() for PlatformAgent[MixinPlatformAgentDefault:SecureJarResource(sophisticatedcore)]
[30Aug2025 17:29:24.222] [main/DEBUG] [mixin/]: Adding mixin platform agents for container SecureJarResource(nyfsquiver)
[30Aug2025 17:29:24.222] [main/DEBUG] [mixin/]: Instancing new MixinPlatformAgentMinecraftForge for SecureJarResource(nyfsquiver)
[30Aug2025 17:29:24.222] [main/DEBUG] [mixin/]: MixinPlatformAgentMinecraftForge rejected container SecureJarResource(nyfsquiver)
[30Aug2025 17:29:24.222] [main/DEBUG] [mixin/]: Instancing new MixinPlatformAgentDefault for SecureJarResource(nyfsquiver)
[30Aug2025 17:29:24.222] [main/DEBUG] [mixin/]: MixinPlatformAgentDefault accepted container SecureJarResource(nyfsquiver)
[30Aug2025 17:29:24.222] [main/DEBUG] [mixin/]: Processing prepare() for PlatformAgent[MixinPlatformAgentDefault:SecureJarResource(nyfsquiver)]
[30Aug2025 17:29:24.222] [main/DEBUG] [mixin/]: Registering mixin config: nyfsquiver.mixins.json
[30Aug2025 17:29:24.229] [main/DEBUG] [mixin/]: Compatibility level JAVA_17 specified by nyfsquiver.mixins.json is higher than the maximum level supported by this version of mixin (JAVA_13).
[30Aug2025 17:29:24.238] [main/INFO] [mixin/]: Compatibility level set to JAVA_17
[30Aug2025 17:29:24.239] [main/DEBUG] [mixin/]: Adding mixin platform agents for container SecureJarResource(citadel)
[30Aug2025 17:29:24.239] [main/DEBUG] [mixin/]: Instancing new MixinPlatformAgentMinecraftForge for SecureJarResource(citadel)
[30Aug2025 17:29:24.239] [main/DEBUG] [mixin/]: MixinPlatformAgentMinecraftForge rejected container SecureJarResource(citadel)
[30Aug2025 17:29:24.239] [main/DEBUG] [mixin/]: Instancing new MixinPlatformAgentDefault for SecureJarResource(citadel)
[30Aug2025 17:29:24.239] [main/DEBUG] [mixin/]: MixinPlatformAgentDefault accepted container SecureJarResource(citadel)
[30Aug2025 17:29:24.239] [main/DEBUG] [mixin/]: Processing prepare() for PlatformAgent[MixinPlatformAgentDefault:SecureJarResource(citadel)]
[30Aug2025 17:29:24.239] [main/DEBUG] [mixin/]: Registering mixin config: citadel.mixins.json
[30Aug2025 17:29:24.245] [main/DEBUG] [mixin/]: Adding mixin platform agents for container SecureJarResource(mixinextras)
[30Aug2025 17:29:24.245] [main/DEBUG] [mixin/]: Instancing new MixinPlatformAgentMinecraftForge for SecureJarResource(mixinextras)
[30Aug2025 17:29:24.245] [main/DEBUG] [mixin/]: MixinPlatformAgentMinecraftForge rejected container SecureJarResource(mixinextras)
[30Aug2025 17:29:24.245] [main/DEBUG] [mixin/]: Instancing new MixinPlatformAgentDefault for SecureJarResource(mixinextras)
[30Aug2025 17:29:24.245] [main/DEBUG] [mixin/]: MixinPlatformAgentDefault accepted container SecureJarResource(mixinextras)
[30Aug2025 17:29:24.245] [main/DEBUG] [mixin/]: Processing prepare() for PlatformAgent[MixinPlatformAgentDefault:SecureJarResource(mixinextras)]
[30Aug2025 17:29:24.245] [main/DEBUG] [mixin/]: Registering mixin config: mixinextras.init.mixins.json
[30Aug2025 17:29:24.252] [main/DEBUG] [mixin/]: Adding mixin platform agents for container SecureJarResource(bookshelf)
[30Aug2025 17:29:24.253] [main/DEBUG] [mixin/]: Instancing new MixinPlatformAgentMinecraftForge for SecureJarResource(bookshelf)
[30Aug2025 17:29:24.253] [main/DEBUG] [mixin/]: MixinPlatformAgentMinecraftForge rejected container SecureJarResource(bookshelf)
[30Aug2025 17:29:24.253] [main/DEBUG] [mixin/]: Instancing new MixinPlatformAgentDefault for SecureJarResource(bookshelf)
[30Aug2025 17:29:24.253] [main/DEBUG] [mixin/]: MixinPlatformAgentDefault accepted container SecureJarResource(bookshelf)
[30Aug2025 17:29:24.253] [main/DEBUG] [mixin/]: Processing prepare() for PlatformAgent[MixinPlatformAgentDefault:SecureJarResource(bookshelf)]
[30Aug2025 17:29:24.253] [main/DEBUG] [mixin/]: Registering mixin config: bookshelf.common.mixins.json
[30Aug2025 17:29:24.258] [main/DEBUG] [mixin/]: Registering mixin config: bookshelf.forge.mixins.json
[30Aug2025 17:29:24.262] [main/DEBUG] [mixin/]: Adding mixin platform agents for container SecureJarResource(sophisticatedbackpacks)
[30Aug2025 17:29:24.264] [main/DEBUG] [mixin/]: Instancing new MixinPlatformAgentMinecraftForge for SecureJarResource(sophisticatedbackpacks)
[30Aug2025 17:29:24.264] [main/DEBUG] [mixin/]: MixinPlatformAgentMinecraftForge rejected container SecureJarResource(sophisticatedbackpacks)
[30Aug2025 17:29:24.264] [main/DEBUG] [mixin/]: Instancing new MixinPlatformAgentDefault for SecureJarResource(sophisticatedbackpacks)
[30Aug2025 17:29:24.264] [main/DEBUG] [mixin/]: MixinPlatformAgentDefault accepted container SecureJarResource(sophisticatedbackpacks)
[30Aug2025 17:29:24.264] [main/DEBUG] [mixin/]: Processing prepare() for PlatformAgent[MixinPlatformAgentDefault:SecureJarResource(sophisticatedbackpacks)]
[30Aug2025 17:29:24.264] [main/DEBUG] [mixin/]: Adding mixin platform agents for container SecureJarResource(relics)
[30Aug2025 17:29:24.264] [main/DEBUG] [mixin/]: Instancing new MixinPlatformAgentMinecraftForge for SecureJarResource(relics)
[30Aug2025 17:29:24.264] [main/DEBUG] [mixin/]: MixinPlatformAgentMinecraftForge rejected container SecureJarResource(relics)
[30Aug2025 17:29:24.264] [main/DEBUG] [mixin/]: Instancing new MixinPlatformAgentDefault for SecureJarResource(relics)
[30Aug2025 17:29:24.264] [main/DEBUG] [mixin/]: MixinPlatformAgentDefault accepted container SecureJarResource(relics)
[30Aug2025 17:29:24.264] [main/DEBUG] [mixin/]: Processing prepare() for PlatformAgent[MixinPlatformAgentDefault:SecureJarResource(relics)]
[30Aug2025 17:29:24.265] [main/DEBUG] [mixin/]: Registering mixin config: relics.mixins.json
[30Aug2025 17:29:24.268] [main/DEBUG] [mixin/]: Compatibility level JAVA_8 specified by relics.mixins.json is lower than the default level supported by the current mixin service (JAVA_16).
[30Aug2025 17:29:24.269] [main/DEBUG] [mixin/]: Adding mixin platform agents for container SecureJarResource(darktimer)
[30Aug2025 17:29:24.269] [main/DEBUG] [mixin/]: Instancing new MixinPlatformAgentMinecraftForge for SecureJarResource(darktimer)
[30Aug2025 17:29:24.269] [main/DEBUG] [mixin/]: MixinPlatformAgentMinecraftForge rejected container SecureJarResource(darktimer)
[30Aug2025 17:29:24.269] [main/DEBUG] [mixin/]: Instancing new MixinPlatformAgentDefault for SecureJarResource(darktimer)
[30Aug2025 17:29:24.271] [main/DEBUG] [mixin/]: MixinPlatformAgentDefault accepted container SecureJarResource(darktimer)
[30Aug2025 17:29:24.271] [main/DEBUG] [mixin/]: Processing prepare() for PlatformAgent[MixinPlatformAgentDefault:SecureJarResource(darktimer)]
[30Aug2025 17:29:24.271] [main/DEBUG] [mixin/]: Adding mixin platform agents for container SecureJarResource(jeresources)
[30Aug2025 17:29:24.271] [main/DEBUG] [mixin/]: Instancing new MixinPlatformAgentMinecraftForge for SecureJarResource(jeresources)
[30Aug2025 17:29:24.271] [main/DEBUG] [mixin/]: MixinPlatformAgentMinecraftForge rejected container SecureJarResource(jeresources)
[30Aug2025 17:29:24.271] [main/DEBUG] [mixin/]: Instancing new MixinPlatformAgentDefault for SecureJarResource(jeresources)
[30Aug2025 17:29:24.271] [main/DEBUG] [mixin/]: MixinPlatformAgentDefault accepted container SecureJarResource(jeresources)
[30Aug2025 17:29:24.271] [main/DEBUG] [mixin/]: Processing prepare() for PlatformAgent[MixinPlatformAgentDefault:SecureJarResource(jeresources)]
[30Aug2025 17:29:24.271] [main/DEBUG] [mixin/]: Adding mixin platform agents for container SecureJarResource(cloth_config)
[30Aug2025 17:29:24.271] [main/DEBUG] [mixin/]: Instancing new MixinPlatformAgentMinecraftForge for SecureJarResource(cloth_config)
[30Aug2025 17:29:24.271] [main/DEBUG] [mixin/]: MixinPlatformAgentMinecraftForge rejected container SecureJarResource(cloth_config)
[30Aug2025 17:29:24.271] [main/DEBUG] [mixin/]: Instancing new MixinPlatformAgentDefault for SecureJarResource(cloth_config)
[30Aug2025 17:29:24.271] [main/DEBUG] [mixin/]: MixinPlatformAgentDefault accepted container SecureJarResource(cloth_config)
[30Aug2025 17:29:24.271] [main/DEBUG] [mixin/]: Processing prepare() for PlatformAgent[MixinPlatformAgentDefault:SecureJarResource(cloth_config)]
[30Aug2025 17:29:24.271] [main/DEBUG] [mixin/]: Adding mixin platform agents for container SecureJarResource(darkflight)
[30Aug2025 17:29:24.271] [main/DEBUG] [mixin/]: Instancing new MixinPlatformAgentMinecraftForge for SecureJarResource(darkflight)
[30Aug2025 17:29:24.271] [main/DEBUG] [mixin/]: MixinPlatformAgentMinecraftForge rejected container SecureJarResource(darkflight)
[30Aug2025 17:29:24.271] [main/DEBUG] [mixin/]: Instancing new MixinPlatformAgentDefault for SecureJarResource(darkflight)
[30Aug2025 17:29:24.272] [main/DEBUG] [mixin/]: MixinPlatformAgentDefault accepted container SecureJarResource(darkflight)
[30Aug2025 17:29:24.272] [main/DEBUG] [mixin/]: Processing prepare() for PlatformAgent[MixinPlatformAgentDefault:SecureJarResource(darkflight)]
[30Aug2025 17:29:24.272] [main/DEBUG] [mixin/]: Adding mixin platform agents for container SecureJarResource(darksmithing)
[30Aug2025 17:29:24.272] [main/DEBUG] [mixin/]: Instancing new MixinPlatformAgentMinecraftForge for SecureJarResource(darksmithing)
[30Aug2025 17:29:24.272] [main/DEBUG] [mixin/]: MixinPlatformAgentMinecraftForge rejected container SecureJarResource(darksmithing)
[30Aug2025 17:29:24.272] [main/DEBUG] [mixin/]: Instancing new MixinPlatformAgentDefault for SecureJarResource(darksmithing)
[30Aug2025 17:29:24.272] [main/DEBUG] [mixin/]: MixinPlatformAgentDefault accepted container SecureJarResource(darksmithing)
[30Aug2025 17:29:24.272] [main/DEBUG] [mixin/]: Processing prepare() for PlatformAgent[MixinPlatformAgentDefault:SecureJarResource(darksmithing)]
[30Aug2025 17:29:24.272] [main/DEBUG] [mixin/]: Adding mixin platform agents for container SecureJarResource(darkglint)
[30Aug2025 17:29:24.272] [main/DEBUG] [mixin/]: Instancing new MixinPlatformAgentMinecraftForge for SecureJarResource(darkglint)
[30Aug2025 17:29:24.272] [main/DEBUG] [mixin/]: MixinPlatformAgentMinecraftForge rejected container SecureJarResource(darkglint)
[30Aug2025 17:29:24.273] [main/DEBUG] [mixin/]: Instancing new MixinPlatformAgentDefault for SecureJarResource(darkglint)
[30Aug2025 17:29:24.274] [main/DEBUG] [mixin/]: MixinPlatformAgentDefault accepted container SecureJarResource(darkglint)
[30Aug2025 17:29:24.274] [main/DEBUG] [mixin/]: Processing prepare() for PlatformAgent[MixinPlatformAgentDefault:SecureJarResource(darkglint)]
[30Aug2025 17:29:24.274] [main/DEBUG] [mixin/]: Adding mixin platform agents for container SecureJarResource(immersiveui)
[30Aug2025 17:29:24.274] [main/DEBUG] [mixin/]: Instancing new MixinPlatformAgentMinecraftForge for SecureJarResource(immersiveui)
[30Aug2025 17:29:24.274] [main/DEBUG] [mixin/]: MixinPlatformAgentMinecraftForge rejected container SecureJarResource(immersiveui)
[30Aug2025 17:29:24.274] [main/DEBUG] [mixin/]: Instancing new MixinPlatformAgentDefault for SecureJarResource(immersiveui)
[30Aug2025 17:29:24.274] [main/DEBUG] [mixin/]: MixinPlatformAgentDefault accepted container SecureJarResource(immersiveui)
[30Aug2025 17:29:24.275] [main/DEBUG] [mixin/]: Processing prepare() for PlatformAgent[MixinPlatformAgentDefault:SecureJarResource(immersiveui)]
[30Aug2025 17:29:24.275] [main/DEBUG] [mixin/]: Registering mixin config: immersiveui-common.mixins.json
[30Aug2025 17:29:24.279] [main/DEBUG] [mixin/]: Registering mixin config: immersiveui.mixins.json
[30Aug2025 17:29:24.284] [main/DEBUG] [mixin/]: Adding mixin platform agents for container SecureJarResource(darkwooly)
[30Aug2025 17:29:24.284] [main/DEBUG] [mixin/]: Instancing new MixinPlatformAgentMinecraftForge for SecureJarResource(darkwooly)
[30Aug2025 17:29:24.284] [main/DEBUG] [mixin/]: MixinPlatformAgentMinecraftForge rejected container SecureJarResource(darkwooly)
[30Aug2025 17:29:24.284] [main/DEBUG] [mixin/]: Instancing new MixinPlatformAgentDefault for SecureJarResource(darkwooly)
[30Aug2025 17:29:24.284] [main/DEBUG] [mixin/]: MixinPlatformAgentDefault accepted container SecureJarResource(darkwooly)
[30Aug2025 17:29:24.284] [main/DEBUG] [mixin/]: Processing prepare() for PlatformAgent[MixinPlatformAgentDefault:SecureJarResource(darkwooly)]
[30Aug2025 17:29:24.284] [main/DEBUG] [mixin/]: Adding mixin platform agents for container SecureJarResource(treasure2)
[30Aug2025 17:29:24.284] [main/DEBUG] [mixin/]: Instancing new MixinPlatformAgentMinecraftForge for SecureJarResource(treasure2)
[30Aug2025 17:29:24.284] [main/DEBUG] [mixin/]: MixinPlatformAgentMinecraftForge rejected container SecureJarResource(treasure2)
[30Aug2025 17:29:24.284] [main/DEBUG] [mixin/]: Instancing new MixinPlatformAgentDefault for SecureJarResource(treasure2)
[30Aug2025 17:29:24.284] [main/DEBUG] [mixin/]: MixinPlatformAgentDefault accepted container SecureJarResource(treasure2)
[30Aug2025 17:29:24.284] [main/DEBUG] [mixin/]: Processing prepare() for PlatformAgent[MixinPlatformAgentDefault:SecureJarResource(treasure2)]
[30Aug2025 17:29:24.284] [main/DEBUG] [mixin/]: Adding mixin platform agents for container SecureJarResource(mutated_items)
[30Aug2025 17:29:24.284] [main/DEBUG] [mixin/]: Instancing new MixinPlatformAgentMinecraftForge for SecureJarResource(mutated_items)
[30Aug2025 17:29:24.284] [main/DEBUG] [mixin/]: MixinPlatformAgentMinecraftForge rejected container SecureJarResource(mutated_items)
[30Aug2025 17:29:24.284] [main/DEBUG] [mixin/]: Instancing new MixinPlatformAgentDefault for SecureJarResource(mutated_items)
[30Aug2025 17:29:24.284] [main/DEBUG] [mixin/]: MixinPlatformAgentDefault accepted container SecureJarResource(mutated_items)
[30Aug2025 17:29:24.286] [main/DEBUG] [mixin/]: Processing prepare() for PlatformAgent[MixinPlatformAgentDefault:SecureJarResource(mutated_items)]
[30Aug2025 17:29:24.286] [main/DEBUG] [mixin/]: Registering mixin config: mixins.mutated_items.json
[30Aug2025 17:29:24.291] [main/DEBUG] [mixin/]: Adding mixin platform agents for container SecureJarResource(eeeabsmobs)
[30Aug2025 17:29:24.291] [main/DEBUG] [mixin/]: Instancing new MixinPlatformAgentMinecraftForge for SecureJarResource(eeeabsmobs)
[30Aug2025 17:29:24.291] [main/DEBUG] [mixin/]: MixinPlatformAgentMinecraftForge rejected container SecureJarResource(eeeabsmobs)
[30Aug2025 17:29:24.291] [main/DEBUG] [mixin/]: Instancing new MixinPlatformAgentDefault for SecureJarResource(eeeabsmobs)
[30Aug2025 17:29:24.292] [main/DEBUG] [mixin/]: MixinPlatformAgentDefault accepted container SecureJarResource(eeeabsmobs)
[30Aug2025 17:29:24.292] [main/DEBUG] [mixin/]: Processing prepare() for PlatformAgent[MixinPlatformAgentDefault:SecureJarResource(eeeabsmobs)]
[30Aug2025 17:29:24.292] [main/DEBUG] [mixin/]: Registering mixin config: eeeabsmobs.mixins.json
[30Aug2025 17:29:24.294] [main/DEBUG] [mixin/]: Adding mixin platform agents for container SecureJarResource(lionfishapi)
[30Aug2025 17:29:24.296] [main/DEBUG] [mixin/]: Instancing new MixinPlatformAgentMinecraftForge for SecureJarResource(lionfishapi)
[30Aug2025 17:29:24.296] [main/DEBUG] [mixin/]: MixinPlatformAgentMinecraftForge rejected container SecureJarResource(lionfishapi)
[30Aug2025 17:29:24.296] [main/DEBUG] [mixin/]: Instancing new MixinPlatformAgentDefault for SecureJarResource(lionfishapi)
[30Aug2025 17:29:24.296] [main/DEBUG] [mixin/]: MixinPlatformAgentDefault accepted container SecureJarResource(lionfishapi)
[30Aug2025 17:29:24.297] [main/DEBUG] [mixin/]: Processing prepare() for PlatformAgent[MixinPlatformAgentDefault:SecureJarResource(lionfishapi)]
[30Aug2025 17:29:24.297] [main/DEBUG] [mixin/]: Registering mixin config: lionfishapi.mixins.json
[30Aug2025 17:29:24.301] [main/DEBUG] [mixin/]: Adding mixin platform agents for container SecureJarResource(curiouslanterns)
[30Aug2025 17:29:24.301] [main/DEBUG] [mixin/]: Instancing new MixinPlatformAgentMinecraftForge for SecureJarResource(curiouslanterns)
[30Aug2025 17:29:24.301] [main/DEBUG] [mixin/]: MixinPlatformAgentMinecraftForge rejected container SecureJarResource(curiouslanterns)
[30Aug2025 17:29:24.301] [main/DEBUG] [mixin/]: Instancing new MixinPlatformAgentDefault for SecureJarResource(curiouslanterns)
[30Aug2025 17:29:24.301] [main/DEBUG] [mixin/]: MixinPlatformAgentDefault accepted container SecureJarResource(curiouslanterns)
[30Aug2025 17:29:24.301] [main/DEBUG] [mixin/]: Processing prepare() for PlatformAgent[MixinPlatformAgentDefault:SecureJarResource(curiouslanterns)]
[30Aug2025 17:29:24.301] [main/DEBUG] [mixin/]: Adding mixin platform agents for container SecureJarResource(bonfires)
[30Aug2025 17:29:24.301] [main/DEBUG] [mixin/]: Instancing new MixinPlatformAgentMinecraftForge for SecureJarResource(bonfires)
[30Aug2025 17:29:24.301] [main/DEBUG] [mixin/]: MixinPlatformAgentMinecraftForge rejected container SecureJarResource(bonfires)
[30Aug2025 17:29:24.301] [main/DEBUG] [mixin/]: Instancing new MixinPlatformAgentDefault for SecureJarResource(bonfires)
[30Aug2025 17:29:24.301] [main/DEBUG] [mixin/]: MixinPlatformAgentDefault accepted container SecureJarResource(bonfires)
[30Aug2025 17:29:24.301] [main/DEBUG] [mixin/]: Processing prepare() for PlatformAgent[MixinPlatformAgentDefault:SecureJarResource(bonfires)]
[30Aug2025 17:29:24.301] [main/DEBUG] [mixin/]: Adding mixin platform agents for container SecureJarResource(cataclysm)
[30Aug2025 17:29:24.301] [main/DEBUG] [mixin/]: Instancing new MixinPlatformAgentMinecraftForge for SecureJarResource(cataclysm)
[30Aug2025 17:29:24.301] [main/DEBUG] [mixin/]: MixinPlatformAgentMinecraftForge rejected container SecureJarResource(cataclysm)
[30Aug2025 17:29:24.301] [main/DEBUG] [mixin/]: Instancing new MixinPlatformAgentDefault for SecureJarResource(cataclysm)
[30Aug2025 17:29:24.301] [main/DEBUG] [mixin/]: MixinPlatformAgentDefault accepted container SecureJarResource(cataclysm)
[30Aug2025 17:29:24.301] [main/DEBUG] [mixin/]: Processing prepare() for PlatformAgent[MixinPlatformAgentDefault:SecureJarResource(cataclysm)]
[30Aug2025 17:29:24.301] [main/DEBUG] [mixin/]: Registering mixin config: lionfishapi.mixins.json
[30Aug2025 17:29:24.301] [main/DEBUG] [mixin/]: Registering mixin config: cataclysm.mixins.json
[30Aug2025 17:29:24.306] [main/DEBUG] [mixin/]: Adding mixin platform agents for container SecureJarResource(curios)
[30Aug2025 17:29:24.306] [main/DEBUG] [mixin/]: Instancing new MixinPlatformAgentMinecraftForge for SecureJarResource(curios)
[30Aug2025 17:29:24.306] [main/DEBUG] [mixin/]: MixinPlatformAgentMinecraftForge rejected container SecureJarResource(curios)
[30Aug2025 17:29:24.306] [main/DEBUG] [mixin/]: Instancing new MixinPlatformAgentDefault for SecureJarResource(curios)
[30Aug2025 17:29:24.306] [main/DEBUG] [mixin/]: MixinPlatformAgentDefault accepted container SecureJarResource(curios)
[30Aug2025 17:29:24.306] [main/DEBUG] [mixin/]: Processing prepare() for PlatformAgent[MixinPlatformAgentDefault:SecureJarResource(curios)]
[30Aug2025 17:29:24.306] [main/DEBUG] [mixin/]: Registering mixin config: curios.mixins.json
[30Aug2025 17:29:24.310] [main/DEBUG] [mixin/]: Adding mixin platform agents for container SecureJarResource(patchouli)
[30Aug2025 17:29:24.312] [main/DEBUG] [mixin/]: Instancing new MixinPlatformAgentMinecraftForge for SecureJarResource(patchouli)
[30Aug2025 17:29:24.312] [main/DEBUG] [mixin/]: MixinPlatformAgentMinecraftForge rejected container SecureJarResource(patchouli)
[30Aug2025 17:29:24.312] [main/DEBUG] [mixin/]: Instancing new MixinPlatformAgentDefault for SecureJarResource(patchouli)
[30Aug2025 17:29:24.312] [main/DEBUG] [mixin/]: MixinPlatformAgentDefault accepted container SecureJarResource(patchouli)
[30Aug2025 17:29:24.312] [main/DEBUG] [mixin/]: Processing prepare() for PlatformAgent[MixinPlatformAgentDefault:SecureJarResource(patchouli)]
[30Aug2025 17:29:24.312] [main/DEBUG] [mixin/]: Registering mixin config: patchouli_xplat.mixins.json
[30Aug2025 17:29:24.314] [main/DEBUG] [mixin/]: Adding mixin platform agents for container SecureJarResource(gottschcore)
[30Aug2025 17:29:24.316] [main/DEBUG] [mixin/]: Instancing new MixinPlatformAgentMinecraftForge for SecureJarResource(gottschcore)
[30Aug2025 17:29:24.317] [main/DEBUG] [mixin/]: MixinPlatformAgentMinecraftForge rejected container SecureJarResource(gottschcore)
[30Aug2025 17:29:24.317] [main/DEBUG] [mixin/]: Instancing new MixinPlatformAgentDefault for SecureJarResource(gottschcore)
[30Aug2025 17:29:24.319] [main/DEBUG] [mixin/]: MixinPlatformAgentDefault accepted container SecureJarResource(gottschcore)
[30Aug2025 17:29:24.319] [main/DEBUG] [mixin/]: Processing prepare() for PlatformAgent[MixinPlatformAgentDefault:SecureJarResource(gottschcore)]
[30Aug2025 17:29:24.319] [main/DEBUG] [mixin/]: Adding mixin platform agents for container SecureJarResource(darkdeath)
[30Aug2025 17:29:24.320] [main/DEBUG] [mixin/]: Instancing new MixinPlatformAgentMinecraftForge for SecureJarResource(darkdeath)
[30Aug2025 17:29:24.320] [main/DEBUG] [mixin/]: MixinPlatformAgentMinecraftForge rejected container SecureJarResource(darkdeath)
[30Aug2025 17:29:24.320] [main/DEBUG] [mixin/]: Instancing new MixinPlatformAgentDefault for SecureJarResource(darkdeath)
[30Aug2025 17:29:24.320] [main/DEBUG] [mixin/]: MixinPlatformAgentDefault accepted container SecureJarResource(darkdeath)
[30Aug2025 17:29:24.320] [main/DEBUG] [mixin/]: Processing prepare() for PlatformAgent[MixinPlatformAgentDefault:SecureJarResource(darkdeath)]
[30Aug2025 17:29:24.320] [main/DEBUG] [mixin/]: Adding mixin platform agents for container SecureJarResource(enigmaticlegacy)
[30Aug2025 17:29:24.320] [main/DEBUG] [mixin/]: Instancing new MixinPlatformAgentMinecraftForge for SecureJarResource(enigmaticlegacy)
[30Aug2025 17:29:24.320] [main/DEBUG] [mixin/]: MixinPlatformAgentMinecraftForge rejected container SecureJarResource(enigmaticlegacy)
[30Aug2025 17:29:24.320] [main/DEBUG] [mixin/]: Instancing new MixinPlatformAgentDefault for SecureJarResource(enigmaticlegacy)
[30Aug2025 17:29:24.320] [main/DEBUG] [mixin/]: MixinPlatformAgentDefault accepted container SecureJarResource(enigmaticlegacy)
[30Aug2025 17:29:24.320] [main/DEBUG] [mixin/]: Processing prepare() for PlatformAgent[MixinPlatformAgentDefault:SecureJarResource(enigmaticlegacy)]
[30Aug2025 17:29:24.320] [main/DEBUG] [mixin/]: Adding mixin platform agents for container SecureJarResource(architectury)
[30Aug2025 17:29:24.320] [main/DEBUG] [mixin/]: Instancing new MixinPlatformAgentMinecraftForge for SecureJarResource(architectury)
[30Aug2025 17:29:24.320] [main/DEBUG] [mixin/]: MixinPlatformAgentMinecraftForge rejected container SecureJarResource(architectury)
[30Aug2025 17:29:24.320] [main/DEBUG] [mixin/]: Instancing new MixinPlatformAgentDefault for SecureJarResource(architectury)
[30Aug2025 17:29:24.320] [main/DEBUG] [mixin/]: MixinPlatformAgentDefault accepted container SecureJarResource(architectury)
[30Aug2025 17:29:24.320] [main/DEBUG] [mixin/]: Processing prepare() for PlatformAgent[MixinPlatformAgentDefault:SecureJarResource(architectury)]
[30Aug2025 17:29:24.320] [main/DEBUG] [mixin/]: Registering mixin config: architectury.mixins.json
[30Aug2025 17:29:24.325] [main/DEBUG] [mixin/]: Compatibility level JAVA_16 specified by architectury.mixins.json is higher than the maximum level supported by this version of mixin (JAVA_13).
[30Aug2025 17:29:24.326] [main/DEBUG] [mixin/]: Registering mixin config: architectury-common.mixins.json
[30Aug2025 17:29:24.329] [main/DEBUG] [mixin/]: Compatibility level JAVA_16 specified by architectury-common.mixins.json is higher than the maximum level supported by this version of mixin (JAVA_13).
[30Aug2025 17:29:24.329] [main/DEBUG] [mixin/]: Adding mixin platform agents for container SecureJarResource(aiimprovements)
[30Aug2025 17:29:24.330] [main/DEBUG] [mixin/]: Instancing new MixinPlatformAgentMinecraftForge for SecureJarResource(aiimprovements)
[30Aug2025 17:29:24.330] [main/DEBUG] [mixin/]: MixinPlatformAgentMinecraftForge rejected container SecureJarResource(aiimprovements)
[30Aug2025 17:29:24.330] [main/DEBUG] [mixin/]: Instancing new MixinPlatformAgentDefault for SecureJarResource(aiimprovements)
[30Aug2025 17:29:24.330] [main/DEBUG] [mixin/]: MixinPlatformAgentDefault accepted container SecureJarResource(aiimprovements)
[30Aug2025 17:29:24.330] [main/DEBUG] [mixin/]: Processing prepare() for PlatformAgent[MixinPlatformAgentDefault:SecureJarResource(aiimprovements)]
[30Aug2025 17:29:24.330] [main/DEBUG] [mixin/]: Adding mixin platform agents for container SecureJarResource(lategamegolems)
[30Aug2025 17:29:24.330] [main/DEBUG] [mixin/]: Instancing new MixinPlatformAgentMinecraftForge for SecureJarResource(lategamegolems)
[30Aug2025 17:29:24.330] [main/DEBUG] [mixin/]: MixinPlatformAgentMinecraftForge rejected container SecureJarResource(lategamegolems)
[30Aug2025 17:29:24.330] [main/DEBUG] [mixin/]: Instancing new MixinPlatformAgentDefault for SecureJarResource(lategamegolems)
[30Aug2025 17:29:24.330] [main/DEBUG] [mixin/]: MixinPlatformAgentDefault accepted container SecureJarResource(lategamegolems)
[30Aug2025 17:29:24.330] [main/DEBUG] [mixin/]: Processing prepare() for PlatformAgent[MixinPlatformAgentDefault:SecureJarResource(lategamegolems)]
[30Aug2025 17:29:24.330] [main/DEBUG] [mixin/]: Adding mixin platform agents for container SecureJarResource(nether_armory)
[30Aug2025 17:29:24.330] [main/DEBUG] [mixin/]: Instancing new MixinPlatformAgentMinecraftForge for SecureJarResource(nether_armory)
[30Aug2025 17:29:24.330] [main/DEBUG] [mixin/]: MixinPlatformAgentMinecraftForge rejected container SecureJarResource(nether_armory)
[30Aug2025 17:29:24.330] [main/DEBUG] [mixin/]: Instancing new MixinPlatformAgentDefault for SecureJarResource(nether_armory)
[30Aug2025 17:29:24.330] [main/DEBUG] [mixin/]: MixinPlatformAgentDefault accepted container SecureJarResource(nether_armory)
[30Aug2025 17:29:24.330] [main/DEBUG] [mixin/]: Processing prepare() for PlatformAgent[MixinPlatformAgentDefault:SecureJarResource(nether_armory)]
[30Aug2025 17:29:24.330] [main/DEBUG] [mixin/]: Adding mixin platform agents for container SecureJarResource(darksmelting)
[30Aug2025 17:29:24.330] [main/DEBUG] [mixin/]: Instancing new MixinPlatformAgentMinecraftForge for SecureJarResource(darksmelting)
[30Aug2025 17:29:24.330] [main/DEBUG] [mixin/]: MixinPlatformAgentMinecraftForge rejected container SecureJarResource(darksmelting)
[30Aug2025 17:29:24.330] [main/DEBUG] [mixin/]: Instancing new MixinPlatformAgentDefault for SecureJarResource(darksmelting)
[30Aug2025 17:29:24.333] [main/DEBUG] [mixin/]: MixinPlatformAgentDefault accepted container SecureJarResource(darksmelting)
[30Aug2025 17:29:24.333] [main/DEBUG] [mixin/]: Processing prepare() for PlatformAgent[MixinPlatformAgentDefault:SecureJarResource(darksmelting)]
[30Aug2025 17:29:24.333] [main/DEBUG] [mixin/]: Adding mixin platform agents for container SecureJarResource(nemos_inventory_sorting)
[30Aug2025 17:29:24.333] [main/DEBUG] [mixin/]: Instancing new MixinPlatformAgentMinecraftForge for SecureJarResource(nemos_inventory_sorting)
[30Aug2025 17:29:24.333] [main/DEBUG] [mixin/]: MixinPlatformAgentMinecraftForge rejected container SecureJarResource(nemos_inventory_sorting)
[30Aug2025 17:29:24.334] [main/DEBUG] [mixin/]: Instancing new MixinPlatformAgentDefault for SecureJarResource(nemos_inventory_sorting)
[30Aug2025 17:29:24.334] [main/DEBUG] [mixin/]: MixinPlatformAgentDefault accepted container SecureJarResource(nemos_inventory_sorting)
[30Aug2025 17:29:24.334] [main/DEBUG] [mixin/]: Processing prepare() for PlatformAgent[MixinPlatformAgentDefault:SecureJarResource(nemos_inventory_sorting)]
[30Aug2025 17:29:24.334] [main/DEBUG] [mixin/]: Registering mixin config: nemos_inventory_sorting.mixins.json
[30Aug2025 17:29:24.339] [main/DEBUG] [mixin/]: Adding mixin platform agents for container SecureJarResource(monolib)
[30Aug2025 17:29:24.339] [main/DEBUG] [mixin/]: Instancing new MixinPlatformAgentMinecraftForge for SecureJarResource(monolib)
[30Aug2025 17:29:24.339] [main/DEBUG] [mixin/]: MixinPlatformAgentMinecraftForge rejected container SecureJarResource(monolib)
[30Aug2025 17:29:24.339] [main/DEBUG] [mixin/]: Instancing new MixinPlatformAgentDefault for SecureJarResource(monolib)
[30Aug2025 17:29:24.339] [main/DEBUG] [mixin/]: MixinPlatformAgentDefault accepted container SecureJarResource(monolib)
[30Aug2025 17:29:24.339] [main/DEBUG] [mixin/]: Processing prepare() for PlatformAgent[MixinPlatformAgentDefault:SecureJarResource(monolib)]
[30Aug2025 17:29:24.339] [main/DEBUG] [mixin/]: Registering mixin config: monolib.mixins.json
[30Aug2025 17:29:24.343] [main/DEBUG] [mixin/]: Registering mixin config: monolib.forge.mixins.json
[30Aug2025 17:29:24.345] [main/DEBUG] [mixin/]: Adding mixin platform agents for container SecureJarResource(disenchanting_table)
[30Aug2025 17:29:24.345] [main/DEBUG] [mixin/]: Instancing new MixinPlatformAgentMinecraftForge for SecureJarResource(disenchanting_table)
[30Aug2025 17:29:24.345] [main/DEBUG] [mixin/]: MixinPlatformAgentMinecraftForge rejected container SecureJarResource(disenchanting_table)
[30Aug2025 17:29:24.346] [main/DEBUG] [mixin/]: Instancing new MixinPlatformAgentDefault for SecureJarResource(disenchanting_table)
[30Aug2025 17:29:24.346] [main/DEBUG] [mixin/]: MixinPlatformAgentDefault accepted container SecureJarResource(disenchanting_table)
[30Aug2025 17:29:24.346] [main/DEBUG] [mixin/]: Processing prepare() for PlatformAgent[MixinPlatformAgentDefault:SecureJarResource(disenchanting_table)]
[30Aug2025 17:29:24.346] [main/DEBUG] [mixin/]: Registering mixin config: forge-disenchanting_table.forge.mixins.json
[30Aug2025 17:29:24.348] [main/DEBUG] [mixin/]: Adding mixin platform agents for container SecureJarResource(darkcap)
[30Aug2025 17:29:24.348] [main/DEBUG] [mixin/]: Instancing new MixinPlatformAgentMinecraftForge for SecureJarResource(darkcap)
[30Aug2025 17:29:24.349] [main/DEBUG] [mixin/]: MixinPlatformAgentMinecraftForge rejected container SecureJarResource(darkcap)
[30Aug2025 17:29:24.349] [main/DEBUG] [mixin/]: Instancing new MixinPlatformAgentDefault for SecureJarResource(darkcap)
[30Aug2025 17:29:24.349] [main/DEBUG] [mixin/]: MixinPlatformAgentDefault accepted container SecureJarResource(darkcap)
[30Aug2025 17:29:24.349] [main/DEBUG] [mixin/]: Processing prepare() for PlatformAgent[MixinPlatformAgentDefault:SecureJarResource(darkcap)]
[30Aug2025 17:29:24.349] [main/DEBUG] [mixin/]: Adding mixin platform agents for container SecureJarResource(framework)
[30Aug2025 17:29:24.349] [main/DEBUG] [mixin/]: Instancing new MixinPlatformAgentMinecraftForge for SecureJarResource(framework)
[30Aug2025 17:29:24.349] [main/DEBUG] [mixin/]: MixinPlatformAgentMinecraftForge rejected container SecureJarResource(framework)
[30Aug2025 17:29:24.349] [main/DEBUG] [mixin/]: Instancing new MixinPlatformAgentDefault for SecureJarResource(framework)
[30Aug2025 17:29:24.350] [main/DEBUG] [mixin/]: MixinPlatformAgentDefault accepted container SecureJarResource(framework)
[30Aug2025 17:29:24.350] [main/DEBUG] [mixin/]: Processing prepare() for PlatformAgent[MixinPlatformAgentDefault:SecureJarResource(framework)]
[30Aug2025 17:29:24.350] [main/DEBUG] [mixin/]: Adding mixin platform agents for container SecureJarResource(fallingtree)
[30Aug2025 17:29:24.350] [main/DEBUG] [mixin/]: Instancing new MixinPlatformAgentMinecraftForge for SecureJarResource(fallingtree)
[30Aug2025 17:29:24.350] [main/DEBUG] [mixin/]: MixinPlatformAgentMinecraftForge rejected container SecureJarResource(fallingtree)
[30Aug2025 17:29:24.350] [main/DEBUG] [mixin/]: Instancing new MixinPlatformAgentDefault for SecureJarResource(fallingtree)
[30Aug2025 17:29:24.350] [main/DEBUG] [mixin/]: MixinPlatformAgentDefault accepted container SecureJarResource(fallingtree)
[30Aug2025 17:29:24.350] [main/DEBUG] [mixin/]: Processing prepare() for PlatformAgent[MixinPlatformAgentDefault:SecureJarResource(fallingtree)]
[30Aug2025 17:29:24.351] [main/DEBUG] [mixin/]: Adding mixin platform agents for container SecureJarResource(l2library)
[30Aug2025 17:29:24.351] [main/DEBUG] [mixin/]: Instancing new MixinPlatformAgentMinecraftForge for SecureJarResource(l2library)
[30Aug2025 17:29:24.351] [main/DEBUG] [mixin/]: MixinPlatformAgentMinecraftForge rejected container SecureJarResource(l2library)
[30Aug2025 17:29:24.351] [main/DEBUG] [mixin/]: Instancing new MixinPlatformAgentDefault for SecureJarResource(l2library)
[30Aug2025 17:29:24.351] [main/DEBUG] [mixin/]: MixinPlatformAgentDefault accepted container SecureJarResource(l2library)
[30Aug2025 17:29:24.351] [main/DEBUG] [mixin/]: Processing prepare() for PlatformAgent[MixinPlatformAgentDefault:SecureJarResource(l2library)]
[30Aug2025 17:29:24.351] [main/DEBUG] [mixin/]: Registering mixin config: l2library.mixins.json
[30Aug2025 17:29:24.353] [main/DEBUG] [mixin/]: Compatibility level JAVA_16 specified by l2library.mixins.json is higher than the maximum level supported by this version of mixin (JAVA_13).
[30Aug2025 17:29:24.353] [main/DEBUG] [mixin/]: Adding mixin platform agents for container SecureJarResource(l2damagetracker)
[30Aug2025 17:29:24.354] [main/DEBUG] [mixin/]: Instancing new MixinPlatformAgentMinecraftForge for SecureJarResource(l2damagetracker)
[30Aug2025 17:29:24.354] [main/DEBUG] [mixin/]: MixinPlatformAgentMinecraftForge rejected container SecureJarResource(l2damagetracker)
[30Aug2025 17:29:24.354] [main/DEBUG] [mixin/]: Instancing new MixinPlatformAgentDefault for SecureJarResource(l2damagetracker)
[30Aug2025 17:29:24.354] [main/DEBUG] [mixin/]: MixinPlatformAgentDefault accepted container SecureJarResource(l2damagetracker)
[30Aug2025 17:29:24.354] [main/DEBUG] [mixin/]: Processing prepare() for PlatformAgent[MixinPlatformAgentDefault:SecureJarResource(l2damagetracker)]
[30Aug2025 17:29:24.354] [main/DEBUG] [mixin/]: Registering mixin config: l2damagetracker.mixins.json
[30Aug2025 17:29:24.357] [main/DEBUG] [mixin/]: Adding mixin platform agents for container SecureJarResource(darkspawn)
[30Aug2025 17:29:24.357] [main/DEBUG] [mixin/]: Instancing new MixinPlatformAgentMinecraftForge for SecureJarResource(darkspawn)
[30Aug2025 17:29:24.357] [main/DEBUG] [mixin/]: MixinPlatformAgentMinecraftForge rejected container SecureJarResource(darkspawn)
[30Aug2025 17:29:24.357] [main/DEBUG] [mixin/]: Instancing new MixinPlatformAgentDefault for SecureJarResource(darkspawn)
[30Aug2025 17:29:24.357] [main/DEBUG] [mixin/]: MixinPlatformAgentDefault accepted container SecureJarResource(darkspawn)
[30Aug2025 17:29:24.357] [main/DEBUG] [mixin/]: Processing prepare() for PlatformAgent[MixinPlatformAgentDefault:SecureJarResource(darkspawn)]
[30Aug2025 17:29:24.357] [main/DEBUG] [mixin/]: Adding mixin platform agents for container SecureJarResource(mowziesmobs)
[30Aug2025 17:29:24.357] [main/DEBUG] [mixin/]: Instancing new MixinPlatformAgentMinecraftForge for SecureJarResource(mowziesmobs)
[30Aug2025 17:29:24.358] [main/DEBUG] [mixin/]: MixinPlatformAgentMinecraftForge rejected container SecureJarResource(mowziesmobs)
[30Aug2025 17:29:24.358] [main/DEBUG] [mixin/]: Instancing new MixinPlatformAgentDefault for SecureJarResource(mowziesmobs)
[30Aug2025 17:29:24.358] [main/DEBUG] [mixin/]: MixinPlatformAgentDefault accepted container SecureJarResource(mowziesmobs)
[30Aug2025 17:29:24.358] [main/DEBUG] [mixin/]: Processing prepare() for PlatformAgent[MixinPlatformAgentDefault:SecureJarResource(mowziesmobs)]
[30Aug2025 17:29:24.358] [main/DEBUG] [mixin/]: Registering mixin config: mowziesmobs.mixins.json
[30Aug2025 17:29:24.360] [main/DEBUG] [mixin/]: Adding mixin platform agents for container SecureJarResource(geckolib)
[30Aug2025 17:29:24.360] [main/DEBUG] [mixin/]: Instancing new MixinPlatformAgentMinecraftForge for SecureJarResource(geckolib)
[30Aug2025 17:29:24.360] [main/DEBUG] [mixin/]: MixinPlatformAgentMinecraftForge rejected container SecureJarResource(geckolib)
[30Aug2025 17:29:24.361] [main/DEBUG] [mixin/]: Instancing new MixinPlatformAgentDefault for SecureJarResource(geckolib)
[30Aug2025 17:29:24.361] [main/DEBUG] [mixin/]: MixinPlatformAgentDefault accepted container SecureJarResource(geckolib)
[30Aug2025 17:29:24.361] [main/DEBUG] [mixin/]: Processing prepare() for PlatformAgent[MixinPlatformAgentDefault:SecureJarResource(geckolib)]
[30Aug2025 17:29:24.361] [main/DEBUG] [mixin/]: Registering mixin config: geckolib.mixins.json
[30Aug2025 17:29:24.363] [main/DEBUG] [mixin/]: Adding mixin platform agents for container SecureJarResource(darkbread)
[30Aug2025 17:29:24.363] [main/DEBUG] [mixin/]: Instancing new MixinPlatformAgentMinecraftForge for SecureJarResource(darkbread)
[30Aug2025 17:29:24.363] [main/DEBUG] [mixin/]: MixinPlatformAgentMinecraftForge rejected container SecureJarResource(darkbread)
[30Aug2025 17:29:24.363] [main/DEBUG] [mixin/]: Instancing new MixinPlatformAgentDefault for SecureJarResource(darkbread)
[30Aug2025 17:29:24.363] [main/DEBUG] [mixin/]: MixinPlatformAgentDefault accepted container SecureJarResource(darkbread)
[30Aug2025 17:29:24.363] [main/DEBUG] [mixin/]: Processing prepare() for PlatformAgent[MixinPlatformAgentDefault:SecureJarResource(darkbread)]
[30Aug2025 17:29:24.363] [main/DEBUG] [mixin/]: Adding mixin platform agents for container SecureJarResource(l2tabs)
[30Aug2025 17:29:24.364] [main/DEBUG] [mixin/]: Instancing new MixinPlatformAgentMinecraftForge for SecureJarResource(l2tabs)
[30Aug2025 17:29:24.364] [main/DEBUG] [mixin/]: MixinPlatformAgentMinecraftForge rejected container SecureJarResource(l2tabs)
[30Aug2025 17:29:24.364] [main/DEBUG] [mixin/]: Instancing new MixinPlatformAgentDefault for SecureJarResource(l2tabs)
[30Aug2025 17:29:24.364] [main/DEBUG] [mixin/]: MixinPlatformAgentDefault accepted container SecureJarResource(l2tabs)
[30Aug2025 17:29:24.364] [main/DEBUG] [mixin/]: Processing prepare() for PlatformAgent[MixinPlatformAgentDefault:SecureJarResource(l2tabs)]
[30Aug2025 17:29:24.364] [main/DEBUG] [mixin/]: Registering mixin config: l2tabs.mixins.json
[30Aug2025 17:29:24.366] [main/DEBUG] [mixin/]: Adding mixin platform agents for container SecureJarResource(octolib)
[30Aug2025 17:29:24.366] [main/DEBUG] [mixin/]: Instancing new MixinPlatformAgentMinecraftForge for SecureJarResource(octolib)
[30Aug2025 17:29:24.366] [main/DEBUG] [mixin/]: MixinPlatformAgentMinecraftForge rejected container SecureJarResource(octolib)
[30Aug2025 17:29:24.366] [main/DEBUG] [mixin/]: Instancing new MixinPlatformAgentDefault for SecureJarResource(octolib)
[30Aug2025 17:29:24.367] [main/DEBUG] [mixin/]: MixinPlatformAgentDefault accepted container SecureJarResource(octolib)
[30Aug2025 17:29:24.367] [main/DEBUG] [mixin/]: Processing prepare() for PlatformAgent[MixinPlatformAgentDefault:SecureJarResource(octolib)]
[30Aug2025 17:29:24.367] [main/DEBUG] [mixin/]: Adding mixin platform agents for container SecureJarResource(ancore)
[30Aug2025 17:29:24.367] [main/DEBUG] [mixin/]: Instancing new MixinPlatformAgentMinecraftForge for SecureJarResource(ancore)
[30Aug2025 17:29:24.367] [main/DEBUG] [mixin/]: MixinPlatformAgentMinecraftForge rejected container SecureJarResource(ancore)
[30Aug2025 17:29:24.367] [main/DEBUG] [mixin/]: Instancing new MixinPlatformAgentDefault for SecureJarResource(ancore)
[30Aug2025 17:29:24.367] [main/DEBUG] [mixin/]: MixinPlatformAgentDefault accepted container SecureJarResource(ancore)
[30Aug2025 17:29:24.367] [main/DEBUG] [mixin/]: Processing prepare() for PlatformAgent[MixinPlatformAgentDefault:SecureJarResource(ancore)]
[30Aug2025 17:29:24.367] [main/DEBUG] [mixin/]: Adding mixin platform agents for container SecureJarResource(jei)
[30Aug2025 17:29:24.367] [main/DEBUG] [mixin/]: Instancing new MixinPlatformAgentMinecraftForge for SecureJarResource(jei)
[30Aug2025 17:29:24.367] [main/DEBUG] [mixin/]: MixinPlatformAgentMinecraftForge rejected container SecureJarResource(jei)
[30Aug2025 17:29:24.367] [main/DEBUG] [mixin/]: Instancing new MixinPlatformAgentDefault for SecureJarResource(jei)
[30Aug2025 17:29:24.367] [main/DEBUG] [mixin/]: MixinPlatformAgentDefault accepted container SecureJarResource(jei)
[30Aug2025 17:29:24.367] [main/DEBUG] [mixin/]: Processing prepare() for PlatformAgent[MixinPlatformAgentDefault:SecureJarResource(jei)]
[30Aug2025 17:29:24.367] [main/DEBUG] [mixin/]: Adding mixin platform agents for container SecureJarResource(darksleep)
[30Aug2025 17:29:24.367] [main/DEBUG] [mixin/]: Instancing new MixinPlatformAgentMinecraftForge for SecureJarResource(darksleep)
[30Aug2025 17:29:24.367] [main/DEBUG] [mixin/]: MixinPlatformAgentMinecraftForge rejected container SecureJarResource(darksleep)
[30Aug2025 17:29:24.367] [main/DEBUG] [mixin/]: Instancing new MixinPlatformAgentDefault for SecureJarResource(darksleep)
[30Aug2025 17:29:24.367] [main/DEBUG] [mixin/]: MixinPlatformAgentDefault accepted container SecureJarResource(darksleep)
[30Aug2025 17:29:24.367] [main/DEBUG] [mixin/]: Processing prepare() for PlatformAgent[MixinPlatformAgentDefault:SecureJarResource(darksleep)]
[30Aug2025 17:29:24.367] [main/DEBUG] [mixin/]: Adding mixin platform agents for container SecureJarResource(attributefix)
[30Aug2025 17:29:24.367] [main/DEBUG] [mixin/]: Instancing new MixinPlatformAgentMinecraftForge for SecureJarResource(attributefix)
[30Aug2025 17:29:24.367] [main/DEBUG] [mixin/]: MixinPlatformAgentMinecraftForge rejected container SecureJarResource(attributefix)
[30Aug2025 17:29:24.367] [main/DEBUG] [mixin/]: Instancing new MixinPlatformAgentDefault for SecureJarResource(attributefix)
[30Aug2025 17:29:24.368] [main/DEBUG] [mixin/]: MixinPlatformAgentDefault accepted container SecureJarResource(attributefix)
[30Aug2025 17:29:24.368] [main/DEBUG] [mixin/]: Processing prepare() for PlatformAgent[MixinPlatformAgentDefault:SecureJarResource(attributefix)]
[30Aug2025 17:29:24.368] [main/DEBUG] [mixin/]: Registering mixin config: attributefix.mixins.json
[30Aug2025 17:29:24.370] [main/DEBUG] [mixin/]: Adding mixin platform agents for container SecureJarResource(caelus)
[30Aug2025 17:29:24.370] [main/DEBUG] [mixin/]: Instancing new MixinPlatformAgentMinecraftForge for SecureJarResource(caelus)
[30Aug2025 17:29:24.371] [main/DEBUG] [mixin/]: MixinPlatformAgentMinecraftForge rejected container SecureJarResource(caelus)
[30Aug2025 17:29:24.371] [main/DEBUG] [mixin/]: Instancing new MixinPlatformAgentDefault for SecureJarResource(caelus)
[30Aug2025 17:29:24.371] [main/DEBUG] [mixin/]: MixinPlatformAgentDefault accepted container SecureJarResource(caelus)
[30Aug2025 17:29:24.371] [main/DEBUG] [mixin/]: Processing prepare() for PlatformAgent[MixinPlatformAgentDefault:SecureJarResource(caelus)]
[30Aug2025 17:29:24.371] [main/DEBUG] [mixin/]: Registering mixin config: caelus.mixins.json
[30Aug2025 17:29:24.374] [main/DEBUG] [mixin/]: Adding mixin platform agents for container SecureJarResource(obscure_api)
[30Aug2025 17:29:24.374] [main/DEBUG] [mixin/]: Instancing new MixinPlatformAgentMinecraftForge for SecureJarResource(obscure_api)
[30Aug2025 17:29:24.374] [main/DEBUG] [mixin/]: MixinPlatformAgentMinecraftForge rejected container SecureJarResource(obscure_api)
[30Aug2025 17:29:24.374] [main/DEBUG] [mixin/]: Instancing new MixinPlatformAgentDefault for SecureJarResource(obscure_api)
[30Aug2025 17:29:24.374] [main/DEBUG] [mixin/]: MixinPlatformAgentDefault accepted container SecureJarResource(obscure_api)
[30Aug2025 17:29:24.374] [main/DEBUG] [mixin/]: Processing prepare() for PlatformAgent[MixinPlatformAgentDefault:SecureJarResource(obscure_api)]
[30Aug2025 17:29:24.375] [main/DEBUG] [mixin/]: Registering mixin config: obscure_api.mixins.json
[30Aug2025 17:29:24.378] [main/DEBUG] [mixin/]: Adding mixin platform agents for container SecureJarResource(geckoanimfix)
[30Aug2025 17:29:24.378] [main/DEBUG] [mixin/]: Instancing new MixinPlatformAgentMinecraftForge for SecureJarResource(geckoanimfix)
[30Aug2025 17:29:24.378] [main/DEBUG] [mixin/]: MixinPlatformAgentMinecraftForge rejected container SecureJarResource(geckoanimfix)
[30Aug2025 17:29:24.378] [main/DEBUG] [mixin/]: Instancing new MixinPlatformAgentDefault for SecureJarResource(geckoanimfix)
[30Aug2025 17:29:24.379] [main/DEBUG] [mixin/]: MixinPlatformAgentDefault accepted container SecureJarResource(geckoanimfix)
[30Aug2025 17:29:24.379] [main/DEBUG] [mixin/]: Processing prepare() for PlatformAgent[MixinPlatformAgentDefault:SecureJarResource(geckoanimfix)]
[30Aug2025 17:29:24.379] [main/DEBUG] [mixin/]: Registering mixin config: geckoanimfix.forge.mixins.json
[30Aug2025 17:29:24.380] [main/DEBUG] [mixin/]: Compatibility level JAVA_16 specified by geckoanimfix.forge.mixins.json is higher than the maximum level supported by this version of mixin (JAVA_13).
[30Aug2025 17:29:24.381] [main/ERROR] [mixin/]: Mixin config geckoanimfix.forge.mixins.json does not specify "minVersion" property
[30Aug2025 17:29:24.381] [main/DEBUG] [mixin/]: Adding mixin platform agents for container SecureJarResource(clumps)
[30Aug2025 17:29:24.381] [main/DEBUG] [mixin/]: Instancing new MixinPlatformAgentMinecraftForge for SecureJarResource(clumps)
[30Aug2025 17:29:24.381] [main/DEBUG] [mixin/]: MixinPlatformAgentMinecraftForge rejected container SecureJarResource(clumps)
[30Aug2025 17:29:24.382] [main/DEBUG] [mixin/]: Instancing new MixinPlatformAgentDefault for SecureJarResource(clumps)
[30Aug2025 17:29:24.382] [main/DEBUG] [mixin/]: MixinPlatformAgentDefault accepted container SecureJarResource(clumps)
[30Aug2025 17:29:24.382] [main/DEBUG] [mixin/]: Processing prepare() for PlatformAgent[MixinPlatformAgentDefault:SecureJarResource(clumps)]
[30Aug2025 17:29:24.382] [main/DEBUG] [mixin/]: Registering mixin config: clumps.mixins.json
[30Aug2025 17:29:24.384] [main/DEBUG] [mixin/]: Adding mixin platform agents for container SecureJarResource(darkzoom)
[30Aug2025 17:29:24.384] [main/DEBUG] [mixin/]: Instancing new MixinPlatformAgentMinecraftForge for SecureJarResource(darkzoom)
[30Aug2025 17:29:24.384] [main/DEBUG] [mixin/]: MixinPlatformAgentMinecraftForge rejected container SecureJarResource(darkzoom)
[30Aug2025 17:29:24.385] [main/DEBUG] [mixin/]: Instancing new MixinPlatformAgentDefault for SecureJarResource(darkzoom)
[30Aug2025 17:29:24.385] [main/DEBUG] [mixin/]: MixinPlatformAgentDefault accepted container SecureJarResource(darkzoom)
[30Aug2025 17:29:24.385] [main/DEBUG] [mixin/]: Processing prepare() for PlatformAgent[MixinPlatformAgentDefault:SecureJarResource(darkzoom)]
[30Aug2025 17:29:24.385] [main/DEBUG] [mixin/]: Adding mixin platform agents for container SecureJarResource(comforts)
[30Aug2025 17:29:24.385] [main/DEBUG] [mixin/]: Instancing new MixinPlatformAgentMinecraftForge for SecureJarResource(comforts)
[30Aug2025 17:29:24.385] [main/DEBUG] [mixin/]: MixinPlatformAgentMinecraftForge rejected container SecureJarResource(comforts)
[30Aug2025 17:29:24.385] [main/DEBUG] [mixin/]: Instancing new MixinPlatformAgentDefault for SecureJarResource(comforts)
[30Aug2025 17:29:24.385] [main/DEBUG] [mixin/]: MixinPlatformAgentDefault accepted container SecureJarResource(comforts)
[30Aug2025 17:29:24.385] [main/DEBUG] [mixin/]: Processing prepare() for PlatformAgent[MixinPlatformAgentDefault:SecureJarResource(comforts)]
[30Aug2025 17:29:24.385] [main/DEBUG] [mixin/]: Registering mixin config: comforts.mixins.json
[30Aug2025 17:29:24.392] [main/DEBUG] [mixin/]: Adding mixin platform agents for container SecureJarResource(artifacts)
[30Aug2025 17:29:24.392] [main/DEBUG] [mixin/]: Instancing new MixinPlatformAgentMinecraftForge for SecureJarResource(artifacts)
[30Aug2025 17:29:24.392] [main/DEBUG] [mixin/]: MixinPlatformAgentMinecraftForge rejected container SecureJarResource(artifacts)
[30Aug2025 17:29:24.392] [main/DEBUG] [mixin/]: Instancing new MixinPlatformAgentDefault for SecureJarResource(artifacts)
[30Aug2025 17:29:24.392] [main/DEBUG] [mixin/]: MixinPlatformAgentDefault accepted container SecureJarResource(artifacts)
[30Aug2025 17:29:24.392] [main/DEBUG] [mixin/]: Processing prepare() for PlatformAgent[MixinPlatformAgentDefault:SecureJarResource(artifacts)]
[30Aug2025 17:29:24.392] [main/DEBUG] [mixin/]: Registering mixin config: mixins.artifacts.common.json
[30Aug2025 17:29:24.394] [main/DEBUG] [mixin/]: Registering mixin config: mixins.artifacts.forge.json
[30Aug2025 17:29:24.400] [main/DEBUG] [mixin/]: Adding mixin platform agents for container SecureJarResource(configured)
[30Aug2025 17:29:24.401] [main/DEBUG] [mixin/]: Instancing new MixinPlatformAgentMinecraftForge for SecureJarResource(configured)
[30Aug2025 17:29:24.401] [main/DEBUG] [mixin/]: MixinPlatformAgentMinecraftForge rejected container SecureJarResource(configured)
[30Aug2025 17:29:24.401] [main/DEBUG] [mixin/]: Instancing new MixinPlatformAgentDefault for SecureJarResource(configured)
[30Aug2025 17:29:24.401] [main/DEBUG] [mixin/]: MixinPlatformAgentDefault accepted container SecureJarResource(configured)
[30Aug2025 17:29:24.401] [main/DEBUG] [mixin/]: Processing prepare() for PlatformAgent[MixinPlatformAgentDefault:SecureJarResource(configured)]
[30Aug2025 17:29:24.401] [main/DEBUG] [mixin/]: Registering mixin config: configured.common.mixins.json
[30Aug2025 17:29:24.410] [main/DEBUG] [mixin/]: Adding mixin platform agents for container SecureJarResource(l2screentracker)
[30Aug2025 17:29:24.411] [main/DEBUG] [mixin/]: Instancing new MixinPlatformAgentMinecraftForge for SecureJarResource(l2screentracker)
[30Aug2025 17:29:24.411] [main/DEBUG] [mixin/]: MixinPlatformAgentMinecraftForge rejected container SecureJarResource(l2screentracker)
[30Aug2025 17:29:24.412] [main/DEBUG] [mixin/]: Instancing new MixinPlatformAgentDefault for SecureJarResource(l2screentracker)
[30Aug2025 17:29:24.412] [main/DEBUG] [mixin/]: MixinPlatformAgentDefault accepted container SecureJarResource(l2screentracker)
[30Aug2025 17:29:24.412] [main/DEBUG] [mixin/]: Processing prepare() for PlatformAgent[MixinPlatformAgentDefault:SecureJarResource(l2screentracker)]
[30Aug2025 17:29:24.412] [main/DEBUG] [mixin/]: Registering mixin config: l2screentracker.mixins.json
[30Aug2025 17:29:24.414] [main/DEBUG] [mixin/]: Adding mixin platform agents for container SecureJarResource(myserveriscompatible)
[30Aug2025 17:29:24.414] [main/DEBUG] [mixin/]: Instancing new MixinPlatformAgentMinecraftForge for SecureJarResource(myserveriscompatible)
[30Aug2025 17:29:24.414] [main/DEBUG] [mixin/]: MixinPlatformAgentMinecraftForge rejected container SecureJarResource(myserveriscompatible)
[30Aug2025 17:29:24.414] [main/DEBUG] [mixin/]: Instancing new MixinPlatformAgentDefault for SecureJarResource(myserveriscompatible)
[30Aug2025 17:29:24.414] [main/DEBUG] [mixin/]: MixinPlatformAgentDefault accepted container SecureJarResource(myserveriscompatible)
[30Aug2025 17:29:24.414] [main/DEBUG] [mixin/]: Processing prepare() for PlatformAgent[MixinPlatformAgentDefault:SecureJarResource(myserveriscompatible)]
[30Aug2025 17:29:24.414] [main/DEBUG] [mixin/]: Registering mixin config: myserveriscompatible.mixins.json
[30Aug2025 17:29:24.417] [main/DEBUG] [mixin/]: Adding mixin platform agents for container SecureJarResource(badmobs)
[30Aug2025 17:29:24.417] [main/DEBUG] [mixin/]: Instancing new MixinPlatformAgentMinecraftForge for SecureJarResource(badmobs)
[30Aug2025 17:29:24.417] [main/DEBUG] [mixin/]: MixinPlatformAgentMinecraftForge rejected container SecureJarResource(badmobs)
[30Aug2025 17:29:24.418] [main/DEBUG] [mixin/]: Instancing new MixinPlatformAgentDefault for SecureJarResource(badmobs)
[30Aug2025 17:29:24.418] [main/DEBUG] [mixin/]: MixinPlatformAgentDefault accepted container SecureJarResource(badmobs)
[30Aug2025 17:29:24.418] [main/DEBUG] [mixin/]: Processing prepare() for PlatformAgent[MixinPlatformAgentDefault:SecureJarResource(badmobs)]
[30Aug2025 17:29:24.418] [main/DEBUG] [mixin/]: Adding mixin platform agents for container SecureJarResource(starlight)
[30Aug2025 17:29:24.418] [main/DEBUG] [mixin/]: Instancing new MixinPlatformAgentMinecraftForge for SecureJarResource(starlight)
[30Aug2025 17:29:24.418] [main/DEBUG] [mixin/]: MixinPlatformAgentMinecraftForge rejected container SecureJarResource(starlight)
[30Aug2025 17:29:24.418] [main/DEBUG] [mixin/]: Instancing new MixinPlatformAgentDefault for SecureJarResource(starlight)
[30Aug2025 17:29:24.418] [main/DEBUG] [mixin/]: MixinPlatformAgentDefault accepted container SecureJarResource(starlight)
[30Aug2025 17:29:24.419] [main/DEBUG] [mixin/]: Processing prepare() for PlatformAgent[MixinPlatformAgentDefault:SecureJarResource(starlight)]
[30Aug2025 17:29:24.419] [main/DEBUG] [mixin/]: Registering mixin config: starlight.mixins.json
[30Aug2025 17:29:24.421] [main/DEBUG] [mixin/]: Adding mixin platform agents for container SecureJarResource(creature_compendium)
[30Aug2025 17:29:24.421] [main/DEBUG] [mixin/]: Instancing new MixinPlatformAgentMinecraftForge for SecureJarResource(creature_compendium)
[30Aug2025 17:29:24.421] [main/DEBUG] [mixin/]: MixinPlatformAgentMinecraftForge rejected container SecureJarResource(creature_compendium)
[30Aug2025 17:29:24.421] [main/DEBUG] [mixin/]: Instancing new MixinPlatformAgentDefault for SecureJarResource(creature_compendium)
[30Aug2025 17:29:24.421] [main/DEBUG] [mixin/]: MixinPlatformAgentDefault accepted container SecureJarResource(creature_compendium)
[30Aug2025 17:29:24.421] [main/DEBUG] [mixin/]: Processing prepare() for PlatformAgent[MixinPlatformAgentDefault:SecureJarResource(creature_compendium)]
[30Aug2025 17:29:24.421] [main/DEBUG] [mixin/]: Registering mixin config: creature_compendium.mixins.json
[30Aug2025 17:29:24.426] [main/DEBUG] [mixin/]: Adding mixin platform agents for container SecureJarResource(iceandfire)
[30Aug2025 17:29:24.426] [main/DEBUG] [mixin/]: Instancing new MixinPlatformAgentMinecraftForge for SecureJarResource(iceandfire)
[30Aug2025 17:29:24.426] [main/DEBUG] [mixin/]: MixinPlatformAgentMinecraftForge rejected container SecureJarResource(iceandfire)
[30Aug2025 17:29:24.426] [main/DEBUG] [mixin/]: Instancing new MixinPlatformAgentDefault for SecureJarResource(iceandfire)
[30Aug2025 17:29:24.426] [main/DEBUG] [mixin/]: MixinPlatformAgentDefault accepted container SecureJarResource(iceandfire)
[30Aug2025 17:29:24.426] [main/DEBUG] [mixin/]: Processing prepare() for PlatformAgent[MixinPlatformAgentDefault:SecureJarResource(iceandfire)]
[30Aug2025 17:29:24.427] [main/DEBUG] [mixin/]: Registering mixin config: iceandfire.mixins.json
[30Aug2025 17:29:24.430] [main/DEBUG] [mixin/]: Adding mixin platform agents for container SecureJarResource(davespotioneering)
[30Aug2025 17:29:24.430] [main/DEBUG] [mixin/]: Instancing new MixinPlatformAgentMinecraftForge for SecureJarResource(davespotioneering)
[30Aug2025 17:29:24.430] [main/DEBUG] [mixin/]: MixinPlatformAgentMinecraftForge rejected container SecureJarResource(davespotioneering)
[30Aug2025 17:29:24.430] [main/DEBUG] [mixin/]: Instancing new MixinPlatformAgentDefault for SecureJarResource(davespotioneering)
[30Aug2025 17:29:24.430] [main/DEBUG] [mixin/]: MixinPlatformAgentDefault accepted container SecureJarResource(davespotioneering)
[30Aug2025 17:29:24.430] [main/DEBUG] [mixin/]: Processing prepare() for PlatformAgent[MixinPlatformAgentDefault:SecureJarResource(davespotioneering)]
[30Aug2025 17:29:24.430] [main/DEBUG] [mixin/]: Registering mixin config: davespotioneering.mixins.json
[30Aug2025 17:29:24.432] [main/DEBUG] [mixin/]: Registering mixin config: davespotioneering.forge.mixins.json
[30Aug2025 17:29:24.435] [main/DEBUG] [mixin/]: Adding mixin platform agents for container SecureJarResource(forge)
[30Aug2025 17:29:24.435] [main/DEBUG] [mixin/]: Instancing new MixinPlatformAgentMinecraftForge for SecureJarResource(forge)
[30Aug2025 17:29:24.435] [main/DEBUG] [mixin/]: MixinPlatformAgentMinecraftForge rejected container SecureJarResource(forge)
[30Aug2025 17:29:24.435] [main/DEBUG] [mixin/]: Instancing new MixinPlatformAgentDefault for SecureJarResource(forge)
[30Aug2025 17:29:24.436] [main/DEBUG] [mixin/]: MixinPlatformAgentDefault accepted container SecureJarResource(forge)
[30Aug2025 17:29:24.437] [main/DEBUG] [mixin/]: Processing prepare() for PlatformAgent[MixinPlatformAgentDefault:SecureJarResource(forge)]
[30Aug2025 17:29:24.437] [main/DEBUG] [mixin/]: Adding mixin platform agents for container SecureJarResource(logbegone)
[30Aug2025 17:29:24.437] [main/DEBUG] [mixin/]: Instancing new MixinPlatformAgentMinecraftForge for SecureJarResource(logbegone)
[30Aug2025 17:29:24.437] [main/DEBUG] [mixin/]: MixinPlatformAgentMinecraftForge rejected container SecureJarResource(logbegone)
[30Aug2025 17:29:24.438] [main/DEBUG] [mixin/]: Instancing new MixinPlatformAgentDefault for SecureJarResource(logbegone)
[30Aug2025 17:29:24.438] [main/DEBUG] [mixin/]: MixinPlatformAgentDefault accepted container SecureJarResource(logbegone)
[30Aug2025 17:29:24.438] [main/DEBUG] [mixin/]: Processing prepare() for PlatformAgent[MixinPlatformAgentDefault:SecureJarResource(logbegone)]
[30Aug2025 17:29:24.438] [main/DEBUG] [mixin/]: Adding mixin platform agents for container SecureJarResource(minecraft)
[30Aug2025 17:29:24.438] [main/DEBUG] [mixin/]: Instancing new MixinPlatformAgentMinecraftForge for SecureJarResource(minecraft)
[30Aug2025 17:29:24.438] [main/DEBUG] [mixin/]: MixinPlatformAgentMinecraftForge rejected container SecureJarResource(minecraft)
[30Aug2025 17:29:24.438] [main/DEBUG] [mixin/]: Instancing new MixinPlatformAgentDefault for SecureJarResource(minecraft)
[30Aug2025 17:29:24.438] [main/DEBUG] [mixin/]: MixinPlatformAgentDefault accepted container SecureJarResource(minecraft)
[30Aug2025 17:29:24.438] [main/DEBUG] [mixin/]: Processing prepare() for PlatformAgent[MixinPlatformAgentDefault:SecureJarResource(minecraft)]
[30Aug2025 17:29:24.438] [main/DEBUG] [mixin/]: Adding mixin platform agents for container SecureJarResource(chest_golems)
[30Aug2025 17:29:24.438] [main/DEBUG] [mixin/]: Instancing new MixinPlatformAgentMinecraftForge for SecureJarResource(chest_golems)
[30Aug2025 17:29:24.438] [main/DEBUG] [mixin/]: MixinPlatformAgentMinecraftForge rejected container SecureJarResource(chest_golems)
[30Aug2025 17:29:24.438] [main/DEBUG] [mixin/]: Instancing new MixinPlatformAgentDefault for SecureJarResource(chest_golems)
[30Aug2025 17:29:24.438] [main/DEBUG] [mixin/]: MixinPlatformAgentDefault accepted container SecureJarResource(chest_golems)
[30Aug2025 17:29:24.438] [main/DEBUG] [mixin/]: Processing prepare() for PlatformAgent[MixinPlatformAgentDefault:SecureJarResource(chest_golems)]
[30Aug2025 17:29:24.438] [main/DEBUG] [mixin/]: Adding mixin platform agents for container SecureJarResource(mutant_addition_mod)
[30Aug2025 17:29:24.438] [main/DEBUG] [mixin/]: Instancing new MixinPlatformAgentMinecraftForge for SecureJarResource(mutant_addition_mod)
[30Aug2025 17:29:24.438] [main/DEBUG] [mixin/]: MixinPlatformAgentMinecraftForge rejected container SecureJarResource(mutant_addition_mod)
[30Aug2025 17:29:24.438] [main/DEBUG] [mixin/]: Instancing new MixinPlatformAgentDefault for SecureJarResource(mutant_addition_mod)
[30Aug2025 17:29:24.438] [main/DEBUG] [mixin/]: MixinPlatformAgentDefault accepted container SecureJarResource(mutant_addition_mod)
[30Aug2025 17:29:24.438] [main/DEBUG] [mixin/]: Processing prepare() for PlatformAgent[MixinPlatformAgentDefault:SecureJarResource(mutant_addition_mod)]
[30Aug2025 17:29:24.438] [main/DEBUG] [mixin/]: Adding mixin platform agents for container SecureJarResource(wolm)
[30Aug2025 17:29:24.438] [main/DEBUG] [mixin/]: Instancing new MixinPlatformAgentMinecraftForge for SecureJarResource(wolm)
[30Aug2025 17:29:24.438] [main/DEBUG] [mixin/]: MixinPlatformAgentMinecraftForge rejected container SecureJarResource(wolm)
[30Aug2025 17:29:24.438] [main/DEBUG] [mixin/]: Instancing new MixinPlatformAgentDefault for SecureJarResource(wolm)
[30Aug2025 17:29:24.438] [main/DEBUG] [mixin/]: MixinPlatformAgentDefault accepted container SecureJarResource(wolm)
[30Aug2025 17:29:24.438] [main/DEBUG] [mixin/]: Processing prepare() for PlatformAgent[MixinPlatformAgentDefault:SecureJarResource(wolm)]
[30Aug2025 17:29:24.438] [main/DEBUG] [mixin/]: Adding mixin platform agents for container SecureJarResource(netherite_fusion)
[30Aug2025 17:29:24.438] [main/DEBUG] [mixin/]: Instancing new MixinPlatformAgentMinecraftForge for SecureJarResource(netherite_fusion)
[30Aug2025 17:29:24.438] [main/DEBUG] [mixin/]: MixinPlatformAgentMinecraftForge rejected container SecureJarResource(netherite_fusion)
[30Aug2025 17:29:24.438] [main/DEBUG] [mixin/]: Instancing new MixinPlatformAgentDefault for SecureJarResource(netherite_fusion)
[30Aug2025 17:29:24.438] [main/DEBUG] [mixin/]: MixinPlatformAgentDefault accepted container SecureJarResource(netherite_fusion)
[30Aug2025 17:29:24.439] [main/DEBUG] [mixin/]: Processing prepare() for PlatformAgent[MixinPlatformAgentDefault:SecureJarResource(netherite_fusion)]
[30Aug2025 17:29:24.439] [main/DEBUG] [mixin/]: Adding mixin platform agents for container SecureJarResource(cofh_core)
[30Aug2025 17:29:24.439] [main/DEBUG] [mixin/]: Instancing new MixinPlatformAgentMinecraftForge for SecureJarResource(cofh_core)
[30Aug2025 17:29:24.439] [main/DEBUG] [mixin/]: MixinPlatformAgentMinecraftForge rejected container SecureJarResource(cofh_core)
[30Aug2025 17:29:24.439] [main/DEBUG] [mixin/]: Instancing new MixinPlatformAgentDefault for SecureJarResource(cofh_core)
[30Aug2025 17:29:24.439] [main/DEBUG] [mixin/]: MixinPlatformAgentDefault accepted container SecureJarResource(cofh_core)
[30Aug2025 17:29:24.439] [main/DEBUG] [mixin/]: Processing prepare() for PlatformAgent[MixinPlatformAgentDefault:SecureJarResource(cofh_core)]
[30Aug2025 17:29:24.439] [main/DEBUG] [mixin/]: Registering mixin config: mixins.cofhcore.json
[30Aug2025 17:29:24.441] [main/DEBUG] [mixin/]: Adding mixin platform agents for container SecureJarResource(ensorcellation)
[30Aug2025 17:29:24.442] [main/DEBUG] [mixin/]: Instancing new MixinPlatformAgentMinecraftForge for SecureJarResource(ensorcellation)
[30Aug2025 17:29:24.442] [main/DEBUG] [mixin/]: MixinPlatformAgentMinecraftForge rejected container SecureJarResource(ensorcellation)
[30Aug2025 17:29:24.442] [main/DEBUG] [mixin/]: Instancing new MixinPlatformAgentDefault for SecureJarResource(ensorcellation)
[30Aug2025 17:29:24.443] [main/DEBUG] [mixin/]: MixinPlatformAgentDefault accepted container SecureJarResource(ensorcellation)
[30Aug2025 17:29:24.443] [main/DEBUG] [mixin/]: Processing prepare() for PlatformAgent[MixinPlatformAgentDefault:SecureJarResource(ensorcellation)]
[30Aug2025 17:29:24.443] [main/DEBUG] [mixin/]: Registering mixin config: mixins.ensorcellation.json
[30Aug2025 17:29:24.445] [main/DEBUG] [mixin/]: Adding mixin platform agents for container SecureJarResource(curioscompat)
[30Aug2025 17:29:24.445] [main/DEBUG] [mixin/]: Instancing new MixinPlatformAgentMinecraftForge for SecureJarResource(curioscompat)
[30Aug2025 17:29:24.445] [main/DEBUG] [mixin/]: MixinPlatformAgentMinecraftForge rejected container SecureJarResource(curioscompat)
[30Aug2025 17:29:24.445] [main/DEBUG] [mixin/]: Instancing new MixinPlatformAgentDefault for SecureJarResource(curioscompat)
[30Aug2025 17:29:24.445] [main/DEBUG] [mixin/]: MixinPlatformAgentDefault accepted container SecureJarResource(curioscompat)
[30Aug2025 17:29:24.445] [main/DEBUG] [mixin/]: Processing prepare() for PlatformAgent[MixinPlatformAgentDefault:SecureJarResource(curioscompat)]
[30Aug2025 17:29:24.445] [main/DEBUG] [mixin/]: Adding mixin platform agents for container SecureJarResource(radiantgear)
[30Aug2025 17:29:24.445] [main/DEBUG] [mixin/]: Instancing new MixinPlatformAgentMinecraftForge for SecureJarResource(radiantgear)
[30Aug2025 17:29:24.445] [main/DEBUG] [mixin/]: MixinPlatformAgentMinecraftForge rejected container SecureJarResource(radiantgear)
[30Aug2025 17:29:24.445] [main/DEBUG] [mixin/]: Instancing new MixinPlatformAgentDefault for SecureJarResource(radiantgear)
[30Aug2025 17:29:24.445] [main/DEBUG] [mixin/]: MixinPlatformAgentDefault accepted container SecureJarResource(radiantgear)
[30Aug2025 17:29:24.445] [main/DEBUG] [mixin/]: Processing prepare() for PlatformAgent[MixinPlatformAgentDefault:SecureJarResource(radiantgear)]
[30Aug2025 17:29:24.445] [main/DEBUG] [mixin/]: Adding mixin platform agents for container SecureJarResource(bettercombat)
[30Aug2025 17:29:24.445] [main/DEBUG] [mixin/]: Instancing new MixinPlatformAgentMinecraftForge for SecureJarResource(bettercombat)
[30Aug2025 17:29:24.445] [main/DEBUG] [mixin/]: MixinPlatformAgentMinecraftForge rejected container SecureJarResource(bettercombat)
[30Aug2025 17:29:24.445] [main/DEBUG] [mixin/]: Instancing new MixinPlatformAgentDefault for SecureJarResource(bettercombat)
[30Aug2025 17:29:24.445] [main/DEBUG] [mixin/]: MixinPlatformAgentDefault accepted container SecureJarResource(bettercombat)
[30Aug2025 17:29:24.445] [main/DEBUG] [mixin/]: Processing prepare() for PlatformAgent[MixinPlatformAgentDefault:SecureJarResource(bettercombat)]
[30Aug2025 17:29:24.445] [main/DEBUG] [mixin/]: Registering mixin config: bettercombat.mixins.json
[30Aug2025 17:29:24.449] [main/DEBUG] [mixin/]: Adding mixin platform agents for container SecureJarResource(toolbelt)
[30Aug2025 17:29:24.449] [main/DEBUG] [mixin/]: Instancing new MixinPlatformAgentMinecraftForge for SecureJarResource(toolbelt)
[30Aug2025 17:29:24.449] [main/DEBUG] [mixin/]: MixinPlatformAgentMinecraftForge rejected container SecureJarResource(toolbelt)
[30Aug2025 17:29:24.449] [main/DEBUG] [mixin/]: Instancing new MixinPlatformAgentDefault for SecureJarResource(toolbelt)
[30Aug2025 17:29:24.449] [main/DEBUG] [mixin/]: MixinPlatformAgentDefault accepted container SecureJarResource(toolbelt)
[30Aug2025 17:29:24.451] [main/DEBUG] [mixin/]: Processing prepare() for PlatformAgent[MixinPlatformAgentDefault:SecureJarResource(toolbelt)]
[30Aug2025 17:29:24.451] [main/DEBUG] [mixin/]: Adding mixin platform agents for container SecureJarResource(justenoughbreeding)
[30Aug2025 17:29:24.451] [main/DEBUG] [mixin/]: Instancing new MixinPlatformAgentMinecraftForge for SecureJarResource(justenoughbreeding)
[30Aug2025 17:29:24.451] [main/DEBUG] [mixin/]: MixinPlatformAgentMinecraftForge rejected container SecureJarResource(justenoughbreeding)
[30Aug2025 17:29:24.452] [main/DEBUG] [mixin/]: Instancing new MixinPlatformAgentDefault for SecureJarResource(justenoughbreeding)
[30Aug2025 17:29:24.452] [main/DEBUG] [mixin/]: MixinPlatformAgentDefault accepted container SecureJarResource(justenoughbreeding)
[30Aug2025 17:29:24.452] [main/DEBUG] [mixin/]: Processing prepare() for PlatformAgent[MixinPlatformAgentDefault:SecureJarResource(justenoughbreeding)]
[30Aug2025 17:29:24.452] [main/DEBUG] [mixin/]: Adding mixin platform agents for container SecureJarResource(darkheads)
[30Aug2025 17:29:24.452] [main/DEBUG] [mixin/]: Instancing new MixinPlatformAgentMinecraftForge for SecureJarResource(darkheads)
[30Aug2025 17:29:24.452] [main/DEBUG] [mixin/]: MixinPlatformAgentMinecraftForge rejected container SecureJarResource(darkheads)
[30Aug2025 17:29:24.452] [main/DEBUG] [mixin/]: Instancing new MixinPlatformAgentDefault for SecureJarResource(darkheads)
[30Aug2025 17:29:24.452] [main/DEBUG] [mixin/]: MixinPlatformAgentDefault accepted container SecureJarResource(darkheads)
[30Aug2025 17:29:24.452] [main/DEBUG] [mixin/]: Processing prepare() for PlatformAgent[MixinPlatformAgentDefault:SecureJarResource(darkheads)]
[30Aug2025 17:29:24.452] [main/DEBUG] [mixin/]: Adding mixin platform agents for container SecureJarResource(spectrelib)
[30Aug2025 17:29:24.452] [main/DEBUG] [mixin/]: Instancing new MixinPlatformAgentMinecraftForge for SecureJarResource(spectrelib)
[30Aug2025 17:29:24.452] [main/DEBUG] [mixin/]: MixinPlatformAgentMinecraftForge rejected container SecureJarResource(spectrelib)
[30Aug2025 17:29:24.452] [main/DEBUG] [mixin/]: Instancing new MixinPlatformAgentDefault for SecureJarResource(spectrelib)
[30Aug2025 17:29:24.452] [main/DEBUG] [mixin/]: MixinPlatformAgentDefault accepted container SecureJarResource(spectrelib)
[30Aug2025 17:29:24.452] [main/DEBUG] [mixin/]: Processing prepare() for PlatformAgent[MixinPlatformAgentDefault:SecureJarResource(spectrelib)]
[30Aug2025 17:29:24.452] [main/DEBUG] [mixin/]: Adding mixin platform agents for container SecureJarResource(modulargolems)
[30Aug2025 17:29:24.452] [main/DEBUG] [mixin/]: Instancing new MixinPlatformAgentMinecraftForge for SecureJarResource(modulargolems)
[30Aug2025 17:29:24.452] [main/DEBUG] [mixin/]: MixinPlatformAgentMinecraftForge rejected container SecureJarResource(modulargolems)
[30Aug2025 17:29:24.452] [main/DEBUG] [mixin/]: Instancing new MixinPlatformAgentDefault for SecureJarResource(modulargolems)
[30Aug2025 17:29:24.452] [main/DEBUG] [mixin/]: MixinPlatformAgentDefault accepted container SecureJarResource(modulargolems)
[30Aug2025 17:29:24.452] [main/DEBUG] [mixin/]: Processing prepare() for PlatformAgent[MixinPlatformAgentDefault:SecureJarResource(modulargolems)]
[30Aug2025 17:29:24.452] [main/DEBUG] [mixin/]: Registering mixin config: modulargolems.mixins.json
[30Aug2025 17:29:24.455] [main/DEBUG] [mixin/]: Adding mixin platform agents for container SecureJarResource(darkrtp)
[30Aug2025 17:29:24.456] [main/DEBUG] [mixin/]: Instancing new MixinPlatformAgentMinecraftForge for SecureJarResource(darkrtp)
[30Aug2025 17:29:24.456] [main/DEBUG] [mixin/]: MixinPlatformAgentMinecraftForge rejected container SecureJarResource(darkrtp)
[30Aug2025 17:29:24.456] [main/DEBUG] [mixin/]: Instancing new MixinPlatformAgentDefault for SecureJarResource(darkrtp)
[30Aug2025 17:29:24.456] [main/DEBUG] [mixin/]: MixinPlatformAgentDefault accepted container SecureJarResource(darkrtp)
[30Aug2025 17:29:24.456] [main/DEBUG] [mixin/]: Processing prepare() for PlatformAgent[MixinPlatformAgentDefault:SecureJarResource(darkrtp)]
[30Aug2025 17:29:24.456] [main/DEBUG] [mixin/]: Adding mixin platform agents for container SecureJarResource(reliquary)
[30Aug2025 17:29:24.456] [main/DEBUG] [mixin/]: Instancing new MixinPlatformAgentMinecraftForge for SecureJarResource(reliquary)
[30Aug2025 17:29:24.456] [main/DEBUG] [mixin/]: MixinPlatformAgentMinecraftForge rejected container SecureJarResource(reliquary)
[30Aug2025 17:29:24.456] [main/DEBUG] [mixin/]: Instancing new MixinPlatformAgentDefault for SecureJarResource(reliquary)
[30Aug2025 17:29:24.456] [main/DEBUG] [mixin/]: MixinPlatformAgentDefault accepted container SecureJarResource(reliquary)
[30Aug2025 17:29:24.456] [main/DEBUG] [mixin/]: Processing prepare() for PlatformAgent[MixinPlatformAgentDefault:SecureJarResource(reliquary)]
[30Aug2025 17:29:24.456] [main/DEBUG] [mixin/]: Adding mixin platform agents for container SecureJarResource(xaerominimap)
[30Aug2025 17:29:24.456] [main/DEBUG] [mixin/]: Instancing new MixinPlatformAgentMinecraftForge for SecureJarResource(xaerominimap)
[30Aug2025 17:29:24.456] [main/DEBUG] [mixin/]: MixinPlatformAgentMinecraftForge rejected container SecureJarResource(xaerominimap)
[30Aug2025 17:29:24.456] [main/DEBUG] [mixin/]: Instancing new MixinPlatformAgentDefault for SecureJarResource(xaerominimap)
[30Aug2025 17:29:24.456] [main/DEBUG] [mixin/]: MixinPlatformAgentDefault accepted container SecureJarResource(xaerominimap)
[30Aug2025 17:29:24.456] [main/DEBUG] [mixin/]: Processing prepare() for PlatformAgent[MixinPlatformAgentDefault:SecureJarResource(xaerominimap)]
[30Aug2025 17:29:24.456] [main/DEBUG] [mixin/]: Adding mixin platform agents for container SecureJarResource(experienceobelisk)
[30Aug2025 17:29:24.456] [main/DEBUG] [mixin/]: Instancing new MixinPlatformAgentMinecraftForge for SecureJarResource(experienceobelisk)
[30Aug2025 17:29:24.456] [main/DEBUG] [mixin/]: MixinPlatformAgentMinecraftForge rejected container SecureJarResource(experienceobelisk)
[30Aug2025 17:29:24.456] [main/DEBUG] [mixin/]: Instancing new MixinPlatformAgentDefault for SecureJarResource(experienceobelisk)
[30Aug2025 17:29:24.456] [main/DEBUG] [mixin/]: MixinPlatformAgentDefault accepted container SecureJarResource(experienceobelisk)
[30Aug2025 17:29:24.456] [main/DEBUG] [mixin/]: Processing prepare() for PlatformAgent[MixinPlatformAgentDefault:SecureJarResource(experienceobelisk)]
[30Aug2025 17:29:24.456] [main/DEBUG] [mixin/]: Adding mixin platform agents for container SecureJarResource(polymorph)
[30Aug2025 17:29:24.456] [main/DEBUG] [mixin/]: Instancing new MixinPlatformAgentMinecraftForge for SecureJarResource(polymorph)
[30Aug2025 17:29:24.457] [main/DEBUG] [mixin/]: MixinPlatformAgentMinecraftForge rejected container SecureJarResource(polymorph)
[30Aug2025 17:29:24.457] [main/DEBUG] [mixin/]: Instancing new MixinPlatformAgentDefault for SecureJarResource(polymorph)
[30Aug2025 17:29:24.457] [main/DEBUG] [mixin/]: MixinPlatformAgentDefault accepted container SecureJarResource(polymorph)
[30Aug2025 17:29:24.457] [main/DEBUG] [mixin/]: Processing prepare() for PlatformAgent[MixinPlatformAgentDefault:SecureJarResource(polymorph)]
[30Aug2025 17:29:24.457] [main/DEBUG] [mixin/]: Registering mixin config: polymorph.mixins.json
[30Aug2025 17:29:24.459] [main/DEBUG] [mixin/]: Registering mixin config: polymorph-integrations.forge.mixins.json
[30Aug2025 17:29:24.463] [main/DEBUG] [mixin/]: Compatibility level JAVA_16 specified by polymorph-integrations.forge.mixins.json is higher than the maximum level supported by this version of mixin (JAVA_13).
[30Aug2025 17:29:24.464] [main/DEBUG] [mixin/]: Adding mixin platform agents for container SecureJarResource(legendary_monsters)
[30Aug2025 17:29:24.464] [main/DEBUG] [mixin/]: Instancing new MixinPlatformAgentMinecraftForge for SecureJarResource(legendary_monsters)
[30Aug2025 17:29:24.464] [main/DEBUG] [mixin/]: MixinPlatformAgentMinecraftForge rejected container SecureJarResource(legendary_monsters)
[30Aug2025 17:29:24.464] [main/DEBUG] [mixin/]: Instancing new MixinPlatformAgentDefault for SecureJarResource(legendary_monsters)
[30Aug2025 17:29:24.464] [main/DEBUG] [mixin/]: MixinPlatformAgentDefault accepted container SecureJarResource(legendary_monsters)
[30Aug2025 17:29:24.464] [main/DEBUG] [mixin/]: Processing prepare() for PlatformAgent[MixinPlatformAgentDefault:SecureJarResource(legendary_monsters)]
[30Aug2025 17:29:24.464] [main/DEBUG] [mixin/]: Registering mixin config: legendary_monsters.mixins.json
[30Aug2025 17:29:24.466] [main/DEBUG] [mixin/]: Adding mixin platform agents for container SecureJarResource(irons_spellbooks)
[30Aug2025 17:29:24.466] [main/DEBUG] [mixin/]: Instancing new MixinPlatformAgentMinecraftForge for SecureJarResource(irons_spellbooks)
[30Aug2025 17:29:24.466] [main/DEBUG] [mixin/]: MixinPlatformAgentMinecraftForge rejected container SecureJarResource(irons_spellbooks)
[30Aug2025 17:29:24.466] [main/DEBUG] [mixin/]: Instancing new MixinPlatformAgentDefault for SecureJarResource(irons_spellbooks)
[30Aug2025 17:29:24.466] [main/DEBUG] [mixin/]: MixinPlatformAgentDefault accepted container SecureJarResource(irons_spellbooks)
[30Aug2025 17:29:24.466] [main/DEBUG] [mixin/]: Processing prepare() for PlatformAgent[MixinPlatformAgentDefault:SecureJarResource(irons_spellbooks)]
[30Aug2025 17:29:24.466] [main/DEBUG] [mixin/]: Registering mixin config: mixins.irons_spellbooks.json
[30Aug2025 17:29:24.469] [main/DEBUG] [mixin/]: Adding mixin platform agents for container SecureJarResource(ice_and_fire_spellbooks)
[30Aug2025 17:29:24.469] [main/DEBUG] [mixin/]: Instancing new MixinPlatformAgentMinecraftForge for SecureJarResource(ice_and_fire_spellbooks)
[30Aug2025 17:29:24.470] [main/DEBUG] [mixin/]: MixinPlatformAgentMinecraftForge rejected container SecureJarResource(ice_and_fire_spellbooks)
[30Aug2025 17:29:24.470] [main/DEBUG] [mixin/]: Instancing new MixinPlatformAgentDefault for SecureJarResource(ice_and_fire_spellbooks)
[30Aug2025 17:29:24.470] [main/DEBUG] [mixin/]: MixinPlatformAgentDefault accepted container SecureJarResource(ice_and_fire_spellbooks)
[30Aug2025 17:29:24.470] [main/DEBUG] [mixin/]: Processing prepare() for PlatformAgent[MixinPlatformAgentDefault:SecureJarResource(ice_and_fire_spellbooks)]
[30Aug2025 17:29:24.470] [main/DEBUG] [mixin/]: Adding mixin platform agents for container SecureJarResource(mob_weapon_api)
[30Aug2025 17:29:24.470] [main/DEBUG] [mixin/]: Instancing new MixinPlatformAgentMinecraftForge for SecureJarResource(mob_weapon_api)
[30Aug2025 17:29:24.471] [main/DEBUG] [mixin/]: MixinPlatformAgentMinecraftForge rejected container SecureJarResource(mob_weapon_api)
[30Aug2025 17:29:24.471] [main/DEBUG] [mixin/]: Instancing new MixinPlatformAgentDefault for SecureJarResource(mob_weapon_api)
[30Aug2025 17:29:24.471] [main/DEBUG] [mixin/]: MixinPlatformAgentDefault accepted container SecureJarResource(mob_weapon_api)
[30Aug2025 17:29:24.471] [main/DEBUG] [mixin/]: Processing prepare() for PlatformAgent[MixinPlatformAgentDefault:SecureJarResource(mob_weapon_api)]
[30Aug2025 17:29:24.471] [main/DEBUG] [mixin/]: Registering mixin config: mob_weapon_api.mixins.json
[30Aug2025 17:29:24.473] [main/DEBUG] [mixin/]: Adding mixin platform agents for container SecureJarResource(extrasounds)
[30Aug2025 17:29:24.474] [main/DEBUG] [mixin/]: Instancing new MixinPlatformAgentMinecraftForge for SecureJarResource(extrasounds)
[30Aug2025 17:29:24.474] [main/DEBUG] [mixin/]: MixinPlatformAgentMinecraftForge rejected container SecureJarResource(extrasounds)
[30Aug2025 17:29:24.474] [main/DEBUG] [mixin/]: Instancing new MixinPlatformAgentDefault for SecureJarResource(extrasounds)
[30Aug2025 17:29:24.474] [main/DEBUG] [mixin/]: MixinPlatformAgentDefault accepted container SecureJarResource(extrasounds)
[30Aug2025 17:29:24.474] [main/DEBUG] [mixin/]: Processing prepare() for PlatformAgent[MixinPlatformAgentDefault:SecureJarResource(extrasounds)]
[30Aug2025 17:29:24.474] [main/DEBUG] [mixin/]: Registering mixin config: extrasounds.mixins.json
[30Aug2025 17:29:24.476] [main/DEBUG] [mixin/]: Registering mixin config: extrasounds-forge.mixins.json
[30Aug2025 17:29:24.482] [main/DEBUG] [mixin/]: Adding mixin platform agents for container SecureJarResource(appleskin)
[30Aug2025 17:29:24.483] [main/DEBUG] [mixin/]: Instancing new MixinPlatformAgentMinecraftForge for SecureJarResource(appleskin)
[30Aug2025 17:29:24.483] [main/DEBUG] [mixin/]: MixinPlatformAgentMinecraftForge rejected container SecureJarResource(appleskin)
[30Aug2025 17:29:24.483] [main/DEBUG] [mixin/]: Instancing new MixinPlatformAgentDefault for SecureJarResource(appleskin)
[30Aug2025 17:29:24.484] [main/DEBUG] [mixin/]: MixinPlatformAgentDefault accepted container SecureJarResource(appleskin)
[30Aug2025 17:29:24.484] [main/DEBUG] [mixin/]: Processing prepare() for PlatformAgent[MixinPlatformAgentDefault:SecureJarResource(appleskin)]
[30Aug2025 17:29:24.484] [main/DEBUG] [mixin/]: Adding mixin platform agents for container SecureJarResource(lootr)
[30Aug2025 17:29:24.484] [main/DEBUG] [mixin/]: Instancing new MixinPlatformAgentMinecraftForge for SecureJarResource(lootr)
[30Aug2025 17:29:24.484] [main/DEBUG] [mixin/]: MixinPlatformAgentMinecraftForge rejected container SecureJarResource(lootr)
[30Aug2025 17:29:24.484] [main/DEBUG] [mixin/]: Instancing new MixinPlatformAgentDefault for SecureJarResource(lootr)
[30Aug2025 17:29:24.484] [main/DEBUG] [mixin/]: MixinPlatformAgentDefault accepted container SecureJarResource(lootr)
[30Aug2025 17:29:24.484] [main/DEBUG] [mixin/]: Processing prepare() for PlatformAgent[MixinPlatformAgentDefault:SecureJarResource(lootr)]
[30Aug2025 17:29:24.484] [main/DEBUG] [mixin/]: Registering mixin config: lootr.mixins.json
[30Aug2025 17:29:24.488] [main/DEBUG] [mixin/]: Adding mixin platform agents for container SecureJarResource(ferritecore)
[30Aug2025 17:29:24.488] [main/DEBUG] [mixin/]: Instancing new MixinPlatformAgentMinecraftForge for SecureJarResource(ferritecore)
[30Aug2025 17:29:24.488] [main/DEBUG] [mixin/]: MixinPlatformAgentMinecraftForge rejected container SecureJarResource(ferritecore)
[30Aug2025 17:29:24.488] [main/DEBUG] [mixin/]: Instancing new MixinPlatformAgentDefault for SecureJarResource(ferritecore)
[30Aug2025 17:29:24.488] [main/DEBUG] [mixin/]: MixinPlatformAgentDefault accepted container SecureJarResource(ferritecore)
[30Aug2025 17:29:24.488] [main/DEBUG] [mixin/]: Processing prepare() for PlatformAgent[MixinPlatformAgentDefault:SecureJarResource(ferritecore)]
[30Aug2025 17:29:24.488] [main/DEBUG] [mixin/]: Registering mixin config: ferritecore.predicates.mixin.json
[30Aug2025 17:29:24.491] [main/DEBUG] [mixin/]: Registering mixin config: ferritecore.fastmap.mixin.json
[30Aug2025 17:29:24.493] [main/DEBUG] [mixin/]: Registering mixin config: ferritecore.mrl.mixin.json
[30Aug2025 17:29:24.496] [main/DEBUG] [mixin/]: Registering mixin config: ferritecore.dedupmultipart.mixin.json
[30Aug2025 17:29:24.499] [main/DEBUG] [mixin/]: Registering mixin config: ferritecore.blockstatecache.mixin.json
[30Aug2025 17:29:24.501] [main/DEBUG] [mixin/]: Registering mixin config: ferritecore.dedupbakedquad.mixin.json
[30Aug2025 17:29:24.504] [main/DEBUG] [mixin/]: Registering mixin config: ferritecore.threaddetec.mixin.json
[30Aug2025 17:29:24.508] [main/DEBUG] [mixin/]: Registering mixin config: ferritecore.modelsides.mixin.json
[30Aug2025 17:29:24.512] [main/DEBUG] [mixin/]: Adding mixin platform agents for container SecureJarResource(ancient_golems)
[30Aug2025 17:29:24.512] [main/DEBUG] [mixin/]: Instancing new MixinPlatformAgentMinecraftForge for SecureJarResource(ancient_golems)
[30Aug2025 17:29:24.513] [main/DEBUG] [mixin/]: MixinPlatformAgentMinecraftForge rejected container SecureJarResource(ancient_golems)
[30Aug2025 17:29:24.513] [main/DEBUG] [mixin/]: Instancing new MixinPlatformAgentDefault for SecureJarResource(ancient_golems)
[30Aug2025 17:29:24.514] [main/DEBUG] [mixin/]: MixinPlatformAgentDefault accepted container SecureJarResource(ancient_golems)
[30Aug2025 17:29:24.514] [main/DEBUG] [mixin/]: Processing prepare() for PlatformAgent[MixinPlatformAgentDefault:SecureJarResource(ancient_golems)]
[30Aug2025 17:29:24.514] [main/DEBUG] [mixin/]: Adding mixin platform agents for container SecureJarResource(charmofundying)
[30Aug2025 17:29:24.514] [main/DEBUG] [mixin/]: Instancing new MixinPlatformAgentMinecraftForge for SecureJarResource(charmofundying)
[30Aug2025 17:29:24.514] [main/DEBUG] [mixin/]: MixinPlatformAgentMinecraftForge rejected container SecureJarResource(charmofundying)
[30Aug2025 17:29:24.514] [main/DEBUG] [mixin/]: Instancing new MixinPlatformAgentDefault for SecureJarResource(charmofundying)
[30Aug2025 17:29:24.514] [main/DEBUG] [mixin/]: MixinPlatformAgentDefault accepted container SecureJarResource(charmofundying)
[30Aug2025 17:29:24.514] [main/DEBUG] [mixin/]: Processing prepare() for PlatformAgent[MixinPlatformAgentDefault:SecureJarResource(charmofundying)]
[30Aug2025 17:29:24.514] [main/DEBUG] [mixin/]: Registering mixin config: charmofundying.mixins.json
[30Aug2025 17:29:24.517] [main/DEBUG] [mixin/]: Adding mixin platform agents for container SecureJarResource(l2itemselector)
[30Aug2025 17:29:24.517] [main/DEBUG] [mixin/]: Instancing new MixinPlatformAgentMinecraftForge for SecureJarResource(l2itemselector)
[30Aug2025 17:29:24.518] [main/DEBUG] [mixin/]: MixinPlatformAgentMinecraftForge rejected container SecureJarResource(l2itemselector)
[30Aug2025 17:29:24.518] [main/DEBUG] [mixin/]: Instancing new MixinPlatformAgentDefault for SecureJarResource(l2itemselector)
[30Aug2025 17:29:24.518] [main/DEBUG] [mixin/]: MixinPlatformAgentDefault accepted container SecureJarResource(l2itemselector)
[30Aug2025 17:29:24.518] [main/DEBUG] [mixin/]: Processing prepare() for PlatformAgent[MixinPlatformAgentDefault:SecureJarResource(l2itemselector)]
[30Aug2025 17:29:24.518] [main/DEBUG] [mixin/]: Registering mixin config: l2itemselector.mixins.json
[30Aug2025 17:29:24.520] [main/DEBUG] [mixin/]: Adding mixin platform agents for container SecureJarResource(expandability)
[30Aug2025 17:29:24.520] [main/DEBUG] [mixin/]: Instancing new MixinPlatformAgentMinecraftForge for SecureJarResource(expandability)
[30Aug2025 17:29:24.520] [main/DEBUG] [mixin/]: MixinPlatformAgentMinecraftForge rejected container SecureJarResource(expandability)
[30Aug2025 17:29:24.520] [main/DEBUG] [mixin/]: Instancing new MixinPlatformAgentDefault for SecureJarResource(expandability)
[30Aug2025 17:29:24.520] [main/DEBUG] [mixin/]: MixinPlatformAgentDefault accepted container SecureJarResource(expandability)
[30Aug2025 17:29:24.520] [main/DEBUG] [mixin/]: Processing prepare() for PlatformAgent[MixinPlatformAgentDefault:SecureJarResource(expandability)]
[30Aug2025 17:29:24.520] [main/DEBUG] [mixin/]: Registering mixin config: expandability.mixins.json
[30Aug2025 17:29:24.523] [main/DEBUG] [mixin/]: Registering mixin config: expandability-common.mixins.json
[30Aug2025 17:29:24.528] [main/DEBUG] [mixin/]: Adding mixin platform agents for container SecureJarResource(explosiveenhancement)
[30Aug2025 17:29:24.528] [main/DEBUG] [mixin/]: Instancing new MixinPlatformAgentMinecraftForge for SecureJarResource(explosiveenhancement)
[30Aug2025 17:29:24.528] [main/DEBUG] [mixin/]: MixinPlatformAgentMinecraftForge rejected container SecureJarResource(explosiveenhancement)
[30Aug2025 17:29:24.529] [main/DEBUG] [mixin/]: Instancing new MixinPlatformAgentDefault for SecureJarResource(explosiveenhancement)
[30Aug2025 17:29:24.529] [main/DEBUG] [mixin/]: MixinPlatformAgentDefault accepted container SecureJarResource(explosiveenhancement)
[30Aug2025 17:29:24.529] [main/DEBUG] [mixin/]: Processing prepare() for PlatformAgent[MixinPlatformAgentDefault:SecureJarResource(explosiveenhancement)]
[30Aug2025 17:29:24.529] [main/DEBUG] [mixin/]: Registering mixin config: explosiveenhancement.mixins.json
[30Aug2025 17:29:24.531] [main/DEBUG] [mixin/]: Adding mixin platform agents for container SecureJarResource(charms_and_medallions)
[30Aug2025 17:29:24.531] [main/DEBUG] [mixin/]: Instancing new MixinPlatformAgentMinecraftForge for SecureJarResource(charms_and_medallions)
[30Aug2025 17:29:24.531] [main/DEBUG] [mixin/]: MixinPlatformAgentMinecraftForge rejected container SecureJarResource(charms_and_medallions)
[30Aug2025 17:29:24.531] [main/DEBUG] [mixin/]: Instancing new MixinPlatformAgentDefault for SecureJarResource(charms_and_medallions)
[30Aug2025 17:29:24.531] [main/DEBUG] [mixin/]: MixinPlatformAgentDefault accepted container SecureJarResource(charms_and_medallions)
[30Aug2025 17:29:24.531] [main/DEBUG] [mixin/]: Processing prepare() for PlatformAgent[MixinPlatformAgentDefault:SecureJarResource(charms_and_medallions)]
[30Aug2025 17:29:24.531] [main/DEBUG] [mixin/]: Adding mixin platform agents for container SecureJarResource(skinrestorer)
[30Aug2025 17:29:24.531] [main/DEBUG] [mixin/]: Instancing new MixinPlatformAgentMinecraftForge for SecureJarResource(skinrestorer)
[30Aug2025 17:29:24.531] [main/DEBUG] [mixin/]: MixinPlatformAgentMinecraftForge rejected container SecureJarResource(skinrestorer)
[30Aug2025 17:29:24.531] [main/DEBUG] [mixin/]: Instancing new MixinPlatformAgentDefault for SecureJarResource(skinrestorer)
[30Aug2025 17:29:24.531] [main/DEBUG] [mixin/]: MixinPlatformAgentDefault accepted container SecureJarResource(skinrestorer)
[30Aug2025 17:29:24.531] [main/DEBUG] [mixin/]: Processing prepare() for PlatformAgent[MixinPlatformAgentDefault:SecureJarResource(skinrestorer)]
[30Aug2025 17:29:24.531] [main/DEBUG] [mixin/]: Registering mixin config: skinrestorer.mixins.json
[30Aug2025 17:29:24.535] [main/DEBUG] [mixin/]: Adding mixin platform agents for container SecureJarResource(aquamirae)
[30Aug2025 17:29:24.535] [main/DEBUG] [mixin/]: Instancing new MixinPlatformAgentMinecraftForge for SecureJarResource(aquamirae)
[30Aug2025 17:29:24.535] [main/DEBUG] [mixin/]: MixinPlatformAgentMinecraftForge rejected container SecureJarResource(aquamirae)
[30Aug2025 17:29:24.536] [main/DEBUG] [mixin/]: Instancing new MixinPlatformAgentDefault for SecureJarResource(aquamirae)
[30Aug2025 17:29:24.536] [main/DEBUG] [mixin/]: MixinPlatformAgentDefault accepted container SecureJarResource(aquamirae)
[30Aug2025 17:29:24.537] [main/DEBUG] [mixin/]: Processing prepare() for PlatformAgent[MixinPlatformAgentDefault:SecureJarResource(aquamirae)]
[30Aug2025 17:29:24.537] [main/DEBUG] [mixin/]: Registering mixin config: aquamirae.mixins.json
[30Aug2025 17:29:24.544] [main/DEBUG] [mixin/]: Compatibility level JAVA_8 specified by aquamirae.mixins.json is lower than the default level supported by the current mixin service (JAVA_16).
[30Aug2025 17:29:24.544] [main/DEBUG] [mixin/]: Adding mixin platform agents for container SecureJarResource(iceandfire_curios)
[30Aug2025 17:29:24.545] [main/DEBUG] [mixin/]: Instancing new MixinPlatformAgentMinecraftForge for SecureJarResource(iceandfire_curios)
[30Aug2025 17:29:24.545] [main/DEBUG] [mixin/]: MixinPlatformAgentMinecraftForge rejected container SecureJarResource(iceandfire_curios)
[30Aug2025 17:29:24.545] [main/DEBUG] [mixin/]: Instancing new MixinPlatformAgentDefault for SecureJarResource(iceandfire_curios)
[30Aug2025 17:29:24.545] [main/DEBUG] [mixin/]: MixinPlatformAgentDefault accepted container SecureJarResource(iceandfire_curios)
[30Aug2025 17:29:24.545] [main/DEBUG] [mixin/]: Processing prepare() for PlatformAgent[MixinPlatformAgentDefault:SecureJarResource(iceandfire_curios)]
[30Aug2025 17:29:24.545] [main/DEBUG] [mixin/]: Adding mixin platform agents for container SecureJarResource(mclib)
[30Aug2025 17:29:24.545] [main/DEBUG] [mixin/]: Instancing new MixinPlatformAgentMinecraftForge for SecureJarResource(mclib)
[30Aug2025 17:29:24.545] [main/DEBUG] [mixin/]: MixinPlatformAgentMinecraftForge rejected container SecureJarResource(mclib)
[30Aug2025 17:29:24.546] [main/DEBUG] [mixin/]: Instancing new MixinPlatformAgentDefault for SecureJarResource(mclib)
[30Aug2025 17:29:24.546] [main/DEBUG] [mixin/]: MixinPlatformAgentDefault accepted container SecureJarResource(mclib)
[30Aug2025 17:29:24.546] [main/DEBUG] [mixin/]: Processing prepare() for PlatformAgent[MixinPlatformAgentDefault:SecureJarResource(mclib)]
[30Aug2025 17:29:24.546] [main/DEBUG] [mixin/]: Adding mixin platform agents for container SecureJarResource(Registrate.MC1._20)
[30Aug2025 17:29:24.546] [main/DEBUG] [mixin/]: Instancing new MixinPlatformAgentMinecraftForge for SecureJarResource(Registrate.MC1._20)
[30Aug2025 17:29:24.546] [main/DEBUG] [mixin/]: MixinPlatformAgentMinecraftForge rejected container SecureJarResource(Registrate.MC1._20)
[30Aug2025 17:29:24.546] [main/DEBUG] [mixin/]: Instancing new MixinPlatformAgentDefault for SecureJarResource(Registrate.MC1._20)
[30Aug2025 17:29:24.546] [main/DEBUG] [mixin/]: MixinPlatformAgentDefault accepted container SecureJarResource(Registrate.MC1._20)
[30Aug2025 17:29:24.546] [main/DEBUG] [mixin/]: Processing prepare() for PlatformAgent[MixinPlatformAgentDefault:SecureJarResource(Registrate.MC1._20)]
[30Aug2025 17:29:24.546] [main/DEBUG] [mixin/]: Adding mixin platform agents for container SecureJarResource(org.yaml.snakeyaml)
[30Aug2025 17:29:24.546] [main/DEBUG] [mixin/]: Instancing new MixinPlatformAgentMinecraftForge for SecureJarResource(org.yaml.snakeyaml)
[30Aug2025 17:29:24.546] [main/DEBUG] [mixin/]: MixinPlatformAgentMinecraftForge rejected container SecureJarResource(org.yaml.snakeyaml)
[30Aug2025 17:29:24.546] [main/DEBUG] [mixin/]: Instancing new MixinPlatformAgentDefault for SecureJarResource(org.yaml.snakeyaml)
[30Aug2025 17:29:24.546] [main/DEBUG] [mixin/]: MixinPlatformAgentDefault accepted container SecureJarResource(org.yaml.snakeyaml)
[30Aug2025 17:29:24.546] [main/DEBUG] [mixin/]: Processing prepare() for PlatformAgent[MixinPlatformAgentDefault:SecureJarResource(org.yaml.snakeyaml)]
[30Aug2025 17:29:24.546] [main/DEBUG] [mixin/]: Adding mixin platform agents for container SecureJarResource(l2serial)
[30Aug2025 17:29:24.546] [main/DEBUG] [mixin/]: Instancing new MixinPlatformAgentMinecraftForge for SecureJarResource(l2serial)
[30Aug2025 17:29:24.546] [main/DEBUG] [mixin/]: MixinPlatformAgentMinecraftForge rejected container SecureJarResource(l2serial)
[30Aug2025 17:29:24.546] [main/DEBUG] [mixin/]: Instancing new MixinPlatformAgentDefault for SecureJarResource(l2serial)
[30Aug2025 17:29:24.546] [main/DEBUG] [mixin/]: MixinPlatformAgentDefault accepted container SecureJarResource(l2serial)
[30Aug2025 17:29:24.546] [main/DEBUG] [mixin/]: Processing prepare() for PlatformAgent[MixinPlatformAgentDefault:SecureJarResource(l2serial)]
[30Aug2025 17:29:24.547] [main/DEBUG] [mixin/]: Adding mixin platform agents for container SecureJarResource(l2modularblock)
[30Aug2025 17:29:24.547] [main/DEBUG] [mixin/]: Instancing new MixinPlatformAgentMinecraftForge for SecureJarResource(l2modularblock)
[30Aug2025 17:29:24.547] [main/DEBUG] [mixin/]: MixinPlatformAgentMinecraftForge rejected container SecureJarResource(l2modularblock)
[30Aug2025 17:29:24.547] [main/DEBUG] [mixin/]: Instancing new MixinPlatformAgentDefault for SecureJarResource(l2modularblock)
[30Aug2025 17:29:24.547] [main/DEBUG] [mixin/]: MixinPlatformAgentDefault accepted container SecureJarResource(l2modularblock)
[30Aug2025 17:29:24.547] [main/DEBUG] [mixin/]: Processing prepare() for PlatformAgent[MixinPlatformAgentDefault:SecureJarResource(l2modularblock)]
[30Aug2025 17:29:24.547] [main/DEBUG] [mixin/]: Adding mixin platform agents for container SecureJarResource(java.client.SNAPSHOT)
[30Aug2025 17:29:24.547] [main/DEBUG] [mixin/]: Instancing new MixinPlatformAgentMinecraftForge for SecureJarResource(java.client.SNAPSHOT)
[30Aug2025 17:29:24.547] [main/DEBUG] [mixin/]: MixinPlatformAgentMinecraftForge rejected container SecureJarResource(java.client.SNAPSHOT)
[30Aug2025 17:29:24.548] [main/DEBUG] [mixin/]: Instancing new MixinPlatformAgentDefault for SecureJarResource(java.client.SNAPSHOT)
[30Aug2025 17:29:24.548] [main/DEBUG] [mixin/]: MixinPlatformAgentDefault accepted container SecureJarResource(java.client.SNAPSHOT)
[30Aug2025 17:29:24.548] [main/DEBUG] [mixin/]: Processing prepare() for PlatformAgent[MixinPlatformAgentDefault:SecureJarResource(java.client.SNAPSHOT)]
[30Aug2025 17:29:24.548] [main/DEBUG] [mixin/]: Adding mixin platform agents for container SecureJarResource(MixinExtras)
[30Aug2025 17:29:24.548] [main/DEBUG] [mixin/]: Instancing new MixinPlatformAgentMinecraftForge for SecureJarResource(MixinExtras)
[30Aug2025 17:29:24.549] [main/DEBUG] [mixin/]: MixinPlatformAgentMinecraftForge rejected container SecureJarResource(MixinExtras)
[30Aug2025 17:29:24.549] [main/DEBUG] [mixin/]: Instancing new MixinPlatformAgentDefault for SecureJarResource(MixinExtras)
[30Aug2025 17:29:24.549] [main/DEBUG] [mixin/]: MixinPlatformAgentDefault accepted container SecureJarResource(MixinExtras)
[30Aug2025 17:29:24.549] [main/DEBUG] [mixin/]: Processing prepare() for PlatformAgent[MixinPlatformAgentDefault:SecureJarResource(MixinExtras)]
[30Aug2025 17:29:24.549] [main/DEBUG] [mixin/]: inject() running with 114 agents
[30Aug2025 17:29:24.549] [main/DEBUG] [mixin/]: Processing inject() for PlatformAgent[MixinPlatformAgentDefault:ModLauncher Root Container(ModLauncher:4f56a0a2)]
[30Aug2025 17:29:24.549] [main/DEBUG] [mixin/]: Processing inject() for PlatformAgent[MixinPlatformAgentDefault:SecureJarResource(playeranimator)]
[30Aug2025 17:29:24.549] [main/DEBUG] [mixin/]: Processing inject() for PlatformAgent[MixinPlatformAgentDefault:SecureJarResource(darkfeather)]
[30Aug2025 17:29:24.549] [main/DEBUG] [mixin/]: Processing inject() for PlatformAgent[MixinPlatformAgentDefault:SecureJarResource(sophisticatedcore)]
[30Aug2025 17:29:24.549] [main/DEBUG] [mixin/]: Processing inject() for PlatformAgent[MixinPlatformAgentDefault:SecureJarResource(nyfsquiver)]
[30Aug2025 17:29:24.550] [main/DEBUG] [mixin/]: Processing inject() for PlatformAgent[MixinPlatformAgentDefault:SecureJarResource(citadel)]
[30Aug2025 17:29:24.550] [main/DEBUG] [mixin/]: Processing inject() for PlatformAgent[MixinPlatformAgentDefault:SecureJarResource(mixinextras)]
[30Aug2025 17:29:24.550] [main/DEBUG] [mixin/]: Processing inject() for PlatformAgent[MixinPlatformAgentDefault:SecureJarResource(bookshelf)]
[30Aug2025 17:29:24.550] [main/DEBUG] [mixin/]: Processing inject() for PlatformAgent[MixinPlatformAgentDefault:SecureJarResource(sophisticatedbackpacks)]
[30Aug2025 17:29:24.550] [main/DEBUG] [mixin/]: Processing inject() for PlatformAgent[MixinPlatformAgentDefault:SecureJarResource(relics)]
[30Aug2025 17:29:24.550] [main/DEBUG] [mixin/]: Processing inject() for PlatformAgent[MixinPlatformAgentDefault:SecureJarResource(darktimer)]
[30Aug2025 17:29:24.550] [main/DEBUG] [mixin/]: Processing inject() for PlatformAgent[MixinPlatformAgentDefault:SecureJarResource(jeresources)]
[30Aug2025 17:29:24.550] [main/DEBUG] [mixin/]: Processing inject() for PlatformAgent[MixinPlatformAgentDefault:SecureJarResource(cloth_config)]
[30Aug2025 17:29:24.550] [main/DEBUG] [mixin/]: Processing inject() for PlatformAgent[MixinPlatformAgentDefault:SecureJarResource(darkflight)]
[30Aug2025 17:29:24.550] [main/DEBUG] [mixin/]: Processing inject() for PlatformAgent[MixinPlatformAgentDefault:SecureJarResource(darksmithing)]
[30Aug2025 17:29:24.550] [main/DEBUG] [mixin/]: Processing inject() for PlatformAgent[MixinPlatformAgentDefault:SecureJarResource(darkglint)]
[30Aug2025 17:29:24.550] [main/DEBUG] [mixin/]: Processing inject() for PlatformAgent[MixinPlatformAgentDefault:SecureJarResource(immersiveui)]
[30Aug2025 17:29:24.550] [main/DEBUG] [mixin/]: Processing inject() for PlatformAgent[MixinPlatformAgentDefault:SecureJarResource(darkwooly)]
[30Aug2025 17:29:24.550] [main/DEBUG] [mixin/]: Processing inject() for PlatformAgent[MixinPlatformAgentDefault:SecureJarResource(treasure2)]
[30Aug2025 17:29:24.550] [main/DEBUG] [mixin/]: Processing inject() for PlatformAgent[MixinPlatformAgentDefault:SecureJarResource(mutated_items)]
[30Aug2025 17:29:24.550] [main/DEBUG] [mixin/]: Processing inject() for PlatformAgent[MixinPlatformAgentDefault:SecureJarResource(eeeabsmobs)]
[30Aug2025 17:29:24.550] [main/DEBUG] [mixin/]: Processing inject() for PlatformAgent[MixinPlatformAgentDefault:SecureJarResource(lionfishapi)]
[30Aug2025 17:29:24.550] [main/DEBUG] [mixin/]: Processing inject() for PlatformAgent[MixinPlatformAgentDefault:SecureJarResource(curiouslanterns)]
[30Aug2025 17:29:24.550] [main/DEBUG] [mixin/]: Processing inject() for PlatformAgent[MixinPlatformAgentDefault:SecureJarResource(bonfires)]
[30Aug2025 17:29:24.550] [main/DEBUG] [mixin/]: Processing inject() for PlatformAgent[MixinPlatformAgentDefault:SecureJarResource(cataclysm)]
[30Aug2025 17:29:24.550] [main/DEBUG] [mixin/]: Processing inject() for PlatformAgent[MixinPlatformAgentDefault:SecureJarResource(curios)]
[30Aug2025 17:29:24.550] [main/DEBUG] [mixin/]: Processing inject() for PlatformAgent[MixinPlatformAgentDefault:SecureJarResource(patchouli)]
[30Aug2025 17:29:24.550] [main/DEBUG] [mixin/]: Processing inject() for PlatformAgent[MixinPlatformAgentDefault:SecureJarResource(gottschcore)]
[30Aug2025 17:29:24.550] [main/DEBUG] [mixin/]: Processing inject() for PlatformAgent[MixinPlatformAgentDefault:SecureJarResource(darkdeath)]
[30Aug2025 17:29:24.550] [main/DEBUG] [mixin/]: Processing inject() for PlatformAgent[MixinPlatformAgentDefault:SecureJarResource(enigmaticlegacy)]
[30Aug2025 17:29:24.550] [main/DEBUG] [mixin/]: Processing inject() for PlatformAgent[MixinPlatformAgentDefault:SecureJarResource(architectury)]
[30Aug2025 17:29:24.550] [main/DEBUG] [mixin/]: Processing inject() for PlatformAgent[MixinPlatformAgentDefault:SecureJarResource(aiimprovements)]
[30Aug2025 17:29:24.550] [main/DEBUG] [mixin/]: Processing inject() for PlatformAgent[MixinPlatformAgentDefault:SecureJarResource(lategamegolems)]
[30Aug2025 17:29:24.550] [main/DEBUG] [mixin/]: Processing inject() for PlatformAgent[MixinPlatformAgentDefault:SecureJarResource(nether_armory)]
[30Aug2025 17:29:24.550] [main/DEBUG] [mixin/]: Processing inject() for PlatformAgent[MixinPlatformAgentDefault:SecureJarResource(darksmelting)]
[30Aug2025 17:29:24.550] [main/DEBUG] [mixin/]: Processing inject() for PlatformAgent[MixinPlatformAgentDefault:SecureJarResource(nemos_inventory_sorting)]
[30Aug2025 17:29:24.550] [main/DEBUG] [mixin/]: Processing inject() for PlatformAgent[MixinPlatformAgentDefault:SecureJarResource(monolib)]
[30Aug2025 17:29:24.550] [main/DEBUG] [mixin/]: Processing inject() for PlatformAgent[MixinPlatformAgentDefault:SecureJarResource(disenchanting_table)]
[30Aug2025 17:29:24.550] [main/DEBUG] [mixin/]: Processing inject() for PlatformAgent[MixinPlatformAgentDefault:SecureJarResource(darkcap)]
[30Aug2025 17:29:24.550] [main/DEBUG] [mixin/]: Processing inject() for PlatformAgent[MixinPlatformAgentDefault:SecureJarResource(framework)]
[30Aug2025 17:29:24.550] [main/DEBUG] [mixin/]: Processing inject() for PlatformAgent[MixinPlatformAgentDefault:SecureJarResource(fallingtree)]
[30Aug2025 17:29:24.551] [main/DEBUG] [mixin/]: Processing inject() for PlatformAgent[MixinPlatformAgentDefault:SecureJarResource(l2library)]
[30Aug2025 17:29:24.551] [main/DEBUG] [mixin/]: Processing inject() for PlatformAgent[MixinPlatformAgentDefault:SecureJarResource(l2damagetracker)]
[30Aug2025 17:29:24.551] [main/DEBUG] [mixin/]: Processing inject() for PlatformAgent[MixinPlatformAgentDefault:SecureJarResource(darkspawn)]
[30Aug2025 17:29:24.551] [main/DEBUG] [mixin/]: Processing inject() for PlatformAgent[MixinPlatformAgentDefault:SecureJarResource(mowziesmobs)]
[30Aug2025 17:29:24.551] [main/DEBUG] [mixin/]: Processing inject() for PlatformAgent[MixinPlatformAgentDefault:SecureJarResource(geckolib)]
[30Aug2025 17:29:24.551] [main/DEBUG] [mixin/]: Processing inject() for PlatformAgent[MixinPlatformAgentDefault:SecureJarResource(darkbread)]
[30Aug2025 17:29:24.551] [main/DEBUG] [mixin/]: Processing inject() for PlatformAgent[MixinPlatformAgentDefault:SecureJarResource(l2tabs)]
[30Aug2025 17:29:24.552] [main/DEBUG] [mixin/]: Processing inject() for PlatformAgent[MixinPlatformAgentDefault:SecureJarResource(octolib)]
[30Aug2025 17:29:24.552] [main/DEBUG] [mixin/]: Processing inject() for PlatformAgent[MixinPlatformAgentDefault:SecureJarResource(ancore)]
[30Aug2025 17:29:24.552] [main/DEBUG] [mixin/]: Processing inject() for PlatformAgent[MixinPlatformAgentDefault:SecureJarResource(jei)]
[30Aug2025 17:29:24.552] [main/DEBUG] [mixin/]: Processing inject() for PlatformAgent[MixinPlatformAgentDefault:SecureJarResource(darksleep)]
[30Aug2025 17:29:24.552] [main/DEBUG] [mixin/]: Processing inject() for PlatformAgent[MixinPlatformAgentDefault:SecureJarResource(attributefix)]
[30Aug2025 17:29:24.552] [main/DEBUG] [mixin/]: Processing inject() for PlatformAgent[MixinPlatformAgentDefault:SecureJarResource(caelus)]
[30Aug2025 17:29:24.552] [main/DEBUG] [mixin/]: Processing inject() for PlatformAgent[MixinPlatformAgentDefault:SecureJarResource(obscure_api)]
[30Aug2025 17:29:24.552] [main/DEBUG] [mixin/]: Processing inject() for PlatformAgent[MixinPlatformAgentDefault:SecureJarResource(geckoanimfix)]
[30Aug2025 17:29:24.552] [main/DEBUG] [mixin/]: Processing inject() for PlatformAgent[MixinPlatformAgentDefault:SecureJarResource(clumps)]
[30Aug2025 17:29:24.552] [main/DEBUG] [mixin/]: Processing inject() for PlatformAgent[MixinPlatformAgentDefault:SecureJarResource(darkzoom)]
[30Aug2025 17:29:24.552] [main/DEBUG] [mixin/]: Processing inject() for PlatformAgent[MixinPlatformAgentDefault:SecureJarResource(comforts)]
[30Aug2025 17:29:24.552] [main/DEBUG] [mixin/]: Processing inject() for PlatformAgent[MixinPlatformAgentDefault:SecureJarResource(artifacts)]
[30Aug2025 17:29:24.552] [main/DEBUG] [mixin/]: Processing inject() for PlatformAgent[MixinPlatformAgentDefault:SecureJarResource(configured)]
[30Aug2025 17:29:24.552] [main/DEBUG] [mixin/]: Processing inject() for PlatformAgent[MixinPlatformAgentDefault:SecureJarResource(l2screentracker)]
[30Aug2025 17:29:24.552] [main/DEBUG] [mixin/]: Processing inject() for PlatformAgent[MixinPlatformAgentDefault:SecureJarResource(myserveriscompatible)]
[30Aug2025 17:29:24.552] [main/DEBUG] [mixin/]: Processing inject() for PlatformAgent[MixinPlatformAgentDefault:SecureJarResource(badmobs)]
[30Aug2025 17:29:24.552] [main/DEBUG] [mixin/]: Processing inject() for PlatformAgent[MixinPlatformAgentDefault:SecureJarResource(starlight)]
[30Aug2025 17:29:24.552] [main/DEBUG] [mixin/]: Processing inject() for PlatformAgent[MixinPlatformAgentDefault:SecureJarResource(creature_compendium)]
[30Aug2025 17:29:24.552] [main/DEBUG] [mixin/]: Processing inject() for PlatformAgent[MixinPlatformAgentDefault:SecureJarResource(iceandfire)]
[30Aug2025 17:29:24.552] [main/DEBUG] [mixin/]: Processing inject() for PlatformAgent[MixinPlatformAgentDefault:SecureJarResource(davespotioneering)]
[30Aug2025 17:29:24.552] [main/DEBUG] [mixin/]: Processing inject() for PlatformAgent[MixinPlatformAgentDefault:SecureJarResource(forge)]
[30Aug2025 17:29:24.552] [main/DEBUG] [mixin/]: Processing inject() for PlatformAgent[MixinPlatformAgentDefault:SecureJarResource(logbegone)]
[30Aug2025 17:29:24.552] [main/DEBUG] [mixin/]: Processing inject() for PlatformAgent[MixinPlatformAgentDefault:SecureJarResource(minecraft)]
[30Aug2025 17:29:24.553] [main/DEBUG] [mixin/]: Processing inject() for PlatformAgent[MixinPlatformAgentDefault:SecureJarResource(chest_golems)]
[30Aug2025 17:29:24.553] [main/DEBUG] [mixin/]: Processing inject() for PlatformAgent[MixinPlatformAgentDefault:SecureJarResource(mutant_addition_mod)]
[30Aug2025 17:29:24.553] [main/DEBUG] [mixin/]: Processing inject() for PlatformAgent[MixinPlatformAgentDefault:SecureJarResource(wolm)]
[30Aug2025 17:29:24.553] [main/DEBUG] [mixin/]: Processing inject() for PlatformAgent[MixinPlatformAgentDefault:SecureJarResource(netherite_fusion)]
[30Aug2025 17:29:24.553] [main/DEBUG] [mixin/]: Processing inject() for PlatformAgent[MixinPlatformAgentDefault:SecureJarResource(cofh_core)]
[30Aug2025 17:29:24.553] [main/DEBUG] [mixin/]: Processing inject() for PlatformAgent[MixinPlatformAgentDefault:SecureJarResource(ensorcellation)]
[30Aug2025 17:29:24.553] [main/DEBUG] [mixin/]: Processing inject() for PlatformAgent[MixinPlatformAgentDefault:SecureJarResource(curioscompat)]
[30Aug2025 17:29:24.554] [main/DEBUG] [mixin/]: Processing inject() for PlatformAgent[MixinPlatformAgentDefault:SecureJarResource(radiantgear)]
[30Aug2025 17:29:24.554] [main/DEBUG] [mixin/]: Processing inject() for PlatformAgent[MixinPlatformAgentDefault:SecureJarResource(bettercombat)]
[30Aug2025 17:29:24.554] [main/DEBUG] [mixin/]: Processing inject() for PlatformAgent[MixinPlatformAgentDefault:SecureJarResource(toolbelt)]
[30Aug2025 17:29:24.554] [main/DEBUG] [mixin/]: Processing inject() for PlatformAgent[MixinPlatformAgentDefault:SecureJarResource(justenoughbreeding)]
[30Aug2025 17:29:24.554] [main/DEBUG] [mixin/]: Processing inject() for PlatformAgent[MixinPlatformAgentDefault:SecureJarResource(darkheads)]
[30Aug2025 17:29:24.554] [main/DEBUG] [mixin/]: Processing inject() for PlatformAgent[MixinPlatformAgentDefault:SecureJarResource(spectrelib)]
[30Aug2025 17:29:24.554] [main/DEBUG] [mixin/]: Processing inject() for PlatformAgent[MixinPlatformAgentDefault:SecureJarResource(modulargolems)]
[30Aug2025 17:29:24.554] [main/DEBUG] [mixin/]: Processing inject() for PlatformAgent[MixinPlatformAgentDefault:SecureJarResource(darkrtp)]
[30Aug2025 17:29:24.554] [main/DEBUG] [mixin/]: Processing inject() for PlatformAgent[MixinPlatformAgentDefault:SecureJarResource(reliquary)]
[30Aug2025 17:29:24.554] [main/DEBUG] [mixin/]: Processing inject() for PlatformAgent[MixinPlatformAgentDefault:SecureJarResource(xaerominimap)]
[30Aug2025 17:29:24.554] [main/DEBUG] [mixin/]: Processing inject() for PlatformAgent[MixinPlatformAgentDefault:SecureJarResource(experienceobelisk)]
[30Aug2025 17:29:24.554] [main/DEBUG] [mixin/]: Processing inject() for PlatformAgent[MixinPlatformAgentDefault:SecureJarResource(polymorph)]
[30Aug2025 17:29:24.554] [main/DEBUG] [mixin/]: Processing inject() for PlatformAgent[MixinPlatformAgentDefault:SecureJarResource(legendary_monsters)]
[30Aug2025 17:29:24.555] [main/DEBUG] [mixin/]: Processing inject() for PlatformAgent[MixinPlatformAgentDefault:SecureJarResource(irons_spellbooks)]
[30Aug2025 17:29:24.555] [main/DEBUG] [mixin/]: Processing inject() for PlatformAgent[MixinPlatformAgentDefault:SecureJarResource(ice_and_fire_spellbooks)]
[30Aug2025 17:29:24.555] [main/DEBUG] [mixin/]: Processing inject() for PlatformAgent[MixinPlatformAgentDefault:SecureJarResource(mob_weapon_api)]
[30Aug2025 17:29:24.555] [main/DEBUG] [mixin/]: Processing inject() for PlatformAgent[MixinPlatformAgentDefault:SecureJarResource(extrasounds)]
[30Aug2025 17:29:24.555] [main/DEBUG] [mixin/]: Processing inject() for PlatformAgent[MixinPlatformAgentDefault:SecureJarResource(appleskin)]
[30Aug2025 17:29:24.555] [main/DEBUG] [mixin/]: Processing inject() for PlatformAgent[MixinPlatformAgentDefault:SecureJarResource(lootr)]
[30Aug2025 17:29:24.555] [main/DEBUG] [mixin/]: Processing inject() for PlatformAgent[MixinPlatformAgentDefault:SecureJarResource(ferritecore)]
[30Aug2025 17:29:24.555] [main/DEBUG] [mixin/]: Processing inject() for PlatformAgent[MixinPlatformAgentDefault:SecureJarResource(ancient_golems)]
[30Aug2025 17:29:24.555] [main/DEBUG] [mixin/]: Processing inject() for PlatformAgent[MixinPlatformAgentDefault:SecureJarResource(charmofundying)]
[30Aug2025 17:29:24.555] [main/DEBUG] [mixin/]: Processing inject() for PlatformAgent[MixinPlatformAgentDefault:SecureJarResource(l2itemselector)]
[30Aug2025 17:29:24.555] [main/DEBUG] [mixin/]: Processing inject() for PlatformAgent[MixinPlatformAgentDefault:SecureJarResource(expandability)]
[30Aug2025 17:29:24.555] [main/DEBUG] [mixin/]: Processing inject() for PlatformAgent[MixinPlatformAgentDefault:SecureJarResource(explosiveenhancement)]
[30Aug2025 17:29:24.555] [main/DEBUG] [mixin/]: Processing inject() for PlatformAgent[MixinPlatformAgentDefault:SecureJarResource(charms_and_medallions)]
[30Aug2025 17:29:24.555] [main/DEBUG] [mixin/]: Processing inject() for PlatformAgent[MixinPlatformAgentDefault:SecureJarResource(skinrestorer)]
[30Aug2025 17:29:24.555] [main/DEBUG] [mixin/]: Processing inject() for PlatformAgent[MixinPlatformAgentDefault:SecureJarResource(aquamirae)]
[30Aug2025 17:29:24.555] [main/DEBUG] [mixin/]: Processing inject() for PlatformAgent[MixinPlatformAgentDefault:SecureJarResource(iceandfire_curios)]
[30Aug2025 17:29:24.555] [main/DEBUG] [mixin/]: Processing inject() for PlatformAgent[MixinPlatformAgentDefault:SecureJarResource(mclib)]
[30Aug2025 17:29:24.555] [main/DEBUG] [mixin/]: Processing inject() for PlatformAgent[MixinPlatformAgentDefault:SecureJarResource(Registrate.MC1._20)]
[30Aug2025 17:29:24.555] [main/DEBUG] [mixin/]: Processing inject() for PlatformAgent[MixinPlatformAgentDefault:SecureJarResource(org.yaml.snakeyaml)]
[30Aug2025 17:29:24.556] [main/DEBUG] [mixin/]: Processing inject() for PlatformAgent[MixinPlatformAgentDefault:SecureJarResource(l2serial)]
[30Aug2025 17:29:24.556] [main/DEBUG] [mixin/]: Processing inject() for PlatformAgent[MixinPlatformAgentDefault:SecureJarResource(l2modularblock)]
[30Aug2025 17:29:24.556] [main/DEBUG] [mixin/]: Processing inject() for PlatformAgent[MixinPlatformAgentDefault:SecureJarResource(java.client.SNAPSHOT)]
[30Aug2025 17:29:24.556] [main/DEBUG] [mixin/]: Processing inject() for PlatformAgent[MixinPlatformAgentDefault:SecureJarResource(MixinExtras)]
[30Aug2025 17:29:24.608] [main/DEBUG] [mixin/]: Error cleaning class output directory: .mixin.out
[30Aug2025 17:29:24.610] [main/DEBUG] [mixin/]: Preparing mixins for MixinEnvironment[PREINIT]
[30Aug2025 17:29:24.625] [main/INFO] [mixin/]: Successfully loaded Mixin Connector [com.aizistral.enigmaticlegacy.MixinConnector]
[30Aug2025 17:29:24.628] [main/INFO] [mixin/]: Successfully loaded Mixin Connector [ca.spottedleaf.starlight.mixin.MixinConnector]
[30Aug2025 17:29:24.636] [main/INFO] [cpw.mods.modlauncher.LaunchServiceHandler/MODLAUNCHER]: Launching target 'forgeserver' with arguments [nogui]
[30Aug2025 17:29:24.639] [main/DEBUG] [mixin/]: Preparing mixins for MixinEnvironment[DEFAULT]
[30Aug2025 17:29:24.639] [main/DEBUG] [mixin/]: Selecting config playerAnimator-common.mixins.json
[30Aug2025 17:29:24.653] [main/DEBUG] [mixin/]: Selecting config nyfsquiver.mixins.json
[30Aug2025 17:29:24.656] [main/DEBUG] [mixin/]: Selecting config citadel.mixins.json
[30Aug2025 17:29:24.660] [main/DEBUG] [mixin/]: Selecting config mixinextras.init.mixins.json
[30Aug2025 17:29:24.726] [main/DEBUG] [MixinExtras|Service/]: com.llamalad7.mixinextras.service.MixinExtrasServiceImpl(version=0.4.1) is taking over from null
[30Aug2025 17:29:24.801] [main/DEBUG] [mixin/]: Registering new injector for @Inject with org.spongepowered.asm.mixin.injection.struct.CallbackInjectionInfo
[30Aug2025 17:29:24.803] [main/DEBUG] [mixin/]: Registering new injector for @ModifyArg with org.spongepowered.asm.mixin.injection.struct.ModifyArgInjectionInfo
[30Aug2025 17:29:24.805] [main/DEBUG] [mixin/]: Registering new injector for @ModifyArgs with org.spongepowered.asm.mixin.injection.struct.ModifyArgsInjectionInfo
[30Aug2025 17:29:24.806] [main/DEBUG] [mixin/]: Registering new injector for @Redirect with org.spongepowered.asm.mixin.injection.struct.RedirectInjectionInfo
[30Aug2025 17:29:24.809] [main/DEBUG] [mixin/]: Registering new injector for @ModifyVariable with org.spongepowered.asm.mixin.injection.struct.ModifyVariableInjectionInfo
[30Aug2025 17:29:24.811] [main/DEBUG] [mixin/]: Registering new injector for @ModifyConstant with org.spongepowered.asm.mixin.injection.struct.ModifyConstantInjectionInfo
[30Aug2025 17:29:24.843] [main/DEBUG] [mixin/]: Selecting config bookshelf.common.mixins.json
[30Aug2025 17:29:24.847] [main/DEBUG] [mixin/]: Selecting config bookshelf.forge.mixins.json
[30Aug2025 17:29:24.852] [main/DEBUG] [mixin/]: Selecting config relics.mixins.json
[30Aug2025 17:29:24.855] [main/DEBUG] [mixin/]: Selecting config immersiveui-common.mixins.json
[30Aug2025 17:29:24.860] [main/DEBUG] [mixin/]: Selecting config immersiveui.mixins.json
[30Aug2025 17:29:24.866] [main/DEBUG] [mixin/]: Selecting config mixins.mutated_items.json
[30Aug2025 17:29:24.870] [main/WARN] [mixin/]: Reference map 'mixins.mutated_items.refmap.json' for mixins.mutated_items.json could not be read. If this is a development environment you can ignore this message
[30Aug2025 17:29:24.870] [main/DEBUG] [mixin/]: Selecting config eeeabsmobs.mixins.json
[30Aug2025 17:29:24.873] [main/DEBUG] [mixin/]: Selecting config lionfishapi.mixins.json
[30Aug2025 17:29:24.877] [main/DEBUG] [mixin/]: Selecting config cataclysm.mixins.json
[30Aug2025 17:29:24.883] [main/DEBUG] [mixin/]: Selecting config curios.mixins.json
[30Aug2025 17:29:24.888] [main/DEBUG] [mixin/]: Selecting config patchouli_xplat.mixins.json
[30Aug2025 17:29:24.892] [main/DEBUG] [mixin/]: Selecting config architectury.mixins.json
[30Aug2025 17:29:24.898] [main/DEBUG] [mixin/]: Selecting config architectury-common.mixins.json
[30Aug2025 17:29:24.901] [main/DEBUG] [mixin/]: Selecting config nemos_inventory_sorting.mixins.json
[30Aug2025 17:29:24.909] [main/DEBUG] [mixin/]: Selecting config monolib.mixins.json
[30Aug2025 17:29:24.911] [main/DEBUG] [mixin/]: Selecting config monolib.forge.mixins.json
[30Aug2025 17:29:24.924] [main/DEBUG] [MonoLib/]: Loaded com.cursee.monolib.platform.ForgePlatformHelper@b06d46d for service interface com.cursee.monolib.platform.services.IPlatformHelper
[30Aug2025 17:29:24.960] [main/DEBUG] [mixin/]: Selecting config forge-disenchanting_table.forge.mixins.json
[30Aug2025 17:29:24.964] [main/DEBUG] [mixin/]: Selecting config l2library.mixins.json
[30Aug2025 17:29:24.969] [main/DEBUG] [mixin/]: Selecting config l2damagetracker.mixins.json
[30Aug2025 17:29:24.974] [main/DEBUG] [mixin/]: Selecting config mowziesmobs.mixins.json
[30Aug2025 17:29:24.977] [main/DEBUG] [mixin/]: Selecting config geckolib.mixins.json
[30Aug2025 17:29:24.981] [main/DEBUG] [mixin/]: Selecting config l2tabs.mixins.json
[30Aug2025 17:29:24.983] [main/DEBUG] [mixin/]: Selecting config attributefix.mixins.json
[30Aug2025 17:29:24.987] [main/DEBUG] [mixin/]: Selecting config caelus.mixins.json
[30Aug2025 17:29:24.988] [main/DEBUG] [mixin/]: Selecting config obscure_api.mixins.json
[30Aug2025 17:29:24.991] [main/DEBUG] [mixin/]: Selecting config geckoanimfix.forge.mixins.json
[30Aug2025 17:29:24.993] [main/DEBUG] [mixin/]: Selecting config clumps.mixins.json
[30Aug2025 17:29:24.995] [main/DEBUG] [mixin/]: Selecting config comforts.mixins.json
[30Aug2025 17:29:24.997] [main/DEBUG] [mixin/]: Selecting config mixins.artifacts.common.json
[30Aug2025 17:29:25.000] [main/DEBUG] [mixin/]: Selecting config mixins.artifacts.forge.json
[30Aug2025 17:29:25.002] [main/DEBUG] [mixin/]: Selecting config configured.common.mixins.json
[30Aug2025 17:29:25.005] [main/DEBUG] [mixin/]: Selecting config l2screentracker.mixins.json
[30Aug2025 17:29:25.008] [main/DEBUG] [mixin/]: Selecting config myserveriscompatible.mixins.json
[30Aug2025 17:29:25.009] [main/DEBUG] [mixin/]: Selecting config starlight.mixins.json
[30Aug2025 17:29:25.011] [main/DEBUG] [mixin/]: Selecting config creature_compendium.mixins.json
[30Aug2025 17:29:25.014] [main/DEBUG] [mixin/]: Selecting config iceandfire.mixins.json
[30Aug2025 17:29:25.016] [main/DEBUG] [mixin/]: Selecting config davespotioneering.mixins.json
[30Aug2025 17:29:25.019] [main/DEBUG] [mixin/]: Selecting config davespotioneering.forge.mixins.json
[30Aug2025 17:29:25.022] [main/DEBUG] [mixin/]: Selecting config mixins.cofhcore.json
[30Aug2025 17:29:25.027] [main/DEBUG] [mixin/]: Selecting config mixins.ensorcellation.json
[30Aug2025 17:29:25.030] [main/DEBUG] [mixin/]: Selecting config bettercombat.mixins.json
[30Aug2025 17:29:25.035] [main/DEBUG] [mixin/]: Selecting config modulargolems.mixins.json
[30Aug2025 17:29:25.037] [main/DEBUG] [mixin/]: Selecting config polymorph.mixins.json
[30Aug2025 17:29:25.039] [main/DEBUG] [mixin/]: Selecting config polymorph-integrations.forge.mixins.json
[30Aug2025 17:29:25.044] [main/DEBUG] [mixin/]: Selecting config legendary_monsters.mixins.json
[30Aug2025 17:29:25.045] [main/DEBUG] [mixin/]: Selecting config mixins.irons_spellbooks.json
[30Aug2025 17:29:25.050] [main/DEBUG] [mixin/]: Selecting config mob_weapon_api.mixins.json
[30Aug2025 17:29:25.052] [main/WARN] [mixin/]: Reference map 'mob_weapon_api.refmap.json' for mob_weapon_api.mixins.json could not be read. If this is a development environment you can ignore this message
[30Aug2025 17:29:25.052] [main/DEBUG] [mixin/]: Selecting config extrasounds.mixins.json
[30Aug2025 17:29:25.055] [main/DEBUG] [mixin/]: Selecting config extrasounds-forge.mixins.json
[30Aug2025 17:29:25.060] [main/DEBUG] [mixin/]: Selecting config lootr.mixins.json
[30Aug2025 17:29:25.064] [main/DEBUG] [mixin/]: Selecting config ferritecore.predicates.mixin.json
[30Aug2025 17:29:25.098] [main/DEBUG] [mixin/]: Selecting config ferritecore.fastmap.mixin.json
[30Aug2025 17:29:25.104] [main/DEBUG] [mixin/]: Selecting config ferritecore.mrl.mixin.json
[30Aug2025 17:29:25.110] [main/DEBUG] [mixin/]: Selecting config ferritecore.dedupmultipart.mixin.json
[30Aug2025 17:29:25.114] [main/DEBUG] [mixin/]: Selecting config ferritecore.blockstatecache.mixin.json
[30Aug2025 17:29:25.120] [main/DEBUG] [mixin/]: Selecting config ferritecore.dedupbakedquad.mixin.json
[30Aug2025 17:29:25.126] [main/DEBUG] [mixin/]: Selecting config ferritecore.threaddetec.mixin.json
[30Aug2025 17:29:25.131] [main/DEBUG] [mixin/]: Selecting config ferritecore.modelsides.mixin.json
[30Aug2025 17:29:25.136] [main/DEBUG] [mixin/]: Selecting config charmofundying.mixins.json
[30Aug2025 17:29:25.140] [main/DEBUG] [mixin/]: Selecting config l2itemselector.mixins.json
[30Aug2025 17:29:25.145] [main/WARN] [mixin/]: Reference map 'itemselector.refmap.json' for l2itemselector.mixins.json could not be read. If this is a development environment you can ignore this message
[30Aug2025 17:29:25.147] [main/DEBUG] [mixin/]: Selecting config expandability.mixins.json
[30Aug2025 17:29:25.152] [main/DEBUG] [mixin/]: Selecting config expandability-common.mixins.json
[30Aug2025 17:29:25.162] [main/DEBUG] [mixin/]: Selecting config explosiveenhancement.mixins.json
[30Aug2025 17:29:25.171] [main/DEBUG] [mixin/]: Selecting config skinrestorer.mixins.json
[30Aug2025 17:29:25.176] [main/DEBUG] [mixin/]: Selecting config aquamirae.mixins.json
[30Aug2025 17:29:25.179] [main/WARN] [mixin/]: Reference map 'Aquamirae.refmap.json' for aquamirae.mixins.json could not be read. If this is a development environment you can ignore this message
[30Aug2025 17:29:25.182] [main/DEBUG] [mixin/]: Selecting config enigmaticlegacy.mixins.json
[30Aug2025 17:29:25.186] [main/DEBUG] [mixin/]: Preparing playerAnimator-common.mixins.json (14)
[30Aug2025 17:29:25.186] [main/DEBUG] [mixin/]: Preparing nyfsquiver.mixins.json (6)
[30Aug2025 17:29:25.279] [main/DEBUG] [mixin/]: Preparing citadel.mixins.json (15)
[30Aug2025 17:29:25.430] [main/DEBUG] [net.minecraftforge.coremod.transformer.CoreModBaseTransformer/COREMOD]: Transforming net/minecraft/server/MinecraftServer
[30Aug2025 17:29:25.781] [main/DEBUG] [mixin/]: Preparing mixinextras.init.mixins.json (0)
[30Aug2025 17:29:25.781] [main/DEBUG] [mixin/]: Preparing bookshelf.common.mixins.json (23)
[30Aug2025 17:29:25.804] [main/DEBUG] [net.minecraftforge.coremod.transformer.CoreModBaseTransformer/COREMOD]: Transforming net/minecraft/world/effect/MobEffectInstance
[30Aug2025 17:29:25.942] [main/DEBUG] [mixin/]: Preparing bookshelf.forge.mixins.json (1)
[30Aug2025 17:29:25.948] [main/DEBUG] [mixin/]: Preparing relics.mixins.json (15)
[30Aug2025 17:29:25.989] [main/DEBUG] [net.minecraftforge.coremod.transformer.CoreModBaseTransformer/COREMOD]: Transforming net/minecraft/world/item/ItemStack
[30Aug2025 17:29:26.077] [main/ERROR] [net.minecraftforge.fml.loading.RuntimeDistCleaner/DISTXFORM]: Attempted to load class net/minecraft/client/gui/screens/Screen for invalid dist DEDICATED_SERVER
[30Aug2025 17:29:26.078] [main/WARN] [mixin/]: Error loading class: net/minecraft/client/gui/screens/Screen (java.lang.RuntimeException: Attempted to load class net/minecraft/client/gui/screens/Screen for invalid dist DEDICATED_SERVER)
[30Aug2025 17:29:26.080] [main/WARN] [mixin/]: @Mixin target net.minecraft.client.gui.screens.Screen was not found relics.mixins.json:ScreenMixin
[30Aug2025 17:29:26.081] [main/DEBUG] [mixin/]: Preparing immersiveui-common.mixins.json (11)
[30Aug2025 17:29:26.081] [main/DEBUG] [mixin/]: Preparing immersiveui.mixins.json (2)
[30Aug2025 17:29:26.081] [main/DEBUG] [mixin/]: Preparing mixins.mutated_items.json (0)
[30Aug2025 17:29:26.081] [main/DEBUG] [mixin/]: Preparing eeeabsmobs.mixins.json (1)
[30Aug2025 17:29:26.081] [main/DEBUG] [mixin/]: Preparing lionfishapi.mixins.json (2)
[30Aug2025 17:29:26.082] [main/DEBUG] [mixin/]: Preparing cataclysm.mixins.json (21)
[30Aug2025 17:29:26.140] [main/DEBUG] [net.minecraftforge.coremod.transformer.CoreModBaseTransformer/COREMOD]: Transforming net/minecraft/world/level/levelgen/structure/templatesystem/StructureTemplate
[30Aug2025 17:29:26.708] [main/DEBUG] [mixin/]: Preparing curios.mixins.json (13)
[30Aug2025 17:29:26.741] [main/DEBUG] [mixin/]: Preparing patchouli_xplat.mixins.json (10)
[30Aug2025 17:29:26.744] [main/DEBUG] [mixin/]: Preparing architectury.mixins.json (9)
[30Aug2025 17:29:26.756] [main/DEBUG] [mixin/]: Preparing architectury-common.mixins.json (10)
[30Aug2025 17:29:26.781] [main/DEBUG] [net.minecraftforge.coremod.transformer.CoreModBaseTransformer/COREMOD]: Transforming net/minecraft/world/item/BucketItem
[30Aug2025 17:29:26.800] [main/DEBUG] [net.minecraftforge.coremod.transformer.CoreModBaseTransformer/COREMOD]: Transforming net/minecraft/world/entity/EntityType
[30Aug2025 17:29:27.029] [main/DEBUG] [net.minecraftforge.coremod.transformer.CoreModBaseTransformer/COREMOD]: Transforming net/minecraft/world/level/block/LiquidBlock
[30Aug2025 17:29:27.044] [main/DEBUG] [mixin/]: Preparing nemos_inventory_sorting.mixins.json (4)
[30Aug2025 17:29:27.044] [main/DEBUG] [mixin/]: Preparing monolib.mixins.json (1)
[30Aug2025 17:29:27.044] [main/DEBUG] [mixin/]: Preparing monolib.forge.mixins.json (2)
[30Aug2025 17:29:27.045] [main/DEBUG] [mixin/]: Preparing forge-disenchanting_table.forge.mixins.json (0)
[30Aug2025 17:29:27.046] [main/DEBUG] [mixin/]: Preparing l2library.mixins.json (4)
[30Aug2025 17:29:27.048] [main/DEBUG] [mixin/]: Preparing l2damagetracker.mixins.json (3)
[30Aug2025 17:29:27.071] [main/DEBUG] [net.minecraftforge.coremod.transformer.CoreModBaseTransformer/COREMOD]: Transforming m_36170_ with desc (Lnet/minecraft/world/entity/player/PlayerModelPart;)Z
[30Aug2025 17:29:27.091] [main/DEBUG] [mixin/]: Preparing mowziesmobs.mixins.json (1)
[30Aug2025 17:29:27.098] [main/DEBUG] [mixin/]: Preparing geckolib.mixins.json (1)
[30Aug2025 17:29:27.098] [main/DEBUG] [mixin/]: Preparing l2tabs.mixins.json (1)
[30Aug2025 17:29:27.103] [main/DEBUG] [mixin/]: Preparing attributefix.mixins.json (1)
[30Aug2025 17:29:27.104] [main/DEBUG] [mixin/]: Preparing caelus.mixins.json (4)
[30Aug2025 17:29:27.105] [main/DEBUG] [mixin/]: Preparing obscure_api.mixins.json (6)
[30Aug2025 17:29:27.108] [main/DEBUG] [mixin/]: Preparing geckoanimfix.forge.mixins.json (1)
[30Aug2025 17:29:27.109] [main/DEBUG] [mixin/]: Preparing clumps.mixins.json (2)
[30Aug2025 17:29:27.113] [main/DEBUG] [mixin/]: Preparing comforts.mixins.json (3)
[30Aug2025 17:29:27.115] [main/DEBUG] [mixin/]: Preparing mixins.artifacts.common.json (21)
[30Aug2025 17:29:27.126] [main/DEBUG] [net.minecraftforge.coremod.transformer.CoreModBaseTransformer/COREMOD]: Transforming net/minecraft/world/level/NaturalSpawner
[30Aug2025 17:29:27.329] [main/DEBUG] [net.minecraftforge.coremod.transformer.CoreModBaseTransformer/COREMOD]: Transforming net/minecraft/world/entity/npc/Villager
[30Aug2025 17:29:27.566] [main/DEBUG] [mixin/]: Preparing mixins.artifacts.forge.json (3)
[30Aug2025 17:29:27.572] [main/DEBUG] [mixin/]: Preparing configured.common.mixins.json (2)
[30Aug2025 17:29:27.572] [main/DEBUG] [mixin/]: Preparing l2screentracker.mixins.json (3)
[30Aug2025 17:29:27.582] [main/DEBUG] [net.minecraftforge.coremod.transformer.CoreModBaseTransformer/COREMOD]: Transforming net/minecraft/server/level/ServerPlayer
[30Aug2025 17:29:27.623] [main/DEBUG] [net.minecraftforge.coremod.transformer.CoreModBaseTransformer/COREMOD]: Transforming m_36170_ with desc (Lnet/minecraft/world/entity/player/PlayerModelPart;)Z
[30Aug2025 17:29:27.723] [main/DEBUG] [mixin/]: Preparing myserveriscompatible.mixins.json (1)
[30Aug2025 17:29:27.723] [main/DEBUG] [mixin/]: Preparing starlight.mixins.json (13)
[30Aug2025 17:29:27.741] [main/DEBUG] [net.minecraftforge.coremod.transformer.CoreModBaseTransformer/COREMOD]: Transforming net/minecraft/world/level/chunk/LevelChunk
[30Aug2025 17:29:27.767] [main/DEBUG] [mixin/]: Preparing creature_compendium.mixins.json (1)
[30Aug2025 17:29:27.768] [main/DEBUG] [mixin/]: Preparing iceandfire.mixins.json (2)
[30Aug2025 17:29:27.770] [main/DEBUG] [mixin/]: Preparing davespotioneering.mixins.json (11)
[30Aug2025 17:29:27.785] [main/DEBUG] [mixin/]: Preparing davespotioneering.forge.mixins.json (2)
[30Aug2025 17:29:27.792] [main/DEBUG] [mixin/]: Preparing mixins.cofhcore.json (10)
[30Aug2025 17:29:27.803] [main/ERROR] [net.minecraftforge.fml.loading.RuntimeDistCleaner/DISTXFORM]: Attempted to load class net/minecraft/client/multiplayer/MultiPlayerGameMode for invalid dist DEDICATED_SERVER
[30Aug2025 17:29:27.806] [main/WARN] [mixin/]: Error loading class: net/minecraft/client/multiplayer/MultiPlayerGameMode (java.lang.RuntimeException: Attempted to load class net/minecraft/client/multiplayer/MultiPlayerGameMode for invalid dist DEDICATED_SERVER)
[30Aug2025 17:29:27.806] [main/WARN] [mixin/]: @Mixin target net.minecraft.client.multiplayer.MultiPlayerGameMode was not found mixins.cofhcore.json:MultiPlayerGameModeMixin
[30Aug2025 17:29:27.806] [main/DEBUG] [mixin/]: Preparing mixins.ensorcellation.json (2)
[30Aug2025 17:29:27.811] [main/DEBUG] [mixin/]: Preparing bettercombat.mixins.json (17)
[30Aug2025 17:29:27.825] [main/DEBUG] [mixin/]: Preparing modulargolems.mixins.json (7)
[30Aug2025 17:29:27.836] [main/WARN] [mixin/]: Error loading class: com/simibubi/create/content/kinetics/deployer/BeltDeployerCallbacks (java.lang.ClassNotFoundException: com.simibubi.create.content.kinetics.deployer.BeltDeployerCallbacks)
[30Aug2025 17:29:27.836] [main/DEBUG] [mixin/]: Skipping virtual target com.simibubi.create.content.kinetics.deployer.BeltDeployerCallbacks for modulargolems.mixins.json:BeltDeployerCallbacksMixin
[30Aug2025 17:29:27.840] [main/DEBUG] [mixin/]: Preparing polymorph.mixins.json (9)
[30Aug2025 17:29:27.847] [main/DEBUG] [mixin/]: Preparing polymorph-integrations.forge.mixins.json (2)
[30Aug2025 17:29:27.853] [main/DEBUG] [Polymorph/]: Loaded com.illusivesoulworks.polymorph.platform.ForgeIntegrationPlatform@65e620b0 for service interface com.illusivesoulworks.polymorph.platform.services.IIntegrationPlatform
[30Aug2025 17:29:27.855] [main/DEBUG] [Polymorph/]: Loaded com.illusivesoulworks.polymorph.platform.ForgeClientPlatform@27bb74e1 for service interface com.illusivesoulworks.polymorph.platform.services.IClientPlatform
[30Aug2025 17:29:27.858] [main/DEBUG] [Polymorph/]: Loaded com.illusivesoulworks.polymorph.platform.ForgePlatform@144ee8a7 for service interface com.illusivesoulworks.polymorph.platform.services.IPlatform
[30Aug2025 17:29:27.872] [main/DEBUG] [mixin/]: Preparing legendary_monsters.mixins.json (1)
[30Aug2025 17:29:27.873] [main/DEBUG] [mixin/]: Preparing mixins.irons_spellbooks.json (20)
[30Aug2025 17:29:27.903] [main/DEBUG] [mixin/]: Preparing mob_weapon_api.mixins.json (0)
[30Aug2025 17:29:27.904] [main/DEBUG] [mixin/]: Preparing extrasounds.mixins.json (26)
[30Aug2025 17:29:27.904] [main/DEBUG] [mixin/]: Preparing extrasounds-forge.mixins.json (11)
[30Aug2025 17:29:27.905] [main/DEBUG] [mixin/]: Preparing lootr.mixins.json (6)
[30Aug2025 17:29:27.920] [main/DEBUG] [mixin/]: Preparing ferritecore.predicates.mixin.json (3)
[30Aug2025 17:29:27.921] [main/DEBUG] [mixin/]: Preparing ferritecore.fastmap.mixin.json (1)
[30Aug2025 17:29:27.925] [main/DEBUG] [mixin/]: Preparing ferritecore.mrl.mixin.json (2)
[30Aug2025 17:29:27.925] [main/DEBUG] [mixin/]: Preparing ferritecore.dedupmultipart.mixin.json (2)
[30Aug2025 17:29:27.925] [main/DEBUG] [mixin/]: Preparing ferritecore.blockstatecache.mixin.json (8)
[30Aug2025 17:29:27.943] [main/DEBUG] [mixin/]: @Mixin target net/minecraft/world/level/block/state/BlockBehaviour$BlockStateBase$Cache is public in ferritecore.blockstatecache.mixin.json:BlockStateCacheMixin and should be specified in value
[30Aug2025 17:29:27.954] [main/DEBUG] [mixin/]: Preparing ferritecore.dedupbakedquad.mixin.json (2)
[30Aug2025 17:29:27.954] [main/DEBUG] [mixin/]: Preparing ferritecore.threaddetec.mixin.json (1)
[30Aug2025 17:29:27.955] [main/DEBUG] [mixin/]: Preparing ferritecore.modelsides.mixin.json (1)
[30Aug2025 17:29:27.955] [main/DEBUG] [mixin/]: Preparing charmofundying.mixins.json (1)
[30Aug2025 17:29:27.956] [main/DEBUG] [mixin/]: Preparing l2itemselector.mixins.json (0)
[30Aug2025 17:29:27.956] [main/DEBUG] [mixin/]: Preparing expandability.mixins.json (4)
[30Aug2025 17:29:27.959] [main/DEBUG] [mixin/]: Preparing expandability-common.mixins.json (9)
[30Aug2025 17:29:27.971] [main/DEBUG] [mixin/]: Preparing explosiveenhancement.mixins.json (1)
[30Aug2025 17:29:27.972] [main/DEBUG] [mixin/]: Preparing aquamirae.mixins.json (0)
[30Aug2025 17:29:27.972] [main/DEBUG] [mixin/]: Preparing enigmaticlegacy.mixins.json (33)
[30Aug2025 17:29:28.026] [main/DEBUG] [net.minecraftforge.coremod.transformer.CoreModBaseTransformer/COREMOD]: Transforming net/minecraft/world/level/levelgen/PhantomSpawner
[30Aug2025 17:29:28.105] [main/WARN] [mixin/]: Error loading class: net/darkhax/darkutils/features/charms/CharmEffects (java.lang.ClassNotFoundException: net.darkhax.darkutils.features.charms.CharmEffects)
[30Aug2025 17:29:28.106] [main/DEBUG] [mixin/]: Skipping virtual target net.darkhax.darkutils.features.charms.CharmEffects for enigmaticlegacy.mixins.json:MixinCharmEffects
[30Aug2025 17:29:28.115] [main/WARN] [mixin/]: Error loading class: com/brandon3055/csg/ModEventHandler (java.lang.ClassNotFoundException: com.brandon3055.csg.ModEventHandler)
[30Aug2025 17:29:28.116] [main/DEBUG] [mixin/]: Skipping virtual target com.brandon3055.csg.ModEventHandler for enigmaticlegacy.mixins.json:MixinStarterGear
[30Aug2025 17:29:28.143] [main/WARN] [mixin/]: Error loading class: vazkii/quark/content/tweaks/module/AutomaticRecipeUnlockModule (java.lang.ClassNotFoundException: vazkii.quark.content.tweaks.module.AutomaticRecipeUnlockModule)
[30Aug2025 17:29:28.144] [main/DEBUG] [mixin/]: Skipping virtual target vazkii.quark.content.tweaks.module.AutomaticRecipeUnlockModule for enigmaticlegacy.mixins.json:MixinAutomaticRecipeUnlockModule
[30Aug2025 17:29:28.152] [main/DEBUG] [net.minecraftforge.coremod.transformer.CoreModBaseTransformer/COREMOD]: Transforming m_11229_ with desc (Lnet/minecraft/server/level/ServerPlayer;Lnet/minecraft/server/level/ServerLevel;)V
[30Aug2025 17:29:28.192] [main/DEBUG] [mixin/]: Preparing skinrestorer.mixins.json (4)
[30Aug2025 17:29:28.518] [main/DEBUG] [mixin/]: Prepared 251 mixins in 3.875 sec (15.4ms avg) (0ms load, 0ms transform, 0ms plugin)
[30Aug2025 17:29:28.578] [main/DEBUG] [net.minecraftforge.coremod.transformer.CoreModBaseTransformer/COREMOD]: Transforming net/minecraft/server/MinecraftServer
[30Aug2025 17:29:28.595] [main/INFO] [MixinExtras|Service/]: Initializing MixinExtras via com.llamalad7.mixinextras.service.MixinExtrasServiceImpl(version=0.4.1).
[30Aug2025 17:29:28.600] [main/DEBUG] [mixin/]: Registering new injector for @SugarWrapper with com.llamalad7.mixinextras.sugar.impl.SugarWrapperInjectionInfo
[30Aug2025 17:29:28.600] [main/DEBUG] [mixin/]: Registering new injector for @FactoryRedirectWrapper with com.llamalad7.mixinextras.wrapper.factory.FactoryRedirectWrapperInjectionInfo
[30Aug2025 17:29:28.618] [main/DEBUG] [mixin/]: Mixing MinecraftServerMixin from citadel.mixins.json into net.minecraft.server.MinecraftServer
[30Aug2025 17:29:28.887] [main/DEBUG] [io.netty.util.internal.logging.InternalLoggerFactory/]: Using SLF4J as the default logging framework
[30Aug2025 17:29:28.893] [main/DEBUG] [io.netty.util.ResourceLeakDetector/]: -Dio.netty.leakDetection.level: simple
[30Aug2025 17:29:28.893] [main/DEBUG] [io.netty.util.ResourceLeakDetector/]: -Dio.netty.leakDetection.targetRecords: 4
[30Aug2025 17:29:29.187] [main/DEBUG] [oshi.util.FileUtil/]: No oshi.properties file found from ClassLoader cpw.mods.modlauncher.TransformingClassLoader@4f081b5d
[30Aug2025 17:29:29.188] [main/DEBUG] [oshi.util.FileUtil/]: No oshi.properties file found from ClassLoader jdk.internal.loader.ClassLoaders$AppClassLoader@76ed5528
[30Aug2025 17:29:29.391] [main/DEBUG] [oshi.util.FileUtil/]: Reading file /proc/self/auxv
[30Aug2025 17:29:29.393] [main/DEBUG] [oshi.util.FileUtil/]: Reading file /proc/self/auxv
[30Aug2025 17:29:29.406] [main/DEBUG] [oshi.util.FileUtil/]: Reading file /proc/stat
[30Aug2025 17:29:29.422] [main/DEBUG] [oshi.util.FileUtil/]: Reading file /sys/devices/system/cpu/cpu0/topology/core_id
[30Aug2025 17:29:29.424] [main/DEBUG] [oshi.util.FileUtil/]: Reading file /sys/devices/system/cpu/cpu0/topology/core_id
[30Aug2025 17:29:29.425] [main/DEBUG] [oshi.util.FileUtil/]: Reading file /sys/devices/system/cpu/cpu0/topology/physical_package_id
[30Aug2025 17:29:29.425] [main/DEBUG] [oshi.util.FileUtil/]: Reading file /sys/devices/system/cpu/cpu0/topology/physical_package_id
[30Aug2025 17:29:29.425] [main/DEBUG] [oshi.util.FileUtil/]: Reading file /sys/devices/system/cpu/cpu0/cpu_capacity
[30Aug2025 17:29:29.430] [main/DEBUG] [oshi.util.FileUtil/]: Reading file /sys/devices/system/cpu/cpu1/topology/core_id
[30Aug2025 17:29:29.430] [main/DEBUG] [oshi.util.FileUtil/]: Reading file /sys/devices/system/cpu/cpu1/topology/core_id
[30Aug2025 17:29:29.431] [main/DEBUG] [oshi.util.FileUtil/]: Reading file /sys/devices/system/cpu/cpu1/topology/physical_package_id
[30Aug2025 17:29:29.432] [main/DEBUG] [oshi.util.FileUtil/]: Reading file /sys/devices/system/cpu/cpu1/topology/physical_package_id
[30Aug2025 17:29:29.433] [main/DEBUG] [oshi.util.FileUtil/]: Reading file /sys/devices/system/cpu/cpu1/cpu_capacity
[30Aug2025 17:29:29.439] [main/DEBUG] [oshi.util.FileUtil/]: Reading file /proc/cpuinfo
[30Aug2025 17:29:29.455] [main/DEBUG] [oshi.util.FileUtil/]: Reading file /proc/self/auxv
[30Aug2025 17:29:29.462] [main/DEBUG] [oshi.util.FileUtil/]: No oshi.architecture.properties file found from ClassLoader cpw.mods.modlauncher.TransformingClassLoader@4f081b5d
[30Aug2025 17:29:29.463] [main/DEBUG] [oshi.util.FileUtil/]: No oshi.architecture.properties file found from ClassLoader jdk.internal.loader.ClassLoaders$AppClassLoader@76ed5528
[30Aug2025 17:29:29.485] [main/DEBUG] [oshi.util.FileUtil/]: Reading file /proc/meminfo
[30Aug2025 17:29:29.487] [main/DEBUG] [oshi.util.FileUtil/]: Reading file /proc/meminfo
[30Aug2025 17:29:29.667] [main/DEBUG] [mixin/]: Mixing inject.MixinGameEvent from architectury-common.mixins.json into net.minecraft.world.level.gameevent.GameEvent
[30Aug2025 17:29:29.724] [main/DEBUG] [mixin/]: Mixing inject.MixinBlock from architectury-common.mixins.json into net.minecraft.world.level.block.Block
[30Aug2025 17:29:29.745] [main/DEBUG] [mixin/]: Mixing common.blockstate.BlockStateBaseMixin from starlight.mixins.json into net.minecraft.world.level.block.state.BlockBehaviour$BlockStateBase
[30Aug2025 17:29:29.754] [main/DEBUG] [mixin/]: Mixing BlockStateBaseMixin from ferritecore.blockstatecache.mixin.json into net.minecraft.world.level.block.state.BlockBehaviour$BlockStateBase
[30Aug2025 17:29:29.763] [main/DEBUG] [mixin/]: Mixing fluidcollision.BlockStateBaseMixin from expandability-common.mixins.json into net.minecraft.world.level.block.state.BlockBehaviour$BlockStateBase
[30Aug2025 17:29:29.839] [main/DEBUG] [mixin/]: Mixing FastMapStateHolderMixin from ferritecore.fastmap.mixin.json into net.minecraft.world.level.block.state.StateHolder
[30Aug2025 17:29:29.893] [main/DEBUG] [mixin/]: Mixing accessors.entity.AccessorEntity from bookshelf.common.mixins.json into net.minecraft.world.entity.Entity
[30Aug2025 17:29:29.907] [main/DEBUG] [mixin/]: Mixing EntityMixin from relics.mixins.json into net.minecraft.world.entity.Entity
[30Aug2025 17:29:29.907] [main/DEBUG] [mixin/]: relics.mixins.json:EntityMixin: Class version 61 required is higher than the class version supported by the current version of Mixin (JAVA_8 supports class version 52)
[30Aug2025 17:29:29.984] [main/DEBUG] [mixin/]: Mixing EntityMixin from lionfishapi.mixins.json into net.minecraft.world.entity.Entity
[30Aug2025 17:29:30.021] [main/DEBUG] [mixin/]: Mixing AccessorEntity from curios.mixins.json into net.minecraft.world.entity.Entity
[30Aug2025 17:29:30.024] [main/DEBUG] [mixin/]: Mixing EntityMixin from l2library.mixins.json into net.minecraft.world.entity.Entity
[30Aug2025 17:29:30.026] [main/DEBUG] [mixin/]: l2library.mixins.json:EntityMixin: Class version 61 required is higher than the class version supported by the current version of Mixin (JAVA_16 supports class version 60)
[30Aug2025 17:29:30.033] [main/DEBUG] [mixin/]: Mixing item.umbrella.EntityMixin from mixins.artifacts.common.json into net.minecraft.world.entity.Entity
[30Aug2025 17:29:30.039] [main/DEBUG] [mixin/]: Mixing item.wearable.aquadashers.EntityMixin from mixins.artifacts.common.json into net.minecraft.world.entity.Entity
[30Aug2025 17:29:30.086] [main/DEBUG] [mixin/]: Mixing EntityMixin from modulargolems.mixins.json into net.minecraft.world.entity.Entity
[30Aug2025 17:29:30.089] [main/DEBUG] [mixin/]: Mixing EntityMixin from mixins.irons_spellbooks.json into net.minecraft.world.entity.Entity
[30Aug2025 17:29:30.111] [main/DEBUG] [mixin/]: Mixing swimming.EntityMixin from expandability.mixins.json into net.minecraft.world.entity.Entity
[30Aug2025 17:29:30.119] [main/DEBUG] [mixin/]: Mixing swimming.EntityMixin from expandability-common.mixins.json into net.minecraft.world.entity.Entity
[30Aug2025 17:29:30.428] [main/DEBUG] [mixin/]: Mixing LivingEntityMixin from citadel.mixins.json into net.minecraft.world.entity.LivingEntity
[30Aug2025 17:29:30.445] [main/DEBUG] [mixin/]: Mixing accessors.entity.AccessorLivingEntity from bookshelf.common.mixins.json into net.minecraft.world.entity.LivingEntity
[30Aug2025 17:29:30.445] [main/DEBUG] [mixin/]: Mixing patches.entity.MixinLivingEntity from bookshelf.common.mixins.json into net.minecraft.world.entity.LivingEntity
[30Aug2025 17:29:30.454] [main/DEBUG] [mixin/]: Mixing LivingEntityMixin from relics.mixins.json into net.minecraft.world.entity.LivingEntity
[30Aug2025 17:29:30.456] [main/DEBUG] [mixin/]: relics.mixins.json:LivingEntityMixin: Class version 61 required is higher than the class version supported by the current version of Mixin (JAVA_8 supports class version 52)
[30Aug2025 17:29:30.465] [main/DEBUG] [mixin/]: Mixing LivingEntityMixin from cataclysm.mixins.json into net.minecraft.world.entity.LivingEntity
[30Aug2025 17:29:30.467] [main/DEBUG] [mixin/]: Mixing MixinLivingEntity from curios.mixins.json into net.minecraft.world.entity.LivingEntity
[30Aug2025 17:29:30.471] [main/DEBUG] [mixin/]: Mixing LivingEntityMixin from l2damagetracker.mixins.json into net.minecraft.world.entity.LivingEntity
[30Aug2025 17:29:30.476] [main/DEBUG] [mixin/]: Mixing MixinLivingEntity from caelus.mixins.json into net.minecraft.world.entity.LivingEntity
[30Aug2025 17:29:30.478] [main/DEBUG] [mixin/]: Mixing accessors.LivingEntityAccessor from mixins.artifacts.common.json into net.minecraft.world.entity.LivingEntity
[30Aug2025 17:29:30.480] [main/DEBUG] [mixin/]: Mixing item.hurtsound.LivingEntityMixin from mixins.artifacts.common.json into net.minecraft.world.entity.LivingEntity
[30Aug2025 17:29:30.488] [main/DEBUG] [mixin/]: Mixing item.wearable.chorustotem.LivingEntityMixin from mixins.artifacts.common.json into net.minecraft.world.entity.LivingEntity
[30Aug2025 17:29:30.542] [main/DEBUG] [mixin/]: Mixing item.wearable.snowshoes.LivingEntityMixin from mixins.artifacts.forge.json into net.minecraft.world.entity.LivingEntity
[30Aug2025 17:29:30.547] [main/DEBUG] [mixin/]: Mixing LivingEntityMixin from mixins.cofhcore.json into net.minecraft.world.entity.LivingEntity
[30Aug2025 17:29:30.550] [main/DEBUG] [mixin/]: Renaming synthetic method lambda$shield$0(Lorg/spongepowered/asm/mixin/injection/callback/CallbackInfoReturnable;Lnet/minecraft/world/damagesource/DamageSource;Lcofh/lib/api/capability/IShieldItem;)V to md915be7$lambda$shield$0$0 in mixins.cofhcore.json:LivingEntityMixin
[30Aug2025 17:29:30.575] [main/DEBUG] [mixin/]: Mixing LivingEntityAccessor from bettercombat.mixins.json into net.minecraft.world.entity.LivingEntity
[30Aug2025 17:29:30.578] [main/DEBUG] [mixin/]: Mixing LivingEntityMixin from bettercombat.mixins.json into net.minecraft.world.entity.LivingEntity
[30Aug2025 17:29:30.580] [main/DEBUG] [mixin/]: Renaming synthetic method lambda$getAttributeValue_Inject$0(Lnet/minecraft/world/entity/player/Player;Lnet/minecraft/world/entity/ai/attributes/Attribute;Lorg/spongepowered/asm/mixin/injection/callback/CallbackInfoReturnable;)V to md915be7$lambda$getAttributeValue_Inject$0$1 in bettercombat.mixins.json:LivingEntityMixin
[30Aug2025 17:29:30.591] [main/DEBUG] [mixin/]: Mixing LivingEntityMixin from modulargolems.mixins.json into net.minecraft.world.entity.LivingEntity
[30Aug2025 17:29:30.614] [main/DEBUG] [mixin/]: Mixing LivingEntityMixin from legendary_monsters.mixins.json into net.minecraft.world.entity.LivingEntity
[30Aug2025 17:29:30.618] [main/DEBUG] [mixin/]: Mixing LivingEntityMixin from mixins.irons_spellbooks.json into net.minecraft.world.entity.LivingEntity
[30Aug2025 17:29:30.620] [main/DEBUG] [mixin/]: Renaming synthetic method lambda$static$1(Lnet/minecraft/world/entity/ai/attributes/Attribute;)Z to md915be7$lambda$static$1$2 in mixins.irons_spellbooks.json:LivingEntityMixin
[30Aug2025 17:29:30.620] [main/DEBUG] [mixin/]: Renaming synthetic method lambda$static$0(Lnet/minecraft/world/entity/ai/attributes/Attribute;)Z to md915be7$lambda$static$0$3 in mixins.irons_spellbooks.json:LivingEntityMixin
[30Aug2025 17:29:30.673] [main/DEBUG] [mixin/]: Mixing MixinLivingEntity from charmofundying.mixins.json into net.minecraft.world.entity.LivingEntity
[30Aug2025 17:29:30.685] [main/DEBUG] [mixin/]: Mixing swimming.LivingEntityMixin from expandability.mixins.json into net.minecraft.world.entity.LivingEntity
[30Aug2025 17:29:30.690] [main/DEBUG] [mixin/]: Mixing swimming.LivingEntityMixin from expandability-common.mixins.json into net.minecraft.world.entity.LivingEntity
[30Aug2025 17:29:30.700] [main/INFO] [mixin/]: Mixing MixinLivingEntity from enigmaticlegacy.mixins.json into net.minecraft.world.entity.LivingEntity
[30Aug2025 17:29:30.732] [main/DEBUG] [mixin/]: Mixing LivingEntityMixin from obscure_api.mixins.json into net.minecraft.world.entity.LivingEntity
[30Aug2025 17:29:31.081] [main/DEBUG] [mixin/]: Mixing LevelMixin from citadel.mixins.json into net.minecraft.world.level.Level
[30Aug2025 17:29:31.084] [main/DEBUG] [mixin/]: Mixing common.world.LevelMixin from starlight.mixins.json into net.minecraft.world.level.Level
[30Aug2025 17:29:31.119] [main/DEBUG] [mixin/]: Mixing ServerLevelMixin from citadel.mixins.json into net.minecraft.server.level.ServerLevel
[30Aug2025 17:29:31.121] [main/DEBUG] [mixin/]: Mixing MixinServerSleepStatus from comforts.mixins.json into net.minecraft.server.level.ServerLevel
[30Aug2025 17:29:31.125] [main/DEBUG] [mixin/]: Mixing common.world.ServerWorldMixin from starlight.mixins.json into net.minecraft.server.level.ServerLevel
[30Aug2025 17:29:31.146] [main/DEBUG] [mixin/]: Mixing ServerLevelMixin from modulargolems.mixins.json into net.minecraft.server.level.ServerLevel
[30Aug2025 17:29:31.147] [main/DEBUG] [mixin/]: Renaming synthetic method lambda$findLightningRod$2(Lnet/minecraft/server/level/ServerLevel;Ldev/xkmc/modulargolems/content/entity/common/AbstractGolemEntity;)Z to md915be7$lambda$findLightningRod$2$0 in modulargolems.mixins.json:ServerLevelMixin
[30Aug2025 17:29:31.147] [main/DEBUG] [mixin/]: Renaming synthetic method lambda$findLightningRod$1(Lnet/minecraft/server/level/ServerLevel;Lnet/minecraft/core/BlockPos;)Z to md915be7$lambda$findLightningRod$1$1 in modulargolems.mixins.json:ServerLevelMixin
[30Aug2025 17:29:31.148] [main/DEBUG] [mixin/]: Renaming synthetic method lambda$findLightningRod$0(Lnet/minecraft/core/Holder;)Z to md915be7$lambda$findLightningRod$0$2 in modulargolems.mixins.json:ServerLevelMixin
[30Aug2025 17:29:31.196] [main/DEBUG] [mixin/]: Mixing ItemMixin from cataclysm.mixins.json into net.minecraft.world.entity.item.ItemEntity
[30Aug2025 17:29:31.212] [main/DEBUG] [net.minecraftforge.coremod.transformer.CoreModBaseTransformer/COREMOD]: Transforming m_36170_ with desc (Lnet/minecraft/world/entity/player/PlayerModelPart;)Z
[30Aug2025 17:29:31.222] [main/DEBUG] [mixin/]: Mixing PlayerMixin from l2damagetracker.mixins.json into net.minecraft.world.entity.player.Player
[30Aug2025 17:29:31.223] [main/DEBUG] [mixin/]: Mixing AccessorPlayer from comforts.mixins.json into net.minecraft.world.entity.player.Player
[30Aug2025 17:29:31.224] [main/DEBUG] [mixin/]: Mixing PlayerMixins from creature_compendium.mixins.json into net.minecraft.world.entity.player.Player
[30Aug2025 17:29:31.234] [main/DEBUG] [mixin/]: Renaming synthetic method lambda$getPosIdleForHand$1(ZLcom/TBK/creature_compendium/server/entity/unseen_grasp/UnseenHandEntity;)Z to md915be7$lambda$getPosIdleForHand$1$0 in creature_compendium.mixins.json:PlayerMixins
[30Aug2025 17:29:31.235] [main/DEBUG] [mixin/]: Renaming synthetic method lambda$getPosIdleForHand$0(ZLcom/TBK/creature_compendium/server/entity/unseen_grasp/UnseenHandEntity;)Z to md915be7$lambda$getPosIdleForHand$0$1 in creature_compendium.mixins.json:PlayerMixins
[30Aug2025 17:29:31.270] [main/DEBUG] [mixin/]: Mixing PlayerEntityMixin from davespotioneering.mixins.json into net.minecraft.world.entity.player.Player
[30Aug2025 17:29:31.273] [main/DEBUG] [mixin/]: Mixing PlayerEntityAccessor from bettercombat.mixins.json into net.minecraft.world.entity.player.Player
[30Aug2025 17:29:31.274] [main/DEBUG] [mixin/]: Mixing PlayerEntityMixin from bettercombat.mixins.json into net.minecraft.world.entity.player.Player
[30Aug2025 17:29:31.301] [main/DEBUG] [mixin/]: Mixing PlayerMixin from modulargolems.mixins.json into net.minecraft.world.entity.player.Player
[30Aug2025 17:29:31.308] [main/DEBUG] [mixin/]: Mixing PlayerMixin from mixins.irons_spellbooks.json into net.minecraft.world.entity.player.Player
[30Aug2025 17:29:31.309] [main/DEBUG] [mixin/]: Mixing swimming.PlayerMixin from expandability-common.mixins.json into net.minecraft.world.entity.player.Player
[30Aug2025 17:29:31.312] [main/INFO] [mixin/]: Mixing MixinPlayer from enigmaticlegacy.mixins.json into net.minecraft.world.entity.player.Player
[30Aug2025 17:29:31.551] [main/DEBUG] [mixin/]: Mixing inject.MixinFluid from architectury-common.mixins.json into net.minecraft.world.level.material.Fluid
[30Aug2025 17:29:31.561] [main/DEBUG] [mixin/]: Mixing accessors.item.AccessorItem from bookshelf.common.mixins.json into net.minecraft.world.item.Item
[30Aug2025 17:29:31.561] [main/DEBUG] [mixin/]: Mixing ItemMixin from relics.mixins.json into net.minecraft.world.item.Item
[30Aug2025 17:29:31.562] [main/DEBUG] [mixin/]: relics.mixins.json:ItemMixin: Class version 61 required is higher than the class version supported by the current version of Mixin (JAVA_8 supports class version 52)
[30Aug2025 17:29:31.570] [main/DEBUG] [mixin/]: Mixing inject.MixinItem from architectury-common.mixins.json into net.minecraft.world.item.Item
[30Aug2025 17:29:31.574] [main/DEBUG] [mixin/]: Mixing ItemAccess from davespotioneering.mixins.json into net.minecraft.world.item.Item
[30Aug2025 17:29:31.575] [main/DEBUG] [mixin/]: Mixing ItemMixin from mixins.irons_spellbooks.json into net.minecraft.world.item.Item
[30Aug2025 17:29:31.604] [main/DEBUG] [net.minecraftforge.coremod.transformer.CoreModBaseTransformer/COREMOD]: Transforming net/minecraft/world/entity/EntityType
[30Aug2025 17:29:31.710] [main/DEBUG] [mixin/]: Mixing inject.MixinEntityType from architectury-common.mixins.json into net.minecraft.world.entity.EntityType
[30Aug2025 17:29:31.737] [main/DEBUG] [mixin/]: Mixing MobEffectMixin from mixins.irons_spellbooks.json into net.minecraft.world.effect.MobEffect
[30Aug2025 17:29:31.740] [main/INFO] [mixin/]: Mixing MixinMobEffect from enigmaticlegacy.mixins.json into net.minecraft.world.effect.MobEffect
[30Aug2025 17:29:31.762] [main/DEBUG] [mixin/]: Mixing EnchantmentMixin from bettercombat.mixins.json into net.minecraft.world.item.enchantment.Enchantment
[30Aug2025 17:29:31.771] [main/DEBUG] [mixin/]: Mixing BlockEntityTypeAcces from davespotioneering.mixins.json into net.minecraft.world.level.block.entity.BlockEntityType
[30Aug2025 17:29:31.794] [main/DEBUG] [mixin/]: Mixing MixinPoiTypes from lootr.mixins.json into net.minecraft.world.entity.ai.village.poi.PoiTypes
[30Aug2025 17:29:31.802] [main/DEBUG] [mixin/]: Mixing MixinPoiType from lootr.mixins.json into net.minecraft.world.entity.ai.village.poi.PoiType
[30Aug2025 17:29:31.926] [main/DEBUG] [mixin/]: Mixing DiscreteVSAccess from ferritecore.blockstatecache.mixin.json into net.minecraft.world.phys.shapes.DiscreteVoxelShape
[30Aug2025 17:29:31.931] [main/DEBUG] [mixin/]: Mixing BitSetDVSAccess from ferritecore.blockstatecache.mixin.json into net.minecraft.world.phys.shapes.BitSetDiscreteVoxelShape
[30Aug2025 17:29:31.936] [main/DEBUG] [mixin/]: Mixing VoxelShapeAccess from ferritecore.blockstatecache.mixin.json into net.minecraft.world.phys.shapes.VoxelShape
[30Aug2025 17:29:31.940] [main/DEBUG] [mixin/]: Mixing ArrayVSAccess from ferritecore.blockstatecache.mixin.json into net.minecraft.world.phys.shapes.ArrayVoxelShape
[30Aug2025 17:29:31.942] [main/DEBUG] [mixin/]: Mixing SliceShapeAccess from ferritecore.blockstatecache.mixin.json into net.minecraft.world.phys.shapes.SliceShape
[30Aug2025 17:29:32.178] [main/DEBUG] [net.minecraftforge.coremod.transformer.CoreModBaseTransformer/COREMOD]: Transforming net/minecraft/world/level/block/LiquidBlock
[30Aug2025 17:29:32.178] [main/DEBUG] [mixin/]: Mixing inject.MixinLiquidBlock from architectury-common.mixins.json into net.minecraft.world.level.block.LiquidBlock
[30Aug2025 17:29:32.224] [main/DEBUG] [net.minecraftforge.coremod.transformer.CoreModBaseTransformer/COREMOD]: Transforming net/minecraft/world/level/block/StairBlock
[30Aug2025 17:29:32.293] [main/DEBUG] [mixin/]: Mixing LayeredCauldronBlockMixin from davespotioneering.mixins.json into net.minecraft.world.level.block.LayeredCauldronBlock
[30Aug2025 17:29:32.310] [main/DEBUG] [net.minecraftforge.coremod.transformer.CoreModBaseTransformer/COREMOD]: Transforming net/minecraft/world/level/block/FlowerPotBlock
[30Aug2025 17:29:32.366] [main/DEBUG] [mixin/]: Mixing swimming.BubbleColumnBlockMixin from expandability-common.mixins.json into net.minecraft.world.level.block.BubbleColumnBlock
[30Aug2025 17:29:32.403] [main/DEBUG] [mixin/]: Mixing PowderSnowBlockMixin from relics.mixins.json into net.minecraft.world.level.block.PowderSnowBlock
[30Aug2025 17:29:32.404] [main/DEBUG] [mixin/]: relics.mixins.json:PowderSnowBlockMixin: Class version 61 required is higher than the class version supported by the current version of Mixin (JAVA_8 supports class version 52)
[30Aug2025 17:29:32.404] [main/DEBUG] [mixin/]: Mixing MixinPowderSnowBlock from curios.mixins.json into net.minecraft.world.level.block.PowderSnowBlock
[30Aug2025 17:29:32.436] [main/DEBUG] [mixin/]: Mixing BlockBehaviourMixin from mowziesmobs.mixins.json into net.minecraft.world.level.block.state.BlockBehaviour$Properties
[30Aug2025 17:29:32.732] [main/DEBUG] [mixin/]: Mixing MixinFallingBlockEntity from architectury.mixins.json into net.minecraft.world.entity.item.FallingBlockEntity
[30Aug2025 17:29:32.827] [main/DEBUG] [mixin/]: Mixing patches.block.entity.MixinBaseContainerBlockEntity from bookshelf.forge.mixins.json into net.minecraft.world.level.block.entity.BaseContainerBlockEntity
[30Aug2025 17:29:32.937] [main/DEBUG] [net.minecraftforge.coremod.transformer.CoreModBaseTransformer/COREMOD]: Transforming net/minecraft/server/level/ServerPlayer
[30Aug2025 17:29:32.938] [main/DEBUG] [mixin/]: Mixing ServerPlayerMixin from l2screentracker.mixins.json into net.minecraft.server.level.ServerPlayer
[30Aug2025 17:29:32.952] [main/DEBUG] [mixin/]: Mixing AttributesMixin from mixins.irons_spellbooks.json into net.minecraft.world.entity.ai.attributes.Attributes
[30Aug2025 17:29:32.958] [main/DEBUG] [mixin/]: Mixing AccessorRangedAttribute from attributefix.mixins.json into net.minecraft.world.entity.ai.attributes.RangedAttribute
[30Aug2025 17:29:33.099] [main/DEBUG] [mixin/]: Mixing AbstractContainerMenuMixin from relics.mixins.json into net.minecraft.world.inventory.AbstractContainerMenu
[30Aug2025 17:29:33.099] [main/DEBUG] [mixin/]: relics.mixins.json:AbstractContainerMenuMixin: Class version 61 required is higher than the class version supported by the current version of Mixin (JAVA_8 supports class version 52)
[30Aug2025 17:29:33.111] [main/DEBUG] [mixin/]: Mixing accessors.inventory.AccessorCraftingMenu from bookshelf.common.mixins.json into net.minecraft.world.inventory.CraftingMenu
[30Aug2025 17:29:33.111] [main/DEBUG] [mixin/]: Mixing AccessorCraftingMenu from polymorph.mixins.json into net.minecraft.world.inventory.CraftingMenu
[30Aug2025 17:29:33.112] [main/DEBUG] [mixin/]: Mixing MixinCraftingMenu from polymorph.mixins.json into net.minecraft.world.inventory.CraftingMenu
[30Aug2025 17:29:33.131] [main/DEBUG] [mixin/]: Mixing AccessorAbstractFurnaceBlockEntity from polymorph.mixins.json into net.minecraft.world.level.block.entity.AbstractFurnaceBlockEntity
[30Aug2025 17:29:33.145] [main/DEBUG] [mixin/]: Mixing accessors.block.entity.AccessorSignBlockEntity from bookshelf.common.mixins.json into net.minecraft.world.level.block.entity.SignBlockEntity
[30Aug2025 17:29:33.229] [main/DEBUG] [mixin/]: Mixing ArrowEntityMixin from nyfsquiver.mixins.json into net.minecraft.world.entity.projectile.AbstractArrow
[30Aug2025 17:29:33.231] [main/DEBUG] [mixin/]: Renaming synthetic method lambda$playerTouch$1(Lorg/apache/commons/lang3/tuple/ImmutableTriple;)Lnet/minecraft/world/item/ItemStack; to md915be7$lambda$playerTouch$1$0 in nyfsquiver.mixins.json:ArrowEntityMixin
[30Aug2025 17:29:33.231] [main/DEBUG] [mixin/]: Renaming synthetic method lambda$playerTouch$0(Lnet/minecraft/world/item/ItemStack;)Z to md915be7$lambda$playerTouch$0$1 in nyfsquiver.mixins.json:ArrowEntityMixin
[30Aug2025 17:29:33.239] [main/DEBUG] [mixin/]: Mixing AbstractArrowMixin from l2library.mixins.json into net.minecraft.world.entity.projectile.AbstractArrow
[30Aug2025 17:29:33.239] [main/DEBUG] [mixin/]: l2library.mixins.json:AbstractArrowMixin: Class version 61 required is higher than the class version supported by the current version of Mixin (JAVA_16 supports class version 60)
[30Aug2025 17:29:33.240] [main/INFO] [mixin/]: Mixing AccessorAbstractArrowEntity from enigmaticlegacy.mixins.json into net.minecraft.world.entity.projectile.AbstractArrow
[30Aug2025 17:29:33.278] [main/DEBUG] [mixin/]: Mixing accessors.entity.AccessorMob from bookshelf.common.mixins.json into net.minecraft.world.entity.Mob
[30Aug2025 17:29:33.279] [main/DEBUG] [mixin/]: Mixing MobMixin from eeeabsmobs.mixins.json into net.minecraft.world.entity.Mob
[30Aug2025 17:29:33.280] [main/DEBUG] [mixin/]: Mixing accessors.MobAccessor from mixins.artifacts.common.json into net.minecraft.world.entity.Mob
[30Aug2025 17:29:33.369] [main/INFO] [mixin/]: Mixing MixinEnchantmentContainer from enigmaticlegacy.mixins.json into net.minecraft.world.inventory.EnchantmentMenu
[30Aug2025 17:29:33.370] [main/INFO] [mixin/]: Renaming synthetic method lambda$onEnchantedItem$0(Lnet/minecraft/world/item/ItemStack;Lnet/minecraft/world/inventory/EnchantmentMenu;ILnet/minecraft/world/entity/player/Player;ILnet/minecraft/world/level/Level;Lnet/minecraft/core/BlockPos;)V to md915be7$lambda$onEnchantedItem$0$0 in enigmaticlegacy.mixins.json:MixinEnchantmentContainer
[30Aug2025 17:29:33.404] [main/DEBUG] [mixin/]: Mixing BrewingStandBlockEntityMixin from davespotioneering.forge.mixins.json into net.minecraft.world.level.block.entity.BrewingStandBlockEntity
[30Aug2025 17:29:33.418] [main/DEBUG] [net.minecraftforge.coremod.transformer.CoreModBaseTransformer/COREMOD]: Transforming net/minecraft/world/item/ItemStack
[30Aug2025 17:29:33.419] [main/DEBUG] [mixin/]: Mixing ItemStackMixin from relics.mixins.json into net.minecraft.world.item.ItemStack
[30Aug2025 17:29:33.419] [main/DEBUG] [mixin/]: relics.mixins.json:ItemStackMixin: Class version 61 required is higher than the class version supported by the current version of Mixin (JAVA_8 supports class version 52)
[30Aug2025 17:29:33.421] [main/DEBUG] [mixin/]: Mixing ItemStackMixin from bettercombat.mixins.json into net.minecraft.world.item.ItemStack
[30Aug2025 17:29:33.422] [main/DEBUG] [mixin/]: Mixing ItemStackMixin from mixins.irons_spellbooks.json into net.minecraft.world.item.ItemStack
[30Aug2025 17:29:33.423] [main/INFO] [mixin/]: Mixing MixinItemStack from enigmaticlegacy.mixins.json into net.minecraft.world.item.ItemStack
[30Aug2025 17:29:34.009] [main/DEBUG] [mixin/]: Mixing SmithingMenuMixin from citadel.mixins.json into net.minecraft.world.inventory.SmithingMenu
[30Aug2025 17:29:34.011] [main/DEBUG] [mixin/]: Mixing MixinSmithingMenu from polymorph.mixins.json into net.minecraft.world.inventory.SmithingMenu
[30Aug2025 17:29:34.216] [main/DEBUG] [mixin/]: Mixing patches.entity.MixinLightningBolt from bookshelf.common.mixins.json into net.minecraft.world.entity.LightningBolt
[30Aug2025 17:29:34.218] [main/DEBUG] [mixin/]: Mixing MixinLightningBolt from architectury-common.mixins.json into net.minecraft.world.entity.LightningBolt
[30Aug2025 17:29:34.332] [main/DEBUG] [net.minecraftforge.coremod.transformer.CoreModBaseTransformer/COREMOD]: Transforming net/minecraft/world/entity/animal/frog/Tadpole
[30Aug2025 17:29:34.452] [main/DEBUG] [mixin/]: Mixing RangedWeaponItemMixin from bettercombat.mixins.json into net.minecraft.world.item.ProjectileWeaponItem
[30Aug2025 17:29:34.456] [main/DEBUG] [mixin/]: Mixing ArrowItemMixin from nyfsquiver.mixins.json into net.minecraft.world.item.ArrowItem
[30Aug2025 17:29:34.456] [main/DEBUG] [mixin/]: Renaming synthetic method lambda$quinfinity$3(Lorg/apache/commons/lang3/tuple/ImmutableTriple;)Lnet/minecraft/world/item/ItemStack; to md915be7$lambda$quinfinity$3$0 in nyfsquiver.mixins.json:ArrowItemMixin
[30Aug2025 17:29:34.456] [main/DEBUG] [mixin/]: Renaming synthetic method lambda$quinfinity$2(Lnet/minecraft/world/item/ItemStack;)Z to md915be7$lambda$quinfinity$2$1 in nyfsquiver.mixins.json:ArrowItemMixin
[30Aug2025 17:29:34.456] [main/DEBUG] [mixin/]: Renaming synthetic method lambda$customEntity$1(Lorg/apache/commons/lang3/tuple/ImmutableTriple;)Lnet/minecraft/world/item/ItemStack; to md915be7$lambda$customEntity$1$2 in nyfsquiver.mixins.json:ArrowItemMixin
[30Aug2025 17:29:34.457] [main/DEBUG] [mixin/]: Renaming synthetic method lambda$customEntity$0(Lnet/minecraft/world/item/ItemStack;)Z to md915be7$lambda$customEntity$0$3 in nyfsquiver.mixins.json:ArrowItemMixin
[30Aug2025 17:29:34.473] [main/DEBUG] [net.minecraftforge.coremod.transformer.CoreModBaseTransformer/COREMOD]: Transforming net/minecraft/world/item/BucketItem
[30Aug2025 17:29:34.473] [main/DEBUG] [mixin/]: Mixing inject.MixinBucketItem from architectury-common.mixins.json into net.minecraft.world.item.BucketItem
[30Aug2025 17:29:34.482] [main/DEBUG] [mixin/]: Mixing item.wearable.anglershat.FishingRodItemMixin from mixins.artifacts.common.json into net.minecraft.world.item.FishingRodItem
[30Aug2025 17:29:34.492] [main/DEBUG] [mixin/]: Mixing MixinShearsItem from curios.mixins.json into net.minecraft.world.item.ShearsItem
[30Aug2025 17:29:34.492] [main/DEBUG] [mixin/]: Mixing ShearsItemMixin from mixins.cofhcore.json into net.minecraft.world.item.ShearsItem
[30Aug2025 17:29:34.497] [main/DEBUG] [mixin/]: Mixing PotionItemMixin from davespotioneering.mixins.json into net.minecraft.world.item.PotionItem
[30Aug2025 17:29:34.499] [main/INFO] [mixin/]: Mixing MixinEnderEyeItem from enigmaticlegacy.mixins.json into net.minecraft.world.item.EnderEyeItem
[30Aug2025 17:29:34.511] [main/DEBUG] [mixin/]: Mixing HorseArmorItemMixin from mixins.cofhcore.json into net.minecraft.world.item.HorseArmorItem
[30Aug2025 17:29:34.515] [main/DEBUG] [mixin/]: Mixing ThrowablePotionItemMixin from davespotioneering.mixins.json into net.minecraft.world.item.ThrowablePotionItem
[30Aug2025 17:29:34.519] [main/DEBUG] [mixin/]: Mixing ShieldItemMixin from mixins.cofhcore.json into net.minecraft.world.item.ShieldItem
[30Aug2025 17:29:34.524] [main/DEBUG] [mixin/]: Mixing TridentItemMixin from mixins.irons_spellbooks.json into net.minecraft.world.item.TridentItem
[30Aug2025 17:29:34.529] [main/DEBUG] [mixin/]: Mixing CrossBowMixin from nyfsquiver.mixins.json into net.minecraft.world.item.CrossbowItem
[30Aug2025 17:29:34.530] [main/DEBUG] [mixin/]: Renaming synthetic method lambda$split$0(Lnet/minecraft/world/item/ItemStack;)Z to md915be7$lambda$split$0$0 in nyfsquiver.mixins.json:CrossBowMixin
[30Aug2025 17:29:34.530] [main/INFO] [mixin/]: Mixing MixinCrossbowItem from enigmaticlegacy.mixins.json into net.minecraft.world.item.CrossbowItem
[30Aug2025 17:29:34.548] [main/DEBUG] [mixin/]: Mixing inject.MixinItemProperties from architectury-common.mixins.json into net.minecraft.world.item.Item$Properties
[30Aug2025 17:29:35.599] [main/DEBUG] [mixin/]: Mixing ExperienceOrbAccess from clumps.mixins.json into net.minecraft.world.entity.ExperienceOrb
[30Aug2025 17:29:35.599] [main/DEBUG] [mixin/]: Mixing ExperienceOrbAccessor from modulargolems.mixins.json into net.minecraft.world.entity.ExperienceOrb
[30Aug2025 17:29:35.600] [main/DEBUG] [mixin/]: Mixing MixinExperienceOrb from clumps.mixins.json into net.minecraft.world.entity.ExperienceOrb
[30Aug2025 17:29:35.601] [main/DEBUG] [mixin/]: Renaming synthetic method lambda$clumps$resolve$7(Ljava/util/Map$Entry;)Ljava/lang/Integer; to md915be7$lambda$clumps$resolve$7$0 in clumps.mixins.json:MixinExperienceOrb
[30Aug2025 17:29:35.601] [main/DEBUG] [mixin/]: Renaming synthetic method lambda$addAdditionalSaveData$6(Lnet/minecraft/nbt/CompoundTag;Ljava/lang/Integer;Ljava/lang/Integer;)V to md915be7$lambda$addAdditionalSaveData$6$1 in clumps.mixins.json:MixinExperienceOrb
[30Aug2025 17:29:35.601] [main/DEBUG] [mixin/]: Renaming synthetic method lambda$tryMergeToExisting$5(Ljava/util/Map;)Ljava/util/stream/Stream; to md915be7$lambda$tryMergeToExisting$5$2 in clumps.mixins.json:MixinExperienceOrb
[30Aug2025 17:29:35.602] [main/DEBUG] [mixin/]: Renaming synthetic method lambda$tryMergeToExisting$4(IILnet/minecraft/world/entity/ExperienceOrb;)Z to md915be7$lambda$tryMergeToExisting$4$3 in clumps.mixins.json:MixinExperienceOrb
[30Aug2025 17:29:35.602] [main/DEBUG] [mixin/]: Renaming synthetic method lambda$merge$3(Ljava/util/Map;)Ljava/util/stream/Stream; to md915be7$lambda$merge$3$4 in clumps.mixins.json:MixinExperienceOrb
[30Aug2025 17:29:35.602] [main/DEBUG] [mixin/]: Renaming synthetic method lambda$clumps$repairPlayerItems$2(ILnet/minecraft/world/entity/player/Player;Lnet/minecraft/world/item/ItemStack;)Ljava/lang/Integer; to md915be7$lambda$clumps$repairPlayerItems$2$5 in clumps.mixins.json:MixinExperienceOrb
[30Aug2025 17:29:35.602] [main/DEBUG] [mixin/]: Renaming synthetic method lambda$clumps$repairPlayerItems$1(Lnet/minecraft/world/item/ItemStack;Ljava/lang/Integer;)Ljava/lang/Float; to md915be7$lambda$clumps$repairPlayerItems$1$6 in clumps.mixins.json:MixinExperienceOrb
[30Aug2025 17:29:35.603] [main/DEBUG] [mixin/]: Renaming synthetic method lambda$playerTouch$0(Lnet/minecraft/world/entity/player/Player;Ljava/util/concurrent/atomic/AtomicInteger;Ljava/lang/Integer;Ljava/lang/Integer;)V to md915be7$lambda$playerTouch$0$7 in clumps.mixins.json:MixinExperienceOrb
[30Aug2025 17:29:35.681] [main/DEBUG] [mixin/]: Mixing MixinCatSitOnBlockGoal from lootr.mixins.json into net.minecraft.world.entity.ai.goal.CatSitOnBlockGoal
[30Aug2025 17:29:35.693] [main/DEBUG] [net.minecraftforge.coremod.transformer.CoreModBaseTransformer/COREMOD]: Transforming net/minecraft/world/entity/monster/Spider
[30Aug2025 17:29:35.745] [main/DEBUG] [mixin/]: Mixing CreeperMixin from mixins.irons_spellbooks.json into net.minecraft.world.entity.monster.Creeper
[30Aug2025 17:29:35.756] [main/DEBUG] [mixin/]: Mixing AbstractChestedHorseMixin from relics.mixins.json into net.minecraft.world.entity.animal.horse.AbstractChestedHorse
[30Aug2025 17:29:35.760] [main/DEBUG] [mixin/]: relics.mixins.json:AbstractChestedHorseMixin: Class version 61 required is higher than the class version supported by the current version of Mixin (JAVA_8 supports class version 52)
[30Aug2025 17:29:35.769] [main/DEBUG] [net.minecraftforge.coremod.transformer.CoreModBaseTransformer/COREMOD]: Transforming net/minecraft/world/entity/monster/Zombie
[30Aug2025 17:29:35.863] [main/DEBUG] [net.minecraftforge.coremod.transformer.CoreModBaseTransformer/COREMOD]: Transforming net/minecraft/world/entity/monster/ZombieVillager
[30Aug2025 17:29:35.939] [main/INFO] [mixin/]: Mixing MixinEnderDragon from enigmaticlegacy.mixins.json into net.minecraft.world.entity.boss.enderdragon.EnderDragon
[30Aug2025 17:29:35.940] [main/INFO] [mixin/]: Renaming synthetic method lambda$onTickDeath$0(Lnet/minecraft/server/level/ServerPlayer;)V to md915be7$lambda$onTickDeath$0$0 in enigmaticlegacy.mixins.json:MixinEnderDragon
[30Aug2025 17:29:35.964] [main/DEBUG] [mixin/]: Mixing EnderManMixin from relics.mixins.json into net.minecraft.world.entity.monster.EnderMan
[30Aug2025 17:29:35.965] [main/DEBUG] [mixin/]: relics.mixins.json:EnderManMixin: Class version 61 required is higher than the class version supported by the current version of Mixin (JAVA_8 supports class version 52)
[30Aug2025 17:29:35.981] [main/DEBUG] [net.minecraftforge.coremod.transformer.CoreModBaseTransformer/COREMOD]: Transforming net/minecraft/world/entity/monster/Evoker$EvokerSummonSpellGoal
[30Aug2025 17:29:36.155] [main/INFO] [mixin/]: Mixing MixinShulker from enigmaticlegacy.mixins.json into net.minecraft.world.entity.monster.Shulker
[30Aug2025 17:29:36.182] [main/DEBUG] [net.minecraftforge.coremod.transformer.CoreModBaseTransformer/COREMOD]: Transforming net/minecraft/world/entity/animal/horse/SkeletonTrapGoal
[30Aug2025 17:29:36.214] [main/DEBUG] [net.minecraftforge.coremod.transformer.CoreModBaseTransformer/COREMOD]: Transforming net/minecraft/world/entity/monster/Strider
[30Aug2025 17:29:36.350] [main/DEBUG] [mixin/]: Mixing common.chunk.ChunkAccessMixin from starlight.mixins.json into net.minecraft.world.level.chunk.ChunkAccess
[30Aug2025 17:29:36.357] [main/DEBUG] [net.minecraftforge.coremod.transformer.CoreModBaseTransformer/COREMOD]: Transforming net/minecraft/world/level/chunk/LevelChunk
[30Aug2025 17:29:36.358] [main/DEBUG] [mixin/]: Mixing common.chunk.LevelChunkMixin from starlight.mixins.json into net.minecraft.world.level.chunk.LevelChunk
[30Aug2025 17:29:36.361] [main/DEBUG] [mixin/]: Mixing MixinLevelChunk from lootr.mixins.json into net.minecraft.world.level.chunk.LevelChunk
[30Aug2025 17:29:36.415] [main/DEBUG] [net.minecraftforge.coremod.transformer.CoreModBaseTransformer/COREMOD]: Transforming net/minecraft/world/entity/npc/Villager
[30Aug2025 17:29:36.567] [main/DEBUG] [mixin/]: Mixing item.wearable.villagerhat.VillagerMixin from mixins.artifacts.common.json into net.minecraft.world.entity.npc.Villager
[30Aug2025 17:29:36.569] [main/INFO] [mixin/]: Mixing MixinVillagerEntity from enigmaticlegacy.mixins.json into net.minecraft.world.entity.npc.Villager
[30Aug2025 17:29:36.571] [main/INFO] [mixin/]: Mixing MixinVillager from enigmaticlegacy.mixins.json into net.minecraft.world.entity.npc.Villager
[30Aug2025 17:29:36.639] [main/DEBUG] [mixin/]: Mixing inject.MixinFoodPropertiesBuilder from architectury-common.mixins.json into net.minecraft.world.food.FoodProperties$Builder
[30Aug2025 17:29:36.641] [main/DEBUG] [net.minecraftforge.coremod.transformer.CoreModBaseTransformer/COREMOD]: Transforming net/minecraft/world/effect/MobEffectInstance
[30Aug2025 17:29:36.642] [main/DEBUG] [mixin/]: Mixing accessors.effect.AccessorMobEffectInstance from bookshelf.common.mixins.json into net.minecraft.world.effect.MobEffectInstance
[30Aug2025 17:29:36.683] [main/DEBUG] [mixin/]: Mixing item.umbrella.server.ServerGamePacketListenerImplMixin from mixins.artifacts.common.json into net.minecraft.server.network.ServerGamePacketListenerImpl
[30Aug2025 17:29:36.686] [main/DEBUG] [mixin/]: Mixing ServerPlayNetHandlerMixin from davespotioneering.mixins.json into net.minecraft.server.network.ServerGamePacketListenerImpl
[30Aug2025 17:29:36.686] [main/DEBUG] [mixin/]: Mixing ServerPlayNetworkHandlerMixin from bettercombat.mixins.json into net.minecraft.server.network.ServerGamePacketListenerImpl
[30Aug2025 17:29:36.687] [main/DEBUG] [mixin/]: Mixing swimming.server.ServerGamePacketListenerImplMixin from expandability-common.mixins.json into net.minecraft.server.network.ServerGamePacketListenerImpl
[30Aug2025 17:29:36.763] [main/DEBUG] [mixin/]: Mixing ThornsEnchantmentMixin from mixins.ensorcellation.json into net.minecraft.world.item.enchantment.ThornsEnchantment
[30Aug2025 17:29:36.772] [main/DEBUG] [mixin/]: Mixing FrostWalkerEnchantmentMixin from mixins.ensorcellation.json into net.minecraft.world.item.enchantment.FrostWalkerEnchantment
[30Aug2025 17:29:36.783] [main/INFO] [mixin/]: Mixing MixinBindingCurseEnchantment from enigmaticlegacy.mixins.json into net.minecraft.world.item.enchantment.BindingCurseEnchantment
[30Aug2025 17:29:36.787] [main/DEBUG] [mixin/]: Mixing SweepingEnchantmentMixin from bettercombat.mixins.json into net.minecraft.world.item.enchantment.SweepingEdgeEnchantment
[30Aug2025 17:29:36.820] [main/DEBUG] [mixin/]: Mixing BrewingStandContainerAccess from davespotioneering.mixins.json into net.minecraft.world.inventory.BrewingStandMenu
[30Aug2025 17:29:36.825] [main/DEBUG] [mixin/]: Mixing StructureProcessorAccessor from cataclysm.mixins.json into net.minecraft.world.level.levelgen.structure.templatesystem.StructureProcessor
[30Aug2025 17:29:36.849] [main/DEBUG] [mixin/]: Mixing common.lightengine.LevelLightEngineMixin from starlight.mixins.json into net.minecraft.world.level.lighting.LevelLightEngine
[30Aug2025 17:29:36.852] [main/DEBUG] [mixin/]: Renaming synthetic method lambda$clientUpdateLight$1(J)[Lca/spottedleaf/starlight/common/light/SWMRNibbleArray; to md915be7$lambda$clientUpdateLight$1$0 in starlight.mixins.json:common.lightengine.LevelLightEngineMixin
[30Aug2025 17:29:36.852] [main/DEBUG] [mixin/]: Renaming synthetic method lambda$clientUpdateLight$0(J)[Lca/spottedleaf/starlight/common/light/SWMRNibbleArray; to md915be7$lambda$clientUpdateLight$0$1 in starlight.mixins.json:common.lightengine.LevelLightEngineMixin
[30Aug2025 17:29:36.869] [main/DEBUG] [mixin/]: Mixing common.lightengine.ThreadedLevelLightEngineMixin from starlight.mixins.json into net.minecraft.server.level.ThreadedLevelLightEngine
[30Aug2025 17:29:36.870] [main/DEBUG] [mixin/]: Renaming synthetic method lambda$lightChunk$7(Lnet/minecraft/world/level/ChunkPos;Lnet/minecraft/world/level/chunk/ChunkAccess;Ljava/lang/Throwable;)V to md915be7$lambda$lightChunk$7$0 in starlight.mixins.json:common.lightengine.ThreadedLevelLightEngineMixin
[30Aug2025 17:29:36.870] [main/DEBUG] [mixin/]: Renaming synthetic method lambda$lightChunk$6(Lnet/minecraft/world/level/ChunkPos;Ljava/lang/Runnable;)V to md915be7$lambda$lightChunk$6$1 in starlight.mixins.json:common.lightengine.ThreadedLevelLightEngineMixin
[30Aug2025 17:29:36.870] [main/DEBUG] [mixin/]: Renaming synthetic method lambda$lightChunk$5(Lnet/minecraft/world/level/chunk/ChunkAccess;ZLnet/minecraft/world/level/ChunkPos;)Lnet/minecraft/world/level/chunk/ChunkAccess; to md915be7$lambda$lightChunk$5$2 in starlight.mixins.json:common.lightengine.ThreadedLevelLightEngineMixin
[30Aug2025 17:29:36.871] [main/DEBUG] [mixin/]: Renaming synthetic method lambda$updateSectionStatus$4(Lnet/minecraft/core/SectionPos;Z)Ljava/util/concurrent/CompletableFuture; to md915be7$lambda$updateSectionStatus$4$3 in starlight.mixins.json:common.lightengine.ThreadedLevelLightEngineMixin
[30Aug2025 17:29:36.871] [main/DEBUG] [mixin/]: Renaming synthetic method lambda$checkBlock$3(Lnet/minecraft/core/BlockPos;)Ljava/util/concurrent/CompletableFuture; to md915be7$lambda$checkBlock$3$4 in starlight.mixins.json:common.lightengine.ThreadedLevelLightEngineMixin
[30Aug2025 17:29:36.871] [main/DEBUG] [mixin/]: Renaming synthetic method lambda$queueTaskForSection$2(IILjava/lang/Void;Ljava/lang/Throwable;)V to md915be7$lambda$queueTaskForSection$2$5 in starlight.mixins.json:common.lightengine.ThreadedLevelLightEngineMixin
[30Aug2025 17:29:36.872] [main/DEBUG] [mixin/]: Renaming synthetic method lambda$queueTaskForSection$1(JIILnet/minecraft/server/level/ServerLevel;Ljava/lang/Void;)V to md915be7$lambda$queueTaskForSection$1$6 in starlight.mixins.json:common.lightengine.ThreadedLevelLightEngineMixin
[30Aug2025 17:29:36.872] [main/DEBUG] [mixin/]: Renaming synthetic method lambda$queueTaskForSection$0(IIILjava/util/function/Supplier;)V to md915be7$lambda$queueTaskForSection$0$7 in starlight.mixins.json:common.lightengine.ThreadedLevelLightEngineMixin
[30Aug2025 17:29:36.896] [main/DEBUG] [mixin/]: Mixing ChunkGeneratorMixin from citadel.mixins.json into net.minecraft.world.level.chunk.ChunkGenerator
[30Aug2025 17:29:36.897] [main/DEBUG] [net.minecraftforge.coremod.transformer.CoreModBaseTransformer/COREMOD]: Transforming net/minecraft/world/level/biome/Biome
[30Aug2025 17:29:36.937] [main/DEBUG] [mixin/]: Mixing MixinInventory from curios.mixins.json into net.minecraft.world.entity.player.Inventory
[30Aug2025 17:29:36.972] [main/DEBUG] [mixin/]: Mixing accessors.item.crafting.AccessorShapedRecipe from bookshelf.common.mixins.json into net.minecraft.world.item.crafting.ShapedRecipe
[30Aug2025 17:29:36.973] [main/DEBUG] [mixin/]: Renaming @Invoker method bookshelf$keyFromJson(Lcom/google/gson/JsonObject;)Ljava/util/Map; to bookshelf$keyFromJson_$md$915be7$0 in bookshelf.common.mixins.json:accessors.item.crafting.AccessorShapedRecipe
[30Aug2025 17:29:36.974] [main/DEBUG] [mixin/]: Renaming @Invoker method bookshelf$shrink([Ljava/lang/String;)[Ljava/lang/String; to bookshelf$shrink_$md$915be7$1 in bookshelf.common.mixins.json:accessors.item.crafting.AccessorShapedRecipe
[30Aug2025 17:29:36.974] [main/DEBUG] [mixin/]: Renaming @Invoker method bookshelf$patternFromJson(Lcom/google/gson/JsonArray;)[Ljava/lang/String; to bookshelf$patternFromJson_$md$915be7$2 in bookshelf.common.mixins.json:accessors.item.crafting.AccessorShapedRecipe
[30Aug2025 17:29:36.974] [main/DEBUG] [mixin/]: Renaming @Invoker method bookshelf$dissolvePattern([Ljava/lang/String;Ljava/util/Map;II)Lnet/minecraft/core/NonNullList; to bookshelf$dissolvePattern_$md$915be7$3 in bookshelf.common.mixins.json:accessors.item.crafting.AccessorShapedRecipe
[30Aug2025 17:29:37.087] [main/DEBUG] [mixin/]: Mixing MixinApplyBonusCount from curios.mixins.json into net.minecraft.world.level.storage.loot.functions.ApplyBonusCount
[30Aug2025 17:29:37.151] [main/DEBUG] [mixin/]: Mixing accessors.util.random.AccessorWeightedRandomList from bookshelf.common.mixins.json into net.minecraft.util.random.WeightedRandomList
[30Aug2025 17:29:37.151] [main/DEBUG] [mixin/]: Mixing AccessorWeightedRandomList from monolib.forge.mixins.json into net.minecraft.util.random.WeightedRandomList
[30Aug2025 17:29:37.243] [main/DEBUG] [mixin/]: Mixing NoMultifaceGrowthFeatureInStructuresMixin from cataclysm.mixins.json into net.minecraft.world.level.levelgen.feature.MultifaceGrowthFeature
[30Aug2025 17:29:37.253] [main/DEBUG] [mixin/]: Mixing NoMagmaBlockInStructuresMixin from cataclysm.mixins.json into net.minecraft.world.level.levelgen.feature.UnderwaterMagmaFeature
[30Aug2025 17:29:37.260] [main/DEBUG] [mixin/]: Mixing NoLakesInStructuresMixin from cataclysm.mixins.json into net.minecraft.world.level.levelgen.feature.LakeFeature
[30Aug2025 17:29:37.260] [main/DEBUG] [mixin/]: Mixing gen.NoLakesInStructuresMixin from iceandfire.mixins.json into net.minecraft.world.level.levelgen.feature.LakeFeature
[30Aug2025 17:29:37.265] [main/DEBUG] [mixin/]: Mixing NoOreInStructuresMixin from cataclysm.mixins.json into net.minecraft.world.level.levelgen.feature.OreFeature
[30Aug2025 17:29:37.276] [main/DEBUG] [mixin/]: Mixing NoBasaltColumnsInStructuresMixin from cataclysm.mixins.json into net.minecraft.world.level.levelgen.feature.BasaltColumnsFeature
[30Aug2025 17:29:37.278] [main/DEBUG] [mixin/]: Mixing NoDeltasInStructuresMixin from cataclysm.mixins.json into net.minecraft.world.level.levelgen.feature.DeltaFeature
[30Aug2025 17:29:37.285] [main/DEBUG] [mixin/]: Mixing NoGeodeInStructuresMixin from cataclysm.mixins.json into net.minecraft.world.level.levelgen.feature.GeodeFeature
[30Aug2025 17:29:37.414] [main/DEBUG] [net.minecraftforge.coremod.transformer.CoreModBaseTransformer/COREMOD]: Transforming net/minecraft/world/level/levelgen/structure/Structure
[30Aug2025 17:29:37.461] [main/DEBUG] [net.minecraftforge.coremod.transformer.CoreModBaseTransformer/COREMOD]: Transforming net/minecraft/world/level/levelgen/structure/structures/OceanRuinPieces$OceanRuinPiece
[30Aug2025 17:29:37.487] [main/DEBUG] [net.minecraftforge.coremod.transformer.CoreModBaseTransformer/COREMOD]: Transforming net/minecraft/world/level/levelgen/structure/structures/SwampHutPiece
[30Aug2025 17:29:37.509] [main/DEBUG] [net.minecraftforge.coremod.transformer.CoreModBaseTransformer/COREMOD]: Transforming net/minecraft/world/level/levelgen/structure/structures/OceanMonumentPieces$OceanMonumentPiece
[30Aug2025 17:29:37.538] [main/DEBUG] [mixin/]: Mixing MixinEndCityPieces$EndCityPiece from lootr.mixins.json into net.minecraft.world.level.levelgen.structure.structures.EndCityPieces$EndCityPiece
[30Aug2025 17:29:37.545] [main/DEBUG] [net.minecraftforge.coremod.transformer.CoreModBaseTransformer/COREMOD]: Transforming net/minecraft/world/level/levelgen/structure/structures/WoodlandMansionPieces$WoodlandMansionPiece
[30Aug2025 17:29:37.591] [main/DEBUG] [mixin/]: Mixing accessors.world.AccessorStructureTemplatePool from bookshelf.common.mixins.json into net.minecraft.world.level.levelgen.structure.pools.StructureTemplatePool
[30Aug2025 17:29:37.591] [main/DEBUG] [mixin/]: Mixing accessor.StructureTemplatePoolAccessor from cataclysm.mixins.json into net.minecraft.world.level.levelgen.structure.pools.StructureTemplatePool
[30Aug2025 17:29:37.732] [main/DEBUG] [net.minecraftforge.coremod.transformer.CoreModBaseTransformer/COREMOD]: Transforming net/minecraft/world/level/biome/Biome
[30Aug2025 17:29:37.799] [main/DEBUG] [mixin/]: Mixing NoiseBasedChunkGeneratorMixin from citadel.mixins.json into net.minecraft.world.level.levelgen.NoiseBasedChunkGenerator
[30Aug2025 17:29:37.908] [main/DEBUG] [mixin/]: Mixing accessor.SinglePoolElementAccessor from cataclysm.mixins.json into net.minecraft.world.level.levelgen.structure.pools.SinglePoolElement
[30Aug2025 17:29:37.914] [main/DEBUG] [mixin/]: Mixing accessor.ListPoolElementAccessor from cataclysm.mixins.json into net.minecraft.world.level.levelgen.structure.pools.ListPoolElement
[30Aug2025 17:29:37.917] [main/DEBUG] [mixin/]: Mixing accessor.FeaturePoolElementAccessor from cataclysm.mixins.json into net.minecraft.world.level.levelgen.structure.pools.FeaturePoolElement
[30Aug2025 17:29:38.057] [main/DEBUG] [mixin/]: Mixing NetworkHooksMixin from l2screentracker.mixins.json into net.minecraftforge.network.NetworkHooks
[30Aug2025 17:29:38.077] [main/DEBUG] [io.netty.util.internal.PlatformDependent0/]: -Dio.netty.noUnsafe: false
[30Aug2025 17:29:38.078] [main/DEBUG] [io.netty.util.internal.PlatformDependent0/]: Java version: 17
[30Aug2025 17:29:38.078] [main/DEBUG] [io.netty.util.internal.PlatformDependent0/]: sun.misc.Unsafe.theUnsafe: available
[30Aug2025 17:29:38.079] [main/DEBUG] [io.netty.util.internal.PlatformDependent0/]: sun.misc.Unsafe.copyMemory: available
[30Aug2025 17:29:38.079] [main/DEBUG] [io.netty.util.internal.PlatformDependent0/]: sun.misc.Unsafe.storeFence: available
[30Aug2025 17:29:38.079] [main/DEBUG] [io.netty.util.internal.PlatformDependent0/]: java.nio.Buffer.address: available
[30Aug2025 17:29:38.080] [main/DEBUG] [io.netty.util.internal.PlatformDependent0/]: direct buffer constructor: unavailable
java.lang.UnsupportedOperationException: Reflective setAccessible(true) disabled
	at io.netty.util.internal.ReflectionUtil.trySetAccessible(ReflectionUtil.java:31) ~[netty-common-4.1.82.Final.jar%2382!/:4.1.82.Final]
	at io.netty.util.internal.PlatformDependent0$5.run(PlatformDependent0.java:288) ~[netty-common-4.1.82.Final.jar%2382!/:4.1.82.Final]
	at java.security.AccessController.doPrivileged(AccessController.java:318) ~[?:?]
	at io.netty.util.internal.PlatformDependent0.<clinit>(PlatformDependent0.java:282) ~[netty-common-4.1.82.Final.jar%2382!/:4.1.82.Final]
	at io.netty.util.internal.PlatformDependent.isAndroid(PlatformDependent.java:333) ~[netty-common-4.1.82.Final.jar%2382!/:4.1.82.Final]
	at io.netty.util.internal.PlatformDependent.<clinit>(PlatformDependent.java:88) ~[netty-common-4.1.82.Final.jar%2382!/:4.1.82.Final]
	at io.netty.util.ConstantPool.<init>(ConstantPool.java:34) ~[netty-common-4.1.82.Final.jar%2382!/:4.1.82.Final]
	at io.netty.util.AttributeKey$1.<init>(AttributeKey.java:27) ~[netty-common-4.1.82.Final.jar%2382!/:4.1.82.Final]
	at io.netty.util.AttributeKey.<clinit>(AttributeKey.java:27) ~[netty-common-4.1.82.Final.jar%2382!/:4.1.82.Final]
	at net.minecraftforge.network.NetworkConstants.<clinit>(NetworkConstants.java:34) ~[forge-1.20.1-47.4.2-universal.jar%23306!/:?]
	at net.minecraftforge.network.NetworkHooks.init(NetworkHooks.java:52) ~[forge-1.20.1-47.4.2-universal.jar%23306!/:?]
	at net.minecraft.server.Bootstrap.m_135870_(Bootstrap.java:62) ~[server-1.20.1-20230612.114412-srg.jar%23301!/:?]
	at net.minecraft.server.Main.main(Main.java:121) ~[server-1.20.1-20230612.114412-srg.jar%23301!/:?]
	at jdk.internal.reflect.NativeMethodAccessorImpl.invoke0(Native Method) ~[?:?]
	at jdk.internal.reflect.NativeMethodAccessorImpl.invoke(NativeMethodAccessorImpl.java:77) ~[?:?]
	at jdk.internal.reflect.DelegatingMethodAccessorImpl.invoke(DelegatingMethodAccessorImpl.java:43) ~[?:?]
	at java.lang.reflect.Method.invoke(Method.java:569) ~[?:?]
	at net.minecraftforge.fml.loading.targets.CommonLaunchHandler.runTarget(CommonLaunchHandler.java:111) ~[fmlloader-1.20.1-47.4.2.jar%2369!/:?]
	at net.minecraftforge.fml.loading.targets.CommonLaunchHandler.serverService(CommonLaunchHandler.java:103) ~[fmlloader-1.20.1-47.4.2.jar%2369!/:?]
	at net.minecraftforge.fml.loading.targets.CommonServerLaunchHandler.lambda$makeService$0(CommonServerLaunchHandler.java:27) ~[fmlloader-1.20.1-47.4.2.jar%2369!/:?]
	at cpw.mods.modlauncher.LaunchServiceHandlerDecorator.launch(LaunchServiceHandlerDecorator.java:30) ~[modlauncher-10.0.9.jar%2355!/:?]
	at cpw.mods.modlauncher.LaunchServiceHandler.launch(LaunchServiceHandler.java:53) ~[modlauncher-10.0.9.jar%2355!/:?]
	at cpw.mods.modlauncher.LaunchServiceHandler.launch(LaunchServiceHandler.java:71) ~[modlauncher-10.0.9.jar%2355!/:?]
	at cpw.mods.modlauncher.Launcher.run(Launcher.java:108) ~[modlauncher-10.0.9.jar%2355!/:?]
	at cpw.mods.modlauncher.Launcher.main(Launcher.java:78) ~[modlauncher-10.0.9.jar%2355!/:?]
	at cpw.mods.modlauncher.BootstrapLaunchConsumer.accept(BootstrapLaunchConsumer.java:26) ~[modlauncher-10.0.9.jar%2355!/:?]
	at cpw.mods.modlauncher.BootstrapLaunchConsumer.accept(BootstrapLaunchConsumer.java:23) ~[modlauncher-10.0.9.jar%2355!/:?]
	at cpw.mods.bootstraplauncher.BootstrapLauncher.main(BootstrapLauncher.java:141) ~[bootstraplauncher-1.1.2.jar:?]
[30Aug2025 17:29:38.081] [main/DEBUG] [io.netty.util.internal.PlatformDependent0/]: java.nio.Bits.unaligned: available, true
[30Aug2025 17:29:38.082] [main/DEBUG] [io.netty.util.internal.PlatformDependent0/]: jdk.internal.misc.Unsafe.allocateUninitializedArray(int): unavailable
java.lang.IllegalAccessException: class io.netty.util.internal.PlatformDependent0$7 (in module io.netty.common) cannot access class jdk.internal.misc.Unsafe (in module java.base) because module java.base does not export jdk.internal.misc to module io.netty.common
	at jdk.internal.reflect.Reflection.newIllegalAccessException(Reflection.java:392) ~[?:?]
	at java.lang.reflect.AccessibleObject.checkAccess(AccessibleObject.java:674) ~[?:?]
	at java.lang.reflect.Method.invoke(Method.java:561) ~[?:?]
	at io.netty.util.internal.PlatformDependent0$7.run(PlatformDependent0.java:410) ~[netty-common-4.1.82.Final.jar%2382!/:4.1.82.Final]
	at java.security.AccessController.doPrivileged(AccessController.java:318) ~[?:?]
	at io.netty.util.internal.PlatformDependent0.<clinit>(PlatformDependent0.java:401) ~[netty-common-4.1.82.Final.jar%2382!/:4.1.82.Final]
	at io.netty.util.internal.PlatformDependent.isAndroid(PlatformDependent.java:333) ~[netty-common-4.1.82.Final.jar%2382!/:4.1.82.Final]
	at io.netty.util.internal.PlatformDependent.<clinit>(PlatformDependent.java:88) ~[netty-common-4.1.82.Final.jar%2382!/:4.1.82.Final]
	at io.netty.util.ConstantPool.<init>(ConstantPool.java:34) ~[netty-common-4.1.82.Final.jar%2382!/:4.1.82.Final]
	at io.netty.util.AttributeKey$1.<init>(AttributeKey.java:27) ~[netty-common-4.1.82.Final.jar%2382!/:4.1.82.Final]
	at io.netty.util.AttributeKey.<clinit>(AttributeKey.java:27) ~[netty-common-4.1.82.Final.jar%2382!/:4.1.82.Final]
	at net.minecraftforge.network.NetworkConstants.<clinit>(NetworkConstants.java:34) ~[forge-1.20.1-47.4.2-universal.jar%23306!/:?]
	at net.minecraftforge.network.NetworkHooks.init(NetworkHooks.java:52) ~[forge-1.20.1-47.4.2-universal.jar%23306!/:?]
	at net.minecraft.server.Bootstrap.m_135870_(Bootstrap.java:62) ~[server-1.20.1-20230612.114412-srg.jar%23301!/:?]
	at net.minecraft.server.Main.main(Main.java:121) ~[server-1.20.1-20230612.114412-srg.jar%23301!/:?]
	at jdk.internal.reflect.NativeMethodAccessorImpl.invoke0(Native Method) ~[?:?]
	at jdk.internal.reflect.NativeMethodAccessorImpl.invoke(NativeMethodAccessorImpl.java:77) ~[?:?]
	at jdk.internal.reflect.DelegatingMethodAccessorImpl.invoke(DelegatingMethodAccessorImpl.java:43) ~[?:?]
	at java.lang.reflect.Method.invoke(Method.java:569) ~[?:?]
	at net.minecraftforge.fml.loading.targets.CommonLaunchHandler.runTarget(CommonLaunchHandler.java:111) ~[fmlloader-1.20.1-47.4.2.jar%2369!/:?]
	at net.minecraftforge.fml.loading.targets.CommonLaunchHandler.serverService(CommonLaunchHandler.java:103) ~[fmlloader-1.20.1-47.4.2.jar%2369!/:?]
	at net.minecraftforge.fml.loading.targets.CommonServerLaunchHandler.lambda$makeService$0(CommonServerLaunchHandler.java:27) ~[fmlloader-1.20.1-47.4.2.jar%2369!/:?]
	at cpw.mods.modlauncher.LaunchServiceHandlerDecorator.launch(LaunchServiceHandlerDecorator.java:30) ~[modlauncher-10.0.9.jar%2355!/:?]
	at cpw.mods.modlauncher.LaunchServiceHandler.launch(LaunchServiceHandler.java:53) ~[modlauncher-10.0.9.jar%2355!/:?]
	at cpw.mods.modlauncher.LaunchServiceHandler.launch(LaunchServiceHandler.java:71) ~[modlauncher-10.0.9.jar%2355!/:?]
	at cpw.mods.modlauncher.Launcher.run(Launcher.java:108) ~[modlauncher-10.0.9.jar%2355!/:?]
	at cpw.mods.modlauncher.Launcher.main(Launcher.java:78) ~[modlauncher-10.0.9.jar%2355!/:?]
	at cpw.mods.modlauncher.BootstrapLaunchConsumer.accept(BootstrapLaunchConsumer.java:26) ~[modlauncher-10.0.9.jar%2355!/:?]
	at cpw.mods.modlauncher.BootstrapLaunchConsumer.accept(BootstrapLaunchConsumer.java:23) ~[modlauncher-10.0.9.jar%2355!/:?]
	at cpw.mods.bootstraplauncher.BootstrapLauncher.main(BootstrapLauncher.java:141) ~[bootstraplauncher-1.1.2.jar:?]
[30Aug2025 17:29:38.083] [main/DEBUG] [io.netty.util.internal.PlatformDependent0/]: java.nio.DirectByteBuffer.<init>(long, int): unavailable
[30Aug2025 17:29:38.084] [main/DEBUG] [io.netty.util.internal.PlatformDependent/]: sun.misc.Unsafe: available
[30Aug2025 17:29:38.085] [main/DEBUG] [io.netty.util.internal.PlatformDependent/]: maxDirectMemory: 8589934592 bytes (maybe)
[30Aug2025 17:29:38.085] [main/DEBUG] [io.netty.util.internal.PlatformDependent/]: -Dio.netty.tmpdir: /tmp (java.io.tmpdir)
[30Aug2025 17:29:38.085] [main/DEBUG] [io.netty.util.internal.PlatformDependent/]: -Dio.netty.bitMode: 64 (sun.arch.data.model)
[30Aug2025 17:29:38.086] [main/DEBUG] [io.netty.util.internal.PlatformDependent/]: -Dio.netty.maxDirectMemory: -1 bytes
[30Aug2025 17:29:38.086] [main/DEBUG] [io.netty.util.internal.PlatformDependent/]: -Dio.netty.uninitializedArrayAllocationThreshold: -1
[30Aug2025 17:29:38.087] [main/DEBUG] [io.netty.util.internal.CleanerJava9/]: java.nio.ByteBuffer.cleaner(): available
[30Aug2025 17:29:38.087] [main/DEBUG] [io.netty.util.internal.PlatformDependent/]: -Dio.netty.noPreferDirect: false
[30Aug2025 17:29:38.152] [main/DEBUG] [net.minecraftforge.network.NetworkHooks/]: Loading Network data for FML net version: FML3
[30Aug2025 17:29:38.179] [main/DEBUG] [net.minecraftforge.common.ForgeI18n/CORE]: Loading I18N data entries: 6434
[30Aug2025 17:29:38.231] [main/DEBUG] [net.minecraftforge.fml.ModWorkManager/LOADING]: Using 2 threads for parallel mod-loading
[30Aug2025 17:29:38.260] [main/DEBUG] [net.minecraftforge.fml.javafmlmod.FMLJavaModLanguageProvider/LOADING]: Loading FMLModContainer from classloader cpw.mods.modlauncher.TransformingClassLoader@4f081b5d - got cpw.mods.cl.ModuleClassLoader@77cb9cd1
[30Aug2025 17:29:38.268] [main/DEBUG] [net.minecraftforge.fml.javafmlmod.FMLModContainer/LOADING]: Creating FMLModContainer instance for dev.kosmx.playerAnim.forge.ForgeModInterface
[30Aug2025 17:29:38.272] [main/DEBUG] [net.minecraftforge.fml.javafmlmod.FMLJavaModLanguageProvider/LOADING]: Loading FMLModContainer from classloader cpw.mods.modlauncher.TransformingClassLoader@4f081b5d - got cpw.mods.cl.ModuleClassLoader@77cb9cd1
[30Aug2025 17:29:38.272] [main/DEBUG] [net.minecraftforge.fml.javafmlmod.FMLModContainer/LOADING]: Creating FMLModContainer instance for net.mcreator.darkfeather.DarkfeatherMod
[30Aug2025 17:29:38.273] [main/DEBUG] [net.minecraftforge.fml.javafmlmod.FMLJavaModLanguageProvider/LOADING]: Loading FMLModContainer from classloader cpw.mods.modlauncher.TransformingClassLoader@4f081b5d - got cpw.mods.cl.ModuleClassLoader@77cb9cd1
[30Aug2025 17:29:38.273] [main/DEBUG] [net.minecraftforge.fml.javafmlmod.FMLModContainer/LOADING]: Creating FMLModContainer instance for net.p3pp3rf1y.sophisticatedcore.SophisticatedCore
[30Aug2025 17:29:38.276] [main/DEBUG] [net.minecraftforge.fml.javafmlmod.FMLJavaModLanguageProvider/LOADING]: Loading FMLModContainer from classloader cpw.mods.modlauncher.TransformingClassLoader@4f081b5d - got cpw.mods.cl.ModuleClassLoader@77cb9cd1
[30Aug2025 17:29:38.276] [main/DEBUG] [net.minecraftforge.fml.javafmlmod.FMLModContainer/LOADING]: Creating FMLModContainer instance for com.nyfaria.nyfsquiver.NyfsQuiver
[30Aug2025 17:29:38.278] [main/DEBUG] [net.minecraftforge.fml.javafmlmod.FMLJavaModLanguageProvider/LOADING]: Loading FMLModContainer from classloader cpw.mods.modlauncher.TransformingClassLoader@4f081b5d - got cpw.mods.cl.ModuleClassLoader@77cb9cd1
[30Aug2025 17:29:38.278] [main/DEBUG] [net.minecraftforge.fml.javafmlmod.FMLModContainer/LOADING]: Creating FMLModContainer instance for com.github.alexthe666.citadel.Citadel
[30Aug2025 17:29:38.281] [main/DEBUG] [net.minecraftforge.fml.javafmlmod.FMLJavaModLanguageProvider/LOADING]: Loading FMLModContainer from classloader cpw.mods.modlauncher.TransformingClassLoader@4f081b5d - got cpw.mods.cl.ModuleClassLoader@77cb9cd1
[30Aug2025 17:29:38.281] [main/DEBUG] [net.minecraftforge.fml.javafmlmod.FMLModContainer/LOADING]: Creating FMLModContainer instance for com.llamalad7.mixinextras.platform.forge.MixinExtrasMod
[30Aug2025 17:29:38.282] [main/DEBUG] [net.minecraftforge.fml.javafmlmod.FMLJavaModLanguageProvider/LOADING]: Loading FMLModContainer from classloader cpw.mods.modlauncher.TransformingClassLoader@4f081b5d - got cpw.mods.cl.ModuleClassLoader@77cb9cd1
[30Aug2025 17:29:38.284] [main/DEBUG] [net.minecraftforge.fml.javafmlmod.FMLModContainer/LOADING]: Creating FMLModContainer instance for net.darkhax.bookshelf.BookshelfForge
[30Aug2025 17:29:38.285] [main/DEBUG] [net.minecraftforge.fml.javafmlmod.FMLJavaModLanguageProvider/LOADING]: Loading FMLModContainer from classloader cpw.mods.modlauncher.TransformingClassLoader@4f081b5d - got cpw.mods.cl.ModuleClassLoader@77cb9cd1
[30Aug2025 17:29:38.285] [main/DEBUG] [net.minecraftforge.fml.javafmlmod.FMLModContainer/LOADING]: Creating FMLModContainer instance for net.p3pp3rf1y.sophisticatedbackpacks.SophisticatedBackpacks
[30Aug2025 17:29:38.286] [main/DEBUG] [net.minecraftforge.fml.javafmlmod.FMLJavaModLanguageProvider/LOADING]: Loading FMLModContainer from classloader cpw.mods.modlauncher.TransformingClassLoader@4f081b5d - got cpw.mods.cl.ModuleClassLoader@77cb9cd1
[30Aug2025 17:29:38.287] [main/DEBUG] [net.minecraftforge.fml.javafmlmod.FMLModContainer/LOADING]: Creating FMLModContainer instance for it.hurts.sskirillss.relics.Relics
[30Aug2025 17:29:38.288] [main/DEBUG] [net.minecraftforge.fml.javafmlmod.FMLJavaModLanguageProvider/LOADING]: Loading FMLModContainer from classloader cpw.mods.modlauncher.TransformingClassLoader@4f081b5d - got cpw.mods.cl.ModuleClassLoader@77cb9cd1
[30Aug2025 17:29:38.288] [main/DEBUG] [net.minecraftforge.fml.javafmlmod.FMLModContainer/LOADING]: Creating FMLModContainer instance for net.gamerpotion.darktimer.DarkTimer
[30Aug2025 17:29:38.289] [main/DEBUG] [net.minecraftforge.fml.javafmlmod.FMLJavaModLanguageProvider/LOADING]: Loading FMLModContainer from classloader cpw.mods.modlauncher.TransformingClassLoader@4f081b5d - got cpw.mods.cl.ModuleClassLoader@77cb9cd1
[30Aug2025 17:29:38.290] [main/DEBUG] [net.minecraftforge.fml.javafmlmod.FMLModContainer/LOADING]: Creating FMLModContainer instance for jeresources.JEResources
[30Aug2025 17:29:38.291] [main/DEBUG] [net.minecraftforge.fml.javafmlmod.FMLJavaModLanguageProvider/LOADING]: Loading FMLModContainer from classloader cpw.mods.modlauncher.TransformingClassLoader@4f081b5d - got cpw.mods.cl.ModuleClassLoader@77cb9cd1
[30Aug2025 17:29:38.291] [main/DEBUG] [net.minecraftforge.fml.javafmlmod.FMLModContainer/LOADING]: Creating FMLModContainer instance for me.shedaniel.clothconfig.ClothConfigForge
[30Aug2025 17:29:38.292] [main/DEBUG] [net.minecraftforge.fml.javafmlmod.FMLJavaModLanguageProvider/LOADING]: Loading FMLModContainer from classloader cpw.mods.modlauncher.TransformingClassLoader@4f081b5d - got cpw.mods.cl.ModuleClassLoader@77cb9cd1
[30Aug2025 17:29:38.294] [main/DEBUG] [net.minecraftforge.fml.javafmlmod.FMLModContainer/LOADING]: Creating FMLModContainer instance for net.gamerpotion.darkflight.DarkFlight
[30Aug2025 17:29:38.294] [main/DEBUG] [net.minecraftforge.fml.javafmlmod.FMLJavaModLanguageProvider/LOADING]: Loading FMLModContainer from classloader cpw.mods.modlauncher.TransformingClassLoader@4f081b5d - got cpw.mods.cl.ModuleClassLoader@77cb9cd1
[30Aug2025 17:29:38.295] [main/DEBUG] [net.minecraftforge.fml.javafmlmod.FMLModContainer/LOADING]: Creating FMLModContainer instance for net.gamerpotion.darksmithing.DarkSmithing
[30Aug2025 17:29:38.296] [main/DEBUG] [net.minecraftforge.fml.javafmlmod.FMLJavaModLanguageProvider/LOADING]: Loading FMLModContainer from classloader cpw.mods.modlauncher.TransformingClassLoader@4f081b5d - got cpw.mods.cl.ModuleClassLoader@77cb9cd1
[30Aug2025 17:29:38.297] [main/DEBUG] [net.minecraftforge.fml.javafmlmod.FMLModContainer/LOADING]: Creating FMLModContainer instance for net.gamerpotion.darkglint.DarkGlint
[30Aug2025 17:29:38.297] [main/DEBUG] [net.minecraftforge.fml.javafmlmod.FMLJavaModLanguageProvider/LOADING]: Loading FMLModContainer from classloader cpw.mods.modlauncher.TransformingClassLoader@4f081b5d - got cpw.mods.cl.ModuleClassLoader@77cb9cd1
[30Aug2025 17:29:38.299] [main/DEBUG] [net.minecraftforge.fml.javafmlmod.FMLModContainer/LOADING]: Creating FMLModContainer instance for it.hurts.octostudios.immersiveui.forge.ImmersiveUIForge
[30Aug2025 17:29:38.300] [main/DEBUG] [net.minecraftforge.fml.javafmlmod.FMLJavaModLanguageProvider/LOADING]: Loading FMLModContainer from classloader cpw.mods.modlauncher.TransformingClassLoader@4f081b5d - got cpw.mods.cl.ModuleClassLoader@77cb9cd1
[30Aug2025 17:29:38.301] [main/DEBUG] [net.minecraftforge.fml.javafmlmod.FMLModContainer/LOADING]: Creating FMLModContainer instance for net.gamerpotion.darkwooly.DarkWooly
[30Aug2025 17:29:38.301] [main/DEBUG] [net.minecraftforge.fml.javafmlmod.FMLJavaModLanguageProvider/LOADING]: Loading FMLModContainer from classloader cpw.mods.modlauncher.TransformingClassLoader@4f081b5d - got cpw.mods.cl.ModuleClassLoader@77cb9cd1
[30Aug2025 17:29:38.301] [main/DEBUG] [net.minecraftforge.fml.javafmlmod.FMLModContainer/LOADING]: Creating FMLModContainer instance for mod.gottsch.forge.treasure2.Treasure
[30Aug2025 17:29:38.302] [main/DEBUG] [net.minecraftforge.fml.javafmlmod.FMLJavaModLanguageProvider/LOADING]: Loading FMLModContainer from classloader cpw.mods.modlauncher.TransformingClassLoader@4f081b5d - got cpw.mods.cl.ModuleClassLoader@77cb9cd1
[30Aug2025 17:29:38.302] [main/DEBUG] [net.minecraftforge.fml.javafmlmod.FMLModContainer/LOADING]: Creating FMLModContainer instance for net.mcreator.mutateditems.MutatedItemsMod
[30Aug2025 17:29:38.305] [main/DEBUG] [net.minecraftforge.fml.javafmlmod.FMLJavaModLanguageProvider/LOADING]: Loading FMLModContainer from classloader cpw.mods.modlauncher.TransformingClassLoader@4f081b5d - got cpw.mods.cl.ModuleClassLoader@77cb9cd1
[30Aug2025 17:29:38.305] [main/DEBUG] [net.minecraftforge.fml.javafmlmod.FMLModContainer/LOADING]: Creating FMLModContainer instance for com.eeeab.eeeabsmobs.EEEABMobs
[30Aug2025 17:29:38.305] [main/DEBUG] [net.minecraftforge.fml.javafmlmod.FMLJavaModLanguageProvider/LOADING]: Loading FMLModContainer from classloader cpw.mods.modlauncher.TransformingClassLoader@4f081b5d - got cpw.mods.cl.ModuleClassLoader@77cb9cd1
[30Aug2025 17:29:38.305] [main/DEBUG] [net.minecraftforge.fml.javafmlmod.FMLModContainer/LOADING]: Creating FMLModContainer instance for com.github.L_Ender.lionfishapi.LionfishAPI
[30Aug2025 17:29:38.306] [main/DEBUG] [net.minecraftforge.fml.javafmlmod.FMLJavaModLanguageProvider/LOADING]: Loading FMLModContainer from classloader cpw.mods.modlauncher.TransformingClassLoader@4f081b5d - got cpw.mods.cl.ModuleClassLoader@77cb9cd1
[30Aug2025 17:29:38.306] [main/DEBUG] [net.minecraftforge.fml.javafmlmod.FMLModContainer/LOADING]: Creating FMLModContainer instance for com.psilocke.curiouslanterns.CuriousLanterns
[30Aug2025 17:29:38.309] [main/DEBUG] [net.minecraftforge.fml.javafmlmod.FMLJavaModLanguageProvider/LOADING]: Loading FMLModContainer from classloader cpw.mods.modlauncher.TransformingClassLoader@4f081b5d - got cpw.mods.cl.ModuleClassLoader@77cb9cd1
[30Aug2025 17:29:38.309] [main/DEBUG] [net.minecraftforge.fml.javafmlmod.FMLModContainer/LOADING]: Creating FMLModContainer instance for wehavecookies56.bonfires.Bonfires
[30Aug2025 17:29:38.310] [main/DEBUG] [net.minecraftforge.fml.javafmlmod.FMLJavaModLanguageProvider/LOADING]: Loading FMLModContainer from classloader cpw.mods.modlauncher.TransformingClassLoader@4f081b5d - got cpw.mods.cl.ModuleClassLoader@77cb9cd1
[30Aug2025 17:29:38.310] [main/DEBUG] [net.minecraftforge.fml.javafmlmod.FMLModContainer/LOADING]: Creating FMLModContainer instance for com.github.L_Ender.cataclysm.Cataclysm
[30Aug2025 17:29:38.313] [main/DEBUG] [net.minecraftforge.fml.javafmlmod.FMLJavaModLanguageProvider/LOADING]: Loading FMLModContainer from classloader cpw.mods.modlauncher.TransformingClassLoader@4f081b5d - got cpw.mods.cl.ModuleClassLoader@77cb9cd1
[30Aug2025 17:29:38.313] [main/DEBUG] [net.minecraftforge.fml.javafmlmod.FMLModContainer/LOADING]: Creating FMLModContainer instance for top.theillusivec4.curios.Curios
[30Aug2025 17:29:38.314] [main/DEBUG] [net.minecraftforge.fml.javafmlmod.FMLJavaModLanguageProvider/LOADING]: Loading FMLModContainer from classloader cpw.mods.modlauncher.TransformingClassLoader@4f081b5d - got cpw.mods.cl.ModuleClassLoader@77cb9cd1
[30Aug2025 17:29:38.314] [main/DEBUG] [net.minecraftforge.fml.javafmlmod.FMLModContainer/LOADING]: Creating FMLModContainer instance for vazkii.patchouli.forge.common.ForgeModInitializer
[30Aug2025 17:29:38.317] [main/DEBUG] [net.minecraftforge.fml.javafmlmod.FMLJavaModLanguageProvider/LOADING]: Loading FMLModContainer from classloader cpw.mods.modlauncher.TransformingClassLoader@4f081b5d - got cpw.mods.cl.ModuleClassLoader@77cb9cd1
[30Aug2025 17:29:38.317] [main/DEBUG] [net.minecraftforge.fml.javafmlmod.FMLModContainer/LOADING]: Creating FMLModContainer instance for mod.gottsch.forge.gottschcore.GottschCore
[30Aug2025 17:29:38.317] [main/DEBUG] [net.minecraftforge.fml.javafmlmod.FMLJavaModLanguageProvider/LOADING]: Loading FMLModContainer from classloader cpw.mods.modlauncher.TransformingClassLoader@4f081b5d - got cpw.mods.cl.ModuleClassLoader@77cb9cd1
[30Aug2025 17:29:38.317] [main/DEBUG] [net.minecraftforge.fml.javafmlmod.FMLModContainer/LOADING]: Creating FMLModContainer instance for net.gamerpotion.darkdeath.DarkDeath
[30Aug2025 17:29:38.318] [main/DEBUG] [net.minecraftforge.fml.javafmlmod.FMLJavaModLanguageProvider/LOADING]: Loading FMLModContainer from classloader cpw.mods.modlauncher.TransformingClassLoader@4f081b5d - got cpw.mods.cl.ModuleClassLoader@77cb9cd1
[30Aug2025 17:29:38.318] [main/DEBUG] [net.minecraftforge.fml.javafmlmod.FMLModContainer/LOADING]: Creating FMLModContainer instance for com.aizistral.enigmaticlegacy.EnigmaticLegacy
[30Aug2025 17:29:38.325] [main/DEBUG] [net.minecraftforge.fml.javafmlmod.FMLJavaModLanguageProvider/LOADING]: Loading FMLModContainer from classloader cpw.mods.modlauncher.TransformingClassLoader@4f081b5d - got cpw.mods.cl.ModuleClassLoader@77cb9cd1
[30Aug2025 17:29:38.325] [main/DEBUG] [net.minecraftforge.fml.javafmlmod.FMLModContainer/LOADING]: Creating FMLModContainer instance for dev.architectury.forge.ArchitecturyForge
[30Aug2025 17:29:38.325] [main/DEBUG] [net.minecraftforge.fml.javafmlmod.FMLJavaModLanguageProvider/LOADING]: Loading FMLModContainer from classloader cpw.mods.modlauncher.TransformingClassLoader@4f081b5d - got cpw.mods.cl.ModuleClassLoader@77cb9cd1
[30Aug2025 17:29:38.325] [main/DEBUG] [net.minecraftforge.fml.javafmlmod.FMLModContainer/LOADING]: Creating FMLModContainer instance for com.builtbroken.ai.improvements.AIImprovements
[30Aug2025 17:29:38.326] [main/DEBUG] [net.minecraftforge.fml.javafmlmod.FMLJavaModLanguageProvider/LOADING]: Loading FMLModContainer from classloader cpw.mods.modlauncher.TransformingClassLoader@4f081b5d - got cpw.mods.cl.ModuleClassLoader@77cb9cd1
[30Aug2025 17:29:38.326] [main/DEBUG] [net.minecraftforge.fml.javafmlmod.FMLModContainer/LOADING]: Creating FMLModContainer instance for marejan.lategamegolems.LateGameGolems
[30Aug2025 17:29:38.327] [main/DEBUG] [net.minecraftforge.fml.javafmlmod.FMLJavaModLanguageProvider/LOADING]: Loading FMLModContainer from classloader cpw.mods.modlauncher.TransformingClassLoader@4f081b5d - got cpw.mods.cl.ModuleClassLoader@77cb9cd1
[30Aug2025 17:29:38.328] [main/DEBUG] [net.minecraftforge.fml.javafmlmod.FMLModContainer/LOADING]: Creating FMLModContainer instance for net.fegelein.netherarmory.NetherArmoryMod
[30Aug2025 17:29:38.328] [main/DEBUG] [net.minecraftforge.fml.javafmlmod.FMLJavaModLanguageProvider/LOADING]: Loading FMLModContainer from classloader cpw.mods.modlauncher.TransformingClassLoader@4f081b5d - got cpw.mods.cl.ModuleClassLoader@77cb9cd1
[30Aug2025 17:29:38.328] [main/DEBUG] [net.minecraftforge.fml.javafmlmod.FMLModContainer/LOADING]: Creating FMLModContainer instance for net.gamerpotion.darksmelting.DarkSmelting
[30Aug2025 17:29:38.329] [main/DEBUG] [net.minecraftforge.fml.javafmlmod.FMLJavaModLanguageProvider/LOADING]: Loading FMLModContainer from classloader cpw.mods.modlauncher.TransformingClassLoader@4f081b5d - got cpw.mods.cl.ModuleClassLoader@77cb9cd1
[30Aug2025 17:29:38.329] [main/DEBUG] [net.minecraftforge.fml.javafmlmod.FMLModContainer/LOADING]: Creating FMLModContainer instance for com.nemonotfound.nemos.inventory.sorting.NemosInventorySortingForge
[30Aug2025 17:29:38.330] [main/DEBUG] [net.minecraftforge.fml.javafmlmod.FMLJavaModLanguageProvider/LOADING]: Loading FMLModContainer from classloader cpw.mods.modlauncher.TransformingClassLoader@4f081b5d - got cpw.mods.cl.ModuleClassLoader@77cb9cd1
[30Aug2025 17:29:38.330] [main/DEBUG] [net.minecraftforge.fml.javafmlmod.FMLModContainer/LOADING]: Creating FMLModContainer instance for com.cursee.monolib.MonoLibForge
[30Aug2025 17:29:38.331] [main/DEBUG] [net.minecraftforge.fml.javafmlmod.FMLJavaModLanguageProvider/LOADING]: Loading FMLModContainer from classloader cpw.mods.modlauncher.TransformingClassLoader@4f081b5d - got cpw.mods.cl.ModuleClassLoader@77cb9cd1
[30Aug2025 17:29:38.331] [main/DEBUG] [net.minecraftforge.fml.javafmlmod.FMLModContainer/LOADING]: Creating FMLModContainer instance for forge.com.cursee.disenchanting_table.DisEnchantingTableForge
[30Aug2025 17:29:38.332] [main/DEBUG] [net.minecraftforge.fml.javafmlmod.FMLJavaModLanguageProvider/LOADING]: Loading FMLModContainer from classloader cpw.mods.modlauncher.TransformingClassLoader@4f081b5d - got cpw.mods.cl.ModuleClassLoader@77cb9cd1
[30Aug2025 17:29:38.332] [main/DEBUG] [net.minecraftforge.fml.javafmlmod.FMLModContainer/LOADING]: Creating FMLModContainer instance for net.gamerpotion.darkcap.DarkCap
[30Aug2025 17:29:38.333] [main/DEBUG] [net.minecraftforge.fml.javafmlmod.FMLJavaModLanguageProvider/LOADING]: Loading FMLModContainer from classloader cpw.mods.modlauncher.TransformingClassLoader@4f081b5d - got cpw.mods.cl.ModuleClassLoader@77cb9cd1
[30Aug2025 17:29:38.333] [main/DEBUG] [net.minecraftforge.fml.javafmlmod.FMLModContainer/LOADING]: Creating FMLModContainer instance for com.mrcrayfish.framework.FrameworkForge
[30Aug2025 17:29:38.334] [main/DEBUG] [net.minecraftforge.fml.javafmlmod.FMLJavaModLanguageProvider/LOADING]: Loading FMLModContainer from classloader cpw.mods.modlauncher.TransformingClassLoader@4f081b5d - got cpw.mods.cl.ModuleClassLoader@77cb9cd1
[30Aug2025 17:29:38.334] [main/DEBUG] [net.minecraftforge.fml.javafmlmod.FMLModContainer/LOADING]: Creating FMLModContainer instance for fr.rakambda.fallingtree.forge.FallingTree
[30Aug2025 17:29:38.334] [main/DEBUG] [net.minecraftforge.fml.javafmlmod.FMLJavaModLanguageProvider/LOADING]: Loading FMLModContainer from classloader cpw.mods.modlauncher.TransformingClassLoader@4f081b5d - got cpw.mods.cl.ModuleClassLoader@77cb9cd1
[30Aug2025 17:29:38.335] [main/DEBUG] [net.minecraftforge.fml.javafmlmod.FMLModContainer/LOADING]: Creating FMLModContainer instance for dev.xkmc.l2library.init.L2Library
[30Aug2025 17:29:38.335] [main/DEBUG] [net.minecraftforge.fml.javafmlmod.FMLJavaModLanguageProvider/LOADING]: Loading FMLModContainer from classloader cpw.mods.modlauncher.TransformingClassLoader@4f081b5d - got cpw.mods.cl.ModuleClassLoader@77cb9cd1
[30Aug2025 17:29:38.336] [main/DEBUG] [net.minecraftforge.fml.javafmlmod.FMLModContainer/LOADING]: Creating FMLModContainer instance for dev.xkmc.l2damagetracker.init.L2DamageTracker
[30Aug2025 17:29:38.337] [main/DEBUG] [net.minecraftforge.fml.javafmlmod.FMLJavaModLanguageProvider/LOADING]: Loading FMLModContainer from classloader cpw.mods.modlauncher.TransformingClassLoader@4f081b5d - got cpw.mods.cl.ModuleClassLoader@77cb9cd1
[30Aug2025 17:29:38.337] [main/DEBUG] [net.minecraftforge.fml.javafmlmod.FMLModContainer/LOADING]: Creating FMLModContainer instance for net.gamerpotion.darkspawn.DarkSpawn
[30Aug2025 17:29:38.337] [main/DEBUG] [net.minecraftforge.fml.javafmlmod.FMLJavaModLanguageProvider/LOADING]: Loading FMLModContainer from classloader cpw.mods.modlauncher.TransformingClassLoader@4f081b5d - got cpw.mods.cl.ModuleClassLoader@77cb9cd1
[30Aug2025 17:29:38.337] [main/DEBUG] [net.minecraftforge.fml.javafmlmod.FMLModContainer/LOADING]: Creating FMLModContainer instance for com.bobmowzie.mowziesmobs.MowziesMobs
[30Aug2025 17:29:38.338] [main/DEBUG] [net.minecraftforge.fml.javafmlmod.FMLJavaModLanguageProvider/LOADING]: Loading FMLModContainer from classloader cpw.mods.modlauncher.TransformingClassLoader@4f081b5d - got cpw.mods.cl.ModuleClassLoader@77cb9cd1
[30Aug2025 17:29:38.339] [main/DEBUG] [net.minecraftforge.fml.javafmlmod.FMLModContainer/LOADING]: Creating FMLModContainer instance for software.bernie.example.GeckoLibMod
[30Aug2025 17:29:38.339] [main/DEBUG] [net.minecraftforge.fml.javafmlmod.FMLJavaModLanguageProvider/LOADING]: Loading FMLModContainer from classloader cpw.mods.modlauncher.TransformingClassLoader@4f081b5d - got cpw.mods.cl.ModuleClassLoader@77cb9cd1
[30Aug2025 17:29:38.339] [main/DEBUG] [net.minecraftforge.fml.javafmlmod.FMLModContainer/LOADING]: Creating FMLModContainer instance for net.mcreator.darkbread.DarkbreadMod
[30Aug2025 17:29:38.340] [main/DEBUG] [net.minecraftforge.fml.javafmlmod.FMLJavaModLanguageProvider/LOADING]: Loading FMLModContainer from classloader cpw.mods.modlauncher.TransformingClassLoader@4f081b5d - got cpw.mods.cl.ModuleClassLoader@77cb9cd1
[30Aug2025 17:29:38.340] [main/DEBUG] [net.minecraftforge.fml.javafmlmod.FMLModContainer/LOADING]: Creating FMLModContainer instance for dev.xkmc.l2tabs.init.L2Tabs
[30Aug2025 17:29:38.341] [main/DEBUG] [net.minecraftforge.fml.javafmlmod.FMLJavaModLanguageProvider/LOADING]: Loading FMLModContainer from classloader cpw.mods.modlauncher.TransformingClassLoader@4f081b5d - got cpw.mods.cl.ModuleClassLoader@77cb9cd1
[30Aug2025 17:29:38.341] [main/DEBUG] [net.minecraftforge.fml.javafmlmod.FMLModContainer/LOADING]: Creating FMLModContainer instance for it.hurts.octostudios.octolib.forge.OctoLibForge
[30Aug2025 17:29:38.341] [main/DEBUG] [net.minecraftforge.fml.javafmlmod.FMLJavaModLanguageProvider/LOADING]: Loading FMLModContainer from classloader cpw.mods.modlauncher.TransformingClassLoader@4f081b5d - got cpw.mods.cl.ModuleClassLoader@77cb9cd1
[30Aug2025 17:29:38.341] [main/DEBUG] [net.minecraftforge.fml.javafmlmod.FMLModContainer/LOADING]: Creating FMLModContainer instance for net.ancore.AncoreMod
[30Aug2025 17:29:38.342] [main/DEBUG] [net.minecraftforge.fml.javafmlmod.FMLJavaModLanguageProvider/LOADING]: Loading FMLModContainer from classloader cpw.mods.modlauncher.TransformingClassLoader@4f081b5d - got cpw.mods.cl.ModuleClassLoader@77cb9cd1
[30Aug2025 17:29:38.342] [main/DEBUG] [net.minecraftforge.fml.javafmlmod.FMLModContainer/LOADING]: Creating FMLModContainer instance for mezz.jei.forge.JustEnoughItems
[30Aug2025 17:29:38.343] [main/DEBUG] [net.minecraftforge.fml.javafmlmod.FMLJavaModLanguageProvider/LOADING]: Loading FMLModContainer from classloader cpw.mods.modlauncher.TransformingClassLoader@4f081b5d - got cpw.mods.cl.ModuleClassLoader@77cb9cd1
[30Aug2025 17:29:38.343] [main/DEBUG] [net.minecraftforge.fml.javafmlmod.FMLModContainer/LOADING]: Creating FMLModContainer instance for net.gamerpotion.darksleep.DarkSleep
[30Aug2025 17:29:38.344] [main/DEBUG] [net.minecraftforge.fml.javafmlmod.FMLJavaModLanguageProvider/LOADING]: Loading FMLModContainer from classloader cpw.mods.modlauncher.TransformingClassLoader@4f081b5d - got cpw.mods.cl.ModuleClassLoader@77cb9cd1
[30Aug2025 17:29:38.344] [main/DEBUG] [net.minecraftforge.fml.javafmlmod.FMLModContainer/LOADING]: Creating FMLModContainer instance for net.darkhax.attributefix.AttributeFixForge
[30Aug2025 17:29:38.344] [main/DEBUG] [net.minecraftforge.fml.javafmlmod.FMLJavaModLanguageProvider/LOADING]: Loading FMLModContainer from classloader cpw.mods.modlauncher.TransformingClassLoader@4f081b5d - got cpw.mods.cl.ModuleClassLoader@77cb9cd1
[30Aug2025 17:29:38.344] [main/DEBUG] [net.minecraftforge.fml.javafmlmod.FMLModContainer/LOADING]: Creating FMLModContainer instance for top.theillusivec4.caelus.Caelus
[30Aug2025 17:29:38.345] [main/DEBUG] [net.minecraftforge.fml.javafmlmod.FMLJavaModLanguageProvider/LOADING]: Loading FMLModContainer from classloader cpw.mods.modlauncher.TransformingClassLoader@4f081b5d - got cpw.mods.cl.ModuleClassLoader@77cb9cd1
[30Aug2025 17:29:38.345] [main/DEBUG] [net.minecraftforge.fml.javafmlmod.FMLModContainer/LOADING]: Creating FMLModContainer instance for com.obscuria.obscureapi.ObscureAPI
[30Aug2025 17:29:38.346] [main/DEBUG] [net.minecraftforge.fml.javafmlmod.FMLJavaModLanguageProvider/LOADING]: Loading FMLModContainer from classloader cpw.mods.modlauncher.TransformingClassLoader@4f081b5d - got cpw.mods.cl.ModuleClassLoader@77cb9cd1
[30Aug2025 17:29:38.346] [main/DEBUG] [net.minecraftforge.fml.javafmlmod.FMLModContainer/LOADING]: Creating FMLModContainer instance for elocindev.geckoanimfix.CommonInitializer
[30Aug2025 17:29:38.347] [main/DEBUG] [net.minecraftforge.fml.javafmlmod.FMLJavaModLanguageProvider/LOADING]: Loading FMLModContainer from classloader cpw.mods.modlauncher.TransformingClassLoader@4f081b5d - got cpw.mods.cl.ModuleClassLoader@77cb9cd1
[30Aug2025 17:29:38.347] [main/DEBUG] [net.minecraftforge.fml.javafmlmod.FMLModContainer/LOADING]: Creating FMLModContainer instance for com.blamejared.clumps.Clumps
[30Aug2025 17:29:38.348] [main/DEBUG] [net.minecraftforge.fml.javafmlmod.FMLJavaModLanguageProvider/LOADING]: Loading FMLModContainer from classloader cpw.mods.modlauncher.TransformingClassLoader@4f081b5d - got cpw.mods.cl.ModuleClassLoader@77cb9cd1
[30Aug2025 17:29:38.348] [main/DEBUG] [net.minecraftforge.fml.javafmlmod.FMLModContainer/LOADING]: Creating FMLModContainer instance for net.gamerpotion.darkzoom.DarkZoom
[30Aug2025 17:29:38.348] [main/DEBUG] [net.minecraftforge.fml.javafmlmod.FMLJavaModLanguageProvider/LOADING]: Loading FMLModContainer from classloader cpw.mods.modlauncher.TransformingClassLoader@4f081b5d - got cpw.mods.cl.ModuleClassLoader@77cb9cd1
[30Aug2025 17:29:38.348] [main/DEBUG] [net.minecraftforge.fml.javafmlmod.FMLModContainer/LOADING]: Creating FMLModContainer instance for com.illusivesoulworks.comforts.ComfortsForgeMod
[30Aug2025 17:29:38.349] [main/DEBUG] [net.minecraftforge.fml.javafmlmod.FMLJavaModLanguageProvider/LOADING]: Loading FMLModContainer from classloader cpw.mods.modlauncher.TransformingClassLoader@4f081b5d - got cpw.mods.cl.ModuleClassLoader@77cb9cd1
[30Aug2025 17:29:38.349] [main/DEBUG] [net.minecraftforge.fml.javafmlmod.FMLModContainer/LOADING]: Creating FMLModContainer instance for artifacts.forge.ArtifactsForge
[30Aug2025 17:29:38.349] [main/DEBUG] [net.minecraftforge.fml.javafmlmod.FMLJavaModLanguageProvider/LOADING]: Loading FMLModContainer from classloader cpw.mods.modlauncher.TransformingClassLoader@4f081b5d - got cpw.mods.cl.ModuleClassLoader@77cb9cd1
[30Aug2025 17:29:38.350] [main/DEBUG] [net.minecraftforge.fml.javafmlmod.FMLModContainer/LOADING]: Creating FMLModContainer instance for com.mrcrayfish.configured.Configured
[30Aug2025 17:29:38.350] [main/DEBUG] [net.minecraftforge.fml.javafmlmod.FMLJavaModLanguageProvider/LOADING]: Loading FMLModContainer from classloader cpw.mods.modlauncher.TransformingClassLoader@4f081b5d - got cpw.mods.cl.ModuleClassLoader@77cb9cd1
[30Aug2025 17:29:38.350] [main/DEBUG] [net.minecraftforge.fml.javafmlmod.FMLModContainer/LOADING]: Creating FMLModContainer instance for dev.xkmc.l2screentracker.init.L2ScreenTracker
[30Aug2025 17:29:38.351] [main/DEBUG] [net.minecraftforge.fml.javafmlmod.FMLJavaModLanguageProvider/LOADING]: Loading FMLModContainer from classloader cpw.mods.modlauncher.TransformingClassLoader@4f081b5d - got cpw.mods.cl.ModuleClassLoader@77cb9cd1
[30Aug2025 17:29:38.351] [main/DEBUG] [net.minecraftforge.fml.javafmlmod.FMLModContainer/LOADING]: Creating FMLModContainer instance for com.focamacho.myserveriscompatible.MyServerIsCompatible
[30Aug2025 17:29:38.351] [main/DEBUG] [net.minecraftforge.fml.javafmlmod.FMLJavaModLanguageProvider/LOADING]: Loading FMLModContainer from classloader cpw.mods.modlauncher.TransformingClassLoader@4f081b5d - got cpw.mods.cl.ModuleClassLoader@77cb9cd1
[30Aug2025 17:29:38.352] [main/DEBUG] [net.minecraftforge.fml.javafmlmod.FMLModContainer/LOADING]: Creating FMLModContainer instance for net.darkhax.badmobs.BadMobs
[30Aug2025 17:29:38.352] [main/DEBUG] [net.minecraftforge.fml.javafmlmod.FMLJavaModLanguageProvider/LOADING]: Loading FMLModContainer from classloader cpw.mods.modlauncher.TransformingClassLoader@4f081b5d - got cpw.mods.cl.ModuleClassLoader@77cb9cd1
[30Aug2025 17:29:38.352] [main/DEBUG] [net.minecraftforge.fml.javafmlmod.FMLModContainer/LOADING]: Creating FMLModContainer instance for ca.spottedleaf.starlight.Starlight
[30Aug2025 17:29:38.353] [main/DEBUG] [net.minecraftforge.fml.javafmlmod.FMLJavaModLanguageProvider/LOADING]: Loading FMLModContainer from classloader cpw.mods.modlauncher.TransformingClassLoader@4f081b5d - got cpw.mods.cl.ModuleClassLoader@77cb9cd1
[30Aug2025 17:29:38.353] [main/DEBUG] [net.minecraftforge.fml.javafmlmod.FMLModContainer/LOADING]: Creating FMLModContainer instance for com.TBK.creature_compendium.common.CreatureCompendium
[30Aug2025 17:29:38.354] [main/DEBUG] [net.minecraftforge.fml.javafmlmod.FMLJavaModLanguageProvider/LOADING]: Loading FMLModContainer from classloader cpw.mods.modlauncher.TransformingClassLoader@4f081b5d - got cpw.mods.cl.ModuleClassLoader@77cb9cd1
[30Aug2025 17:29:38.354] [main/DEBUG] [net.minecraftforge.fml.javafmlmod.FMLModContainer/LOADING]: Creating FMLModContainer instance for com.github.alexthe666.iceandfire.IceAndFire
[30Aug2025 17:29:38.355] [main/DEBUG] [net.minecraftforge.fml.javafmlmod.FMLJavaModLanguageProvider/LOADING]: Loading FMLModContainer from classloader cpw.mods.modlauncher.TransformingClassLoader@4f081b5d - got cpw.mods.cl.ModuleClassLoader@77cb9cd1
[30Aug2025 17:29:38.355] [main/DEBUG] [net.minecraftforge.fml.javafmlmod.FMLModContainer/LOADING]: Creating FMLModContainer instance for tfar.davespotioneering.DavesPotioneeringForge
[30Aug2025 17:29:38.356] [main/DEBUG] [net.minecraftforge.fml.javafmlmod.FMLJavaModLanguageProvider/LOADING]: Loading FMLModContainer from classloader cpw.mods.modlauncher.TransformingClassLoader@4f081b5d - got cpw.mods.cl.ModuleClassLoader@77cb9cd1
[30Aug2025 17:29:38.356] [main/DEBUG] [net.minecraftforge.fml.javafmlmod.FMLModContainer/LOADING]: Creating FMLModContainer instance for net.minecraftforge.common.ForgeMod
[30Aug2025 17:29:38.361] [main/DEBUG] [net.minecraftforge.fml.javafmlmod.FMLJavaModLanguageProvider/LOADING]: Loading FMLModContainer from classloader cpw.mods.modlauncher.TransformingClassLoader@4f081b5d - got cpw.mods.cl.ModuleClassLoader@77cb9cd1
[30Aug2025 17:29:38.361] [main/DEBUG] [net.minecraftforge.fml.javafmlmod.FMLModContainer/LOADING]: Creating FMLModContainer instance for mod.azure.logbegone.LogBegoneMod
[30Aug2025 17:29:38.362] [main/DEBUG] [net.minecraftforge.fml.javafmlmod.FMLJavaModLanguageProvider/LOADING]: Loading FMLModContainer from classloader cpw.mods.modlauncher.TransformingClassLoader@4f081b5d - got cpw.mods.cl.ModuleClassLoader@77cb9cd1
[30Aug2025 17:29:38.362] [main/DEBUG] [net.minecraftforge.fml.javafmlmod.FMLModContainer/LOADING]: Creating FMLModContainer instance for net.mcreator.chestgolems.ChestGolemsMod
[30Aug2025 17:29:38.363] [main/DEBUG] [net.minecraftforge.fml.javafmlmod.FMLJavaModLanguageProvider/LOADING]: Loading FMLModContainer from classloader cpw.mods.modlauncher.TransformingClassLoader@4f081b5d - got cpw.mods.cl.ModuleClassLoader@77cb9cd1
[30Aug2025 17:29:38.363] [main/DEBUG] [net.minecraftforge.fml.javafmlmod.FMLModContainer/LOADING]: Creating FMLModContainer instance for kimohpang.mutant_addition_mod.MutantAdditionModMod
[30Aug2025 17:29:38.364] [main/DEBUG] [net.minecraftforge.fml.javafmlmod.FMLJavaModLanguageProvider/LOADING]: Loading FMLModContainer from classloader cpw.mods.modlauncher.TransformingClassLoader@4f081b5d - got cpw.mods.cl.ModuleClassLoader@77cb9cd1
[30Aug2025 17:29:38.364] [main/DEBUG] [net.minecraftforge.fml.javafmlmod.FMLModContainer/LOADING]: Creating FMLModContainer instance for net.weaponsoflegendarymonsters.WolmMod
[30Aug2025 17:29:38.367] [main/DEBUG] [net.minecraftforge.fml.javafmlmod.FMLJavaModLanguageProvider/LOADING]: Loading FMLModContainer from classloader cpw.mods.modlauncher.TransformingClassLoader@4f081b5d - got cpw.mods.cl.ModuleClassLoader@77cb9cd1
[30Aug2025 17:29:38.367] [main/DEBUG] [net.minecraftforge.fml.javafmlmod.FMLModContainer/LOADING]: Creating FMLModContainer instance for true45.netheritefusion.NetheriteFusionMod
[30Aug2025 17:29:38.367] [main/DEBUG] [net.minecraftforge.fml.javafmlmod.FMLJavaModLanguageProvider/LOADING]: Loading FMLModContainer from classloader cpw.mods.modlauncher.TransformingClassLoader@4f081b5d - got cpw.mods.cl.ModuleClassLoader@77cb9cd1
[30Aug2025 17:29:38.367] [main/DEBUG] [net.minecraftforge.fml.javafmlmod.FMLModContainer/LOADING]: Creating FMLModContainer instance for cofh.core.CoFHCore
[30Aug2025 17:29:38.368] [main/DEBUG] [net.minecraftforge.fml.javafmlmod.FMLJavaModLanguageProvider/LOADING]: Loading FMLModContainer from classloader cpw.mods.modlauncher.TransformingClassLoader@4f081b5d - got cpw.mods.cl.ModuleClassLoader@77cb9cd1
[30Aug2025 17:29:38.368] [main/DEBUG] [net.minecraftforge.fml.javafmlmod.FMLModContainer/LOADING]: Creating FMLModContainer instance for cofh.ensorcellation.Ensorcellation
[30Aug2025 17:29:38.369] [main/DEBUG] [net.minecraftforge.fml.javafmlmod.FMLJavaModLanguageProvider/LOADING]: Loading FMLModContainer from classloader cpw.mods.modlauncher.TransformingClassLoader@4f081b5d - got cpw.mods.cl.ModuleClassLoader@77cb9cd1
[30Aug2025 17:29:38.369] [main/DEBUG] [net.minecraftforge.fml.javafmlmod.FMLModContainer/LOADING]: Creating FMLModContainer instance for net.mcreator.curioscompat.CurioscompatMod
[30Aug2025 17:29:38.370] [main/DEBUG] [net.minecraftforge.fml.javafmlmod.FMLJavaModLanguageProvider/LOADING]: Loading FMLModContainer from classloader cpw.mods.modlauncher.TransformingClassLoader@4f081b5d - got cpw.mods.cl.ModuleClassLoader@77cb9cd1
[30Aug2025 17:29:38.370] [main/DEBUG] [net.minecraftforge.fml.javafmlmod.FMLModContainer/LOADING]: Creating FMLModContainer instance for com.illusivesoulworks.radiantgear.RadiantGearForgeMod
[30Aug2025 17:29:38.371] [main/DEBUG] [net.minecraftforge.fml.javafmlmod.FMLJavaModLanguageProvider/LOADING]: Loading FMLModContainer from classloader cpw.mods.modlauncher.TransformingClassLoader@4f081b5d - got cpw.mods.cl.ModuleClassLoader@77cb9cd1
[30Aug2025 17:29:38.371] [main/DEBUG] [net.minecraftforge.fml.javafmlmod.FMLModContainer/LOADING]: Creating FMLModContainer instance for net.bettercombat.forge.BetterCombatForge
[30Aug2025 17:29:38.371] [main/DEBUG] [net.minecraftforge.fml.javafmlmod.FMLJavaModLanguageProvider/LOADING]: Loading FMLModContainer from classloader cpw.mods.modlauncher.TransformingClassLoader@4f081b5d - got cpw.mods.cl.ModuleClassLoader@77cb9cd1
[30Aug2025 17:29:38.371] [main/DEBUG] [net.minecraftforge.fml.javafmlmod.FMLModContainer/LOADING]: Creating FMLModContainer instance for dev.gigaherz.toolbelt.ToolBelt
[30Aug2025 17:29:38.373] [main/DEBUG] [net.minecraftforge.fml.javafmlmod.FMLJavaModLanguageProvider/LOADING]: Loading FMLModContainer from classloader cpw.mods.modlauncher.TransformingClassLoader@4f081b5d - got cpw.mods.cl.ModuleClassLoader@77cb9cd1
[30Aug2025 17:29:38.373] [main/DEBUG] [net.minecraftforge.fml.javafmlmod.FMLModContainer/LOADING]: Creating FMLModContainer instance for com.christofmeg.justenoughbreeding.JustEnoughBreeding
[30Aug2025 17:29:38.373] [main/DEBUG] [net.minecraftforge.fml.javafmlmod.FMLJavaModLanguageProvider/LOADING]: Loading FMLModContainer from classloader cpw.mods.modlauncher.TransformingClassLoader@4f081b5d - got cpw.mods.cl.ModuleClassLoader@77cb9cd1
[30Aug2025 17:29:38.373] [main/DEBUG] [net.minecraftforge.fml.javafmlmod.FMLModContainer/LOADING]: Creating FMLModContainer instance for net.gamerpotion.darkheads.DarkHeads
[30Aug2025 17:29:38.374] [main/DEBUG] [net.minecraftforge.fml.javafmlmod.FMLJavaModLanguageProvider/LOADING]: Loading FMLModContainer from classloader cpw.mods.modlauncher.TransformingClassLoader@4f081b5d - got cpw.mods.cl.ModuleClassLoader@77cb9cd1
[30Aug2025 17:29:38.374] [main/DEBUG] [net.minecraftforge.fml.javafmlmod.FMLModContainer/LOADING]: Creating FMLModContainer instance for com.illusivesoulworks.spectrelib.SpectreForgeMod
[30Aug2025 17:29:38.375] [main/DEBUG] [net.minecraftforge.fml.javafmlmod.FMLJavaModLanguageProvider/LOADING]: Loading FMLModContainer from classloader cpw.mods.modlauncher.TransformingClassLoader@4f081b5d - got cpw.mods.cl.ModuleClassLoader@77cb9cd1
[30Aug2025 17:29:38.375] [main/DEBUG] [net.minecraftforge.fml.javafmlmod.FMLModContainer/LOADING]: Creating FMLModContainer instance for dev.xkmc.modulargolems.init.ModularGolems
[30Aug2025 17:29:38.376] [main/DEBUG] [net.minecraftforge.fml.javafmlmod.FMLJavaModLanguageProvider/LOADING]: Loading FMLModContainer from classloader cpw.mods.modlauncher.TransformingClassLoader@4f081b5d - got cpw.mods.cl.ModuleClassLoader@77cb9cd1
[30Aug2025 17:29:38.376] [main/DEBUG] [net.minecraftforge.fml.javafmlmod.FMLModContainer/LOADING]: Creating FMLModContainer instance for net.gamerpotion.darkrtp.DarkRTP
[30Aug2025 17:29:38.377] [main/DEBUG] [net.minecraftforge.fml.javafmlmod.FMLJavaModLanguageProvider/LOADING]: Loading FMLModContainer from classloader cpw.mods.modlauncher.TransformingClassLoader@4f081b5d - got cpw.mods.cl.ModuleClassLoader@77cb9cd1
[30Aug2025 17:29:38.377] [main/DEBUG] [net.minecraftforge.fml.javafmlmod.FMLModContainer/LOADING]: Creating FMLModContainer instance for reliquary.Reliquary
[30Aug2025 17:29:38.378] [main/DEBUG] [net.minecraftforge.fml.javafmlmod.FMLJavaModLanguageProvider/LOADING]: Loading FMLModContainer from classloader cpw.mods.modlauncher.TransformingClassLoader@4f081b5d - got cpw.mods.cl.ModuleClassLoader@77cb9cd1
[30Aug2025 17:29:38.378] [main/DEBUG] [net.minecraftforge.fml.javafmlmod.FMLModContainer/LOADING]: Creating FMLModContainer instance for xaero.minimap.XaeroMinimapForge
[30Aug2025 17:29:38.381] [main/DEBUG] [net.minecraftforge.fml.javafmlmod.FMLJavaModLanguageProvider/LOADING]: Loading FMLModContainer from classloader cpw.mods.modlauncher.TransformingClassLoader@4f081b5d - got cpw.mods.cl.ModuleClassLoader@77cb9cd1
[30Aug2025 17:29:38.381] [main/DEBUG] [net.minecraftforge.fml.javafmlmod.FMLModContainer/LOADING]: Creating FMLModContainer instance for com.cyanogen.experienceobelisk.ExperienceObelisk
[30Aug2025 17:29:38.381] [main/DEBUG] [net.minecraftforge.fml.javafmlmod.FMLJavaModLanguageProvider/LOADING]: Loading FMLModContainer from classloader cpw.mods.modlauncher.TransformingClassLoader@4f081b5d - got cpw.mods.cl.ModuleClassLoader@77cb9cd1
[30Aug2025 17:29:38.381] [main/DEBUG] [net.minecraftforge.fml.javafmlmod.FMLModContainer/LOADING]: Creating FMLModContainer instance for com.illusivesoulworks.polymorph.PolymorphForgeMod
[30Aug2025 17:29:38.382] [main/DEBUG] [net.minecraftforge.fml.javafmlmod.FMLJavaModLanguageProvider/LOADING]: Loading FMLModContainer from classloader cpw.mods.modlauncher.TransformingClassLoader@4f081b5d - got cpw.mods.cl.ModuleClassLoader@77cb9cd1
[30Aug2025 17:29:38.382] [main/DEBUG] [net.minecraftforge.fml.javafmlmod.FMLModContainer/LOADING]: Creating FMLModContainer instance for net.miauczel.legendary_monsters.LegendaryMonsters
[30Aug2025 17:29:38.383] [main/DEBUG] [net.minecraftforge.fml.javafmlmod.FMLJavaModLanguageProvider/LOADING]: Loading FMLModContainer from classloader cpw.mods.modlauncher.TransformingClassLoader@4f081b5d - got cpw.mods.cl.ModuleClassLoader@77cb9cd1
[30Aug2025 17:29:38.383] [main/DEBUG] [net.minecraftforge.fml.javafmlmod.FMLModContainer/LOADING]: Creating FMLModContainer instance for io.redspace.ironsspellbooks.IronsSpellbooks
[30Aug2025 17:29:38.384] [main/DEBUG] [net.minecraftforge.fml.javafmlmod.FMLJavaModLanguageProvider/LOADING]: Loading FMLModContainer from classloader cpw.mods.modlauncher.TransformingClassLoader@4f081b5d - got cpw.mods.cl.ModuleClassLoader@77cb9cd1
[30Aug2025 17:29:38.384] [main/DEBUG] [net.minecraftforge.fml.javafmlmod.FMLModContainer/LOADING]: Creating FMLModContainer instance for net.acetheeldritchking.ice_and_fire_spellbooks.IceAndFireSpellbooks
[30Aug2025 17:29:38.385] [main/DEBUG] [net.minecraftforge.fml.javafmlmod.FMLJavaModLanguageProvider/LOADING]: Loading FMLModContainer from classloader cpw.mods.modlauncher.TransformingClassLoader@4f081b5d - got cpw.mods.cl.ModuleClassLoader@77cb9cd1
[30Aug2025 17:29:38.385] [main/DEBUG] [net.minecraftforge.fml.javafmlmod.FMLModContainer/LOADING]: Creating FMLModContainer instance for dev.xkmc.mob_weapon_api.init.MobWeaponAPI
[30Aug2025 17:29:38.386] [main/DEBUG] [net.minecraftforge.fml.javafmlmod.FMLJavaModLanguageProvider/LOADING]: Loading FMLModContainer from classloader cpw.mods.modlauncher.TransformingClassLoader@4f081b5d - got cpw.mods.cl.ModuleClassLoader@77cb9cd1
[30Aug2025 17:29:38.386] [main/DEBUG] [net.minecraftforge.fml.javafmlmod.FMLModContainer/LOADING]: Creating FMLModContainer instance for dev.arbor.extrasoundsnext.forge.ExtraSoundsNextForge
[30Aug2025 17:29:38.386] [main/DEBUG] [net.minecraftforge.fml.javafmlmod.FMLJavaModLanguageProvider/LOADING]: Loading FMLModContainer from classloader cpw.mods.modlauncher.TransformingClassLoader@4f081b5d - got cpw.mods.cl.ModuleClassLoader@77cb9cd1
[30Aug2025 17:29:38.386] [main/DEBUG] [net.minecraftforge.fml.javafmlmod.FMLModContainer/LOADING]: Creating FMLModContainer instance for squeek.appleskin.AppleSkin
[30Aug2025 17:29:38.387] [main/DEBUG] [net.minecraftforge.fml.javafmlmod.FMLJavaModLanguageProvider/LOADING]: Loading FMLModContainer from classloader cpw.mods.modlauncher.TransformingClassLoader@4f081b5d - got cpw.mods.cl.ModuleClassLoader@77cb9cd1
[30Aug2025 17:29:38.387] [main/DEBUG] [net.minecraftforge.fml.javafmlmod.FMLModContainer/LOADING]: Creating FMLModContainer instance for noobanidus.mods.lootr.Lootr
[30Aug2025 17:29:38.388] [main/DEBUG] [net.minecraftforge.fml.javafmlmod.FMLJavaModLanguageProvider/LOADING]: Loading FMLModContainer from classloader cpw.mods.modlauncher.TransformingClassLoader@4f081b5d - got cpw.mods.cl.ModuleClassLoader@77cb9cd1
[30Aug2025 17:29:38.388] [main/DEBUG] [net.minecraftforge.fml.javafmlmod.FMLModContainer/LOADING]: Creating FMLModContainer instance for malte0811.ferritecore.ModMainForge
[30Aug2025 17:29:38.389] [main/DEBUG] [net.minecraftforge.fml.javafmlmod.FMLJavaModLanguageProvider/LOADING]: Loading FMLModContainer from classloader cpw.mods.modlauncher.TransformingClassLoader@4f081b5d - got cpw.mods.cl.ModuleClassLoader@77cb9cd1
[30Aug2025 17:29:38.389] [main/DEBUG] [net.minecraftforge.fml.javafmlmod.FMLModContainer/LOADING]: Creating FMLModContainer instance for net.mcreator.ancientgolems.AncientGolemsMod
[30Aug2025 17:29:38.389] [main/DEBUG] [net.minecraftforge.fml.javafmlmod.FMLJavaModLanguageProvider/LOADING]: Loading FMLModContainer from classloader cpw.mods.modlauncher.TransformingClassLoader@4f081b5d - got cpw.mods.cl.ModuleClassLoader@77cb9cd1
[30Aug2025 17:29:38.390] [main/DEBUG] [net.minecraftforge.fml.javafmlmod.FMLModContainer/LOADING]: Creating FMLModContainer instance for com.illusivesoulworks.charmofundying.CharmOfUndyingForgeMod
[30Aug2025 17:29:38.390] [main/DEBUG] [net.minecraftforge.fml.javafmlmod.FMLJavaModLanguageProvider/LOADING]: Loading FMLModContainer from classloader cpw.mods.modlauncher.TransformingClassLoader@4f081b5d - got cpw.mods.cl.ModuleClassLoader@77cb9cd1
[30Aug2025 17:29:38.390] [main/DEBUG] [net.minecraftforge.fml.javafmlmod.FMLModContainer/LOADING]: Creating FMLModContainer instance for dev.xkmc.l2itemselector.init.L2ItemSelector
[30Aug2025 17:29:38.391] [main/DEBUG] [net.minecraftforge.fml.javafmlmod.FMLJavaModLanguageProvider/LOADING]: Loading FMLModContainer from classloader cpw.mods.modlauncher.TransformingClassLoader@4f081b5d - got cpw.mods.cl.ModuleClassLoader@77cb9cd1
[30Aug2025 17:29:38.391] [main/DEBUG] [net.minecraftforge.fml.javafmlmod.FMLModContainer/LOADING]: Creating FMLModContainer instance for be.florens.expandability.forge.ExpandAbilityForge
[30Aug2025 17:29:38.392] [main/DEBUG] [net.minecraftforge.fml.javafmlmod.FMLJavaModLanguageProvider/LOADING]: Loading FMLModContainer from classloader cpw.mods.modlauncher.TransformingClassLoader@4f081b5d - got cpw.mods.cl.ModuleClassLoader@77cb9cd1
[30Aug2025 17:29:38.392] [main/DEBUG] [net.minecraftforge.fml.javafmlmod.FMLModContainer/LOADING]: Creating FMLModContainer instance for dev.xylonity.explosiveenhancement.ExplosiveEnhancement
[30Aug2025 17:29:38.392] [main/DEBUG] [net.minecraftforge.fml.javafmlmod.FMLJavaModLanguageProvider/LOADING]: Loading FMLModContainer from classloader cpw.mods.modlauncher.TransformingClassLoader@4f081b5d - got cpw.mods.cl.ModuleClassLoader@77cb9cd1
[30Aug2025 17:29:38.392] [main/DEBUG] [net.minecraftforge.fml.javafmlmod.FMLModContainer/LOADING]: Creating FMLModContainer instance for net.wolfysam.charmsandmedallions.CharmsAndMedallionsMod
[30Aug2025 17:29:38.394] [main/DEBUG] [net.minecraftforge.fml.javafmlmod.FMLJavaModLanguageProvider/LOADING]: Loading FMLModContainer from classloader cpw.mods.modlauncher.TransformingClassLoader@4f081b5d - got cpw.mods.cl.ModuleClassLoader@77cb9cd1
[30Aug2025 17:29:38.394] [main/DEBUG] [net.minecraftforge.fml.javafmlmod.FMLModContainer/LOADING]: Creating FMLModContainer instance for net.lionarius.skinrestorer.forge.SkinRestorerForge
[30Aug2025 17:29:38.394] [main/DEBUG] [net.minecraftforge.fml.javafmlmod.FMLJavaModLanguageProvider/LOADING]: Loading FMLModContainer from classloader cpw.mods.modlauncher.TransformingClassLoader@4f081b5d - got cpw.mods.cl.ModuleClassLoader@77cb9cd1
[30Aug2025 17:29:38.394] [main/DEBUG] [net.minecraftforge.fml.javafmlmod.FMLModContainer/LOADING]: Creating FMLModContainer instance for com.obscuria.aquamirae.Aquamirae
[30Aug2025 17:29:38.396] [main/DEBUG] [net.minecraftforge.fml.javafmlmod.FMLJavaModLanguageProvider/LOADING]: Loading FMLModContainer from classloader cpw.mods.modlauncher.TransformingClassLoader@4f081b5d - got cpw.mods.cl.ModuleClassLoader@77cb9cd1
[30Aug2025 17:29:38.396] [main/DEBUG] [net.minecraftforge.fml.javafmlmod.FMLModContainer/LOADING]: Creating FMLModContainer instance for net.mcreator.iceandfirecurios.IceandfireCuriosMod
[30Aug2025 17:29:38.424] [modloading-worker-0/DEBUG] [net.minecraftforge.fml.javafmlmod.AutomaticEventSubscriber/LOADING]: Attempting to inject @EventBusSubscriber classes into the eventbus for playeranimator
[30Aug2025 17:29:38.467] [modloading-worker-0/DEBUG] [net.minecraftforge.fml.javafmlmod.AutomaticEventSubscriber/LOADING]: Attempting to inject @EventBusSubscriber classes into the eventbus for darkfeather
[30Aug2025 17:29:38.470] [modloading-worker-0/DEBUG] [net.minecraftforge.fml.javafmlmod.AutomaticEventSubscriber/LOADING]: Auto-subscribing net.mcreator.darkfeather.init.DarkfeatherModTabs to MOD
[30Aug2025 17:29:38.487] [modloading-worker-0/DEBUG] [net.minecraftforge.fml.config.ConfigTracker/CONFIG]: Config file sophisticatedcore-common.toml for sophisticatedcore tracking
[30Aug2025 17:29:38.487] [modloading-worker-0/DEBUG] [net.minecraftforge.fml.config.ConfigTracker/CONFIG]: Config file sophisticatedcore-client.toml for sophisticatedcore tracking
[30Aug2025 17:29:38.490] [modloading-worker-0/DEBUG] [net.minecraftforge.fml.config.ConfigTracker/CONFIG]: Config file nyfsquiver-common.toml for nyfsquiver tracking
[30Aug2025 17:29:38.497] [modloading-worker-0/DEBUG] [net.minecraftforge.fml.config.ConfigTracker/CONFIG]: Config file nyfsquiver-client.toml for nyfsquiver tracking
[30Aug2025 17:29:38.521] [modloading-worker-0/DEBUG] [net.minecraftforge.coremod.transformer.CoreModBaseTransformer/COREMOD]: Transforming m_11229_ with desc (Lnet/minecraft/server/level/ServerPlayer;Lnet/minecraft/server/level/ServerLevel;)V
[30Aug2025 17:29:38.522] [modloading-worker-0/INFO] [mixin/]: Mixing MixinPlayerList from enigmaticlegacy.mixins.json into net.minecraft.server.players.PlayerList
[30Aug2025 17:29:38.548] [modloading-worker-0/DEBUG] [mixin/]: Mixing PlayerListMixin from skinrestorer.mixins.json into net.minecraft.server.players.PlayerList
[30Aug2025 17:29:38.550] [modloading-worker-0/DEBUG] [mixin/]: Renaming synthetic method lambda$placeNewPlayer$0(Ljava/util/UUID;)V to md915be7$lambda$placeNewPlayer$0$0 in skinrestorer.mixins.json:PlayerListMixin
[30Aug2025 17:29:38.582] [modloading-worker-0/DEBUG] [net.minecraftforge.fml.javafmlmod.AutomaticEventSubscriber/LOADING]: Attempting to inject @EventBusSubscriber classes into the eventbus for nyfsquiver
[30Aug2025 17:29:38.582] [modloading-worker-0/DEBUG] [net.minecraftforge.fml.javafmlmod.AutomaticEventSubscriber/LOADING]: Auto-subscribing com.nyfaria.nyfsquiver.events.CommonModEvent to MOD
[30Aug2025 17:29:38.587] [modloading-worker-0/DEBUG] [net.minecraftforge.fml.javafmlmod.AutomaticEventSubscriber/LOADING]: Auto-subscribing com.nyfaria.nyfsquiver.events.CommonForgeEvents to FORGE
[30Aug2025 17:29:38.588] [modloading-worker-0/DEBUG] [mixin/]: Mixing MixinRecipeManager from polymorph.mixins.json into net.minecraft.world.item.crafting.RecipeManager
[30Aug2025 17:29:38.588] [modloading-worker-0/DEBUG] [mixin/]: Renaming synthetic method lambda$polymorph$getRecipe$1(Lorg/spongepowered/asm/mixin/injection/callback/CallbackInfoReturnable;Lnet/minecraft/world/item/crafting/Recipe;)V to md915be7$lambda$polymorph$getRecipe$1$0 in polymorph.mixins.json:MixinRecipeManager
[30Aug2025 17:29:38.588] [modloading-worker-0/DEBUG] [mixin/]: Renaming synthetic method lambda$polymorph$getRecipe$0(Lorg/spongepowered/asm/mixin/injection/callback/CallbackInfoReturnable;Lnet/minecraft/resources/ResourceLocation;Lnet/minecraft/world/item/crafting/Recipe;)V to md915be7$lambda$polymorph$getRecipe$0$1 in polymorph.mixins.json:MixinRecipeManager
[30Aug2025 17:29:38.589] [modloading-worker-0/DEBUG] [mixin/]: Mixing accessors.world.AccessorRecipeManager from bookshelf.common.mixins.json into net.minecraft.world.item.crafting.RecipeManager
[30Aug2025 17:29:38.604] [modloading-worker-0/DEBUG] [mixin/]: Mixing patches.packs.resources.MixinSimpleJsonResourceReloadListener from bookshelf.common.mixins.json into net.minecraft.server.packs.resources.SimpleJsonResourceReloadListener
[30Aug2025 17:29:38.605] [modloading-worker-0/DEBUG] [mixin/]: Renaming synthetic method lambda$prepare$0(Ljava/util/Map$Entry;)Z to md915be7$lambda$prepare$0$0 in bookshelf.common.mixins.json:patches.packs.resources.MixinSimpleJsonResourceReloadListener
[30Aug2025 17:29:38.630] [modloading-worker-0/DEBUG] [mixin/]: Mixing MixinLevelEvent from architectury.mixins.json into net.minecraftforge.event.level.LevelEvent
[30Aug2025 17:29:38.635] [modloading-worker-0/DEBUG] [net.minecraftforge.fml.config.ConfigTracker/CONFIG]: Config file citadel-common.toml for citadel tracking
[30Aug2025 17:29:38.638] [modloading-worker-0/DEBUG] [net.minecraftforge.fml.javafmlmod.AutomaticEventSubscriber/LOADING]: Attempting to inject @EventBusSubscriber classes into the eventbus for sophisticatedcore
[30Aug2025 17:29:38.639] [modloading-worker-0/DEBUG] [net.minecraftforge.fml.javafmlmod.AutomaticEventSubscriber/LOADING]: Attempting to inject @EventBusSubscriber classes into the eventbus for mixinextras
[30Aug2025 17:29:38.645] [modloading-worker-0/DEBUG] [net.minecraftforge.fml.javafmlmod.AutomaticEventSubscriber/LOADING]: Attempting to inject @EventBusSubscriber classes into the eventbus for citadel
[30Aug2025 17:29:38.645] [modloading-worker-0/DEBUG] [net.minecraftforge.fml.javafmlmod.AutomaticEventSubscriber/LOADING]: Auto-subscribing com.github.alexthe666.citadel.ServerProxy to MOD
[30Aug2025 17:29:38.648] [modloading-worker-0/DEBUG] [Bookshelf/]: Loaded net.darkhax.bookshelf.impl.util.PlatformHelperForge@3181189e for service interface net.darkhax.bookshelf.api.util.IPlatformHelper.
[30Aug2025 17:29:38.652] [modloading-worker-0/DEBUG] [Bookshelf/]: Loaded net.darkhax.bookshelf.impl.event.EventHelperForge@167b6af for service interface net.darkhax.bookshelf.api.event.IEventHelper.
[30Aug2025 17:29:38.656] [modloading-worker-0/DEBUG] [Bookshelf/]: Loaded net.darkhax.bookshelf.impl.registry.ContentLoaderForge@5e4a2c93 for service interface net.darkhax.bookshelf.api.registry.IContentLoader.
[30Aug2025 17:29:38.661] [modloading-worker-0/DEBUG] [Bookshelf/]: Loaded net.darkhax.bookshelf.impl.data.TagHelperForge@3939d6d for service interface net.darkhax.bookshelf.api.data.ITagHelper.
[30Aug2025 17:29:38.667] [modloading-worker-0/DEBUG] [Bookshelf/]: Loaded net.darkhax.bookshelf.impl.util.InventoryHelperForge@c7fc070 for service interface net.darkhax.bookshelf.api.util.IInventoryHelper.
[30Aug2025 17:29:38.668] [modloading-worker-0/DEBUG] [Bookshelf/]: Loaded net.darkhax.bookshelf.impl.util.ConstructHelperForge@40fc365a for service interface net.darkhax.bookshelf.api.util.IConstructHelper.
[30Aug2025 17:29:38.768] [modloading-worker-0/INFO] [Bookshelf/]: Fixing MC-151457. Crafting remainder for minecraft:pufferfish_bucket is now minecraft:bucket.
[30Aug2025 17:29:38.769] [modloading-worker-0/INFO] [Bookshelf/]: Fixing MC-151457. Crafting remainder for minecraft:salmon_bucket is now minecraft:bucket.
[30Aug2025 17:29:38.769] [modloading-worker-0/INFO] [Bookshelf/]: Fixing MC-151457. Crafting remainder for minecraft:cod_bucket is now minecraft:bucket.
[30Aug2025 17:29:38.769] [modloading-worker-0/INFO] [Bookshelf/]: Fixing MC-151457. Crafting remainder for minecraft:tropical_fish_bucket is now minecraft:bucket.
[30Aug2025 17:29:38.770] [modloading-worker-0/INFO] [Bookshelf/]: Fixing MC-151457. Crafting remainder for minecraft:axolotl_bucket is now minecraft:bucket.
[30Aug2025 17:29:38.771] [modloading-worker-0/INFO] [Bookshelf/]: Fixing MC-151457. Crafting remainder for minecraft:powder_snow_bucket is now minecraft:bucket.
[30Aug2025 17:29:38.772] [modloading-worker-0/INFO] [Bookshelf/]: Fixing MC-151457. Crafting remainder for minecraft:tadpole_bucket is now minecraft:bucket.
[30Aug2025 17:29:38.793] [modloading-worker-0/DEBUG] [net.minecraftforge.fml.javafmlmod.AutomaticEventSubscriber/LOADING]: Attempting to inject @EventBusSubscriber classes into the eventbus for bookshelf
[30Aug2025 17:29:38.793] [modloading-worker-0/DEBUG] [net.minecraftforge.fml.javafmlmod.AutomaticEventSubscriber/LOADING]: Auto-subscribing net.darkhax.bookshelf.impl.gametest.BookshelfForgeGameTests to MOD
[30Aug2025 17:29:38.808] [modloading-worker-0/DEBUG] [net.minecraftforge.fml.config.ConfigTracker/CONFIG]: Config file sophisticatedbackpacks-server.toml for sophisticatedbackpacks tracking
[30Aug2025 17:29:38.808] [modloading-worker-0/DEBUG] [net.minecraftforge.fml.config.ConfigTracker/CONFIG]: Config file sophisticatedbackpacks-common.toml for sophisticatedbackpacks tracking
[30Aug2025 17:29:39.115] [modloading-worker-0/DEBUG] [net.minecraftforge.fml.javafmlmod.AutomaticEventSubscriber/LOADING]: Attempting to inject @EventBusSubscriber classes into the eventbus for relics
[30Aug2025 17:29:39.115] [modloading-worker-0/DEBUG] [net.minecraftforge.fml.javafmlmod.AutomaticEventSubscriber/LOADING]: Auto-subscribing it.hurts.sskirillss.relics.network.NetworkHandler to MOD
[30Aug2025 17:29:39.115] [modloading-worker-0/DEBUG] [net.minecraftforge.fml.javafmlmod.AutomaticEventSubscriber/LOADING]: Auto-subscribing it.hurts.sskirillss.relics.items.relics.ring.ChorusInhibitorItem$Events to FORGE
[30Aug2025 17:29:39.120] [modloading-worker-0/DEBUG] [net.minecraftforge.fml.javafmlmod.AutomaticEventSubscriber/LOADING]: Auto-subscribing it.hurts.sskirillss.relics.items.relics.ring.BastionRingItem$Events to FORGE
[30Aug2025 17:29:39.122] [modloading-worker-0/DEBUG] [net.minecraftforge.fml.javafmlmod.AutomaticEventSubscriber/LOADING]: Auto-subscribing it.hurts.sskirillss.relics.items.relics.necklace.ReflectionNecklaceItem$ReflectionNecklaceServerEvents to FORGE
[30Aug2025 17:29:39.129] [modloading-worker-0/DEBUG] [net.minecraftforge.fml.javafmlmod.AutomaticEventSubscriber/LOADING]: Auto-subscribing it.hurts.sskirillss.relics.items.relics.necklace.HolyLocketItem$Events to FORGE
[30Aug2025 17:29:39.141] [modloading-worker-0/DEBUG] [net.minecraftforge.fml.javafmlmod.AutomaticEventSubscriber/LOADING]: Auto-subscribing it.hurts.sskirillss.relics.items.relics.hands.WoolMittenItem$Events to FORGE
[30Aug2025 17:29:39.142] [modloading-worker-0/DEBUG] [net.minecraftforge.fml.javafmlmod.AutomaticEventSubscriber/LOADING]: Auto-subscribing it.hurts.sskirillss.relics.items.relics.hands.RageGloveItem$Events to FORGE
[30Aug2025 17:29:39.145] [modloading-worker-0/DEBUG] [net.minecraftforge.fml.javafmlmod.AutomaticEventSubscriber/LOADING]: Auto-subscribing it.hurts.sskirillss.relics.items.relics.feet.RollerSkatesItem$Events to FORGE
[30Aug2025 17:29:39.147] [modloading-worker-0/DEBUG] [net.minecraftforge.fml.javafmlmod.AutomaticEventSubscriber/LOADING]: Auto-subscribing it.hurts.sskirillss.relics.items.relics.feet.MagmaWalkerItem to FORGE
[30Aug2025 17:29:39.163] [modloading-worker-0/DEBUG] [net.minecraftforge.fml.javafmlmod.AutomaticEventSubscriber/LOADING]: Attempting to inject @EventBusSubscriber classes into the eventbus for sophisticatedbackpacks
[30Aug2025 17:29:39.171] [modloading-worker-0/DEBUG] [net.minecraftforge.fml.javafmlmod.AutomaticEventSubscriber/LOADING]: Attempting to inject @EventBusSubscriber classes into the eventbus for darktimer
[30Aug2025 17:29:39.176] [modloading-worker-0/DEBUG] [net.minecraftforge.fml.javafmlmod.AutomaticEventSubscriber/LOADING]: Auto-subscribing it.hurts.sskirillss.relics.items.relics.feet.IceBreakerItem$Events to FORGE
[30Aug2025 17:29:39.176] [modloading-worker-0/DEBUG] [net.minecraftforge.fml.javafmlmod.AutomaticEventSubscriber/LOADING]: Auto-subscribing it.hurts.sskirillss.relics.items.relics.feet.AquaWalkerItem to FORGE
[30Aug2025 17:29:39.177] [modloading-worker-0/DEBUG] [net.minecraftforge.fml.javafmlmod.AutomaticEventSubscriber/LOADING]: Auto-subscribing it.hurts.sskirillss.relics.items.relics.feet.AmphibianBootItem$Events to FORGE
[30Aug2025 17:29:39.178] [modloading-worker-0/DEBUG] [net.minecraftforge.fml.config.ConfigTracker/CONFIG]: Config file jeresources-common.toml for jeresources tracking
[30Aug2025 17:29:39.179] [modloading-worker-0/DEBUG] [net.minecraftforge.fml.javafmlmod.AutomaticEventSubscriber/LOADING]: Auto-subscribing it.hurts.sskirillss.relics.items.relics.charm.SporeSackItem$Events to FORGE
[30Aug2025 17:29:39.181] [modloading-worker-0/DEBUG] [net.minecraftforge.fml.javafmlmod.AutomaticEventSubscriber/LOADING]: Auto-subscribing it.hurts.sskirillss.relics.items.relics.belt.LeatherBeltItem to FORGE
[30Aug2025 17:29:39.183] [modloading-worker-0/DEBUG] [net.minecraftforge.fml.javafmlmod.AutomaticEventSubscriber/LOADING]: Auto-subscribing it.hurts.sskirillss.relics.items.relics.belt.HunterBeltItem$HunterBeltEvents to FORGE
[30Aug2025 17:29:39.182] [modloading-worker-0/DEBUG] [jeresources/]: Loaded jeresources.forge.ForgePlatformHelper@57ccfe1b for service interface jeresources.platform.IPlatformHelper
[30Aug2025 17:29:39.183] [modloading-worker-0/DEBUG] [jeresources/]: Loading config file /workspaces/server-mc-1.20.1/servidor_minecraft/config/jeresources.toml
[30Aug2025 17:29:39.184] [modloading-worker-0/DEBUG] [jeresources/]: Built TOML config for /workspaces/server-mc-1.20.1/servidor_minecraft/config/jeresources.toml
[30Aug2025 17:29:39.185] [modloading-worker-0/DEBUG] [net.minecraftforge.fml.javafmlmod.AutomaticEventSubscriber/LOADING]: Auto-subscribing it.hurts.sskirillss.relics.items.relics.belt.DrownedBeltItem$Events to FORGE
[30Aug2025 17:29:39.187] [modloading-worker-0/DEBUG] [jeresources/]: Loaded TOML config file /workspaces/server-mc-1.20.1/servidor_minecraft/config/jeresources.toml
[30Aug2025 17:29:39.189] [modloading-worker-0/DEBUG] [net.minecraftforge.fml.javafmlmod.AutomaticEventSubscriber/LOADING]: Auto-subscribing it.hurts.sskirillss.relics.items.relics.back.MidnightRobeItem$ServerEvents to FORGE
[30Aug2025 17:29:39.192] [modloading-worker-0/DEBUG] [net.minecraftforge.fml.javafmlmod.AutomaticEventSubscriber/LOADING]: Auto-subscribing it.hurts.sskirillss.relics.items.relics.back.ElytraBoosterItem to FORGE
[30Aug2025 17:29:39.195] [modloading-worker-0/DEBUG] [net.minecraftforge.fml.javafmlmod.AutomaticEventSubscriber/LOADING]: Auto-subscribing it.hurts.sskirillss.relics.items.relics.back.ArrowQuiverItem$Events to FORGE
[30Aug2025 17:29:39.201] [modloading-worker-0/DEBUG] [net.minecraftforge.fml.javafmlmod.AutomaticEventSubscriber/LOADING]: Auto-subscribing it.hurts.sskirillss.relics.items.relics.SpatialSignItem$Events to FORGE
[30Aug2025 17:29:39.207] [modloading-worker-0/DEBUG] [net.minecraftforge.fml.javafmlmod.AutomaticEventSubscriber/LOADING]: Auto-subscribing it.hurts.sskirillss.relics.items.relics.MagicMirrorItem$ServerEvents to FORGE
[30Aug2025 17:29:39.207] [modloading-worker-0/DEBUG] [net.minecraftforge.fml.javafmlmod.AutomaticEventSubscriber/LOADING]: Auto-subscribing it.hurts.sskirillss.relics.items.relics.InfinityHamItem$Events to FORGE
[30Aug2025 17:29:39.208] [modloading-worker-0/DEBUG] [net.minecraftforge.fml.javafmlmod.AutomaticEventSubscriber/LOADING]: Auto-subscribing it.hurts.sskirillss.relics.init.CommandRegistry to FORGE
[30Aug2025 17:29:39.211] [modloading-worker-0/DEBUG] [net.minecraftforge.fml.javafmlmod.AutomaticEventSubscriber/LOADING]: Auto-subscribing it.hurts.sskirillss.relics.init.CapabilityRegistry to FORGE
[30Aug2025 17:29:39.217] [modloading-worker-0/DEBUG] [net.minecraftforge.fml.javafmlmod.AutomaticEventSubscriber/LOADING]: Auto-subscribing it.hurts.sskirillss.relics.entities.ArrowRainEntity$Events to FORGE
[30Aug2025 17:29:39.218] [modloading-worker-0/DEBUG] [net.minecraftforge.fml.javafmlmod.AutomaticEventSubscriber/LOADING]: Auto-subscribing it.hurts.sskirillss.relics.effects.BleedingEffect$Events to FORGE
[30Aug2025 17:29:39.219] [modloading-worker-0/DEBUG] [net.minecraftforge.fml.javafmlmod.AutomaticEventSubscriber/LOADING]: Attempting to inject @EventBusSubscriber classes into the eventbus for jeresources
[30Aug2025 17:29:39.220] [modloading-worker-0/DEBUG] [net.minecraftforge.fml.javafmlmod.AutomaticEventSubscriber/LOADING]: Attempting to inject @EventBusSubscriber classes into the eventbus for cloth_config
[30Aug2025 17:29:39.221] [modloading-worker-0/DEBUG] [net.minecraftforge.fml.javafmlmod.AutomaticEventSubscriber/LOADING]: Auto-subscribing it.hurts.sskirillss.relics.effects.AntiHealEffect$Events to FORGE
[30Aug2025 17:29:39.222] [modloading-worker-0/DEBUG] [net.minecraftforge.fml.javafmlmod.AutomaticEventSubscriber/LOADING]: Auto-subscribing it.hurts.sskirillss.relics.capability.handlers.SyncHandler to FORGE
[30Aug2025 17:29:39.224] [modloading-worker-0/DEBUG] [net.minecraftforge.fml.javafmlmod.AutomaticEventSubscriber/LOADING]: Attempting to inject @EventBusSubscriber classes into the eventbus for darkflight
[30Aug2025 17:29:39.227] [modloading-worker-0/DEBUG] [net.minecraftforge.fml.javafmlmod.AutomaticEventSubscriber/LOADING]: Attempting to inject @EventBusSubscriber classes into the eventbus for darkglint
[30Aug2025 17:29:39.227] [modloading-worker-0/DEBUG] [net.minecraftforge.fml.javafmlmod.AutomaticEventSubscriber/LOADING]: Attempting to inject @EventBusSubscriber classes into the eventbus for darksmithing
[30Aug2025 17:29:39.230] [modloading-worker-0/DEBUG] [net.minecraftforge.fml.javafmlmod.AutomaticEventSubscriber/LOADING]: Attempting to inject @EventBusSubscriber classes into the eventbus for darkwooly
[30Aug2025 17:29:39.230] [modloading-worker-0/DEBUG] [net.minecraftforge.fml.javafmlmod.AutomaticEventSubscriber/LOADING]: Attempting to inject @EventBusSubscriber classes into the eventbus for immersiveui
[30Aug2025 17:29:39.231] [modloading-worker-0/DEBUG] [net.minecraftforge.fml.javafmlmod.AutomaticEventSubscriber/LOADING]: Auto-subscribing it.hurts.octostudios.immersiveui.forge.ImmersiveUIForge to MOD
[30Aug2025 17:29:39.257] [modloading-worker-0/DEBUG] [net.minecraftforge.fml.config.ConfigTracker/CONFIG]: Config file treasure2-common.toml for treasure2 tracking
[30Aug2025 17:29:39.259] [modloading-worker-0/DEBUG] [net.minecraftforge.fml.config.ConfigTracker/CONFIG]: Config file treasure2-client.toml for treasure2 tracking
[30Aug2025 17:29:39.259] [modloading-worker-0/DEBUG] [net.minecraftforge.fml.config.ConfigTracker/CONFIG]: Config file treasure2-server.toml for treasure2 tracking
[30Aug2025 17:29:39.260] [modloading-worker-0/DEBUG] [net.minecraftforge.fml.config.ConfigTracker/CONFIG]: Config file treasure2-chests-1.20.1-v3.toml for treasure2 tracking
[30Aug2025 17:29:39.260] [modloading-worker-0/DEBUG] [net.minecraftforge.fml.config.ConfigTracker/CONFIG]: Config file treasure2-structures-1.20.1-v4.toml for treasure2 tracking
[30Aug2025 17:29:39.260] [modloading-worker-0/DEBUG] [net.minecraftforge.fml.config.ConfigTracker/CONFIG]: Config file treasure2-mobs-1.20.1-v2.toml for treasure2 tracking
[30Aug2025 17:29:39.549] [modloading-worker-0/DEBUG] [net.minecraftforge.fml.javafmlmod.AutomaticEventSubscriber/LOADING]: Attempting to inject @EventBusSubscriber classes into the eventbus for mutated_items
[30Aug2025 17:29:39.549] [modloading-worker-0/DEBUG] [net.minecraftforge.fml.javafmlmod.AutomaticEventSubscriber/LOADING]: Auto-subscribing net.mcreator.mutateditems.procedures.StrawDummyHurtExternalProcedure to FORGE
[30Aug2025 17:29:39.550] [modloading-worker-0/DEBUG] [net.minecraftforge.fml.javafmlmod.AutomaticEventSubscriber/LOADING]: Auto-subscribing net.mcreator.mutateditems.procedures.RedstoneBugSpawnProcedure to FORGE
[30Aug2025 17:29:39.561] [modloading-worker-0/DEBUG] [net.minecraftforge.fml.javafmlmod.AutomaticEventSubscriber/LOADING]: Auto-subscribing net.mcreator.mutateditems.procedures.PortalMutationProcedureProcedure to FORGE
[30Aug2025 17:29:39.568] [modloading-worker-0/DEBUG] [net.minecraftforge.fml.javafmlmod.AutomaticEventSubscriber/LOADING]: Auto-subscribing net.mcreator.mutateditems.procedures.FurnaceGolemSummonProcedure to FORGE
[30Aug2025 17:29:39.575] [modloading-worker-0/DEBUG] [net.minecraftforge.fml.javafmlmod.AutomaticEventSubscriber/LOADING]: Auto-subscribing net.mcreator.mutateditems.procedures.EnderHullSpawnProcedure to FORGE
[30Aug2025 17:29:39.576] [modloading-worker-0/DEBUG] [net.minecraftforge.fml.javafmlmod.AutomaticEventSubscriber/LOADING]: Auto-subscribing net.mcreator.mutateditems.procedures.DragonBreathManSpawnProcedure to FORGE
[30Aug2025 17:29:39.593] [modloading-worker-0/DEBUG] [net.minecraftforge.fml.javafmlmod.AutomaticEventSubscriber/LOADING]: Auto-subscribing net.mcreator.mutateditems.network.MutatedItemsModVariables to MOD
[30Aug2025 17:29:39.594] [modloading-worker-0/DEBUG] [net.minecraftforge.fml.javafmlmod.AutomaticEventSubscriber/LOADING]: Auto-subscribing net.mcreator.mutateditems.network.MutatedItemsModVariables$EventBusVariableHandlers to FORGE
[30Aug2025 17:29:39.600] [modloading-worker-0/DEBUG] [net.minecraftforge.fml.javafmlmod.AutomaticEventSubscriber/LOADING]: Auto-subscribing net.mcreator.mutateditems.init.MutatedItemsModTabs to MOD
[30Aug2025 17:29:39.600] [modloading-worker-0/DEBUG] [net.minecraftforge.fml.javafmlmod.AutomaticEventSubscriber/LOADING]: Auto-subscribing net.mcreator.mutateditems.init.MutatedItemsModRecipeTypes to MOD
[30Aug2025 17:29:39.603] [modloading-worker-0/DEBUG] [net.minecraftforge.fml.javafmlmod.AutomaticEventSubscriber/LOADING]: Auto-subscribing net.mcreator.mutateditems.init.MutatedItemsModLootModifier to MOD
[30Aug2025 17:29:39.608] [modloading-worker-0/DEBUG] [net.minecraftforge.fml.javafmlmod.AutomaticEventSubscriber/LOADING]: Auto-subscribing net.mcreator.mutateditems.init.MutatedItemsModEntities to MOD
[30Aug2025 17:29:39.612] [modloading-worker-0/DEBUG] [net.minecraftforge.fml.javafmlmod.AutomaticEventSubscriber/LOADING]: Auto-subscribing net.mcreator.mutateditems.command.DebugPosCommand to FORGE
[30Aug2025 17:29:39.724] [modloading-worker-0/DEBUG] [net.minecraftforge.fml.javafmlmod.AutomaticEventSubscriber/LOADING]: Attempting to inject @EventBusSubscriber classes into the eventbus for treasure2
[30Aug2025 17:29:39.724] [modloading-worker-0/DEBUG] [net.minecraftforge.fml.javafmlmod.AutomaticEventSubscriber/LOADING]: Auto-subscribing mod.gottsch.forge.treasure2.datagen.DataGenerators to MOD
[30Aug2025 17:29:39.729] [modloading-worker-0/DEBUG] [net.minecraftforge.fml.javafmlmod.AutomaticEventSubscriber/LOADING]: Auto-subscribing mod.gottsch.forge.treasure2.core.tags.TreasureTags to FORGE
[30Aug2025 17:29:39.733] [modloading-worker-0/DEBUG] [net.minecraftforge.fml.javafmlmod.AutomaticEventSubscriber/LOADING]: Auto-subscribing mod.gottsch.forge.treasure2.core.setup.CommonSetup to MOD
[30Aug2025 17:29:39.739] [modloading-worker-0/DEBUG] [net.minecraftforge.fml.javafmlmod.AutomaticEventSubscriber/LOADING]: Auto-subscribing mod.gottsch.forge.treasure2.core.item.TreasureItems to MOD
[30Aug2025 17:29:39.739] [modloading-worker-0/DEBUG] [net.minecraftforge.fml.javafmlmod.AutomaticEventSubscriber/LOADING]: Auto-subscribing mod.gottsch.forge.treasure2.core.item.TreasureCreativeModeTabs to MOD
[30Aug2025 17:29:39.739] [modloading-worker-0/DEBUG] [net.minecraftforge.fml.javafmlmod.AutomaticEventSubscriber/LOADING]: Auto-subscribing mod.gottsch.forge.treasure2.core.event.WorldEventHandler to FORGE
[30Aug2025 17:29:39.744] [modloading-worker-0/DEBUG] [net.minecraftforge.fml.javafmlmod.AutomaticEventSubscriber/LOADING]: Auto-subscribing mod.gottsch.forge.treasure2.core.event.PlayerEventHandler to FORGE
[30Aug2025 17:29:39.748] [modloading-worker-0/DEBUG] [net.minecraftforge.fml.javafmlmod.AutomaticEventSubscriber/LOADING]: Auto-subscribing mod.gottsch.forge.treasure2.core.event.ModEventHandler to MOD
[30Aug2025 17:29:39.749] [modloading-worker-0/DEBUG] [net.minecraftforge.fml.javafmlmod.AutomaticEventSubscriber/LOADING]: Auto-subscribing mod.gottsch.forge.treasure2.core.event.LivingEventHandler to FORGE
[30Aug2025 17:29:39.756] [modloading-worker-0/DEBUG] [net.minecraftforge.fml.javafmlmod.AutomaticEventSubscriber/LOADING]: Auto-subscribing mod.gottsch.forge.treasure2.core.event.ItemEventHandler to FORGE
[30Aug2025 17:29:39.762] [modloading-worker-0/DEBUG] [net.minecraftforge.fml.javafmlmod.AutomaticEventSubscriber/LOADING]: Auto-subscribing mod.gottsch.forge.treasure2.core.event.AnvilEventHandler$RegistrationHandler to FORGE
[30Aug2025 17:29:39.769] [modloading-worker-0/DEBUG] [net.minecraftforge.fml.javafmlmod.AutomaticEventSubscriber/LOADING]: Auto-subscribing mod.gottsch.forge.treasure2.core.config.Config to MOD
[30Aug2025 17:29:39.769] [modloading-worker-0/DEBUG] [net.minecraftforge.fml.javafmlmod.AutomaticEventSubscriber/LOADING]: Auto-subscribing mod.gottsch.forge.treasure2.core.command.TreasureCommands to FORGE
[30Aug2025 17:29:39.770] [modloading-worker-0/DEBUG] [net.minecraftforge.fml.javafmlmod.AutomaticEventSubscriber/LOADING]: Auto-subscribing mod.gottsch.forge.treasure2.core.capability.TreasureCapabilities to MOD
[30Aug2025 17:29:39.807] [modloading-worker-0/DEBUG] [net.minecraftforge.fml.javafmlmod.AutomaticEventSubscriber/LOADING]: Attempting to inject @EventBusSubscriber classes into the eventbus for lionfishapi
[30Aug2025 17:29:39.807] [modloading-worker-0/DEBUG] [net.minecraftforge.fml.javafmlmod.AutomaticEventSubscriber/LOADING]: Auto-subscribing com.github.L_Ender.lionfishapi.LionfishAPI to FORGE
[30Aug2025 17:29:39.807] [modloading-worker-0/DEBUG] [net.minecraftforge.fml.javafmlmod.AutomaticEventSubscriber/LOADING]: Auto-subscribing com.github.L_Ender.lionfishapi.CommonProxy to MOD
[30Aug2025 17:29:39.813] [modloading-worker-0/DEBUG] [net.minecraftforge.fml.config.ConfigTracker/CONFIG]: Config file curious-lanterns-client.toml for curiouslanterns tracking
[30Aug2025 17:29:39.813] [modloading-worker-0/DEBUG] [net.minecraftforge.fml.config.ConfigTracker/CONFIG]: Config file curious-lanterns-common.toml for curiouslanterns tracking
[30Aug2025 17:29:39.814] [modloading-worker-0/DEBUG] [net.minecraftforge.fml.javafmlmod.AutomaticEventSubscriber/LOADING]: Attempting to inject @EventBusSubscriber classes into the eventbus for curiouslanterns
[30Aug2025 17:29:39.814] [modloading-worker-0/DEBUG] [net.minecraftforge.fml.javafmlmod.AutomaticEventSubscriber/LOADING]: Auto-subscribing com.psilocke.curiouslanterns.datagen.DataGenerators to MOD
[30Aug2025 17:29:39.921] [modloading-worker-0/DEBUG] [net.minecraftforge.fml.config.ConfigTracker/CONFIG]: Config file bonfires-client.toml for bonfires tracking
[30Aug2025 17:29:39.922] [modloading-worker-0/DEBUG] [net.minecraftforge.fml.config.ConfigTracker/CONFIG]: Config file bonfires-common.toml for bonfires tracking
[30Aug2025 17:29:39.922] [modloading-worker-0/DEBUG] [net.minecraftforge.fml.config.ConfigTracker/CONFIG]: Config file bonfires-server.toml for bonfires tracking
[30Aug2025 17:29:39.925] [modloading-worker-0/DEBUG] [net.minecraftforge.fml.config.ConfigTracker/CONFIG]: Config file eeeabsmobs-common.toml for eeeabsmobs tracking
[30Aug2025 17:29:39.931] [modloading-worker-0/DEBUG] [net.minecraftforge.fml.javafmlmod.AutomaticEventSubscriber/LOADING]: Attempting to inject @EventBusSubscriber classes into the eventbus for bonfires
[30Aug2025 17:29:39.931] [modloading-worker-0/DEBUG] [net.minecraftforge.fml.javafmlmod.AutomaticEventSubscriber/LOADING]: Auto-subscribing wehavecookies56.bonfires.setup.CommonSetup to MOD
[30Aug2025 17:29:39.932] [modloading-worker-0/DEBUG] [net.minecraftforge.fml.javafmlmod.AutomaticEventSubscriber/LOADING]: Auto-subscribing wehavecookies56.bonfires.datagen.BonfiresDataGen to MOD
[30Aug2025 17:29:39.935] [modloading-worker-0/DEBUG] [net.minecraftforge.fml.javafmlmod.AutomaticEventSubscriber/LOADING]: Auto-subscribing wehavecookies56.bonfires.BonfiresConfig to MOD
[30Aug2025 17:29:39.935] [modloading-worker-0/DEBUG] [net.minecraftforge.fml.javafmlmod.AutomaticEventSubscriber/LOADING]: Attempting to inject @EventBusSubscriber classes into the eventbus for eeeabsmobs
[30Aug2025 17:29:39.936] [modloading-worker-0/DEBUG] [net.minecraftforge.fml.javafmlmod.AutomaticEventSubscriber/LOADING]: Auto-subscribing com.eeeab.eeeabsmobs.sever.world.datagen.DataGenerators to MOD
[30Aug2025 17:29:39.936] [modloading-worker-0/DEBUG] [net.minecraftforge.fml.javafmlmod.AutomaticEventSubscriber/LOADING]: Auto-subscribing com.eeeab.eeeabsmobs.sever.init.EntityInit to MOD
[30Aug2025 17:29:39.937] [modloading-worker-0/DEBUG] [net.minecraftforge.fml.javafmlmod.AutomaticEventSubscriber/LOADING]: Auto-subscribing com.eeeab.eeeabsmobs.sever.config.EMConfigHandler to MOD
[30Aug2025 17:29:39.938] [modloading-worker-0/DEBUG] [net.minecraftforge.fml.javafmlmod.AutomaticEventSubscriber/LOADING]: Auto-subscribing com.eeeab.eeeabsmobs.EEEABMobs to FORGE
[30Aug2025 17:29:39.955] [modloading-worker-0/DEBUG] [net.minecraftforge.fml.config.ConfigTracker/CONFIG]: Config file curios-client.toml for curios tracking
[30Aug2025 17:29:39.963] [modloading-worker-0/DEBUG] [net.minecraftforge.fml.config.ConfigTracker/CONFIG]: Config file curios-common.toml for curios tracking
[30Aug2025 17:29:39.964] [modloading-worker-0/DEBUG] [net.minecraftforge.fml.config.ConfigTracker/CONFIG]: Config file curios-server.toml for curios tracking
[30Aug2025 17:29:39.966] [modloading-worker-0/DEBUG] [net.minecraftforge.fml.javafmlmod.AutomaticEventSubscriber/LOADING]: Attempting to inject @EventBusSubscriber classes into the eventbus for curios
[30Aug2025 17:29:39.966] [modloading-worker-0/DEBUG] [net.minecraftforge.fml.config.ConfigTracker/CONFIG]: Config file cataclysm.toml for cataclysm tracking
[30Aug2025 17:29:39.975] [modloading-worker-0/DEBUG] [net.minecraftforge.fml.config.ConfigTracker/CONFIG]: Config file patchouli-client.toml for patchouli tracking
[30Aug2025 17:29:39.976] [modloading-worker-0/DEBUG] [net.minecraftforge.fml.javafmlmod.AutomaticEventSubscriber/LOADING]: Attempting to inject @EventBusSubscriber classes into the eventbus for patchouli
[30Aug2025 17:29:39.976] [modloading-worker-0/DEBUG] [net.minecraftforge.fml.javafmlmod.AutomaticEventSubscriber/LOADING]: Auto-subscribing vazkii.patchouli.forge.common.ForgeModInitializer to MOD
[30Aug2025 17:29:39.985] [modloading-worker-0/DEBUG] [net.minecraftforge.fml.config.ConfigTracker/CONFIG]: Config file gottschcore-common.toml for gottschcore tracking
[30Aug2025 17:29:39.985] [modloading-worker-0/DEBUG] [net.minecraftforge.fml.javafmlmod.AutomaticEventSubscriber/LOADING]: Attempting to inject @EventBusSubscriber classes into the eventbus for gottschcore
[30Aug2025 17:29:39.989] [modloading-worker-0/DEBUG] [net.minecraftforge.fml.javafmlmod.AutomaticEventSubscriber/LOADING]: Attempting to inject @EventBusSubscriber classes into the eventbus for darkdeath
[30Aug2025 17:29:40.000] [modloading-worker-0/INFO] [Enigmatic Legacy/INFO]: Constructing mod instance...
[30Aug2025 17:29:40.514] [modloading-worker-0/DEBUG] [net.minecraftforge.fml.javafmlmod.AutomaticEventSubscriber/LOADING]: Attempting to inject @EventBusSubscriber classes into the eventbus for cataclysm
[30Aug2025 17:29:40.514] [modloading-worker-0/DEBUG] [net.minecraftforge.fml.javafmlmod.AutomaticEventSubscriber/LOADING]: Auto-subscribing com.github.L_Ender.cataclysm.world.CMWorldRegistry to MOD
[30Aug2025 17:29:40.525] [modloading-worker-0/DEBUG] [net.minecraftforge.fml.javafmlmod.AutomaticEventSubscriber/LOADING]: Auto-subscribing com.github.L_Ender.cataclysm.init.ModEntities to MOD
[30Aug2025 17:29:40.526] [modloading-worker-0/DEBUG] [net.minecraftforge.fml.javafmlmod.AutomaticEventSubscriber/LOADING]: Auto-subscribing com.github.L_Ender.cataclysm.event.ServerEventHandler to FORGE
[30Aug2025 17:29:40.526] [modloading-worker-0/DEBUG] [net.minecraftforge.fml.javafmlmod.AutomaticEventSubscriber/LOADING]: Auto-subscribing com.github.L_Ender.cataclysm.CommonProxy to MOD
[30Aug2025 17:29:40.526] [modloading-worker-0/DEBUG] [net.minecraftforge.fml.javafmlmod.AutomaticEventSubscriber/LOADING]: Auto-subscribing com.github.L_Ender.cataclysm.Cataclysm to FORGE
[30Aug2025 17:29:40.642] [modloading-worker-0/DEBUG] [net.minecraftforge.fml.javafmlmod.AutomaticEventSubscriber/LOADING]: Attempting to inject @EventBusSubscriber classes into the eventbus for architectury
[30Aug2025 17:29:40.645] [modloading-worker-0/DEBUG] [net.minecraftforge.fml.javafmlmod.AutomaticEventSubscriber/LOADING]: Auto-subscribing dev.architectury.registry.level.entity.trade.forge.TradeRegistryImpl to FORGE
[30Aug2025 17:29:40.646] [modloading-worker-0/DEBUG] [net.minecraftforge.fml.javafmlmod.AutomaticEventSubscriber/LOADING]: Auto-subscribing dev.architectury.registry.forge.ReloadListenerRegistryImpl to FORGE
[30Aug2025 17:29:40.649] [modloading-worker-0/DEBUG] [net.minecraftforge.fml.javafmlmod.AutomaticEventSubscriber/LOADING]: Auto-subscribing dev.architectury.networking.forge.NetworkManagerImpl to FORGE
[30Aug2025 17:29:40.660] [modloading-worker-0/INFO] [dev.architectury.networking.forge.NetworkManagerImpl/]: Registering C2S receiver with id architectury:sync_ids
[30Aug2025 17:29:40.674] [modloading-worker-0/DEBUG] [net.minecraftforge.fml.config.ConfigTracker/CONFIG]: Config file aiimprovements-common.toml for aiimprovements tracking
[30Aug2025 17:29:40.676] [modloading-worker-0/DEBUG] [net.minecraftforge.fml.javafmlmod.AutomaticEventSubscriber/LOADING]: Attempting to inject @EventBusSubscriber classes into the eventbus for aiimprovements
[30Aug2025 17:29:40.676] [modloading-worker-0/DEBUG] [net.minecraftforge.fml.javafmlmod.AutomaticEventSubscriber/LOADING]: Auto-subscribing com.builtbroken.ai.improvements.modifier.ModifierSystem to FORGE
[30Aug2025 17:29:40.687] [modloading-worker-0/DEBUG] [net.minecraftforge.fml.javafmlmod.AutomaticEventSubscriber/LOADING]: Auto-subscribing com.builtbroken.ai.improvements.AIImprovements to MOD
[30Aug2025 17:29:40.756] [modloading-worker-0/INFO] [Enigmatic Legacy/INFO]: Mod instance constructed successfully.
[30Aug2025 17:29:40.758] [modloading-worker-0/DEBUG] [net.minecraftforge.fml.javafmlmod.AutomaticEventSubscriber/LOADING]: Attempting to inject @EventBusSubscriber classes into the eventbus for enigmaticlegacy
[30Aug2025 17:29:40.758] [modloading-worker-0/DEBUG] [net.minecraftforge.fml.javafmlmod.AutomaticEventSubscriber/LOADING]: Auto-subscribing com.aizistral.enigmaticlegacy.handlers.EnigmaticEventHandler to FORGE
[30Aug2025 17:29:40.801] [modloading-worker-0/DEBUG] [net.minecraftforge.fml.javafmlmod.AutomaticEventSubscriber/LOADING]: Attempting to inject @EventBusSubscriber classes into the eventbus for nether_armory
[30Aug2025 17:29:40.801] [modloading-worker-0/DEBUG] [net.minecraftforge.fml.javafmlmod.AutomaticEventSubscriber/LOADING]: Auto-subscribing net.fegelein.netherarmory.init.NetherArmoryModTabs to MOD
[30Aug2025 17:29:40.802] [modloading-worker-0/DEBUG] [net.minecraftforge.fml.javafmlmod.AutomaticEventSubscriber/LOADING]: Auto-subscribing net.fegelein.netherarmory.init.NetherArmoryModLootModifier to MOD
[30Aug2025 17:29:40.817] [modloading-worker-0/DEBUG] [net.minecraftforge.fml.javafmlmod.AutomaticEventSubscriber/LOADING]: Attempting to inject @EventBusSubscriber classes into the eventbus for darksmelting
[30Aug2025 17:29:40.818] [modloading-worker-0/DEBUG] [net.minecraftforge.fml.javafmlmod.AutomaticEventSubscriber/LOADING]: Attempting to inject @EventBusSubscriber classes into the eventbus for nemos_inventory_sorting
[30Aug2025 17:29:40.822] [modloading-worker-0/DEBUG] [net.minecraftforge.fml.ModLoadingContext/]: Attempted to register an empty config for type SERVER on mod lategamegolems
[30Aug2025 17:29:40.823] [modloading-worker-0/DEBUG] [net.minecraftforge.fml.config.ConfigTracker/CONFIG]: Config file lategamegolems-common.toml for lategamegolems tracking
[30Aug2025 17:29:40.823] [modloading-worker-0/DEBUG] [net.minecraftforge.fml.config.ConfigTracker/CONFIG]: Config file lategamegolems-client.toml for lategamegolems tracking
[30Aug2025 17:29:40.827] [modloading-worker-0/DEBUG] [net.minecraftforge.fml.javafmlmod.AutomaticEventSubscriber/LOADING]: Attempting to inject @EventBusSubscriber classes into the eventbus for lategamegolems
[30Aug2025 17:29:40.827] [modloading-worker-0/DEBUG] [net.minecraftforge.fml.javafmlmod.AutomaticEventSubscriber/LOADING]: Auto-subscribing marejan.lategamegolems.setup.ModSetup to MOD
[30Aug2025 17:29:40.827] [modloading-worker-0/DEBUG] [net.minecraftforge.fml.javafmlmod.AutomaticEventSubscriber/LOADING]: Auto-subscribing marejan.lategamegolems.events.LGGEvents to FORGE
[30Aug2025 17:29:40.862] [modloading-worker-0/DEBUG] [net.minecraftforge.fml.javafmlmod.AutomaticEventSubscriber/LOADING]: Attempting to inject @EventBusSubscriber classes into the eventbus for monolib
[30Aug2025 17:29:40.873] [modloading-worker-0/DEBUG] [net.minecraftforge.fml.javafmlmod.AutomaticEventSubscriber/LOADING]: Auto-subscribing marejan.lategamegolems.datagen.DataGenerators to MOD
[30Aug2025 17:29:40.877] [modloading-worker-0/DEBUG] [net.minecraftforge.fml.javafmlmod.AutomaticEventSubscriber/LOADING]: Attempting to inject @EventBusSubscriber classes into the eventbus for disenchanting_table
[30Aug2025 17:29:40.883] [modloading-worker-0/DEBUG] [net.minecraftforge.fml.javafmlmod.AutomaticEventSubscriber/LOADING]: Attempting to inject @EventBusSubscriber classes into the eventbus for darkcap
[30Aug2025 17:29:40.893] [modloading-worker-0/DEBUG] [Framework/]: Loaded com.mrcrayfish.framework.platform.ForgePlatformHelper@74c010cd for service interface com.mrcrayfish.framework.platform.services.IPlatformHelper
[30Aug2025 17:29:40.894] [modloading-worker-0/DEBUG] [Framework/]: Loaded com.mrcrayfish.framework.platform.ForgeNetworkHelper@65422faf for service interface com.mrcrayfish.framework.platform.services.INetworkHelper
[30Aug2025 17:29:40.897] [modloading-worker-0/DEBUG] [Framework/]: Loaded com.mrcrayfish.framework.platform.ForgeRegistrationHelper@78709f55 for service interface com.mrcrayfish.framework.platform.services.IRegistrationHelper
[30Aug2025 17:29:40.898] [modloading-worker-0/DEBUG] [Framework/]: Loaded com.mrcrayfish.framework.platform.ForgeEntityHelper@6847ea49 for service interface com.mrcrayfish.framework.platform.services.IEntityHelper
[30Aug2025 17:29:40.899] [modloading-worker-0/DEBUG] [Framework/]: Loaded com.mrcrayfish.framework.platform.ForgeItemHelper@5b40dfd4 for service interface com.mrcrayfish.framework.platform.services.IItemHelper
[30Aug2025 17:29:40.902] [modloading-worker-0/DEBUG] [Framework/]: Loaded com.mrcrayfish.framework.platform.ForgeConfigHelper@22923903 for service interface com.mrcrayfish.framework.platform.services.IConfigHelper
[30Aug2025 17:29:40.975] [modloading-worker-0/DEBUG] [net.minecraftforge.fml.javafmlmod.AutomaticEventSubscriber/LOADING]: Attempting to inject @EventBusSubscriber classes into the eventbus for framework
[30Aug2025 17:29:40.975] [modloading-worker-0/DEBUG] [net.minecraftforge.fml.javafmlmod.AutomaticEventSubscriber/LOADING]: Auto-subscribing com.mrcrayfish.framework.entity.sync.ForgeSyncedEntityDataHandler to FORGE
[30Aug2025 17:29:41.015] [modloading-worker-0/DEBUG] [net.minecraftforge.fml.javafmlmod.AutomaticEventSubscriber/LOADING]: Attempting to inject @EventBusSubscriber classes into the eventbus for fallingtree
[30Aug2025 17:29:41.112] [modloading-worker-0/DEBUG] [com.tterrag.registrate.AbstractRegistrate/REGISTRATE.REGISTER]: Captured registration for entry l2damagetracker:crit_rate of type minecraft:attribute
[30Aug2025 17:29:41.114] [modloading-worker-0/DEBUG] [com.tterrag.registrate.AbstractRegistrate/REGISTRATE.REGISTER]: Captured registration for entry l2damagetracker:crit_damage of type minecraft:attribute
[30Aug2025 17:29:41.116] [modloading-worker-0/DEBUG] [com.tterrag.registrate.AbstractRegistrate/REGISTRATE.REGISTER]: Captured registration for entry l2damagetracker:bow_strength of type minecraft:attribute
[30Aug2025 17:29:41.117] [modloading-worker-0/DEBUG] [com.tterrag.registrate.AbstractRegistrate/REGISTRATE.REGISTER]: Captured registration for entry l2damagetracker:explosion_damage of type minecraft:attribute
[30Aug2025 17:29:41.117] [modloading-worker-0/DEBUG] [com.tterrag.registrate.AbstractRegistrate/REGISTRATE.REGISTER]: Captured registration for entry l2damagetracker:fire_damage of type minecraft:attribute
[30Aug2025 17:29:41.117] [modloading-worker-0/DEBUG] [com.tterrag.registrate.AbstractRegistrate/REGISTRATE.REGISTER]: Captured registration for entry l2damagetracker:magic_damage of type minecraft:attribute
[30Aug2025 17:29:41.117] [modloading-worker-0/DEBUG] [com.tterrag.registrate.AbstractRegistrate/REGISTRATE.REGISTER]: Captured registration for entry l2damagetracker:damage_absorption of type minecraft:attribute
[30Aug2025 17:29:41.117] [modloading-worker-0/DEBUG] [com.tterrag.registrate.AbstractRegistrate/REGISTRATE.REGISTER]: Captured registration for entry l2damagetracker:damage_reduction of type minecraft:attribute
[30Aug2025 17:29:41.122] [modloading-worker-0/DEBUG] [net.minecraftforge.fml.ModLoadingContext/]: Attempted to register an empty config for type CLIENT on mod l2damagetracker using file name l2_configs/l2damagetracker-client.toml
[30Aug2025 17:29:41.124] [modloading-worker-0/DEBUG] [net.minecraftforge.fml.config.ConfigTracker/CONFIG]: Config file l2_configs/l2damagetracker-common.toml for l2damagetracker tracking
[30Aug2025 17:29:41.149] [modloading-worker-0/DEBUG] [net.minecraftforge.fml.config.ConfigTracker/CONFIG]: Config file l2_configs/l2library-client.toml for l2library tracking
[30Aug2025 17:29:41.150] [modloading-worker-0/DEBUG] [net.minecraftforge.fml.config.ConfigTracker/CONFIG]: Config file l2_configs/l2library-common.toml for l2library tracking
[30Aug2025 17:29:41.157] [modloading-worker-0/DEBUG] [net.minecraftforge.fml.javafmlmod.AutomaticEventSubscriber/LOADING]: Attempting to inject @EventBusSubscriber classes into the eventbus for l2damagetracker
[30Aug2025 17:29:41.157] [modloading-worker-0/DEBUG] [net.minecraftforge.fml.javafmlmod.AutomaticEventSubscriber/LOADING]: Auto-subscribing dev.xkmc.l2damagetracker.events.GeneralEventHandler to FORGE
[30Aug2025 17:29:41.161] [modloading-worker-0/DEBUG] [net.minecraftforge.fml.javafmlmod.AutomaticEventSubscriber/LOADING]: Auto-subscribing dev.xkmc.l2damagetracker.contents.attack.AttackEventHandler to FORGE
[30Aug2025 17:29:41.165] [modloading-worker-0/DEBUG] [net.minecraftforge.fml.javafmlmod.AutomaticEventSubscriber/LOADING]: Auto-subscribing dev.xkmc.l2damagetracker.init.L2DamageTracker to MOD
[30Aug2025 17:29:41.173] [modloading-worker-0/DEBUG] [net.minecraftforge.fml.javafmlmod.AutomaticEventSubscriber/LOADING]: Attempting to inject @EventBusSubscriber classes into the eventbus for darkspawn
[30Aug2025 17:29:41.177] [modloading-worker-0/DEBUG] [net.minecraftforge.fml.javafmlmod.AutomaticEventSubscriber/LOADING]: Attempting to inject @EventBusSubscriber classes into the eventbus for l2library
[30Aug2025 17:29:41.177] [modloading-worker-0/DEBUG] [net.minecraftforge.fml.javafmlmod.AutomaticEventSubscriber/LOADING]: Auto-subscribing dev.xkmc.l2library.init.events.GeneralEventHandler to FORGE
[30Aug2025 17:29:41.177] [modloading-worker-0/DEBUG] [net.minecraftforge.fml.javafmlmod.AutomaticEventSubscriber/LOADING]: Auto-subscribing dev.xkmc.l2library.init.events.EffectSyncEvents to FORGE
[30Aug2025 17:29:41.188] [modloading-worker-0/DEBUG] [net.minecraftforge.fml.javafmlmod.AutomaticEventSubscriber/LOADING]: Auto-subscribing dev.xkmc.l2library.init.events.BaseCapabilityEvents to FORGE
[30Aug2025 17:29:41.195] [modloading-worker-0/DEBUG] [net.minecraftforge.fml.javafmlmod.AutomaticEventSubscriber/LOADING]: Auto-subscribing dev.xkmc.l2library.init.L2Library to MOD
[30Aug2025 17:29:41.195] [modloading-worker-0/DEBUG] [net.minecraftforge.fml.javafmlmod.AutomaticEventSubscriber/LOADING]: Attempting to inject @EventBusSubscriber classes into the eventbus for geckolib
[30Aug2025 17:29:41.195] [modloading-worker-0/DEBUG] [net.minecraftforge.fml.javafmlmod.AutomaticEventSubscriber/LOADING]: Auto-subscribing software.bernie.example.GeckoLibMod to FORGE
[30Aug2025 17:29:41.195] [modloading-worker-0/DEBUG] [net.minecraftforge.fml.javafmlmod.AutomaticEventSubscriber/LOADING]: Auto-subscribing software.bernie.example.CommonListener to MOD
[30Aug2025 17:29:41.220] [modloading-worker-0/DEBUG] [net.minecraftforge.fml.javafmlmod.AutomaticEventSubscriber/LOADING]: Attempting to inject @EventBusSubscriber classes into the eventbus for darkbread
[30Aug2025 17:29:41.225] [modloading-worker-0/DEBUG] [net.minecraftforge.fml.config.ConfigTracker/CONFIG]: Config file l2_configs/l2tabs-client.toml for l2tabs tracking
[30Aug2025 17:29:41.227] [modloading-worker-0/DEBUG] [net.minecraftforge.fml.config.ConfigTracker/CONFIG]: Config file l2_configs/l2tabs-common.toml for l2tabs tracking
[30Aug2025 17:29:41.240] [modloading-worker-0/DEBUG] [com.tterrag.registrate.AbstractRegistrate/REGISTRATE.REGISTER]: Captured registration for entry l2tabs:curios of type minecraft:menu
[30Aug2025 17:29:41.245] [modloading-worker-0/DEBUG] [net.minecraftforge.fml.javafmlmod.AutomaticEventSubscriber/LOADING]: Attempting to inject @EventBusSubscriber classes into the eventbus for l2tabs
[30Aug2025 17:29:41.246] [modloading-worker-0/DEBUG] [net.minecraftforge.fml.javafmlmod.AutomaticEventSubscriber/LOADING]: Auto-subscribing dev.xkmc.l2tabs.init.L2Tabs to MOD
[30Aug2025 17:29:41.268] [modloading-worker-0/DEBUG] [net.minecraftforge.fml.javafmlmod.AutomaticEventSubscriber/LOADING]: Attempting to inject @EventBusSubscriber classes into the eventbus for octolib
[30Aug2025 17:29:41.272] [modloading-worker-0/DEBUG] [net.minecraftforge.fml.javafmlmod.AutomaticEventSubscriber/LOADING]: Attempting to inject @EventBusSubscriber classes into the eventbus for ancore
[30Aug2025 17:29:41.277] [modloading-worker-0/DEBUG] [net.minecraftforge.fml.config.ConfigTracker/CONFIG]: Config file jei-server.toml for jei tracking
[30Aug2025 17:29:41.285] [modloading-worker-0/DEBUG] [net.minecraftforge.fml.javafmlmod.AutomaticEventSubscriber/LOADING]: Attempting to inject @EventBusSubscriber classes into the eventbus for jei
[30Aug2025 17:29:41.289] [modloading-worker-0/DEBUG] [net.minecraftforge.fml.javafmlmod.AutomaticEventSubscriber/LOADING]: Attempting to inject @EventBusSubscriber classes into the eventbus for darksleep
[30Aug2025 17:29:41.289] [modloading-worker-0/DEBUG] [net.minecraftforge.fml.javafmlmod.AutomaticEventSubscriber/LOADING]: Attempting to inject @EventBusSubscriber classes into the eventbus for attributefix
[30Aug2025 17:29:41.291] [modloading-worker-0/DEBUG] [net.minecraftforge.fml.javafmlmod.AutomaticEventSubscriber/LOADING]: Auto-subscribing net.darkhax.attributefix.AttributeFixForge to MOD
[30Aug2025 17:29:41.293] [modloading-worker-0/DEBUG] [mixin/]: Mixing MixinCaelusApi from caelus.mixins.json into top.theillusivec4.caelus.api.CaelusApi
[30Aug2025 17:29:41.300] [modloading-worker-0/DEBUG] [net.minecraftforge.fml.javafmlmod.AutomaticEventSubscriber/LOADING]: Attempting to inject @EventBusSubscriber classes into the eventbus for caelus
[30Aug2025 17:29:41.310] [modloading-worker-0/ERROR] [net.minecraftforge.eventbus.EventSubclassTransformer/EVENTBUS]: Could not find parent net/minecraft/client/renderer/entity/layers/RenderLayer for class com/obscuria/obscureapi/client/renderer/PatreonLayer in classloader cpw.mods.modlauncher.TransformingClassLoader@4f081b5d on thread Thread[modloading-worker-0,5,main]
[30Aug2025 17:29:41.313] [modloading-worker-0/ERROR] [net.minecraftforge.eventbus.EventSubclassTransformer/EVENTBUS]: An error occurred building event handler
java.lang.ClassNotFoundException: net.minecraft.client.renderer.entity.layers.RenderLayer
	at cpw.mods.cl.ModuleClassLoader.loadClass(ModuleClassLoader.java:141) ~[securejarhandler-2.1.10.jar:?]
	at java.lang.ClassLoader.loadClass(ClassLoader.java:525) ~[?:?]
	at net.minecraftforge.eventbus.EventSubclassTransformer.buildEvents(EventSubclassTransformer.java:97) ~[eventbus-6.0.5.jar%2352!/:?]
	at net.minecraftforge.eventbus.EventSubclassTransformer.transform(EventSubclassTransformer.java:48) ~[eventbus-6.0.5.jar%2352!/:?]
	at net.minecraftforge.eventbus.EventBusEngine.processClass(EventBusEngine.java:26) ~[eventbus-6.0.5.jar%2352!/:?]
	at net.minecraftforge.eventbus.service.ModLauncherService.processClassWithFlags(ModLauncherService.java:32) ~[eventbus-6.0.5.jar%2352!/:6.0.5+6.0.5+master.eb8e549b]
	at cpw.mods.modlauncher.LaunchPluginHandler.offerClassNodeToPlugins(LaunchPluginHandler.java:88) ~[modlauncher-10.0.9.jar%2355!/:?]
	at cpw.mods.modlauncher.ClassTransformer.transform(ClassTransformer.java:120) ~[modlauncher-10.0.9.jar%2355!/:?]
	at cpw.mods.modlauncher.TransformingClassLoader.maybeTransformClassBytes(TransformingClassLoader.java:50) ~[modlauncher-10.0.9.jar%2355!/:?]
	at cpw.mods.cl.ModuleClassLoader.readerToClass(ModuleClassLoader.java:113) ~[securejarhandler-2.1.10.jar:?]
	at cpw.mods.cl.ModuleClassLoader.lambda$findClass$15(ModuleClassLoader.java:219) ~[securejarhandler-2.1.10.jar:?]
	at cpw.mods.cl.ModuleClassLoader.loadFromModule(ModuleClassLoader.java:229) ~[securejarhandler-2.1.10.jar:?]
	at cpw.mods.cl.ModuleClassLoader.findClass(ModuleClassLoader.java:219) ~[securejarhandler-2.1.10.jar:?]
	at cpw.mods.cl.ModuleClassLoader.loadClass(ModuleClassLoader.java:135) ~[securejarhandler-2.1.10.jar:?]
	at java.lang.ClassLoader.loadClass(ClassLoader.java:525) ~[?:?]
	at java.lang.ClassLoader.defineClass0(Native Method) ~[?:?]
	at java.lang.System$2.defineClass(System.java:2324) ~[?:?]
	at java.lang.invoke.MethodHandles$Lookup$ClassDefiner.defineClass(MethodHandles.java:2439) ~[?:?]
	at java.lang.invoke.MethodHandles$Lookup$ClassDefiner.defineClassAsLookup(MethodHandles.java:2420) ~[?:?]
	at java.lang.invoke.MethodHandles$Lookup.defineHiddenClass(MethodHandles.java:2127) ~[?:?]
	at java.lang.invoke.InnerClassLambdaMetafactory.generateInnerClass(InnerClassLambdaMetafactory.java:407) ~[?:?]
	at java.lang.invoke.InnerClassLambdaMetafactory.spinInnerClass(InnerClassLambdaMetafactory.java:315) ~[?:?]
	at java.lang.invoke.InnerClassLambdaMetafactory.buildCallSite(InnerClassLambdaMetafactory.java:228) ~[?:?]
	at java.lang.invoke.LambdaMetafactory.metafactory(LambdaMetafactory.java:341) ~[?:?]
	at java.lang.invoke.BootstrapMethodInvoker.invoke(BootstrapMethodInvoker.java:134) ~[?:?]
	at java.lang.invoke.CallSite.makeSite(CallSite.java:315) ~[?:?]
	at java.lang.invoke.MethodHandleNatives.linkCallSiteImpl(MethodHandleNatives.java:281) ~[?:?]
	at java.lang.invoke.MethodHandleNatives.linkCallSite(MethodHandleNatives.java:271) ~[?:?]
	at com.obscuria.obscureapi.client.renderer.PatreonLayer$Mode.<clinit>(PatreonLayer.java:55) ~[obscure_api-15.jar%23284!/:com.obscuria]
	at com.obscuria.obscureapi.ObscureAPIConfig$Client.<clinit>(ObscureAPIConfig.java:28) ~[obscure_api-15.jar%23284!/:com.obscuria]
	at com.obscuria.obscureapi.ObscureAPIConfig.register(ObscureAPIConfig.java:46) ~[obscure_api-15.jar%23284!/:com.obscuria]
	at com.obscuria.obscureapi.ObscureAPI.<init>(ObscureAPI.java:69) ~[obscure_api-15.jar%23284!/:com.obscuria]
	at jdk.internal.reflect.NativeConstructorAccessorImpl.newInstance0(Native Method) ~[?:?]
	at jdk.internal.reflect.NativeConstructorAccessorImpl.newInstance(NativeConstructorAccessorImpl.java:77) ~[?:?]
	at jdk.internal.reflect.DelegatingConstructorAccessorImpl.newInstance(DelegatingConstructorAccessorImpl.java:45) ~[?:?]
	at java.lang.reflect.Constructor.newInstanceWithCaller(Constructor.java:500) ~[?:?]
	at java.lang.reflect.Constructor.newInstance(Constructor.java:481) ~[?:?]
	at net.minecraftforge.fml.javafmlmod.FMLModContainer.constructMod(FMLModContainer.java:77) ~[javafmllanguage-1.20.1-47.4.2.jar%23303!/:?]
	at net.minecraftforge.fml.ModContainer.lambda$buildTransitionHandler$5(ModContainer.java:126) ~[fmlcore-1.20.1-47.4.2.jar%23302!/:?]
	at java.util.concurrent.CompletableFuture$AsyncRun.run(CompletableFuture.java:1804) ~[?:?]
	at java.util.concurrent.CompletableFuture$AsyncRun.exec(CompletableFuture.java:1796) ~[?:?]
	at java.util.concurrent.ForkJoinTask.doExec(ForkJoinTask.java:373) ~[?:?]
	at java.util.concurrent.ForkJoinPool$WorkQueue.topLevelExec(ForkJoinPool.java:1182) ~[?:?]
	at java.util.concurrent.ForkJoinPool.scan(ForkJoinPool.java:1655) ~[?:?]
	at java.util.concurrent.ForkJoinPool.runWorker(ForkJoinPool.java:1622) ~[?:?]
	at java.util.concurrent.ForkJoinWorkerThread.run(ForkJoinWorkerThread.java:165) ~[?:?]
[30Aug2025 17:29:41.318] [modloading-worker-0/ERROR] [net.minecraftforge.fml.loading.RuntimeDistCleaner/DISTXFORM]: Attempted to load class com/obscuria/obscureapi/client/renderer/PatreonLayer for invalid dist DEDICATED_SERVER
[30Aug2025 17:29:41.321] [modloading-worker-0/DEBUG] [net.minecraftforge.fml.config.ConfigTracker/CONFIG]: Config file Obscuria/obscure-api-client.toml for obscure_api tracking
[30Aug2025 17:29:41.359] [modloading-worker-0/DEBUG] [net.minecraftforge.fml.javafmlmod.AutomaticEventSubscriber/LOADING]: Attempting to inject @EventBusSubscriber classes into the eventbus for obscure_api
[30Aug2025 17:29:41.360] [modloading-worker-0/DEBUG] [net.minecraftforge.fml.javafmlmod.AutomaticEventSubscriber/LOADING]: Auto-subscribing com.obscuria.obscureapi.registry.ObscureAPICommands to FORGE
[30Aug2025 17:29:41.362] [modloading-worker-0/DEBUG] [net.minecraftforge.fml.javafmlmod.AutomaticEventSubscriber/LOADING]: Auto-subscribing com.obscuria.obscureapi.network.ReloadMessage to MOD
[30Aug2025 17:29:41.362] [modloading-worker-0/DEBUG] [net.minecraftforge.fml.javafmlmod.AutomaticEventSubscriber/LOADING]: Auto-subscribing com.obscuria.obscureapi.network.PlayerDataCapability to MOD
[30Aug2025 17:29:41.365] [modloading-worker-0/DEBUG] [net.minecraftforge.fml.javafmlmod.AutomaticEventSubscriber/LOADING]: Auto-subscribing com.obscuria.obscureapi.network.PlayerDataCapability$PlayerDataProvider to FORGE
[30Aug2025 17:29:41.370] [modloading-worker-0/DEBUG] [net.minecraftforge.fml.javafmlmod.AutomaticEventSubscriber/LOADING]: Auto-subscribing com.obscuria.obscureapi.network.PlayerDataCapability$EventBusHandlers to FORGE
[30Aug2025 17:29:41.373] [modloading-worker-0/DEBUG] [net.minecraftforge.fml.javafmlmod.AutomaticEventSubscriber/LOADING]: Auto-subscribing com.obscuria.obscureapi.network.AnimationStopMessage to MOD
[30Aug2025 17:29:41.374] [modloading-worker-0/DEBUG] [net.minecraftforge.fml.javafmlmod.AutomaticEventSubscriber/LOADING]: Auto-subscribing com.obscuria.obscureapi.network.AnimationPlayMessage to MOD
[30Aug2025 17:29:41.378] [modloading-worker-0/DEBUG] [net.minecraftforge.fml.javafmlmod.AutomaticEventSubscriber/LOADING]: Attempting to inject @EventBusSubscriber classes into the eventbus for geckoanimfix
[30Aug2025 17:29:41.380] [modloading-worker-0/DEBUG] [net.minecraftforge.fml.javafmlmod.AutomaticEventSubscriber/LOADING]: Attempting to inject @EventBusSubscriber classes into the eventbus for clumps
[30Aug2025 17:29:41.383] [modloading-worker-0/DEBUG] [net.minecraftforge.fml.javafmlmod.AutomaticEventSubscriber/LOADING]: Attempting to inject @EventBusSubscriber classes into the eventbus for darkzoom
[30Aug2025 17:29:41.400] [modloading-worker-0/DEBUG] [Comforts/]: Loaded com.illusivesoulworks.comforts.platform.ForgeSleepEvents@3c821de5 for service interface com.illusivesoulworks.comforts.platform.services.ISleepEvents
[30Aug2025 17:29:41.400] [modloading-worker-0/DEBUG] [Comforts/]: Loaded com.illusivesoulworks.comforts.platform.ForgeRegistryUtil@4cf71376 for service interface com.illusivesoulworks.comforts.platform.services.IRegistryUtil
[30Aug2025 17:29:41.401] [modloading-worker-0/DEBUG] [Comforts/]: Loaded com.illusivesoulworks.comforts.platform.ForgeRegistryProvider@5042dcec for service interface com.illusivesoulworks.comforts.platform.services.IRegistryFactory
[30Aug2025 17:29:41.404] [modloading-worker-0/DEBUG] [Comforts/]: Loaded com.illusivesoulworks.comforts.platform.ForgePlatformHelper@5e5f7542 for service interface com.illusivesoulworks.comforts.platform.services.IPlatformHelper
[30Aug2025 17:29:41.437] [modloading-worker-0/DEBUG] [net.minecraftforge.fml.config.ConfigTracker/CONFIG]: Config file mowziesmobs-common.toml for mowziesmobs tracking
[30Aug2025 17:29:41.455] [modloading-worker-0/DEBUG] [SpectreLib/CONFIG]: Config file comforts-server.toml for comforts added to tracking
[30Aug2025 17:29:41.456] [modloading-worker-0/DEBUG] [net.minecraftforge.fml.javafmlmod.AutomaticEventSubscriber/LOADING]: Attempting to inject @EventBusSubscriber classes into the eventbus for comforts
[30Aug2025 17:29:41.516] [modloading-worker-0/DEBUG] [net.minecraftforge.fml.javafmlmod.AutomaticEventSubscriber/LOADING]: Attempting to inject @EventBusSubscriber classes into the eventbus for mowziesmobs
[30Aug2025 17:29:41.517] [modloading-worker-0/DEBUG] [net.minecraftforge.fml.javafmlmod.AutomaticEventSubscriber/LOADING]: Auto-subscribing com.bobmowzie.mowziesmobs.server.sound.MMSounds to FORGE
[30Aug2025 17:29:41.517] [modloading-worker-0/DEBUG] [net.minecraftforge.fml.javafmlmod.AutomaticEventSubscriber/LOADING]: Auto-subscribing com.bobmowzie.mowziesmobs.server.inventory.ContainerHandler to MOD
[30Aug2025 17:29:41.517] [modloading-worker-0/DEBUG] [net.minecraftforge.fml.javafmlmod.AutomaticEventSubscriber/LOADING]: Auto-subscribing com.bobmowzie.mowziesmobs.server.entity.EntityHandler to MOD
[30Aug2025 17:29:41.518] [modloading-worker-0/DEBUG] [net.minecraftforge.fml.javafmlmod.AutomaticEventSubscriber/LOADING]: Auto-subscribing com.bobmowzie.mowziesmobs.server.config.ConfigHandler to MOD
[30Aug2025 17:29:41.518] [modloading-worker-0/DEBUG] [net.minecraftforge.fml.javafmlmod.AutomaticEventSubscriber/LOADING]: Auto-subscribing com.bobmowzie.mowziesmobs.MowziesMobs to FORGE
[30Aug2025 17:29:41.518] [modloading-worker-0/DEBUG] [net.minecraftforge.fml.javafmlmod.AutomaticEventSubscriber/LOADING]: Auto-subscribing com.bobmowzie.mowziesmobs.datagen.DataGenerators to MOD
[30Aug2025 17:29:41.523] [modloading-worker-0/DEBUG] [net.minecraftforge.fml.javafmlmod.AutomaticEventSubscriber/LOADING]: Attempting to inject @EventBusSubscriber classes into the eventbus for configured
[30Aug2025 17:29:41.531] [modloading-worker-0/DEBUG] [net.minecraftforge.fml.config.ConfigTracker/CONFIG]: Config file l2_configs/l2screentracker-client.toml for l2screentracker tracking
[30Aug2025 17:29:41.532] [modloading-worker-0/DEBUG] [net.minecraftforge.fml.config.ConfigTracker/CONFIG]: Config file l2_configs/l2screentracker-common.toml for l2screentracker tracking
[30Aug2025 17:29:41.548] [modloading-worker-0/DEBUG] [com.tterrag.registrate.AbstractRegistrate/REGISTRATE.REGISTER]: Captured registration for entry l2screentracker:inventory of type l2screentracker:item_source
[30Aug2025 17:29:41.549] [modloading-worker-0/DEBUG] [com.tterrag.registrate.AbstractRegistrate/REGISTRATE.REGISTER]: Captured registration for entry l2screentracker:ender of type l2screentracker:item_source
[30Aug2025 17:29:41.554] [modloading-worker-0/DEBUG] [com.tterrag.registrate.AbstractRegistrate/REGISTRATE.REGISTER]: Captured registration for entry l2screentracker:inventory of type l2screentracker:tracked_entry_type
[30Aug2025 17:29:41.554] [modloading-worker-0/DEBUG] [com.tterrag.registrate.AbstractRegistrate/REGISTRATE.REGISTER]: Captured registration for entry l2screentracker:ender of type l2screentracker:tracked_entry_type
[30Aug2025 17:29:41.556] [modloading-worker-0/DEBUG] [com.tterrag.registrate.AbstractRegistrate/REGISTRATE.REGISTER]: Captured registration for entry l2screentracker:quick_access of type l2screentracker:tracked_entry_type
[30Aug2025 17:29:41.558] [modloading-worker-0/DEBUG] [com.tterrag.registrate.AbstractRegistrate/REGISTRATE.REGISTER]: Captured registration for entry l2screentracker:menu_provider of type l2screentracker:tracked_entry_type
[30Aug2025 17:29:41.565] [modloading-worker-0/DEBUG] [mixin/]: Mixing accessor.CriteriaTriggersAccessor from cataclysm.mixins.json into net.minecraft.advancements.CriteriaTriggers
[30Aug2025 17:29:41.567] [modloading-worker-0/DEBUG] [mixin/]: Renaming @Accessor method getValues()Ljava/util/Map; to getValues_$md$915be7$0 in cataclysm.mixins.json:accessor.CriteriaTriggersAccessor
[30Aug2025 17:29:41.575] [modloading-worker-0/INFO] [mixin/]: Mixing MixinEnterBlockTrigger from enigmaticlegacy.mixins.json into net.minecraft.advancements.critereon.EnterBlockTrigger
[30Aug2025 17:29:41.586] [modloading-worker-0/INFO] [mixin/]: Mixing MixinInventoryChangeTrigger from enigmaticlegacy.mixins.json into net.minecraft.advancements.critereon.InventoryChangeTrigger
[30Aug2025 17:29:41.616] [modloading-worker-0/INFO] [dev.architectury.networking.forge.NetworkManagerImpl/]: Registering C2S receiver with id artifacts:networking_channel/42a7ad70b1cc371599a0eff744096b8a
[30Aug2025 17:29:41.620] [modloading-worker-0/INFO] [dev.architectury.networking.forge.NetworkManagerImpl/]: Registering C2S receiver with id artifacts:networking_channel/74a5e841822a3a87854ae896a33430d6
[30Aug2025 17:29:41.623] [modloading-worker-0/INFO] [dev.architectury.networking.forge.NetworkManagerImpl/]: Registering C2S receiver with id artifacts:networking_channel/eb3d1e2748533430848cadf0f37c7e9c
[30Aug2025 17:29:41.624] [modloading-worker-0/INFO] [mixin/]: Mixing MixinSummonedEntityTrigger from enigmaticlegacy.mixins.json into net.minecraft.advancements.critereon.SummonedEntityTrigger
[30Aug2025 17:29:41.634] [modloading-worker-0/INFO] [dev.architectury.networking.forge.NetworkManagerImpl/]: Registering C2S receiver with id artifacts:networking_channel/91c8520f19f93b3e8b6a727568e194ab
[30Aug2025 17:29:41.637] [modloading-worker-0/INFO] [dev.architectury.networking.forge.NetworkManagerImpl/]: Registering C2S receiver with id artifacts:networking_channel/8c2784d778293fd482ed84b8aa5fedb9
[30Aug2025 17:29:41.638] [modloading-worker-0/INFO] [dev.architectury.networking.forge.NetworkManagerImpl/]: Registering C2S receiver with id artifacts:networking_channel/ea038224ea783d40b2863f52239e2604
[30Aug2025 17:29:41.642] [modloading-worker-0/INFO] [dev.architectury.networking.forge.NetworkManagerImpl/]: Registering C2S receiver with id artifacts:networking_channel/97ad64b7ecaf33209991c4f031501a58
[30Aug2025 17:29:41.702] [modloading-worker-0/DEBUG] [mixin/]: Mixing item.wearable.WearableArtifactItemMixin from mixins.artifacts.forge.json into artifacts.item.wearable.WearableArtifactItem
[30Aug2025 17:29:41.728] [modloading-worker-0/DEBUG] [mixin/]: Mixing item.umbrella.UmbrellaItemMixin from mixins.artifacts.forge.json into artifacts.item.UmbrellaItem
[30Aug2025 17:29:41.737] [modloading-worker-0/DEBUG] [mixin/]: Mixing accessors.inventory.AccessorInventoryMenu from bookshelf.common.mixins.json into net.minecraft.world.inventory.InventoryMenu
[30Aug2025 17:29:41.738] [modloading-worker-0/DEBUG] [mixin/]: Mixing AccessorInventoryMenu from polymorph.mixins.json into net.minecraft.world.inventory.InventoryMenu
[30Aug2025 17:29:41.751] [modloading-worker-0/DEBUG] [com.tterrag.registrate.AbstractRegistrate/REGISTRATE.REGISTER]: Captured registration for entry l2screentracker:curios of type l2screentracker:item_source
[30Aug2025 17:29:41.752] [modloading-worker-0/DEBUG] [com.tterrag.registrate.AbstractRegistrate/REGISTRATE.REGISTER]: Captured registration for entry l2screentracker:curios_inv of type l2screentracker:tracked_entry_type
[30Aug2025 17:29:41.753] [modloading-worker-0/DEBUG] [com.tterrag.registrate.AbstractRegistrate/REGISTRATE.REGISTER]: Captured registration for entry l2screentracker:curios_tab of type l2screentracker:tracked_entry_type
[30Aug2025 17:29:41.759] [modloading-worker-0/DEBUG] [net.minecraftforge.fml.javafmlmod.AutomaticEventSubscriber/LOADING]: Attempting to inject @EventBusSubscriber classes into the eventbus for l2screentracker
[30Aug2025 17:29:41.759] [modloading-worker-0/DEBUG] [net.minecraftforge.fml.javafmlmod.AutomaticEventSubscriber/LOADING]: Auto-subscribing dev.xkmc.l2screentracker.init.L2ScreenTracker to MOD
[30Aug2025 17:29:41.762] [modloading-worker-0/DEBUG] [net.minecraftforge.fml.javafmlmod.AutomaticEventSubscriber/LOADING]: Attempting to inject @EventBusSubscriber classes into the eventbus for myserveriscompatible
[30Aug2025 17:29:41.763] [modloading-worker-0/DEBUG] [net.minecraftforge.fml.javafmlmod.AutomaticEventSubscriber/LOADING]: Attempting to inject @EventBusSubscriber classes into the eventbus for badmobs
[30Aug2025 17:29:41.767] [modloading-worker-0/DEBUG] [net.minecraftforge.fml.javafmlmod.AutomaticEventSubscriber/LOADING]: Attempting to inject @EventBusSubscriber classes into the eventbus for starlight
[30Aug2025 17:29:41.907] [modloading-worker-0/DEBUG] [net.minecraftforge.fml.javafmlmod.AutomaticEventSubscriber/LOADING]: Attempting to inject @EventBusSubscriber classes into the eventbus for artifacts
[30Aug2025 17:29:41.941] [modloading-worker-0/DEBUG] [net.minecraftforge.fml.config.ConfigTracker/CONFIG]: Config file iceandfire-client.toml for iceandfire tracking
[30Aug2025 17:29:41.944] [modloading-worker-0/DEBUG] [net.minecraftforge.fml.config.ConfigTracker/CONFIG]: Config file iceandfire-common.toml for iceandfire tracking
[30Aug2025 17:29:43.001] [modloading-worker-0/DEBUG] [net.minecraftforge.fml.config.ConfigTracker/CONFIG]: Config file creature_compendium-common.toml for creature_compendium tracking
[30Aug2025 17:29:43.002] [modloading-worker-0/DEBUG] [net.minecraftforge.fml.javafmlmod.AutomaticEventSubscriber/LOADING]: Attempting to inject @EventBusSubscriber classes into the eventbus for creature_compendium
[30Aug2025 17:29:43.003] [modloading-worker-0/DEBUG] [net.minecraftforge.fml.javafmlmod.AutomaticEventSubscriber/LOADING]: Auto-subscribing com.TBK.creature_compendium.server.InputEvents to FORGE
[30Aug2025 17:29:43.011] [modloading-worker-0/DEBUG] [net.minecraftforge.fml.javafmlmod.AutomaticEventSubscriber/LOADING]: Auto-subscribing com.TBK.creature_compendium.server.Events to FORGE
[30Aug2025 17:29:43.033] [modloading-worker-0/DEBUG] [net.minecraftforge.fml.javafmlmod.AutomaticEventSubscriber/LOADING]: Auto-subscribing com.TBK.creature_compendium.common.ModEvent to MOD
[30Aug2025 17:29:43.036] [modloading-worker-0/DEBUG] [net.minecraftforge.fml.javafmlmod.AutomaticEventSubscriber/LOADING]: Auto-subscribing com.TBK.creature_compendium.common.CreatureCompendium to FORGE
[30Aug2025 17:29:43.037] [modloading-worker-0/DEBUG] [net.minecraftforge.fml.javafmlmod.AutomaticEventSubscriber/LOADING]: Auto-subscribing com.TBK.creature_compendium.common.BKConfig to MOD
[30Aug2025 17:29:43.045] [modloading-worker-0/DEBUG] [net.minecraftforge.fml.config.ConfigTracker/CONFIG]: Config file davespotioneering-client.toml for davespotioneering tracking
[30Aug2025 17:29:43.045] [modloading-worker-0/DEBUG] [net.minecraftforge.fml.config.ConfigTracker/CONFIG]: Config file davespotioneering-server.toml for davespotioneering tracking
[30Aug2025 17:29:43.067] [modloading-worker-0/DEBUG] [Dave's Potioneering/]: Loaded tfar.davespotioneering.platform.ForgePlatformHelper@33f1b9c7 for service interface tfar.davespotioneering.platform.services.IPlatformHelper
[30Aug2025 17:29:43.108] [modloading-worker-0/DEBUG] [net.minecraftforge.fml.javafmlmod.AutomaticEventSubscriber/LOADING]: Attempting to inject @EventBusSubscriber classes into the eventbus for davespotioneering
[30Aug2025 17:29:43.128] [modloading-worker-0/DEBUG] [net.minecraftforge.versions.forge.ForgeVersion/CORE]: Forge Version package package net.minecraftforge.versions.forge, Forge, version 47.4 from cpw.mods.modlauncher.TransformingClassLoader@4f081b5d
[30Aug2025 17:29:43.129] [modloading-worker-0/DEBUG] [net.minecraftforge.versions.forge.ForgeVersion/CORE]: Found Forge version 47.4.2
[30Aug2025 17:29:43.129] [modloading-worker-0/DEBUG] [net.minecraftforge.versions.forge.ForgeVersion/CORE]: Found Forge spec 47.4
[30Aug2025 17:29:43.129] [modloading-worker-0/DEBUG] [net.minecraftforge.versions.forge.ForgeVersion/CORE]: Found Forge group net.minecraftforge
[30Aug2025 17:29:43.133] [modloading-worker-0/DEBUG] [net.minecraftforge.versions.mcp.MCPVersion/CORE]: MCP Version package package net.minecraftforge.versions.mcp, Minecraft, version 1.20.1 from cpw.mods.modlauncher.TransformingClassLoader@4f081b5d
[30Aug2025 17:29:43.133] [modloading-worker-0/DEBUG] [net.minecraftforge.versions.mcp.MCPVersion/CORE]: Found MC version information 1.20.1
[30Aug2025 17:29:43.133] [modloading-worker-0/DEBUG] [net.minecraftforge.versions.mcp.MCPVersion/CORE]: Found MCP version information 20230612.114412
[30Aug2025 17:29:43.133] [modloading-worker-0/INFO] [net.minecraftforge.common.ForgeMod/FORGEMOD]: Forge mod loading, version 47.4.2, for MC 1.20.1 with MCP 20230612.114412
[30Aug2025 17:29:43.133] [modloading-worker-0/INFO] [net.minecraftforge.common.MinecraftForge/FORGE]: MinecraftForge v47.4.2 Initialized
[30Aug2025 17:29:43.144] [modloading-worker-0/DEBUG] [net.minecraftforge.fml.javafmlmod.AutomaticEventSubscriber/LOADING]: Attempting to inject @EventBusSubscriber classes into the eventbus for iceandfire
[30Aug2025 17:29:43.145] [modloading-worker-0/DEBUG] [net.minecraftforge.fml.javafmlmod.AutomaticEventSubscriber/LOADING]: Auto-subscribing com.github.alexthe666.iceandfire.recipe.IafRecipeRegistry to MOD
[30Aug2025 17:29:43.146] [modloading-worker-0/DEBUG] [net.minecraftforge.fml.javafmlmod.AutomaticEventSubscriber/LOADING]: Auto-subscribing com.github.alexthe666.iceandfire.misc.IafSoundRegistry to MOD
[30Aug2025 17:29:43.146] [modloading-worker-0/DEBUG] [net.minecraftforge.fml.javafmlmod.AutomaticEventSubscriber/LOADING]: Auto-subscribing com.github.alexthe666.iceandfire.misc.IafDamageRegistry to MOD
[30Aug2025 17:29:43.151] [modloading-worker-0/DEBUG] [net.minecraftforge.fml.javafmlmod.AutomaticEventSubscriber/LOADING]: Auto-subscribing com.github.alexthe666.iceandfire.item.IafItemRegistry to MOD
[30Aug2025 17:29:43.152] [modloading-worker-0/DEBUG] [net.minecraftforge.fml.javafmlmod.AutomaticEventSubscriber/LOADING]: Auto-subscribing com.github.alexthe666.iceandfire.event.ServerEvents to FORGE
[30Aug2025 17:29:43.165] [modloading-worker-0/DEBUG] [net.minecraftforge.fml.javafmlmod.AutomaticEventSubscriber/LOADING]: Auto-subscribing com.github.alexthe666.iceandfire.entity.props.CapabilityHandler to FORGE
[30Aug2025 17:29:43.172] [modloading-worker-0/DEBUG] [net.minecraftforge.fml.javafmlmod.AutomaticEventSubscriber/LOADING]: Auto-subscribing com.github.alexthe666.iceandfire.entity.IafVillagerRegistry to MOD
[30Aug2025 17:29:43.172] [modloading-worker-0/DEBUG] [net.minecraftforge.fml.javafmlmod.AutomaticEventSubscriber/LOADING]: Auto-subscribing com.github.alexthe666.iceandfire.entity.IafEntityRegistry to MOD
[30Aug2025 17:29:43.174] [modloading-worker-0/DEBUG] [net.minecraftforge.fml.config.ConfigTracker/CONFIG]: Config file forge-client.toml for forge tracking
[30Aug2025 17:29:43.175] [modloading-worker-0/DEBUG] [net.minecraftforge.fml.javafmlmod.AutomaticEventSubscriber/LOADING]: Auto-subscribing com.github.alexthe666.iceandfire.datagen.DataGenerators to MOD
[30Aug2025 17:29:43.176] [modloading-worker-0/DEBUG] [net.minecraftforge.fml.config.ConfigTracker/CONFIG]: Config file forge-server.toml for forge tracking
[30Aug2025 17:29:43.177] [modloading-worker-0/DEBUG] [net.minecraftforge.fml.ModLoadingContext/]: Attempted to register an empty config for type COMMON on mod forge
[30Aug2025 17:29:43.186] [modloading-worker-0/DEBUG] [net.minecraftforge.fml.javafmlmod.AutomaticEventSubscriber/LOADING]: Auto-subscribing com.github.alexthe666.iceandfire.block.IafBlockRegistry to MOD
[30Aug2025 17:29:43.186] [modloading-worker-0/DEBUG] [net.minecraftforge.fml.javafmlmod.AutomaticEventSubscriber/LOADING]: Auto-subscribing com.github.alexthe666.iceandfire.IceAndFire to FORGE
[30Aug2025 17:29:43.187] [modloading-worker-0/DEBUG] [net.minecraftforge.fml.javafmlmod.AutomaticEventSubscriber/LOADING]: Auto-subscribing com.github.alexthe666.iceandfire.CommonProxy to MOD
[30Aug2025 17:29:43.197] [modloading-worker-0/DEBUG] [net.minecraftforge.fml.javafmlmod.AutomaticEventSubscriber/LOADING]: Attempting to inject @EventBusSubscriber classes into the eventbus for forge
[30Aug2025 17:29:43.200] [modloading-worker-0/DEBUG] [net.minecraftforge.fml.javafmlmod.AutomaticEventSubscriber/LOADING]: Auto-subscribing net.minecraftforge.common.ForgeSpawnEggItem$CommonHandler to MOD
[30Aug2025 17:29:43.201] [modloading-worker-0/DEBUG] [net.minecraftforge.fml.config.ConfigTracker/CONFIG]: Config file logbegone.toml for logbegone tracking
[30Aug2025 17:29:43.205] [modloading-worker-0/DEBUG] [net.minecraftforge.fml.javafmlmod.AutomaticEventSubscriber/LOADING]: Attempting to inject @EventBusSubscriber classes into the eventbus for logbegone
[30Aug2025 17:29:43.224] [modloading-worker-0/DEBUG] [net.minecraftforge.fml.javafmlmod.AutomaticEventSubscriber/LOADING]: Attempting to inject @EventBusSubscriber classes into the eventbus for chest_golems
[30Aug2025 17:29:43.224] [modloading-worker-0/DEBUG] [net.minecraftforge.fml.javafmlmod.AutomaticEventSubscriber/LOADING]: Auto-subscribing net.mcreator.chestgolems.procedures.MakechestgolemProcedure to FORGE
[30Aug2025 17:29:43.229] [modloading-worker-0/DEBUG] [net.minecraftforge.fml.javafmlmod.AutomaticEventSubscriber/LOADING]: Auto-subscribing net.mcreator.chestgolems.init.EntityAnimationFactory to FORGE
[30Aug2025 17:29:43.230] [modloading-worker-0/DEBUG] [net.minecraftforge.fml.javafmlmod.AutomaticEventSubscriber/LOADING]: Auto-subscribing net.mcreator.chestgolems.init.ChestGolemsModEntities to MOD
[30Aug2025 17:29:43.236] [modloading-worker-0/DEBUG] [net.minecraftforge.fml.javafmlmod.AutomaticEventSubscriber/LOADING]: Attempting to inject @EventBusSubscriber classes into the eventbus for wolm
[30Aug2025 17:29:43.416] [modloading-worker-0/DEBUG] [net.minecraftforge.fml.javafmlmod.AutomaticEventSubscriber/LOADING]: Attempting to inject @EventBusSubscriber classes into the eventbus for netherite_fusion
[30Aug2025 17:29:43.477] [modloading-worker-0/DEBUG] [net.minecraftforge.fml.javafmlmod.AutomaticEventSubscriber/LOADING]: Attempting to inject @EventBusSubscriber classes into the eventbus for mutant_addition_mod
[30Aug2025 17:29:43.477] [modloading-worker-0/DEBUG] [net.minecraftforge.fml.javafmlmod.AutomaticEventSubscriber/LOADING]: Auto-subscribing kimohpang.mutant_addition_mod.recipes.brewing.MvthicalaaBrewingRecipe to MOD
[30Aug2025 17:29:43.478] [modloading-worker-0/DEBUG] [net.minecraftforge.fml.javafmlmod.AutomaticEventSubscriber/LOADING]: Auto-subscribing kimohpang.mutant_addition_mod.recipes.brewing.Casenightrep3BrewingRecipe to MOD
[30Aug2025 17:29:43.481] [modloading-worker-0/DEBUG] [net.minecraftforge.fml.javafmlmod.AutomaticEventSubscriber/LOADING]: Auto-subscribing kimohpang.mutant_addition_mod.recipes.brewing.Casenightrep2BrewingRecipe to MOD
[30Aug2025 17:29:43.483] [modloading-worker-0/DEBUG] [net.minecraftforge.fml.javafmlmod.AutomaticEventSubscriber/LOADING]: Auto-subscribing kimohpang.mutant_addition_mod.recipes.brewing.Casenight4BrewingRecipe to MOD
[30Aug2025 17:29:43.480] [modloading-worker-0/DEBUG] [cofh_core/]: Channel cofh_core:general, Register packet, ID: 1
[30Aug2025 17:29:43.484] [modloading-worker-0/DEBUG] [cofh_core/]: Channel cofh_core:general, Register packet, ID: 2
[30Aug2025 17:29:43.485] [modloading-worker-0/DEBUG] [cofh_core/]: Channel cofh_core:general, Register packet, ID: 3
[30Aug2025 17:29:43.488] [modloading-worker-0/DEBUG] [cofh_core/]: Channel cofh_core:general, Register packet, ID: 4
[30Aug2025 17:29:43.489] [modloading-worker-0/DEBUG] [cofh_core/]: Channel cofh_core:general, Register packet, ID: 5
[30Aug2025 17:29:43.486] [modloading-worker-0/DEBUG] [net.minecraftforge.fml.javafmlmod.AutomaticEventSubscriber/LOADING]: Auto-subscribing kimohpang.mutant_addition_mod.recipes.brewing.Casemutanta2BrewingRecipe to MOD
[30Aug2025 17:29:43.490] [modloading-worker-0/DEBUG] [net.minecraftforge.fml.javafmlmod.AutomaticEventSubscriber/LOADING]: Auto-subscribing kimohpang.mutant_addition_mod.recipes.brewing.Casemutanta1BrewingRecipe to MOD
[30Aug2025 17:29:43.493] [modloading-worker-0/DEBUG] [net.minecraftforge.fml.javafmlmod.AutomaticEventSubscriber/LOADING]: Auto-subscribing kimohpang.mutant_addition_mod.procedures.SanspppppppppProcedure to FORGE
[30Aug2025 17:29:43.494] [modloading-worker-0/DEBUG] [net.minecraftforge.fml.javafmlmod.AutomaticEventSubscriber/LOADING]: Auto-subscribing kimohpang.mutant_addition_mod.procedures.MutantwolfOnEntityTickUpdateProcedure to FORGE
[30Aug2025 17:29:43.490] [modloading-worker-0/DEBUG] [cofh_core/]: Channel cofh_core:general, Register packet, ID: 8
[30Aug2025 17:29:43.495] [modloading-worker-0/DEBUG] [cofh_core/]: Channel cofh_core:general, Register packet, ID: 16
[30Aug2025 17:29:43.496] [modloading-worker-0/DEBUG] [net.minecraftforge.fml.javafmlmod.AutomaticEventSubscriber/LOADING]: Auto-subscribing kimohpang.mutant_addition_mod.procedures.Mutantirongolemv2attackProcedure to FORGE
[30Aug2025 17:29:43.500] [modloading-worker-0/DEBUG] [net.minecraftforge.fml.javafmlmod.AutomaticEventSubscriber/LOADING]: Auto-subscribing kimohpang.mutant_addition_mod.procedures.MutantirongolemplayerplayerProcedure to FORGE
[30Aug2025 17:29:43.496] [modloading-worker-0/DEBUG] [cofh_core/]: Channel cofh_core:general, Register packet, ID: 17
[30Aug2025 17:29:43.504] [modloading-worker-0/DEBUG] [cofh_core/]: Channel cofh_core:general, Register packet, ID: 20
[30Aug2025 17:29:43.504] [modloading-worker-0/DEBUG] [cofh_core/]: Channel cofh_core:general, Register packet, ID: 21
[30Aug2025 17:29:43.506] [modloading-worker-0/DEBUG] [cofh_core/]: Channel cofh_core:general, Register packet, ID: 24
[30Aug2025 17:29:43.508] [modloading-worker-0/DEBUG] [net.minecraftforge.fml.javafmlmod.AutomaticEventSubscriber/LOADING]: Auto-subscribing kimohpang.mutant_addition_mod.procedures.MutantirongolementitiemauseuukeulrigeulhaesseulddaeProcedure to FORGE
[30Aug2025 17:29:43.511] [modloading-worker-0/DEBUG] [cofh_core/]: Channel cofh_core:general, Register packet, ID: 25
[30Aug2025 17:29:43.511] [modloading-worker-0/DEBUG] [cofh_core/]: Channel cofh_core:general, Register packet, ID: 28
[30Aug2025 17:29:43.512] [modloading-worker-0/DEBUG] [cofh_core/]: Channel cofh_core:general, Register packet, ID: 32
[30Aug2025 17:29:43.516] [modloading-worker-0/DEBUG] [cofh_core/]: Channel cofh_core:general, Register packet, ID: 33
[30Aug2025 17:29:43.517] [modloading-worker-0/DEBUG] [cofh_core/]: Channel cofh_core:general, Register packet, ID: 34
[30Aug2025 17:29:43.513] [modloading-worker-0/DEBUG] [net.minecraftforge.fml.javafmlmod.AutomaticEventSubscriber/LOADING]: Auto-subscribing kimohpang.mutant_addition_mod.procedures.MutantirongolemOnEntityTickUpdateProcedure to FORGE
[30Aug2025 17:29:43.518] [modloading-worker-0/DEBUG] [net.minecraftforge.fml.javafmlmod.AutomaticEventSubscriber/LOADING]: Auto-subscribing kimohpang.mutant_addition_mod.procedures.MutantboggedgaecegapihaebadeulddaeProcedure to FORGE
[30Aug2025 17:29:43.517] [modloading-worker-0/DEBUG] [cofh_core/]: Channel cofh_core:general, Register packet, ID: 35
[30Aug2025 17:29:43.522] [modloading-worker-0/DEBUG] [net.minecraftforge.fml.javafmlmod.AutomaticEventSubscriber/LOADING]: Auto-subscribing kimohpang.mutant_addition_mod.procedures.MutantboggedOnEntityTickUpdateProcedure to FORGE
[30Aug2025 17:29:43.524] [modloading-worker-0/DEBUG] [cofh_core/]: Channel cofh_core:general, Register packet, ID: 36
[30Aug2025 17:29:43.524] [modloading-worker-0/DEBUG] [cofh_core/]: Channel cofh_core:general, Register packet, ID: 37
[30Aug2025 17:29:43.525] [modloading-worker-0/DEBUG] [cofh_core/]: Channel cofh_core:general, Register packet, ID: 38
[30Aug2025 17:29:43.528] [modloading-worker-0/DEBUG] [cofh_core/]: Channel cofh_core:general, Register packet, ID: 64
[30Aug2025 17:29:43.529] [modloading-worker-0/DEBUG] [cofh_core/]: Channel cofh_core:general, Register packet, ID: 65
[30Aug2025 17:29:43.528] [modloading-worker-0/DEBUG] [net.minecraftforge.fml.javafmlmod.AutomaticEventSubscriber/LOADING]: Auto-subscribing kimohpang.mutant_addition_mod.procedures.MutantaxolotlattackProcedure to FORGE
[30Aug2025 17:29:43.530] [modloading-worker-0/DEBUG] [net.minecraftforge.fml.javafmlmod.AutomaticEventSubscriber/LOADING]: Auto-subscribing kimohpang.mutant_addition_mod.procedures.GolemowoProcedure to FORGE
[30Aug2025 17:29:43.531] [modloading-worker-0/DEBUG] [cofh_core/]: Channel cofh_core:general, Register packet, ID: 66
[30Aug2025 17:29:43.534] [modloading-worker-0/DEBUG] [cofh_core/]: Channel cofh_core:general, Register packet, ID: 67
[30Aug2025 17:29:43.535] [modloading-worker-0/DEBUG] [cofh_core/]: Channel cofh_core:general, Register packet, ID: 96
[30Aug2025 17:29:43.531] [modloading-worker-0/DEBUG] [net.minecraftforge.fml.javafmlmod.AutomaticEventSubscriber/LOADING]: Auto-subscribing kimohpang.mutant_addition_mod.procedures.BoggedjuspProcedure to FORGE
[30Aug2025 17:29:43.537] [modloading-worker-0/DEBUG] [cofh_core/]: Channel cofh_core:general, Register packet, ID: 97
[30Aug2025 17:29:43.541] [modloading-worker-0/DEBUG] [net.minecraftforge.fml.javafmlmod.AutomaticEventSubscriber/LOADING]: Auto-subscribing kimohpang.mutant_addition_mod.init.MutantAdditionModModTrades to FORGE
[30Aug2025 17:29:43.542] [modloading-worker-0/DEBUG] [net.minecraftforge.fml.javafmlmod.AutomaticEventSubscriber/LOADING]: Auto-subscribing kimohpang.mutant_addition_mod.init.MutantAdditionModModTabs to MOD
[30Aug2025 17:29:43.545] [modloading-worker-0/DEBUG] [net.minecraftforge.fml.javafmlmod.AutomaticEventSubscriber/LOADING]: Auto-subscribing kimohpang.mutant_addition_mod.init.MutantAdditionModModEntities to MOD
[30Aug2025 17:29:43.545] [modloading-worker-0/DEBUG] [net.minecraftforge.fml.javafmlmod.AutomaticEventSubscriber/LOADING]: Auto-subscribing kimohpang.mutant_addition_mod.init.EntityAnimationFactory to FORGE
[30Aug2025 17:29:43.574] [modloading-worker-0/DEBUG] [net.minecraftforge.fml.config.ConfigTracker/CONFIG]: Config file ensorcellation-server.toml for ensorcellation tracking
[30Aug2025 17:29:43.581] [modloading-worker-0/DEBUG] [net.minecraftforge.fml.config.ConfigTracker/CONFIG]: Config file cofh_core-server.toml for cofh_core tracking
[30Aug2025 17:29:43.622] [modloading-worker-0/DEBUG] [net.minecraftforge.fml.javafmlmod.AutomaticEventSubscriber/LOADING]: Attempting to inject @EventBusSubscriber classes into the eventbus for ensorcellation
[30Aug2025 17:29:43.624] [modloading-worker-0/DEBUG] [net.minecraftforge.fml.javafmlmod.AutomaticEventSubscriber/LOADING]: Auto-subscribing cofh.ensorcellation.common.event.SoulboundEvents to FORGE
[30Aug2025 17:29:43.628] [modloading-worker-0/DEBUG] [net.minecraftforge.fml.javafmlmod.AutomaticEventSubscriber/LOADING]: Auto-subscribing cofh.ensorcellation.common.event.ShieldEnchEvents to FORGE
[30Aug2025 17:29:43.634] [modloading-worker-0/DEBUG] [net.minecraftforge.fml.javafmlmod.AutomaticEventSubscriber/LOADING]: Auto-subscribing cofh.ensorcellation.common.event.HorseEnchEvents to FORGE
[30Aug2025 17:29:43.635] [modloading-worker-0/DEBUG] [net.minecraftforge.fml.javafmlmod.AutomaticEventSubscriber/LOADING]: Auto-subscribing cofh.ensorcellation.common.event.CommonEvents to FORGE
[30Aug2025 17:29:43.666] [modloading-worker-0/DEBUG] [net.minecraftforge.fml.javafmlmod.AutomaticEventSubscriber/LOADING]: Attempting to inject @EventBusSubscriber classes into the eventbus for curioscompat
[30Aug2025 17:29:43.667] [modloading-worker-0/DEBUG] [net.minecraftforge.fml.javafmlmod.AutomaticEventSubscriber/LOADING]: Auto-subscribing net.mcreator.curioscompat.init.CurioscompatModCuriosSlots to MOD
[30Aug2025 17:29:43.670] [modloading-worker-0/DEBUG] [net.minecraftforge.fml.javafmlmod.AutomaticEventSubscriber/LOADING]: Auto-subscribing net.mcreator.curioscompat.init.CurioscompatModCuriosRenderers to MOD
[30Aug2025 17:29:43.674] [modloading-worker-0/DEBUG] [net.minecraftforge.fml.javafmlmod.AutomaticEventSubscriber/LOADING]: Attempting to inject @EventBusSubscriber classes into the eventbus for cofh_core
[30Aug2025 17:29:43.676] [modloading-worker-0/DEBUG] [net.minecraftforge.fml.javafmlmod.AutomaticEventSubscriber/LOADING]: Auto-subscribing cofh.core.init.data.CoreDataGen to MOD
[30Aug2025 17:29:43.679] [modloading-worker-0/DEBUG] [net.minecraftforge.fml.javafmlmod.AutomaticEventSubscriber/LOADING]: Auto-subscribing cofh.core.common.item.ItemTracker to FORGE
[30Aug2025 17:29:43.676] [modloading-worker-0/DEBUG] [net.minecraftforge.fml.javafmlmod.AutomaticEventSubscriber/LOADING]: Attempting to inject @EventBusSubscriber classes into the eventbus for radiantgear
[30Aug2025 17:29:43.685] [modloading-worker-0/DEBUG] [net.minecraftforge.fml.javafmlmod.AutomaticEventSubscriber/LOADING]: Auto-subscribing cofh.core.common.event.ShieldEvents to FORGE
[30Aug2025 17:29:43.687] [modloading-worker-0/DEBUG] [net.minecraftforge.fml.javafmlmod.AutomaticEventSubscriber/LOADING]: Auto-subscribing cofh.core.common.event.EffectEvents to FORGE
[30Aug2025 17:29:43.703] [modloading-worker-0/DEBUG] [net.minecraftforge.fml.javafmlmod.AutomaticEventSubscriber/LOADING]: Auto-subscribing cofh.core.common.event.CoreCommonEvents to FORGE
[30Aug2025 17:29:43.713] [modloading-worker-0/DEBUG] [net.minecraftforge.fml.javafmlmod.AutomaticEventSubscriber/LOADING]: Auto-subscribing cofh.core.common.event.ArmorEvents to FORGE
[30Aug2025 17:29:43.717] [modloading-worker-0/DEBUG] [net.minecraftforge.fml.javafmlmod.AutomaticEventSubscriber/LOADING]: Auto-subscribing cofh.core.common.event.AreaEffectEvents to FORGE
[30Aug2025 17:29:43.728] [modloading-worker-0/DEBUG] [net.minecraftforge.fml.javafmlmod.AutomaticEventSubscriber/LOADING]: Auto-subscribing cofh.core.common.event.ArcheryEvents to FORGE
[30Aug2025 17:29:43.735] [modloading-worker-0/DEBUG] [net.minecraftforge.fml.javafmlmod.AutomaticEventSubscriber/LOADING]: Auto-subscribing cofh.core.common.TransientLightManager to FORGE
[30Aug2025 17:29:43.771] [modloading-worker-0/DEBUG] [net.minecraftforge.fml.config.ConfigTracker/CONFIG]: Config file toolbelt-server.toml for toolbelt tracking
[30Aug2025 17:29:43.772] [modloading-worker-0/DEBUG] [net.minecraftforge.fml.config.ConfigTracker/CONFIG]: Config file toolbelt-client.toml for toolbelt tracking
[30Aug2025 17:29:43.772] [modloading-worker-0/DEBUG] [net.minecraftforge.fml.config.ConfigTracker/CONFIG]: Config file toolbelt-common.toml for toolbelt tracking
[30Aug2025 17:29:43.772] [modloading-worker-0/DEBUG] [net.minecraftforge.fml.javafmlmod.AutomaticEventSubscriber/LOADING]: Attempting to inject @EventBusSubscriber classes into the eventbus for toolbelt
[30Aug2025 17:29:43.772] [modloading-worker-0/DEBUG] [net.minecraftforge.fml.javafmlmod.AutomaticEventSubscriber/LOADING]: Auto-subscribing dev.gigaherz.toolbelt.common.BeltEvents to FORGE
[30Aug2025 17:29:43.775] [modloading-worker-0/DEBUG] [net.minecraftforge.fml.javafmlmod.AutomaticEventSubscriber/LOADING]: Auto-subscribing dev.gigaherz.toolbelt.BeltFinderDebug to MOD
[30Aug2025 17:29:43.784] [modloading-worker-0/DEBUG] [net.minecraftforge.fml.javafmlmod.AutomaticEventSubscriber/LOADING]: Attempting to inject @EventBusSubscriber classes into the eventbus for justenoughbreeding
[30Aug2025 17:29:43.790] [modloading-worker-0/DEBUG] [net.minecraftforge.fml.javafmlmod.AutomaticEventSubscriber/LOADING]: Attempting to inject @EventBusSubscriber classes into the eventbus for darkheads
[30Aug2025 17:29:43.793] [modloading-worker-0/DEBUG] [net.minecraftforge.fml.javafmlmod.AutomaticEventSubscriber/LOADING]: Attempting to inject @EventBusSubscriber classes into the eventbus for spectrelib
[30Aug2025 17:29:43.813] [modloading-worker-0/DEBUG] [com.tterrag.registrate.AbstractRegistrate/REGISTRATE.REGISTER]: Captured registration for entry l2library:golem_items of type minecraft:creative_mode_tab
[30Aug2025 17:29:43.824] [modloading-worker-0/DEBUG] [com.tterrag.registrate.AbstractRegistrate/REGISTRATE.REGISTER]: Captured registration for entry modulargolems:metal_golem_template of type minecraft:item
[30Aug2025 17:29:43.832] [modloading-worker-0/DEBUG] [com.tterrag.registrate.AbstractRegistrate/REGISTRATE.REGISTER]: Captured registration for entry modulargolems:retrieval_wand of type minecraft:item
[30Aug2025 17:29:43.834] [modloading-worker-0/DEBUG] [io.netty.buffer.AbstractByteBuf/]: -Dio.netty.buffer.checkAccessible: true
[30Aug2025 17:29:43.834] [modloading-worker-0/DEBUG] [io.netty.buffer.AbstractByteBuf/]: -Dio.netty.buffer.checkBounds: true
[30Aug2025 17:29:43.835] [modloading-worker-0/DEBUG] [com.tterrag.registrate.AbstractRegistrate/REGISTRATE.REGISTER]: Captured registration for entry modulargolems:command_wand of type minecraft:item
[30Aug2025 17:29:43.835] [modloading-worker-0/DEBUG] [io.netty.util.ResourceLeakDetectorFactory/]: Loaded default ResourceLeakDetector: io.netty.util.ResourceLeakDetector@120a2440
[30Aug2025 17:29:43.837] [modloading-worker-0/DEBUG] [com.tterrag.registrate.AbstractRegistrate/REGISTRATE.REGISTER]: Captured registration for entry modulargolems:summon_wand of type minecraft:item
[30Aug2025 17:29:43.840] [modloading-worker-0/DEBUG] [com.tterrag.registrate.AbstractRegistrate/REGISTRATE.REGISTER]: Captured registration for entry modulargolems:rider_wand of type minecraft:item
[30Aug2025 17:29:43.841] [modloading-worker-0/DEBUG] [com.tterrag.registrate.AbstractRegistrate/REGISTRATE.REGISTER]: Captured registration for entry modulargolems:squad_wand of type minecraft:item
[30Aug2025 17:29:43.844] [modloading-worker-0/DEBUG] [com.tterrag.registrate.AbstractRegistrate/REGISTRATE.REGISTER]: Captured registration for entry modulargolems:omnipotent_wand_command of type minecraft:item
[30Aug2025 17:29:43.845] [modloading-worker-0/DEBUG] [com.tterrag.registrate.AbstractRegistrate/REGISTRATE.REGISTER]: Captured registration for entry modulargolems:omnipotent_wand_retrieval of type minecraft:item
[30Aug2025 17:29:43.845] [modloading-worker-0/DEBUG] [com.tterrag.registrate.AbstractRegistrate/REGISTRATE.REGISTER]: Captured registration for entry modulargolems:omnipotent_wand_summon of type minecraft:item
[30Aug2025 17:29:43.848] [modloading-worker-0/DEBUG] [com.tterrag.registrate.AbstractRegistrate/REGISTRATE.REGISTER]: Captured registration for entry modulargolems:omnipotent_wand_rider of type minecraft:item
[30Aug2025 17:29:43.848] [modloading-worker-0/DEBUG] [com.tterrag.registrate.AbstractRegistrate/REGISTRATE.REGISTER]: Captured registration for entry modulargolems:omnipotent_wand_squad of type minecraft:item
[30Aug2025 17:29:43.850] [modloading-worker-0/DEBUG] [com.tterrag.registrate.AbstractRegistrate/REGISTRATE.REGISTER]: Captured registration for entry modulargolems:roman_guard_helmet of type minecraft:item
[30Aug2025 17:29:43.853] [modloading-worker-0/DEBUG] [com.tterrag.registrate.AbstractRegistrate/REGISTRATE.REGISTER]: Captured registration for entry modulargolems:roman_guard_chestplate of type minecraft:item
[30Aug2025 17:29:43.853] [modloading-worker-0/DEBUG] [com.tterrag.registrate.AbstractRegistrate/REGISTRATE.REGISTER]: Captured registration for entry modulargolems:roman_guard_shinguard of type minecraft:item
[30Aug2025 17:29:43.856] [modloading-worker-0/DEBUG] [com.tterrag.registrate.AbstractRegistrate/REGISTRATE.REGISTER]: Captured registration for entry modulargolems:wind_spirit_helmet of type minecraft:item
[30Aug2025 17:29:43.856] [modloading-worker-0/DEBUG] [com.tterrag.registrate.AbstractRegistrate/REGISTRATE.REGISTER]: Captured registration for entry modulargolems:wind_spirit_chestplate of type minecraft:item
[30Aug2025 17:29:43.857] [modloading-worker-0/DEBUG] [com.tterrag.registrate.AbstractRegistrate/REGISTRATE.REGISTER]: Captured registration for entry modulargolems:wind_spirit_shinguard of type minecraft:item
[30Aug2025 17:29:43.857] [modloading-worker-0/DEBUG] [com.tterrag.registrate.AbstractRegistrate/REGISTRATE.REGISTER]: Captured registration for entry modulargolems:barbaric_vanguard_helmet of type minecraft:item
[30Aug2025 17:29:43.858] [modloading-worker-0/DEBUG] [com.tterrag.registrate.AbstractRegistrate/REGISTRATE.REGISTER]: Captured registration for entry modulargolems:barbaric_vanguard_chestplate of type minecraft:item
[30Aug2025 17:29:43.860] [modloading-worker-0/DEBUG] [com.tterrag.registrate.AbstractRegistrate/REGISTRATE.REGISTER]: Captured registration for entry modulargolems:barbaric_vanguard_shinguard of type minecraft:item
[30Aug2025 17:29:43.865] [modloading-worker-0/DEBUG] [com.tterrag.registrate.AbstractRegistrate/REGISTRATE.REGISTER]: Captured registration for entry modulargolems:iron_golem_spear of type minecraft:item
[30Aug2025 17:29:43.867] [modloading-worker-0/DEBUG] [com.tterrag.registrate.AbstractRegistrate/REGISTRATE.REGISTER]: Captured registration for entry modulargolems:diamond_golem_spear of type minecraft:item
[30Aug2025 17:29:43.868] [modloading-worker-0/DEBUG] [com.tterrag.registrate.AbstractRegistrate/REGISTRATE.REGISTER]: Captured registration for entry modulargolems:netherite_golem_spear of type minecraft:item
[30Aug2025 17:29:43.868] [modloading-worker-0/DEBUG] [com.tterrag.registrate.AbstractRegistrate/REGISTRATE.REGISTER]: Captured registration for entry modulargolems:iron_golem_axe of type minecraft:item
[30Aug2025 17:29:43.868] [modloading-worker-0/DEBUG] [com.tterrag.registrate.AbstractRegistrate/REGISTRATE.REGISTER]: Captured registration for entry modulargolems:diamond_golem_axe of type minecraft:item
[30Aug2025 17:29:43.868] [modloading-worker-0/DEBUG] [com.tterrag.registrate.AbstractRegistrate/REGISTRATE.REGISTER]: Captured registration for entry modulargolems:netherite_golem_axe of type minecraft:item
[30Aug2025 17:29:43.868] [modloading-worker-0/DEBUG] [com.tterrag.registrate.AbstractRegistrate/REGISTRATE.REGISTER]: Captured registration for entry modulargolems:iron_golem_sword of type minecraft:item
[30Aug2025 17:29:43.868] [modloading-worker-0/DEBUG] [com.tterrag.registrate.AbstractRegistrate/REGISTRATE.REGISTER]: Captured registration for entry modulargolems:diamond_golem_sword of type minecraft:item
[30Aug2025 17:29:43.869] [modloading-worker-0/DEBUG] [com.tterrag.registrate.AbstractRegistrate/REGISTRATE.REGISTER]: Captured registration for entry modulargolems:netherite_golem_sword of type minecraft:item
[30Aug2025 17:29:43.870] [modloading-worker-0/DEBUG] [com.tterrag.registrate.AbstractRegistrate/REGISTRATE.REGISTER]: Captured registration for entry modulargolems:golem_beacon_level_1 of type minecraft:item
[30Aug2025 17:29:43.872] [modloading-worker-0/DEBUG] [net.minecraftforge.fml.javafmlmod.AutomaticEventSubscriber/LOADING]: Attempting to inject @EventBusSubscriber classes into the eventbus for bettercombat
[30Aug2025 17:29:43.872] [modloading-worker-0/DEBUG] [com.tterrag.registrate.AbstractRegistrate/REGISTRATE.REGISTER]: Captured registration for entry modulargolems:golem_beacon_level_2 of type minecraft:item
[30Aug2025 17:29:43.873] [modloading-worker-0/DEBUG] [com.tterrag.registrate.AbstractRegistrate/REGISTRATE.REGISTER]: Captured registration for entry modulargolems:golem_beacon_level_3 of type minecraft:item
[30Aug2025 17:29:43.873] [modloading-worker-0/DEBUG] [com.tterrag.registrate.AbstractRegistrate/REGISTRATE.REGISTER]: Captured registration for entry modulargolems:golem_beacon_level_4 of type minecraft:item
[30Aug2025 17:29:43.873] [modloading-worker-0/DEBUG] [com.tterrag.registrate.AbstractRegistrate/REGISTRATE.REGISTER]: Captured registration for entry modulargolems:golem_beacon_level_5 of type minecraft:item
[30Aug2025 17:29:43.873] [modloading-worker-0/DEBUG] [net.minecraftforge.fml.javafmlmod.AutomaticEventSubscriber/LOADING]: Auto-subscribing net.bettercombat.forge.events.ForgeModEvents to MOD
[30Aug2025 17:29:43.874] [modloading-worker-0/DEBUG] [net.minecraftforge.fml.javafmlmod.AutomaticEventSubscriber/LOADING]: Auto-subscribing net.bettercombat.forge.events.ForgeEvents to FORGE
[30Aug2025 17:29:43.876] [modloading-worker-0/DEBUG] [com.tterrag.registrate.AbstractRegistrate/REGISTRATE.REGISTER]: Captured registration for entry modulargolems:white_config_card of type minecraft:item
[30Aug2025 17:29:43.877] [modloading-worker-0/DEBUG] [com.tterrag.registrate.AbstractRegistrate/REGISTRATE.REGISTER]: Captured registration for entry modulargolems:orange_config_card of type minecraft:item
[30Aug2025 17:29:43.877] [modloading-worker-0/DEBUG] [com.tterrag.registrate.AbstractRegistrate/REGISTRATE.REGISTER]: Captured registration for entry modulargolems:magenta_config_card of type minecraft:item
[30Aug2025 17:29:43.877] [modloading-worker-0/DEBUG] [com.tterrag.registrate.AbstractRegistrate/REGISTRATE.REGISTER]: Captured registration for entry modulargolems:light_blue_config_card of type minecraft:item
[30Aug2025 17:29:43.877] [modloading-worker-0/DEBUG] [com.tterrag.registrate.AbstractRegistrate/REGISTRATE.REGISTER]: Captured registration for entry modulargolems:yellow_config_card of type minecraft:item
[30Aug2025 17:29:43.877] [modloading-worker-0/DEBUG] [com.tterrag.registrate.AbstractRegistrate/REGISTRATE.REGISTER]: Captured registration for entry modulargolems:lime_config_card of type minecraft:item
[30Aug2025 17:29:43.877] [modloading-worker-0/DEBUG] [com.tterrag.registrate.AbstractRegistrate/REGISTRATE.REGISTER]: Captured registration for entry modulargolems:pink_config_card of type minecraft:item
[30Aug2025 17:29:43.878] [modloading-worker-0/DEBUG] [com.tterrag.registrate.AbstractRegistrate/REGISTRATE.REGISTER]: Captured registration for entry modulargolems:gray_config_card of type minecraft:item
[30Aug2025 17:29:43.878] [modloading-worker-0/DEBUG] [com.tterrag.registrate.AbstractRegistrate/REGISTRATE.REGISTER]: Captured registration for entry modulargolems:light_gray_config_card of type minecraft:item
[30Aug2025 17:29:43.878] [modloading-worker-0/DEBUG] [com.tterrag.registrate.AbstractRegistrate/REGISTRATE.REGISTER]: Captured registration for entry modulargolems:cyan_config_card of type minecraft:item
[30Aug2025 17:29:43.878] [modloading-worker-0/DEBUG] [com.tterrag.registrate.AbstractRegistrate/REGISTRATE.REGISTER]: Captured registration for entry modulargolems:purple_config_card of type minecraft:item
[30Aug2025 17:29:43.880] [modloading-worker-0/DEBUG] [com.tterrag.registrate.AbstractRegistrate/REGISTRATE.REGISTER]: Captured registration for entry modulargolems:blue_config_card of type minecraft:item
[30Aug2025 17:29:43.880] [modloading-worker-0/DEBUG] [com.tterrag.registrate.AbstractRegistrate/REGISTRATE.REGISTER]: Captured registration for entry modulargolems:brown_config_card of type minecraft:item
[30Aug2025 17:29:43.880] [modloading-worker-0/DEBUG] [com.tterrag.registrate.AbstractRegistrate/REGISTRATE.REGISTER]: Captured registration for entry modulargolems:green_config_card of type minecraft:item
[30Aug2025 17:29:43.880] [modloading-worker-0/DEBUG] [com.tterrag.registrate.AbstractRegistrate/REGISTRATE.REGISTER]: Captured registration for entry modulargolems:red_config_card of type minecraft:item
[30Aug2025 17:29:43.880] [modloading-worker-0/DEBUG] [com.tterrag.registrate.AbstractRegistrate/REGISTRATE.REGISTER]: Captured registration for entry modulargolems:black_config_card of type minecraft:item
[30Aug2025 17:29:43.882] [modloading-worker-0/DEBUG] [com.tterrag.registrate.AbstractRegistrate/REGISTRATE.REGISTER]: Captured registration for entry modulargolems:target_filter_name of type minecraft:item
[30Aug2025 17:29:43.887] [modloading-worker-0/DEBUG] [net.minecraftforge.fml.javafmlmod.AutomaticEventSubscriber/LOADING]: Attempting to inject @EventBusSubscriber classes into the eventbus for darkrtp
[30Aug2025 17:29:43.888] [modloading-worker-0/DEBUG] [com.tterrag.registrate.AbstractRegistrate/REGISTRATE.REGISTER]: Captured registration for entry modulargolems:target_filter_type of type minecraft:item
[30Aug2025 17:29:43.889] [modloading-worker-0/DEBUG] [com.tterrag.registrate.AbstractRegistrate/REGISTRATE.REGISTER]: Captured registration for entry modulargolems:target_filter_uuid of type minecraft:item
[30Aug2025 17:29:43.891] [modloading-worker-0/DEBUG] [com.tterrag.registrate.AbstractRegistrate/REGISTRATE.REGISTER]: Captured registration for entry modulargolems:target_filter_default of type minecraft:item
[30Aug2025 17:29:43.892] [modloading-worker-0/DEBUG] [com.tterrag.registrate.AbstractRegistrate/REGISTRATE.REGISTER]: Captured registration for entry modulargolems:patrol_path_recorder of type minecraft:item
[30Aug2025 17:29:43.895] [modloading-worker-0/DEBUG] [com.tterrag.registrate.AbstractRegistrate/REGISTRATE.REGISTER]: Captured registration for entry modulargolems:empty_upgrade of type minecraft:item
[30Aug2025 17:29:43.899] [modloading-worker-0/DEBUG] [com.tterrag.registrate.AbstractRegistrate/REGISTRATE.REGISTER]: Captured registration for entry modulargolems:fire_immune of type minecraft:item
[30Aug2025 17:29:43.899] [modloading-worker-0/DEBUG] [com.tterrag.registrate.AbstractRegistrate/REGISTRATE.REGISTER]: Captured registration for entry modulargolems:thunder_immune of type minecraft:item
[30Aug2025 17:29:43.900] [modloading-worker-0/DEBUG] [com.tterrag.registrate.AbstractRegistrate/REGISTRATE.REGISTER]: Captured registration for entry modulargolems:recycle of type minecraft:item
[30Aug2025 17:29:43.901] [modloading-worker-0/DEBUG] [com.tterrag.registrate.AbstractRegistrate/REGISTRATE.REGISTER]: Captured registration for entry modulargolems:diamond of type minecraft:item
[30Aug2025 17:29:43.902] [modloading-worker-0/DEBUG] [com.tterrag.registrate.AbstractRegistrate/REGISTRATE.REGISTER]: Captured registration for entry modulargolems:netherite of type minecraft:item
[30Aug2025 17:29:43.903] [modloading-worker-0/DEBUG] [com.tterrag.registrate.AbstractRegistrate/REGISTRATE.REGISTER]: Captured registration for entry modulargolems:quartz of type minecraft:item
[30Aug2025 17:29:43.904] [modloading-worker-0/DEBUG] [com.tterrag.registrate.AbstractRegistrate/REGISTRATE.REGISTER]: Captured registration for entry modulargolems:gold of type minecraft:item
[30Aug2025 17:29:43.904] [modloading-worker-0/DEBUG] [com.tterrag.registrate.AbstractRegistrate/REGISTRATE.REGISTER]: Captured registration for entry modulargolems:enchanted_gold of type minecraft:item
[30Aug2025 17:29:43.905] [modloading-worker-0/DEBUG] [com.tterrag.registrate.AbstractRegistrate/REGISTRATE.REGISTER]: Captured registration for entry modulargolems:float of type minecraft:item
[30Aug2025 17:29:43.906] [modloading-worker-0/DEBUG] [com.tterrag.registrate.AbstractRegistrate/REGISTRATE.REGISTER]: Captured registration for entry modulargolems:sponge of type minecraft:item
[30Aug2025 17:29:43.907] [modloading-worker-0/DEBUG] [com.tterrag.registrate.AbstractRegistrate/REGISTRATE.REGISTER]: Captured registration for entry modulargolems:swim of type minecraft:item
[30Aug2025 17:29:43.909] [modloading-worker-0/DEBUG] [com.tterrag.registrate.AbstractRegistrate/REGISTRATE.REGISTER]: Captured registration for entry modulargolems:player of type minecraft:item
[30Aug2025 17:29:43.909] [modloading-worker-0/DEBUG] [com.tterrag.registrate.AbstractRegistrate/REGISTRATE.REGISTER]: Captured registration for entry modulargolems:ender_sight of type minecraft:item
[30Aug2025 17:29:43.909] [modloading-worker-0/DEBUG] [com.tterrag.registrate.AbstractRegistrate/REGISTRATE.REGISTER]: Captured registration for entry modulargolems:bell of type minecraft:item
[30Aug2025 17:29:43.910] [modloading-worker-0/DEBUG] [com.tterrag.registrate.AbstractRegistrate/REGISTRATE.REGISTER]: Captured registration for entry modulargolems:speed of type minecraft:item
[30Aug2025 17:29:43.911] [modloading-worker-0/DEBUG] [com.tterrag.registrate.AbstractRegistrate/REGISTRATE.REGISTER]: Captured registration for entry modulargolems:slow of type minecraft:item
[30Aug2025 17:29:43.912] [modloading-worker-0/DEBUG] [com.tterrag.registrate.AbstractRegistrate/REGISTRATE.REGISTER]: Captured registration for entry modulargolems:weak of type minecraft:item
[30Aug2025 17:29:43.913] [modloading-worker-0/DEBUG] [com.tterrag.registrate.AbstractRegistrate/REGISTRATE.REGISTER]: Captured registration for entry modulargolems:wither of type minecraft:item
[30Aug2025 17:29:43.914] [modloading-worker-0/DEBUG] [com.tterrag.registrate.AbstractRegistrate/REGISTRATE.REGISTER]: Captured registration for entry modulargolems:emerald of type minecraft:item
[30Aug2025 17:29:43.914] [modloading-worker-0/DEBUG] [com.tterrag.registrate.AbstractRegistrate/REGISTRATE.REGISTER]: Captured registration for entry modulargolems:pickup of type minecraft:item
[30Aug2025 17:29:43.917] [modloading-worker-0/DEBUG] [com.tterrag.registrate.AbstractRegistrate/REGISTRATE.REGISTER]: Captured registration for entry modulargolems:pickup_mending of type minecraft:item
[30Aug2025 17:29:43.917] [modloading-worker-0/DEBUG] [com.tterrag.registrate.AbstractRegistrate/REGISTRATE.REGISTER]: Captured registration for entry modulargolems:pickup_no_destroy of type minecraft:item
[30Aug2025 17:29:43.917] [modloading-worker-0/DEBUG] [com.tterrag.registrate.AbstractRegistrate/REGISTRATE.REGISTER]: Captured registration for entry modulargolems:talented of type minecraft:item
[30Aug2025 17:29:43.918] [modloading-worker-0/DEBUG] [com.tterrag.registrate.AbstractRegistrate/REGISTRATE.REGISTER]: Captured registration for entry modulargolems:cauldron of type minecraft:item
[30Aug2025 17:29:43.918] [modloading-worker-0/DEBUG] [com.tterrag.registrate.AbstractRegistrate/REGISTRATE.REGISTER]: Captured registration for entry modulargolems:mount_upgrade of type minecraft:item
[30Aug2025 17:29:43.919] [modloading-worker-0/DEBUG] [com.tterrag.registrate.AbstractRegistrate/REGISTRATE.REGISTER]: Captured registration for entry modulargolems:size_upgrade of type minecraft:item
[30Aug2025 17:29:43.953] [modloading-worker-0/DEBUG] [com.tterrag.registrate.AbstractRegistrate/REGISTRATE.REGISTER]: Captured registration for entry modulargolems:golem_regen of type minecraft:attribute
[30Aug2025 17:29:43.954] [modloading-worker-0/DEBUG] [com.tterrag.registrate.AbstractRegistrate/REGISTRATE.REGISTER]: Captured registration for entry modulargolems:golem_sweep of type minecraft:attribute
[30Aug2025 17:29:43.955] [modloading-worker-0/DEBUG] [com.tterrag.registrate.AbstractRegistrate/REGISTRATE.REGISTER]: Captured registration for entry modulargolems:golem_size of type minecraft:attribute
[30Aug2025 17:29:43.956] [modloading-worker-0/DEBUG] [com.tterrag.registrate.AbstractRegistrate/REGISTRATE.REGISTER]: Captured registration for entry modulargolems:golem_jump of type minecraft:attribute
[30Aug2025 17:29:43.959] [modloading-worker-0/DEBUG] [com.tterrag.registrate.AbstractRegistrate/REGISTRATE.REGISTER]: Captured registration for entry modulargolems:max_health of type modulargolems:stat_type
[30Aug2025 17:29:43.961] [modloading-worker-0/DEBUG] [com.tterrag.registrate.AbstractRegistrate/REGISTRATE.REGISTER]: Captured registration for entry modulargolems:attack of type modulargolems:stat_type
[30Aug2025 17:29:43.961] [modloading-worker-0/DEBUG] [com.tterrag.registrate.AbstractRegistrate/REGISTRATE.REGISTER]: Captured registration for entry modulargolems:regen of type modulargolems:stat_type
[30Aug2025 17:29:43.962] [modloading-worker-0/DEBUG] [com.tterrag.registrate.AbstractRegistrate/REGISTRATE.REGISTER]: Captured registration for entry modulargolems:sweep of type modulargolems:stat_type
[30Aug2025 17:29:43.962] [modloading-worker-0/DEBUG] [com.tterrag.registrate.AbstractRegistrate/REGISTRATE.REGISTER]: Captured registration for entry modulargolems:armor of type modulargolems:stat_type
[30Aug2025 17:29:43.963] [modloading-worker-0/DEBUG] [com.tterrag.registrate.AbstractRegistrate/REGISTRATE.REGISTER]: Captured registration for entry modulargolems:tough of type modulargolems:stat_type
[30Aug2025 17:29:43.964] [modloading-worker-0/DEBUG] [com.tterrag.registrate.AbstractRegistrate/REGISTRATE.REGISTER]: Captured registration for entry modulargolems:knockback_resistance of type modulargolems:stat_type
[30Aug2025 17:29:43.965] [modloading-worker-0/DEBUG] [com.tterrag.registrate.AbstractRegistrate/REGISTRATE.REGISTER]: Captured registration for entry modulargolems:attack_knockback of type modulargolems:stat_type
[30Aug2025 17:29:43.966] [modloading-worker-0/DEBUG] [com.tterrag.registrate.AbstractRegistrate/REGISTRATE.REGISTER]: Captured registration for entry modulargolems:weight of type modulargolems:stat_type
[30Aug2025 17:29:43.966] [modloading-worker-0/DEBUG] [com.tterrag.registrate.AbstractRegistrate/REGISTRATE.REGISTER]: Captured registration for entry modulargolems:speed of type modulargolems:stat_type
[30Aug2025 17:29:43.967] [modloading-worker-0/DEBUG] [com.tterrag.registrate.AbstractRegistrate/REGISTRATE.REGISTER]: Captured registration for entry modulargolems:jump_strength of type modulargolems:stat_type
[30Aug2025 17:29:43.968] [modloading-worker-0/DEBUG] [com.tterrag.registrate.AbstractRegistrate/REGISTRATE.REGISTER]: Captured registration for entry modulargolems:max_health_percent of type modulargolems:stat_type
[30Aug2025 17:29:43.968] [modloading-worker-0/DEBUG] [com.tterrag.registrate.AbstractRegistrate/REGISTRATE.REGISTER]: Captured registration for entry modulargolems:max_size of type modulargolems:stat_type
[30Aug2025 17:29:43.968] [modloading-worker-0/DEBUG] [com.tterrag.registrate.AbstractRegistrate/REGISTRATE.REGISTER]: Captured registration for entry modulargolems:range of type modulargolems:stat_type
[30Aug2025 17:29:44.001] [modloading-worker-0/DEBUG] [com.tterrag.registrate.AbstractRegistrate/REGISTRATE.REGISTER]: Captured registration for entry modulargolems:metal_golem of type minecraft:entity_type
[30Aug2025 17:29:44.017] [modloading-worker-0/DEBUG] [com.tterrag.registrate.AbstractRegistrate/REGISTRATE.REGISTER]: Captured registration for entry modulargolems:humanoid_golem of type minecraft:entity_type
[30Aug2025 17:29:44.026] [modloading-worker-0/DEBUG] [com.tterrag.registrate.AbstractRegistrate/REGISTRATE.REGISTER]: Captured registration for entry modulargolems:dog_golem of type minecraft:entity_type
[30Aug2025 17:29:44.029] [modloading-worker-0/DEBUG] [com.tterrag.registrate.AbstractRegistrate/REGISTRATE.REGISTER]: Captured registration for entry modulargolems:metal_golem of type modulargolems:golem_type
[30Aug2025 17:29:44.030] [modloading-worker-0/DEBUG] [com.tterrag.registrate.AbstractRegistrate/REGISTRATE.REGISTER]: Captured registration for entry modulargolems:humanoid_golem of type modulargolems:golem_type
[30Aug2025 17:29:44.031] [modloading-worker-0/DEBUG] [com.tterrag.registrate.AbstractRegistrate/REGISTRATE.REGISTER]: Captured registration for entry modulargolems:dog_golem of type modulargolems:golem_type
[30Aug2025 17:29:44.032] [modloading-worker-0/DEBUG] [com.tterrag.registrate.AbstractRegistrate/REGISTRATE.REGISTER]: Captured registration for entry modulargolems:fire_immune of type modulargolems:modifier
[30Aug2025 17:29:44.035] [modloading-worker-0/DEBUG] [com.tterrag.registrate.AbstractRegistrate/REGISTRATE.REGISTER]: Captured registration for entry modulargolems:thunder_immune of type modulargolems:modifier
[30Aug2025 17:29:44.038] [modloading-worker-0/DEBUG] [com.tterrag.registrate.AbstractRegistrate/REGISTRATE.REGISTER]: Captured registration for entry modulargolems:magic_immune of type modulargolems:modifier
[30Aug2025 17:29:44.038] [modloading-worker-0/DEBUG] [com.tterrag.registrate.AbstractRegistrate/REGISTRATE.REGISTER]: Captured registration for entry modulargolems:magic_resistant of type modulargolems:modifier
[30Aug2025 17:29:44.039] [modloading-worker-0/DEBUG] [com.tterrag.registrate.AbstractRegistrate/REGISTRATE.REGISTER]: Captured registration for entry modulargolems:recycle of type modulargolems:modifier
[30Aug2025 17:29:44.042] [modloading-worker-0/DEBUG] [com.tterrag.registrate.AbstractRegistrate/REGISTRATE.REGISTER]: Captured registration for entry modulargolems:armor_up of type modulargolems:modifier
[30Aug2025 17:29:44.042] [modloading-worker-0/DEBUG] [com.tterrag.registrate.AbstractRegistrate/REGISTRATE.REGISTER]: Captured registration for entry modulargolems:toughness_up of type modulargolems:modifier
[30Aug2025 17:29:44.043] [modloading-worker-0/DEBUG] [com.tterrag.registrate.AbstractRegistrate/REGISTRATE.REGISTER]: Captured registration for entry modulargolems:damage_up of type modulargolems:modifier
[30Aug2025 17:29:44.044] [modloading-worker-0/DEBUG] [com.tterrag.registrate.AbstractRegistrate/REGISTRATE.REGISTER]: Captured registration for entry modulargolems:speed_up of type modulargolems:modifier
[30Aug2025 17:29:44.046] [modloading-worker-0/DEBUG] [com.tterrag.registrate.AbstractRegistrate/REGISTRATE.REGISTER]: Captured registration for entry modulargolems:regeneration_up of type modulargolems:modifier
[30Aug2025 17:29:44.047] [modloading-worker-0/DEBUG] [com.tterrag.registrate.AbstractRegistrate/REGISTRATE.REGISTER]: Captured registration for entry modulargolems:thorn of type modulargolems:modifier
[30Aug2025 17:29:44.048] [modloading-worker-0/DEBUG] [com.tterrag.registrate.AbstractRegistrate/REGISTRATE.REGISTER]: Captured registration for entry modulargolems:float of type modulargolems:modifier
[30Aug2025 17:29:44.050] [modloading-worker-0/DEBUG] [com.tterrag.registrate.AbstractRegistrate/REGISTRATE.REGISTER]: Captured registration for entry modulargolems:explosion_resistant of type modulargolems:modifier
[30Aug2025 17:29:44.052] [modloading-worker-0/DEBUG] [com.tterrag.registrate.AbstractRegistrate/REGISTRATE.REGISTER]: Captured registration for entry modulargolems:damage_cap of type modulargolems:modifier
[30Aug2025 17:29:44.053] [modloading-worker-0/DEBUG] [com.tterrag.registrate.AbstractRegistrate/REGISTRATE.REGISTER]: Captured registration for entry modulargolems:projectile_reject of type modulargolems:modifier
[30Aug2025 17:29:44.056] [modloading-worker-0/DEBUG] [com.tterrag.registrate.AbstractRegistrate/REGISTRATE.REGISTER]: Captured registration for entry modulargolems:immunity of type modulargolems:modifier
[30Aug2025 17:29:44.057] [modloading-worker-0/DEBUG] [com.tterrag.registrate.AbstractRegistrate/REGISTRATE.REGISTER]: Captured registration for entry modulargolems:swim of type modulargolems:modifier
[30Aug2025 17:29:44.059] [modloading-worker-0/DEBUG] [com.tterrag.registrate.AbstractRegistrate/REGISTRATE.REGISTER]: Captured registration for entry modulargolems:player_immune of type modulargolems:modifier
[30Aug2025 17:29:44.062] [modloading-worker-0/DEBUG] [com.tterrag.registrate.AbstractRegistrate/REGISTRATE.REGISTER]: Captured registration for entry modulargolems:sonic_boom of type modulargolems:modifier
[30Aug2025 17:29:44.062] [modloading-worker-0/DEBUG] [com.tterrag.registrate.AbstractRegistrate/REGISTRATE.REGISTER]: Captured registration for entry modulargolems:ender_sight of type modulargolems:modifier
[30Aug2025 17:29:44.063] [modloading-worker-0/DEBUG] [com.tterrag.registrate.AbstractRegistrate/REGISTRATE.REGISTER]: Captured registration for entry modulargolems:bell of type modulargolems:modifier
[30Aug2025 17:29:44.065] [modloading-worker-0/DEBUG] [com.tterrag.registrate.AbstractRegistrate/REGISTRATE.REGISTER]: Captured registration for entry modulargolems:slow of type modulargolems:modifier
[30Aug2025 17:29:44.066] [modloading-worker-0/DEBUG] [com.tterrag.registrate.AbstractRegistrate/REGISTRATE.REGISTER]: Captured registration for entry modulargolems:weak of type modulargolems:modifier
[30Aug2025 17:29:44.067] [modloading-worker-0/DEBUG] [com.tterrag.registrate.AbstractRegistrate/REGISTRATE.REGISTER]: Captured registration for entry modulargolems:wither of type modulargolems:modifier
[30Aug2025 17:29:44.069] [modloading-worker-0/DEBUG] [com.tterrag.registrate.AbstractRegistrate/REGISTRATE.REGISTER]: Captured registration for entry modulargolems:emerald of type modulargolems:modifier
[30Aug2025 17:29:44.071] [modloading-worker-0/DEBUG] [com.tterrag.registrate.AbstractRegistrate/REGISTRATE.REGISTER]: Captured registration for entry modulargolems:pickup of type modulargolems:modifier
[30Aug2025 17:29:44.074] [modloading-worker-0/DEBUG] [com.tterrag.registrate.AbstractRegistrate/REGISTRATE.REGISTER]: Captured registration for entry modulargolems:pickup_no_destroy of type modulargolems:modifier
[30Aug2025 17:29:44.074] [modloading-worker-0/DEBUG] [com.tterrag.registrate.AbstractRegistrate/REGISTRATE.REGISTER]: Captured registration for entry modulargolems:pickup_mending of type modulargolems:modifier
[30Aug2025 17:29:44.075] [modloading-worker-0/DEBUG] [com.tterrag.registrate.AbstractRegistrate/REGISTRATE.REGISTER]: Captured registration for entry modulargolems:talented of type modulargolems:modifier
[30Aug2025 17:29:44.076] [modloading-worker-0/DEBUG] [com.tterrag.registrate.AbstractRegistrate/REGISTRATE.REGISTER]: Captured registration for entry modulargolems:cauldron of type modulargolems:modifier
[30Aug2025 17:29:44.078] [modloading-worker-0/DEBUG] [com.tterrag.registrate.AbstractRegistrate/REGISTRATE.REGISTER]: Captured registration for entry modulargolems:ridding_speed_up of type modulargolems:modifier
[30Aug2025 17:29:44.078] [modloading-worker-0/DEBUG] [com.tterrag.registrate.AbstractRegistrate/REGISTRATE.REGISTER]: Captured registration for entry modulargolems:size_up of type modulargolems:modifier
[30Aug2025 17:29:44.080] [modloading-worker-0/DEBUG] [com.tterrag.registrate.AbstractRegistrate/REGISTRATE.REGISTER]: Captured registration for entry modulargolems:add_slot of type modulargolems:modifier
[30Aug2025 17:29:44.083] [modloading-worker-0/DEBUG] [com.tterrag.registrate.AbstractRegistrate/REGISTRATE.REGISTER]: Captured registration for entry modulargolems:armor_penetration of type modulargolems:modifier
[30Aug2025 17:29:44.084] [modloading-worker-0/DEBUG] [com.tterrag.registrate.AbstractRegistrate/REGISTRATE.REGISTER]: Captured registration for entry modulargolems:ignis_fireball of type modulargolems:modifier
[30Aug2025 17:29:44.084] [modloading-worker-0/DEBUG] [com.tterrag.registrate.AbstractRegistrate/REGISTRATE.REGISTER]: Captured registration for entry modulargolems:ignis_attack of type modulargolems:modifier
[30Aug2025 17:29:44.086] [modloading-worker-0/DEBUG] [com.tterrag.registrate.AbstractRegistrate/REGISTRATE.REGISTER]: Captured registration for entry modulargolems:harbinger_death_beam of type modulargolems:modifier
[30Aug2025 17:29:44.088] [modloading-worker-0/DEBUG] [com.tterrag.registrate.AbstractRegistrate/REGISTRATE.REGISTER]: Captured registration for entry modulargolems:harbinger_missile of type modulargolems:modifier
[30Aug2025 17:29:44.091] [modloading-worker-0/DEBUG] [com.tterrag.registrate.AbstractRegistrate/REGISTRATE.REGISTER]: Captured registration for entry modulargolems:leviathan_blast_portal of type modulargolems:modifier
[30Aug2025 17:29:44.093] [modloading-worker-0/DEBUG] [com.tterrag.registrate.AbstractRegistrate/REGISTRATE.REGISTER]: Captured registration for entry modulargolems:ender_guardian_void_rune of type modulargolems:modifier
[30Aug2025 17:29:44.096] [modloading-worker-0/DEBUG] [com.tterrag.registrate.AbstractRegistrate/REGISTRATE.REGISTER]: Captured registration for entry modulargolems:netherite_monstrosity_earthquake of type modulargolems:modifier
[30Aug2025 17:29:44.098] [modloading-worker-0/DEBUG] [com.tterrag.registrate.AbstractRegistrate/REGISTRATE.REGISTER]: Captured registration for entry modulargolems:ancient_remnant_sandstorm of type modulargolems:modifier
[30Aug2025 17:29:44.100] [modloading-worker-0/DEBUG] [com.tterrag.registrate.AbstractRegistrate/REGISTRATE.REGISTER]: Captured registration for entry modulargolems:maledictus_earthquake of type modulargolems:modifier
[30Aug2025 17:29:44.102] [modloading-worker-0/DEBUG] [com.tterrag.registrate.AbstractRegistrate/REGISTRATE.REGISTER]: Captured registration for entry modulargolems:maledictus_attack of type modulargolems:modifier
[30Aug2025 17:29:44.107] [modloading-worker-0/DEBUG] [com.tterrag.registrate.AbstractRegistrate/REGISTRATE.REGISTER]: Captured registration for entry modulargolems:maledictus_rage of type minecraft:mob_effect
[30Aug2025 17:29:44.110] [modloading-worker-0/DEBUG] [com.tterrag.registrate.AbstractRegistrate/REGISTRATE.REGISTER]: Captured registration for entry modulargolems:leviathan_blast_portal of type minecraft:item
[30Aug2025 17:29:44.110] [modloading-worker-0/DEBUG] [com.tterrag.registrate.AbstractRegistrate/REGISTRATE.REGISTER]: Captured registration for entry modulargolems:ender_guardian_void_rune of type minecraft:item
[30Aug2025 17:29:44.111] [modloading-worker-0/DEBUG] [com.tterrag.registrate.AbstractRegistrate/REGISTRATE.REGISTER]: Captured registration for entry modulargolems:netherite_monstrosity_earthquake of type minecraft:item
[30Aug2025 17:29:44.112] [modloading-worker-0/DEBUG] [com.tterrag.registrate.AbstractRegistrate/REGISTRATE.REGISTER]: Captured registration for entry modulargolems:ancient_remnant_sandstorm of type minecraft:item
[30Aug2025 17:29:44.117] [modloading-worker-0/DEBUG] [com.tterrag.registrate.AbstractRegistrate/REGISTRATE.REGISTER]: Captured registration for entry modulargolems:fire_dragonsteel_attack of type modulargolems:modifier
[30Aug2025 17:29:44.119] [modloading-worker-0/DEBUG] [com.tterrag.registrate.AbstractRegistrate/REGISTRATE.REGISTER]: Captured registration for entry modulargolems:ice_dragonsteel_attack of type modulargolems:modifier
[30Aug2025 17:29:44.121] [modloading-worker-0/DEBUG] [com.tterrag.registrate.AbstractRegistrate/REGISTRATE.REGISTER]: Captured registration for entry modulargolems:lightning_dragonsteel_attack of type modulargolems:modifier
[30Aug2025 17:29:44.123] [modloading-worker-0/DEBUG] [com.tterrag.registrate.AbstractRegistrate/REGISTRATE.REGISTER]: Captured registration for entry modulargolems:ice_dragonsteel_armor of type modulargolems:modifier
[30Aug2025 17:29:44.130] [modloading-worker-0/DEBUG] [com.tterrag.registrate.AbstractRegistrate/REGISTRATE.REGISTER]: Captured registration for entry modulargolems:wroughtnaut_ingot of type minecraft:item
[30Aug2025 17:29:44.132] [modloading-worker-0/DEBUG] [com.tterrag.registrate.AbstractRegistrate/REGISTRATE.REGISTER]: Captured registration for entry modulargolems:wroughtnaut of type modulargolems:modifier
[30Aug2025 17:29:44.132] [modloading-worker-0/DEBUG] [com.tterrag.registrate.AbstractRegistrate/REGISTRATE.REGISTER]: Captured registration for entry modulargolems:wroughtnaut of type minecraft:item
[30Aug2025 17:29:44.137] [modloading-worker-0/DEBUG] [com.tterrag.registrate.AbstractRegistrate/REGISTRATE.REGISTER]: Captured registration for entry modulargolems:ancient_anchor of type modulargolems:modifier
[30Aug2025 17:29:44.138] [modloading-worker-0/DEBUG] [com.tterrag.registrate.AbstractRegistrate/REGISTRATE.REGISTER]: Captured registration for entry l2library:golems of type minecraft:creative_mode_tab
[30Aug2025 17:29:44.142] [modloading-worker-0/DEBUG] [com.tterrag.registrate.AbstractRegistrate/REGISTRATE.REGISTER]: Captured registration for entry modulargolems:metal_golem_holder of type minecraft:item
[30Aug2025 17:29:44.147] [modloading-worker-0/DEBUG] [com.tterrag.registrate.AbstractRegistrate/REGISTRATE.REGISTER]: Captured registration for entry modulargolems:humanoid_golem_holder of type minecraft:item
[30Aug2025 17:29:44.148] [modloading-worker-0/DEBUG] [com.tterrag.registrate.AbstractRegistrate/REGISTRATE.REGISTER]: Captured registration for entry modulargolems:dog_golem_holder of type minecraft:item
[30Aug2025 17:29:44.151] [modloading-worker-0/DEBUG] [com.tterrag.registrate.AbstractRegistrate/REGISTRATE.REGISTER]: Captured registration for entry modulargolems:metal_golem_body of type minecraft:item
[30Aug2025 17:29:44.153] [modloading-worker-0/DEBUG] [com.tterrag.registrate.AbstractRegistrate/REGISTRATE.REGISTER]: Captured registration for entry modulargolems:metal_golem_arm of type minecraft:item
[30Aug2025 17:29:44.156] [modloading-worker-0/DEBUG] [com.tterrag.registrate.AbstractRegistrate/REGISTRATE.REGISTER]: Captured registration for entry modulargolems:metal_golem_legs of type minecraft:item
[30Aug2025 17:29:44.157] [modloading-worker-0/DEBUG] [com.tterrag.registrate.AbstractRegistrate/REGISTRATE.REGISTER]: Captured registration for entry modulargolems:humanoid_golem_body of type minecraft:item
[30Aug2025 17:29:44.158] [modloading-worker-0/DEBUG] [com.tterrag.registrate.AbstractRegistrate/REGISTRATE.REGISTER]: Captured registration for entry modulargolems:humanoid_golem_arms of type minecraft:item
[30Aug2025 17:29:44.161] [modloading-worker-0/DEBUG] [com.tterrag.registrate.AbstractRegistrate/REGISTRATE.REGISTER]: Captured registration for entry modulargolems:humanoid_golem_legs of type minecraft:item
[30Aug2025 17:29:44.162] [modloading-worker-0/DEBUG] [com.tterrag.registrate.AbstractRegistrate/REGISTRATE.REGISTER]: Captured registration for entry modulargolems:dog_golem_body of type minecraft:item
[30Aug2025 17:29:44.163] [modloading-worker-0/DEBUG] [com.tterrag.registrate.AbstractRegistrate/REGISTRATE.REGISTER]: Captured registration for entry modulargolems:dog_golem_legs of type minecraft:item
[30Aug2025 17:29:44.167] [modloading-worker-0/DEBUG] [com.tterrag.registrate.AbstractRegistrate/REGISTRATE.REGISTER]: Captured registration for entry modulargolems:golem_facade of type minecraft:item
[30Aug2025 17:29:44.170] [modloading-worker-0/DEBUG] [com.tterrag.registrate.AbstractRegistrate/REGISTRATE.REGISTER]: Captured registration for entry modulargolems:golem_assemble of type minecraft:recipe_serializer
[30Aug2025 17:29:44.171] [modloading-worker-0/DEBUG] [com.tterrag.registrate.AbstractRegistrate/REGISTRATE.REGISTER]: Captured registration for entry modulargolems:golem_replace_part of type minecraft:recipe_serializer
[30Aug2025 17:29:44.172] [modloading-worker-0/DEBUG] [com.tterrag.registrate.AbstractRegistrate/REGISTRATE.REGISTER]: Captured registration for entry modulargolems:equipments of type minecraft:menu
[30Aug2025 17:29:44.175] [modloading-worker-0/DEBUG] [com.tterrag.registrate.AbstractRegistrate/REGISTRATE.REGISTER]: Captured registration for entry modulargolems:config_toggle of type minecraft:menu
[30Aug2025 17:29:44.180] [modloading-worker-0/DEBUG] [com.tterrag.registrate.AbstractRegistrate/REGISTRATE.REGISTER]: Captured registration for entry modulargolems:config_pickup of type minecraft:menu
[30Aug2025 17:29:44.181] [modloading-worker-0/DEBUG] [com.tterrag.registrate.AbstractRegistrate/REGISTRATE.REGISTER]: Captured registration for entry modulargolems:config_target of type minecraft:menu
[30Aug2025 17:29:44.183] [modloading-worker-0/DEBUG] [com.tterrag.registrate.AbstractRegistrate/REGISTRATE.REGISTER]: Captured registration for entry modulargolems:config_path of type minecraft:menu
[30Aug2025 17:29:44.190] [modloading-worker-0/DEBUG] [net.minecraftforge.fml.config.ConfigTracker/CONFIG]: Config file l2_configs/modulargolems-client.toml for modulargolems tracking
[30Aug2025 17:29:44.190] [modloading-worker-0/DEBUG] [net.minecraftforge.fml.config.ConfigTracker/CONFIG]: Config file l2_configs/modulargolems-common.toml for modulargolems tracking
[30Aug2025 17:29:44.224] [modloading-worker-0/DEBUG] [net.minecraftforge.fml.config.ConfigTracker/CONFIG]: Config file reliquary-client.toml for reliquary tracking
[30Aug2025 17:29:44.225] [modloading-worker-0/DEBUG] [com.tterrag.registrate.AbstractRegistrate/REGISTRATE.REGISTER]: Captured registration for entry modulargolems:golem_curios of type minecraft:menu
[30Aug2025 17:29:44.224] [modloading-worker-0/DEBUG] [net.minecraftforge.fml.config.ConfigTracker/CONFIG]: Config file reliquary-common.toml for reliquary tracking
[30Aug2025 17:29:44.225] [modloading-worker-0/DEBUG] [net.minecraftforge.fml.javafmlmod.AutomaticEventSubscriber/LOADING]: Attempting to inject @EventBusSubscriber classes into the eventbus for modulargolems
[30Aug2025 17:29:44.226] [modloading-worker-0/DEBUG] [net.minecraftforge.fml.javafmlmod.AutomaticEventSubscriber/LOADING]: Auto-subscribing dev.xkmc.modulargolems.init.ModularGolems to MOD
[30Aug2025 17:29:44.227] [modloading-worker-0/DEBUG] [net.minecraftforge.fml.javafmlmod.AutomaticEventSubscriber/LOADING]: Auto-subscribing dev.xkmc.modulargolems.events.ModifierEventListeners to FORGE
[30Aug2025 17:29:44.236] [modloading-worker-0/DEBUG] [net.minecraftforge.fml.javafmlmod.AutomaticEventSubscriber/LOADING]: Auto-subscribing dev.xkmc.modulargolems.events.GolemEventListeners to FORGE
[30Aug2025 17:29:44.242] [modloading-worker-0/DEBUG] [net.minecraftforge.fml.javafmlmod.AutomaticEventSubscriber/LOADING]: Auto-subscribing dev.xkmc.modulargolems.events.CraftEventListeners to FORGE
[30Aug2025 17:29:44.255] [modloading-worker-0/DEBUG] [net.minecraftforge.fml.javafmlmod.AutomaticEventSubscriber/LOADING]: Attempting to inject @EventBusSubscriber classes into the eventbus for reliquary
[30Aug2025 17:29:44.262] [modloading-worker-0/DEBUG] [net.minecraftforge.fml.config.ConfigTracker/CONFIG]: Config file experienceobelisk-common.toml for experienceobelisk tracking
[30Aug2025 17:29:44.309] [modloading-worker-0/DEBUG] [xaero.hud.minimap.MinimapLogs/]: Loaded xaero.common.platform.services.ForgePlatformHelper@d096822 for service interface xaero.common.platform.services.IPlatformHelper
[30Aug2025 17:29:44.312] [modloading-worker-0/DEBUG] [io.netty.util.internal.InternalThreadLocalMap/]: -Dio.netty.threadLocalMap.stringBuilder.initialSize: 1024
[30Aug2025 17:29:44.312] [modloading-worker-0/DEBUG] [io.netty.util.internal.InternalThreadLocalMap/]: -Dio.netty.threadLocalMap.stringBuilder.maxSize: 4096
[30Aug2025 17:29:44.315] [modloading-worker-0/DEBUG] [io.netty.util.internal.ThreadLocalRandom/]: -Dio.netty.initialSeedUniquifier: 0x08acb0b2649743a3
[30Aug2025 17:29:44.327] [modloading-worker-0/DEBUG] [net.minecraftforge.fml.javafmlmod.AutomaticEventSubscriber/LOADING]: Attempting to inject @EventBusSubscriber classes into the eventbus for xaerominimap
[30Aug2025 17:29:44.331] [modloading-worker-0/DEBUG] [net.minecraftforge.fml.javafmlmod.AutomaticEventSubscriber/LOADING]: Attempting to inject @EventBusSubscriber classes into the eventbus for polymorph
[30Aug2025 17:29:44.420] [modloading-worker-0/DEBUG] [net.minecraftforge.fml.javafmlmod.AutomaticEventSubscriber/LOADING]: Attempting to inject @EventBusSubscriber classes into the eventbus for experienceobelisk
[30Aug2025 17:29:44.492] [modloading-worker-0/DEBUG] [net.minecraftforge.fml.config.ConfigTracker/CONFIG]: Config file legendary_monsters-common.toml for legendary_monsters tracking
[30Aug2025 17:29:44.492] [modloading-worker-0/DEBUG] [net.minecraftforge.fml.javafmlmod.AutomaticEventSubscriber/LOADING]: Attempting to inject @EventBusSubscriber classes into the eventbus for legendary_monsters
[30Aug2025 17:29:44.492] [modloading-worker-0/DEBUG] [net.minecraftforge.fml.javafmlmod.AutomaticEventSubscriber/LOADING]: Auto-subscribing net.miauczel.legendary_monsters.item.custom.WitheredRibcageItem to FORGE
[30Aug2025 17:29:44.493] [modloading-worker-0/DEBUG] [net.minecraftforge.fml.javafmlmod.AutomaticEventSubscriber/LOADING]: Auto-subscribing net.miauczel.legendary_monsters.item.custom.ShulkerShieldHurtEvent to FORGE
[30Aug2025 17:29:44.496] [modloading-worker-0/DEBUG] [net.minecraftforge.fml.javafmlmod.AutomaticEventSubscriber/LOADING]: Auto-subscribing net.miauczel.legendary_monsters.item.custom.ShulkerHelmetItem to FORGE
[30Aug2025 17:29:44.498] [modloading-worker-0/DEBUG] [net.minecraftforge.fml.javafmlmod.AutomaticEventSubscriber/LOADING]: Auto-subscribing net.miauczel.legendary_monsters.item.custom.MossyChestplateItem to FORGE
[30Aug2025 17:29:44.505] [modloading-worker-0/DEBUG] [net.minecraftforge.fml.javafmlmod.AutomaticEventSubscriber/LOADING]: Auto-subscribing net.miauczel.legendary_monsters.item.custom.FrostbittenShieldHurtEvent to FORGE
[30Aug2025 17:29:44.506] [modloading-worker-0/DEBUG] [net.minecraftforge.fml.javafmlmod.AutomaticEventSubscriber/LOADING]: Auto-subscribing net.miauczel.legendary_monsters.item.custom.FieryJawEventHandler to FORGE
[30Aug2025 17:29:44.507] [modloading-worker-0/DEBUG] [net.minecraftforge.fml.javafmlmod.AutomaticEventSubscriber/LOADING]: Auto-subscribing net.miauczel.legendary_monsters.item.custom.FieryBootsItem to FORGE
[30Aug2025 17:29:44.510] [modloading-worker-0/DEBUG] [net.minecraftforge.fml.javafmlmod.AutomaticEventSubscriber/LOADING]: Auto-subscribing net.miauczel.legendary_monsters.item.custom.DinosaurBoneHelmet to FORGE
[30Aug2025 17:29:44.512] [modloading-worker-0/DEBUG] [net.minecraftforge.fml.javafmlmod.AutomaticEventSubscriber/LOADING]: Auto-subscribing net.miauczel.legendary_monsters.item.custom.CustomItemEvents.WitheredScytheDropGoldEventHandler to FORGE
[30Aug2025 17:29:44.513] [modloading-worker-0/DEBUG] [net.minecraftforge.fml.javafmlmod.AutomaticEventSubscriber/LOADING]: Auto-subscribing net.miauczel.legendary_monsters.item.custom.CustomItemEvents.WitheredScytheAttackedEvent to FORGE
[30Aug2025 17:29:44.516] [modloading-worker-0/DEBUG] [net.minecraftforge.fml.javafmlmod.AutomaticEventSubscriber/LOADING]: Auto-subscribing net.miauczel.legendary_monsters.item.custom.CustomItemEvents.WitheredRibcageHurt to FORGE
[30Aug2025 17:29:44.517] [modloading-worker-0/DEBUG] [net.minecraftforge.fml.javafmlmod.AutomaticEventSubscriber/LOADING]: Auto-subscribing net.miauczel.legendary_monsters.item.custom.CustomItemEvents.WandOfCloudsRightClickEvent to FORGE
[30Aug2025 17:29:44.518] [modloading-worker-0/DEBUG] [net.minecraftforge.fml.javafmlmod.AutomaticEventSubscriber/LOADING]: Auto-subscribing net.miauczel.legendary_monsters.item.custom.CustomItemEvents.WandOfCloudsRightClickEffect to FORGE
[30Aug2025 17:29:44.523] [modloading-worker-0/DEBUG] [net.minecraftforge.fml.javafmlmod.AutomaticEventSubscriber/LOADING]: Auto-subscribing net.miauczel.legendary_monsters.item.custom.CustomItemEvents.SpikyShieldEvent to FORGE
[30Aug2025 17:29:44.524] [modloading-worker-0/DEBUG] [net.minecraftforge.fml.javafmlmod.AutomaticEventSubscriber/LOADING]: Auto-subscribing net.miauczel.legendary_monsters.item.custom.CustomItemEvents.SoulGreatSwordEventHandler to FORGE
[30Aug2025 17:29:44.528] [modloading-worker-0/DEBUG] [net.minecraftforge.fml.javafmlmod.AutomaticEventSubscriber/LOADING]: Auto-subscribing net.miauczel.legendary_monsters.item.custom.CustomItemEvents.SharpSaiAttackedEvent to FORGE
[30Aug2025 17:29:44.529] [modloading-worker-0/DEBUG] [net.minecraftforge.fml.javafmlmod.AutomaticEventSubscriber/LOADING]: Auto-subscribing net.miauczel.legendary_monsters.item.custom.CustomItemEvents.SharpAxeAttackedEvent to FORGE
[30Aug2025 17:29:44.530] [modloading-worker-0/DEBUG] [net.minecraftforge.fml.javafmlmod.AutomaticEventSubscriber/LOADING]: Auto-subscribing net.miauczel.legendary_monsters.item.custom.CustomItemEvents.GoldenHalbertAttackEventHandler to FORGE
[30Aug2025 17:29:44.533] [modloading-worker-0/DEBUG] [net.minecraftforge.fml.javafmlmod.AutomaticEventSubscriber/LOADING]: Auto-subscribing net.miauczel.legendary_monsters.item.custom.CustomItemEvents.AxeOfLightningEventHandler to FORGE
[30Aug2025 17:29:44.534] [modloading-worker-0/DEBUG] [net.minecraftforge.fml.javafmlmod.AutomaticEventSubscriber/LOADING]: Auto-subscribing net.miauczel.legendary_monsters.item.custom.ChorusHelmetItem to FORGE
[30Aug2025 17:29:44.537] [modloading-worker-0/DEBUG] [net.minecraftforge.fml.javafmlmod.AutomaticEventSubscriber/LOADING]: Auto-subscribing net.miauczel.legendary_monsters.item.custom.BlastProofHelmet to FORGE
[30Aug2025 17:29:44.538] [modloading-worker-0/DEBUG] [net.minecraftforge.fml.javafmlmod.AutomaticEventSubscriber/LOADING]: Auto-subscribing net.miauczel.legendary_monsters.item.custom.AtmosphericBootsItem to FORGE
[30Aug2025 17:29:44.538] [modloading-worker-0/DEBUG] [net.minecraftforge.fml.javafmlmod.AutomaticEventSubscriber/LOADING]: Auto-subscribing net.miauczel.legendary_monsters.item.ShieldEventHandler to FORGE
[30Aug2025 17:29:44.539] [modloading-worker-0/DEBUG] [net.minecraftforge.fml.javafmlmod.AutomaticEventSubscriber/LOADING]: Auto-subscribing net.miauczel.legendary_monsters.event.WitheredAbominationAttackedEvent to FORGE
[30Aug2025 17:29:44.542] [modloading-worker-0/DEBUG] [net.minecraftforge.fml.javafmlmod.AutomaticEventSubscriber/LOADING]: Auto-subscribing net.miauczel.legendary_monsters.event.ModEventBusEvents to MOD
[30Aug2025 17:29:44.563] [modloading-worker-0/DEBUG] [net.minecraftforge.fml.javafmlmod.AutomaticEventSubscriber/LOADING]: Auto-subscribing net.miauczel.legendary_monsters.event.ModEventBusClientEvents to MOD
[30Aug2025 17:29:44.597] [modloading-worker-0/DEBUG] [net.minecraftforge.fml.javafmlmod.AutomaticEventSubscriber/LOADING]: Auto-subscribing net.miauczel.legendary_monsters.event.Events to MOD
[30Aug2025 17:29:44.597] [modloading-worker-0/DEBUG] [net.minecraftforge.fml.javafmlmod.AutomaticEventSubscriber/LOADING]: Auto-subscribing net.miauczel.legendary_monsters.entity.custom.event.DuneSentinelDrops to FORGE
[30Aug2025 17:29:44.598] [modloading-worker-0/DEBUG] [net.minecraftforge.fml.javafmlmod.AutomaticEventSubscriber/LOADING]: Auto-subscribing net.miauczel.legendary_monsters.entity.custom.event.CloudGolemDrops to FORGE
[30Aug2025 17:29:44.601] [modloading-worker-0/DEBUG] [net.minecraftforge.fml.javafmlmod.AutomaticEventSubscriber/LOADING]: Auto-subscribing net.miauczel.legendary_monsters.entity.custom.ModArmorItem to FORGE
[30Aug2025 17:29:44.606] [modloading-worker-0/DEBUG] [net.minecraftforge.fml.javafmlmod.AutomaticEventSubscriber/LOADING]: Auto-subscribing net.miauczel.legendary_monsters.entity.custom.EntityTypes.MathHelper to MOD
[30Aug2025 17:29:44.607] [modloading-worker-0/DEBUG] [net.minecraftforge.fml.javafmlmod.AutomaticEventSubscriber/LOADING]: Auto-subscribing net.miauczel.legendary_monsters.entity.custom.EntityTypes.LockAngle to MOD
[30Aug2025 17:29:44.609] [modloading-worker-0/DEBUG] [net.minecraftforge.fml.javafmlmod.AutomaticEventSubscriber/LOADING]: Auto-subscribing net.miauczel.legendary_monsters.entity.ai.MossyGolemAttackGoal to FORGE
[30Aug2025 17:29:44.612] [modloading-worker-0/DEBUG] [net.minecraftforge.fml.javafmlmod.AutomaticEventSubscriber/LOADING]: Auto-subscribing net.miauczel.legendary_monsters.entity.ai.LivingArmorAttackGoal to FORGE
[30Aug2025 17:29:44.614] [modloading-worker-0/DEBUG] [net.minecraftforge.fml.javafmlmod.AutomaticEventSubscriber/LOADING]: Auto-subscribing net.miauczel.legendary_monsters.entity.ai.HauntedGuardAttackGoal to FORGE
[30Aug2025 17:29:44.615] [modloading-worker-0/DEBUG] [net.minecraftforge.fml.javafmlmod.AutomaticEventSubscriber/LOADING]: Auto-subscribing net.miauczel.legendary_monsters.entity.ai.FLivingArmorAttackGoal to FORGE
[30Aug2025 17:29:44.622] [modloading-worker-0/DEBUG] [net.minecraftforge.fml.javafmlmod.AutomaticEventSubscriber/LOADING]: Auto-subscribing net.miauczel.legendary_monsters.entity.ai.FHauntedKnightAttackGoal to FORGE
[30Aug2025 17:29:44.627] [modloading-worker-0/DEBUG] [net.minecraftforge.fml.javafmlmod.AutomaticEventSubscriber/LOADING]: Auto-subscribing net.miauczel.legendary_monsters.entity.ai.AncientGuardianHurtEvent to FORGE
[30Aug2025 17:29:44.628] [modloading-worker-0/DEBUG] [net.minecraftforge.fml.javafmlmod.AutomaticEventSubscriber/LOADING]: Auto-subscribing net.miauczel.legendary_monsters.entity.ai.AmbusherHurtEvent to FORGE
[30Aug2025 17:29:44.631] [modloading-worker-0/DEBUG] [net.minecraftforge.fml.javafmlmod.AutomaticEventSubscriber/LOADING]: Auto-subscribing net.miauczel.legendary_monsters.entity.ai.AmbusherAttackGoal to FORGE
[30Aug2025 17:29:44.634] [modloading-worker-0/DEBUG] [net.minecraftforge.fml.javafmlmod.AutomaticEventSubscriber/LOADING]: Auto-subscribing net.miauczel.legendary_monsters.entity.OpenContainerEvent to FORGE
[30Aug2025 17:29:44.635] [modloading-worker-0/DEBUG] [net.minecraftforge.fml.javafmlmod.AutomaticEventSubscriber/LOADING]: Auto-subscribing net.miauczel.legendary_monsters.effect.StunJumpRemover to FORGE
[30Aug2025 17:29:44.640] [modloading-worker-0/DEBUG] [net.minecraftforge.fml.javafmlmod.AutomaticEventSubscriber/LOADING]: Auto-subscribing net.miauczel.legendary_monsters.datagen.DataGenerators to MOD
[30Aug2025 17:29:44.641] [modloading-worker-0/DEBUG] [net.minecraftforge.fml.javafmlmod.AutomaticEventSubscriber/LOADING]: Auto-subscribing net.miauczel.legendary_monsters.CommonProxy to MOD
[30Aug2025 17:29:44.703] [modloading-worker-0/DEBUG] [net.minecraftforge.fml.config.ConfigTracker/CONFIG]: Config file ice_and_fire_spellbooks.toml for ice_and_fire_spellbooks tracking
[30Aug2025 17:29:44.703] [modloading-worker-0/DEBUG] [net.minecraftforge.fml.javafmlmod.AutomaticEventSubscriber/LOADING]: Attempting to inject @EventBusSubscriber classes into the eventbus for ice_and_fire_spellbooks
[30Aug2025 17:29:44.704] [modloading-worker-0/DEBUG] [net.minecraftforge.fml.javafmlmod.AutomaticEventSubscriber/LOADING]: Auto-subscribing net.acetheeldritchking.ice_and_fire_spellbooks.registries.CreativeTabRegistry to FORGE
[30Aug2025 17:29:44.704] [modloading-worker-0/DEBUG] [net.minecraftforge.fml.javafmlmod.AutomaticEventSubscriber/LOADING]: Auto-subscribing net.acetheeldritchking.ice_and_fire_spellbooks.events.ServerEvents to FORGE
[30Aug2025 17:29:44.717] [modloading-worker-0/DEBUG] [com.tterrag.registrate.AbstractRegistrate/REGISTRATE.REGISTER]: Captured registration for entry mob_weapon_api:laser_gatling of type minecraft:item
[30Aug2025 17:29:44.722] [modloading-worker-0/DEBUG] [net.minecraftforge.fml.javafmlmod.AutomaticEventSubscriber/LOADING]: Attempting to inject @EventBusSubscriber classes into the eventbus for mob_weapon_api
[30Aug2025 17:29:44.722] [modloading-worker-0/DEBUG] [net.minecraftforge.fml.javafmlmod.AutomaticEventSubscriber/LOADING]: Auto-subscribing dev.xkmc.mob_weapon_api.init.MobWeaponAPI to MOD
[30Aug2025 17:29:44.730] [modloading-worker-0/DEBUG] [net.minecraftforge.fml.javafmlmod.AutomaticEventSubscriber/LOADING]: Attempting to inject @EventBusSubscriber classes into the eventbus for extrasounds
[30Aug2025 17:29:44.737] [modloading-worker-0/DEBUG] [net.minecraftforge.fml.config.ConfigTracker/CONFIG]: Config file appleskin-client.toml for appleskin tracking
[30Aug2025 17:29:44.744] [modloading-worker-0/DEBUG] [net.minecraftforge.fml.javafmlmod.AutomaticEventSubscriber/LOADING]: Attempting to inject @EventBusSubscriber classes into the eventbus for appleskin
[30Aug2025 17:29:44.759] [modloading-worker-0/DEBUG] [net.minecraftforge.fml.config.ConfigTracker/CONFIG]: Config file lootr-common.toml for lootr tracking
[30Aug2025 17:29:44.761] [modloading-worker-0/DEBUG] [net.minecraftforge.fml.config.ConfigTracker/CONFIG]: Config file lootr-client.toml for lootr tracking
[30Aug2025 17:29:44.806] [modloading-worker-0/DEBUG] [net.minecraftforge.fml.javafmlmod.AutomaticEventSubscriber/LOADING]: Attempting to inject @EventBusSubscriber classes into the eventbus for lootr
[30Aug2025 17:29:44.807] [modloading-worker-0/DEBUG] [net.minecraftforge.fml.javafmlmod.AutomaticEventSubscriber/LOADING]: Auto-subscribing noobanidus.mods.lootr.setup.CommonSetup to MOD
[30Aug2025 17:29:44.814] [modloading-worker-0/DEBUG] [net.minecraftforge.fml.javafmlmod.AutomaticEventSubscriber/LOADING]: Auto-subscribing noobanidus.mods.lootr.init.ModTabs to MOD
[30Aug2025 17:29:44.815] [modloading-worker-0/DEBUG] [net.minecraftforge.fml.javafmlmod.AutomaticEventSubscriber/LOADING]: Auto-subscribing noobanidus.mods.lootr.init.ModItems to MOD
[30Aug2025 17:29:44.815] [modloading-worker-0/DEBUG] [net.minecraftforge.fml.javafmlmod.AutomaticEventSubscriber/LOADING]: Auto-subscribing noobanidus.mods.lootr.gen.LootrDataGenerators to MOD
[30Aug2025 17:29:44.819] [modloading-worker-0/DEBUG] [net.minecraftforge.fml.javafmlmod.AutomaticEventSubscriber/LOADING]: Auto-subscribing noobanidus.mods.lootr.event.HandleChunk to FORGE
[30Aug2025 17:29:44.831] [modloading-worker-0/DEBUG] [net.minecraftforge.fml.javafmlmod.AutomaticEventSubscriber/LOADING]: Auto-subscribing noobanidus.mods.lootr.event.HandleCart to FORGE
[30Aug2025 17:29:44.838] [modloading-worker-0/DEBUG] [net.minecraftforge.fml.javafmlmod.AutomaticEventSubscriber/LOADING]: Auto-subscribing noobanidus.mods.lootr.event.HandleBreak to FORGE
[30Aug2025 17:29:44.841] [modloading-worker-0/DEBUG] [net.minecraftforge.fml.javafmlmod.AutomaticEventSubscriber/LOADING]: Auto-subscribing noobanidus.mods.lootr.event.HandleAdvancement to FORGE
[30Aug2025 17:29:44.843] [modloading-worker-0/DEBUG] [net.minecraftforge.fml.javafmlmod.AutomaticEventSubscriber/LOADING]: Auto-subscribing noobanidus.mods.lootr.entity.EntityTicker to FORGE
[30Aug2025 17:29:44.846] [modloading-worker-0/DEBUG] [net.minecraftforge.fml.javafmlmod.AutomaticEventSubscriber/LOADING]: Auto-subscribing noobanidus.mods.lootr.config.ConfigManager to MOD
[30Aug2025 17:29:44.849] [modloading-worker-0/DEBUG] [net.minecraftforge.fml.javafmlmod.AutomaticEventSubscriber/LOADING]: Auto-subscribing noobanidus.mods.lootr.block.entities.TileTicker to FORGE
[30Aug2025 17:29:44.855] [modloading-worker-0/DEBUG] [net.minecraftforge.fml.javafmlmod.AutomaticEventSubscriber/LOADING]: Attempting to inject @EventBusSubscriber classes into the eventbus for ferritecore
[30Aug2025 17:29:45.169] [modloading-worker-0/DEBUG] [net.minecraftforge.fml.config.ConfigTracker/CONFIG]: Config file irons_spellbooks-client.toml for irons_spellbooks tracking
[30Aug2025 17:29:45.206] [modloading-worker-0/DEBUG] [net.minecraftforge.fml.javafmlmod.AutomaticEventSubscriber/LOADING]: Attempting to inject @EventBusSubscriber classes into the eventbus for ancient_golems
[30Aug2025 17:29:45.209] [modloading-worker-0/DEBUG] [net.minecraftforge.fml.javafmlmod.AutomaticEventSubscriber/LOADING]: Auto-subscribing net.mcreator.ancientgolems.recipes.brewing.PrimordialicerechargeBrewingRecipe to MOD
[30Aug2025 17:29:45.213] [modloading-worker-0/DEBUG] [net.minecraftforge.fml.javafmlmod.AutomaticEventSubscriber/LOADING]: Auto-subscribing net.mcreator.ancientgolems.procedures.WroughtSentinelEntityDiesProcedure to FORGE
[30Aug2025 17:29:45.219] [modloading-worker-0/DEBUG] [net.minecraftforge.fml.javafmlmod.AutomaticEventSubscriber/LOADING]: Auto-subscribing net.mcreator.ancientgolems.procedures.WroughtSentinelBlockingProcedure to FORGE
[30Aug2025 17:29:45.220] [modloading-worker-0/DEBUG] [net.minecraftforge.fml.javafmlmod.AutomaticEventSubscriber/LOADING]: Auto-subscribing net.mcreator.ancientgolems.procedures.WroughtSentinalStatueHurtProcedure to FORGE
[30Aug2025 17:29:45.224] [modloading-worker-0/DEBUG] [net.minecraftforge.fml.javafmlmod.AutomaticEventSubscriber/LOADING]: Auto-subscribing net.mcreator.ancientgolems.procedures.WroughtArmorPassiveProcedure to FORGE
[30Aug2025 17:29:45.225] [modloading-worker-0/DEBUG] [net.minecraftforge.fml.javafmlmod.AutomaticEventSubscriber/LOADING]: Auto-subscribing net.mcreator.ancientgolems.procedures.TrapTickPlayerProcedure to FORGE
[30Aug2025 17:29:45.228] [modloading-worker-0/DEBUG] [net.minecraftforge.fml.javafmlmod.AutomaticEventSubscriber/LOADING]: Auto-subscribing net.mcreator.ancientgolems.procedures.ThunderHealProcedure to FORGE
[30Aug2025 17:29:45.436] [modloading-worker-0/DEBUG] [net.minecraftforge.fml.javafmlmod.AutomaticEventSubscriber/LOADING]: Auto-subscribing net.mcreator.ancientgolems.procedures.TheprimalicePathProcedure to FORGE
[30Aug2025 17:29:45.441] [modloading-worker-0/DEBUG] [net.minecraftforge.fml.javafmlmod.AutomaticEventSubscriber/LOADING]: Auto-subscribing net.mcreator.ancientgolems.procedures.PrimordialiceItemInHandTickProcedure to FORGE
[30Aug2025 17:29:45.445] [modloading-worker-0/DEBUG] [net.minecraftforge.fml.config.ConfigTracker/CONFIG]: Config file irons_spellbooks-server.toml for irons_spellbooks tracking
[30Aug2025 17:29:45.460] [modloading-worker-0/DEBUG] [net.minecraftforge.fml.javafmlmod.AutomaticEventSubscriber/LOADING]: Auto-subscribing net.mcreator.ancientgolems.procedures.OozeFalldamageNegateProcedure to FORGE
[30Aug2025 17:29:45.461] [modloading-worker-0/DEBUG] [net.minecraftforge.fml.javafmlmod.AutomaticEventSubscriber/LOADING]: Attempting to inject @EventBusSubscriber classes into the eventbus for irons_spellbooks
[30Aug2025 17:29:45.462] [modloading-worker-0/DEBUG] [net.minecraftforge.fml.javafmlmod.AutomaticEventSubscriber/LOADING]: Auto-subscribing io.redspace.ironsspellbooks.worldgen.VillageAddition to FORGE
[30Aug2025 17:29:45.466] [modloading-worker-0/DEBUG] [net.minecraftforge.fml.javafmlmod.AutomaticEventSubscriber/LOADING]: Auto-subscribing net.mcreator.ancientgolems.procedures.ObservedLoopProcedure to FORGE
[30Aug2025 17:29:45.468] [modloading-worker-0/DEBUG] [net.minecraftforge.fml.javafmlmod.AutomaticEventSubscriber/LOADING]: Auto-subscribing io.redspace.ironsspellbooks.setup.DataHandling to FORGE
[30Aug2025 17:29:45.471] [modloading-worker-0/DEBUG] [net.minecraftforge.fml.javafmlmod.AutomaticEventSubscriber/LOADING]: Auto-subscribing net.mcreator.ancientgolems.procedures.ObeliskhurtsProcedure to FORGE
[30Aug2025 17:29:45.476] [modloading-worker-0/DEBUG] [net.minecraftforge.fml.javafmlmod.AutomaticEventSubscriber/LOADING]: Auto-subscribing net.mcreator.ancientgolems.procedures.ObeliskdiedProcedure to FORGE
[30Aug2025 17:29:45.472] [modloading-worker-0/DEBUG] [net.minecraftforge.fml.javafmlmod.AutomaticEventSubscriber/LOADING]: Auto-subscribing io.redspace.ironsspellbooks.setup.CommonSetup to MOD
[30Aug2025 17:29:45.481] [modloading-worker-0/DEBUG] [net.minecraftforge.fml.javafmlmod.AutomaticEventSubscriber/LOADING]: Auto-subscribing io.redspace.ironsspellbooks.registries.CreativeTabRegistry to MOD
[30Aug2025 17:29:45.483] [modloading-worker-0/DEBUG] [net.minecraftforge.fml.javafmlmod.AutomaticEventSubscriber/LOADING]: Auto-subscribing io.redspace.ironsspellbooks.registries.CommandRegistry to FORGE
[30Aug2025 17:29:45.483] [modloading-worker-0/DEBUG] [net.minecraftforge.fml.javafmlmod.AutomaticEventSubscriber/LOADING]: Auto-subscribing net.mcreator.ancientgolems.procedures.ObeliskIsHurtProcedure to FORGE
[30Aug2025 17:29:45.489] [modloading-worker-0/DEBUG] [net.minecraftforge.fml.javafmlmod.AutomaticEventSubscriber/LOADING]: Auto-subscribing io.redspace.ironsspellbooks.player.ServerPlayerEvents to FORGE
[30Aug2025 17:29:45.491] [modloading-worker-0/DEBUG] [net.minecraftforge.fml.javafmlmod.AutomaticEventSubscriber/LOADING]: Auto-subscribing net.mcreator.ancientgolems.procedures.MusicplayedProcedure to FORGE
[30Aug2025 17:29:45.499] [modloading-worker-0/DEBUG] [net.minecraftforge.fml.javafmlmod.AutomaticEventSubscriber/LOADING]: Auto-subscribing net.mcreator.ancientgolems.procedures.MusicendedProcedure to FORGE
[30Aug2025 17:29:45.503] [modloading-worker-0/DEBUG] [net.minecraftforge.fml.javafmlmod.AutomaticEventSubscriber/LOADING]: Auto-subscribing net.mcreator.ancientgolems.procedures.MoltenForgeSpawnConditionProcedure to FORGE
[30Aug2025 17:29:45.509] [modloading-worker-0/DEBUG] [net.minecraftforge.fml.javafmlmod.AutomaticEventSubscriber/LOADING]: Auto-subscribing net.mcreator.ancientgolems.procedures.LavapiglinattackProcedure to FORGE
[30Aug2025 17:29:45.510] [modloading-worker-0/DEBUG] [net.minecraftforge.fml.javafmlmod.AutomaticEventSubscriber/LOADING]: Auto-subscribing net.mcreator.ancientgolems.procedures.LavapiglinOnEntityTickUpdateProcedure to FORGE
[30Aug2025 17:29:45.513] [modloading-worker-0/DEBUG] [net.minecraftforge.fml.javafmlmod.AutomaticEventSubscriber/LOADING]: Auto-subscribing net.mcreator.ancientgolems.procedures.Irontype6StatueEntityIsHurtProcedure to FORGE
[30Aug2025 17:29:45.516] [modloading-worker-0/DEBUG] [net.minecraftforge.fml.javafmlmod.AutomaticEventSubscriber/LOADING]: Auto-subscribing net.mcreator.ancientgolems.procedures.Irontype4EntityIsHurtProcedure to FORGE
[30Aug2025 17:29:45.518] [modloading-worker-0/DEBUG] [net.minecraftforge.fml.javafmlmod.AutomaticEventSubscriber/LOADING]: Auto-subscribing net.mcreator.ancientgolems.procedures.IrongolemslowrideProcedure to FORGE
[30Aug2025 17:29:45.522] [modloading-worker-0/DEBUG] [net.minecraftforge.fml.javafmlmod.AutomaticEventSubscriber/LOADING]: Auto-subscribing net.mcreator.ancientgolems.procedures.IrongolemoriginhurtProcedure to FORGE
[30Aug2025 17:29:45.526] [modloading-worker-0/DEBUG] [net.minecraftforge.fml.javafmlmod.AutomaticEventSubscriber/LOADING]: Auto-subscribing net.mcreator.ancientgolems.procedures.HostileTargetProcedure to FORGE
[30Aug2025 17:29:45.529] [modloading-worker-0/DEBUG] [net.minecraftforge.fml.javafmlmod.AutomaticEventSubscriber/LOADING]: Auto-subscribing net.mcreator.ancientgolems.procedures.GolemofthemoltenforgeOnEntityTickUpdateProcedure to FORGE
[30Aug2025 17:29:45.534] [modloading-worker-0/DEBUG] [net.minecraftforge.fml.javafmlmod.AutomaticEventSubscriber/LOADING]: Auto-subscribing io.redspace.ironsspellbooks.player.AdditionalWanderingTrades to FORGE
[30Aug2025 17:29:45.534] [modloading-worker-0/DEBUG] [net.minecraftforge.fml.javafmlmod.AutomaticEventSubscriber/LOADING]: Auto-subscribing net.mcreator.ancientgolems.procedures.GolemRepairProcedure to FORGE
[30Aug2025 17:29:45.537] [modloading-worker-0/DEBUG] [net.minecraftforge.fml.javafmlmod.AutomaticEventSubscriber/LOADING]: Auto-subscribing net.mcreator.ancientgolems.procedures.EnderguardianpathProcedure to FORGE
[30Aug2025 17:29:45.540] [modloading-worker-0/DEBUG] [net.minecraftforge.fml.javafmlmod.AutomaticEventSubscriber/LOADING]: Auto-subscribing io.redspace.ironsspellbooks.loot.LootDebugEvents to FORGE
[30Aug2025 17:29:45.541] [modloading-worker-0/DEBUG] [net.minecraftforge.fml.javafmlmod.AutomaticEventSubscriber/LOADING]: Auto-subscribing net.mcreator.ancientgolems.procedures.EnderguardianEntityIsHurtProcedure to FORGE
[30Aug2025 17:29:45.544] [modloading-worker-0/DEBUG] [net.minecraftforge.fml.javafmlmod.AutomaticEventSubscriber/LOADING]: Auto-subscribing io.redspace.ironsspellbooks.entity.mobs.wizards.WizardAIEvents to FORGE
[30Aug2025 17:29:45.545] [modloading-worker-0/DEBUG] [net.minecraftforge.fml.javafmlmod.AutomaticEventSubscriber/LOADING]: Auto-subscribing net.mcreator.ancientgolems.procedures.CofSEffectProcedure to FORGE
[30Aug2025 17:29:45.559] [modloading-worker-0/DEBUG] [net.minecraftforge.fml.javafmlmod.AutomaticEventSubscriber/LOADING]: Auto-subscribing net.mcreator.ancientgolems.procedures.CancelattackProcedure to FORGE
[30Aug2025 17:29:45.564] [modloading-worker-0/DEBUG] [net.minecraftforge.fml.javafmlmod.AutomaticEventSubscriber/LOADING]: Auto-subscribing net.mcreator.ancientgolems.procedures.BosssmusicloopProcedure to FORGE
[30Aug2025 17:29:45.564] [modloading-worker-0/DEBUG] [net.minecraftforge.fml.javafmlmod.AutomaticEventSubscriber/LOADING]: Auto-subscribing io.redspace.ironsspellbooks.effect.guiding_bolt.GuidingBoltManager to FORGE
[30Aug2025 17:29:45.570] [modloading-worker-0/DEBUG] [net.minecraftforge.fml.javafmlmod.AutomaticEventSubscriber/LOADING]: Auto-subscribing net.mcreator.ancientgolems.procedures.AncientGolemsConfigProcedure to MOD
[30Aug2025 17:29:45.575] [modloading-worker-0/DEBUG] [net.minecraftforge.fml.javafmlmod.AutomaticEventSubscriber/LOADING]: Auto-subscribing net.mcreator.ancientgolems.network.AncientGolemsModVariables to MOD
[30Aug2025 17:29:45.576] [modloading-worker-0/DEBUG] [net.minecraftforge.fml.javafmlmod.AutomaticEventSubscriber/LOADING]: Auto-subscribing io.redspace.ironsspellbooks.effect.ThunderstormEffect to FORGE
[30Aug2025 17:29:45.582] [modloading-worker-0/DEBUG] [net.minecraftforge.fml.javafmlmod.AutomaticEventSubscriber/LOADING]: Auto-subscribing net.mcreator.ancientgolems.network.AncientGolemsModVariables$PlayerVariablesProvider to FORGE
[30Aug2025 17:29:45.585] [modloading-worker-0/DEBUG] [net.minecraftforge.fml.javafmlmod.AutomaticEventSubscriber/LOADING]: Auto-subscribing net.mcreator.ancientgolems.network.AncientGolemsModVariables$EventBusVariableHandlers to FORGE
[30Aug2025 17:29:45.587] [modloading-worker-0/DEBUG] [net.minecraftforge.fml.javafmlmod.AutomaticEventSubscriber/LOADING]: Auto-subscribing io.redspace.ironsspellbooks.effect.OakskinEffect to FORGE
[30Aug2025 17:29:45.588] [modloading-worker-0/DEBUG] [net.minecraftforge.fml.javafmlmod.AutomaticEventSubscriber/LOADING]: Auto-subscribing io.redspace.ironsspellbooks.effect.GluttonyEffect to FORGE
[30Aug2025 17:29:45.590] [modloading-worker-0/DEBUG] [net.minecraftforge.fml.javafmlmod.AutomaticEventSubscriber/LOADING]: Auto-subscribing io.redspace.ironsspellbooks.effect.EchoingStrikesEffect to FORGE
[30Aug2025 17:29:45.595] [modloading-worker-0/DEBUG] [net.minecraftforge.fml.javafmlmod.AutomaticEventSubscriber/LOADING]: Auto-subscribing io.redspace.ironsspellbooks.effect.BlightEffect to FORGE
[30Aug2025 17:29:45.596] [modloading-worker-0/DEBUG] [net.minecraftforge.fml.javafmlmod.AutomaticEventSubscriber/LOADING]: Auto-subscribing io.redspace.ironsspellbooks.datagen.DataGenerators to MOD
[30Aug2025 17:29:45.600] [modloading-worker-0/DEBUG] [net.minecraftforge.fml.javafmlmod.AutomaticEventSubscriber/LOADING]: Auto-subscribing net.mcreator.ancientgolems.init.ItemAnimationFactory to FORGE
[30Aug2025 17:29:45.603] [modloading-worker-0/DEBUG] [net.minecraftforge.fml.javafmlmod.AutomaticEventSubscriber/LOADING]: Auto-subscribing io.redspace.ironsspellbooks.damage.DamageSources to FORGE
[30Aug2025 17:29:45.604] [modloading-worker-0/DEBUG] [net.minecraftforge.fml.javafmlmod.AutomaticEventSubscriber/LOADING]: Auto-subscribing net.mcreator.ancientgolems.init.EntityAnimationFactory to FORGE
[30Aug2025 17:29:45.613] [modloading-worker-0/DEBUG] [net.minecraftforge.fml.javafmlmod.AutomaticEventSubscriber/LOADING]: Auto-subscribing net.mcreator.ancientgolems.init.ArmorAnimationFactory to FORGE
[30Aug2025 17:29:45.616] [modloading-worker-0/DEBUG] [net.minecraftforge.fml.javafmlmod.AutomaticEventSubscriber/LOADING]: Auto-subscribing net.mcreator.ancientgolems.init.AncientGolemsModTrades to FORGE
[30Aug2025 17:29:45.617] [modloading-worker-0/DEBUG] [net.minecraftforge.fml.javafmlmod.AutomaticEventSubscriber/LOADING]: Auto-subscribing io.redspace.ironsspellbooks.api.util.CameraShakeManager to FORGE
[30Aug2025 17:29:45.622] [modloading-worker-0/DEBUG] [net.minecraftforge.fml.javafmlmod.AutomaticEventSubscriber/LOADING]: Auto-subscribing net.mcreator.ancientgolems.init.AncientGolemsModEntities to MOD
[30Aug2025 17:29:45.624] [modloading-worker-0/DEBUG] [net.minecraftforge.fml.javafmlmod.AutomaticEventSubscriber/LOADING]: Auto-subscribing io.redspace.ironsspellbooks.api.registry.AttributeRegistry to MOD
[30Aug2025 17:29:45.638] [modloading-worker-0/DEBUG] [Charm of Undying/]: Loaded com.illusivesoulworks.charmofundying.platform.ForgeClientPlatform@68823eae for service interface com.illusivesoulworks.charmofundying.platform.services.IClientPlatform
[30Aug2025 17:29:45.643] [modloading-worker-0/DEBUG] [Charm of Undying/]: Loaded com.illusivesoulworks.charmofundying.platform.ForgePlatform@25c5f3de for service interface com.illusivesoulworks.charmofundying.platform.services.IPlatform
[30Aug2025 17:29:45.646] [modloading-worker-0/DEBUG] [net.minecraftforge.fml.ModLoadingContext/]: Attempted to register an empty config for type CLIENT on mod l2itemselector using file name l2_configs/l2itemselector-client.toml
[30Aug2025 17:29:45.647] [modloading-worker-0/DEBUG] [net.minecraftforge.fml.ModLoadingContext/]: Attempted to register an empty config for type COMMON on mod l2itemselector using file name l2_configs/l2itemselector-common.toml
[30Aug2025 17:29:45.651] [modloading-worker-0/DEBUG] [SpectreLib/CONFIG]: Config file charmofundying-server.toml for charmofundying added to tracking
[30Aug2025 17:29:45.652] [modloading-worker-0/DEBUG] [net.minecraftforge.fml.javafmlmod.AutomaticEventSubscriber/LOADING]: Attempting to inject @EventBusSubscriber classes into the eventbus for charmofundying
[30Aug2025 17:29:45.655] [modloading-worker-0/INFO] [be.florens.expandability.ExpandAbility/]: ExpandAbility here, who dis?
[30Aug2025 17:29:45.657] [modloading-worker-0/DEBUG] [net.minecraftforge.fml.javafmlmod.AutomaticEventSubscriber/LOADING]: Attempting to inject @EventBusSubscriber classes into the eventbus for expandability
[30Aug2025 17:29:45.658] [modloading-worker-0/DEBUG] [net.minecraftforge.fml.javafmlmod.AutomaticEventSubscriber/LOADING]: Attempting to inject @EventBusSubscriber classes into the eventbus for l2itemselector
[30Aug2025 17:29:45.662] [modloading-worker-0/DEBUG] [net.minecraftforge.fml.javafmlmod.AutomaticEventSubscriber/LOADING]: Auto-subscribing dev.xkmc.l2itemselector.events.GeneralEventHandler to FORGE
[30Aug2025 17:29:45.663] [modloading-worker-0/DEBUG] [net.minecraftforge.fml.javafmlmod.AutomaticEventSubscriber/LOADING]: Auto-subscribing dev.xkmc.l2itemselector.init.L2ItemSelector to MOD
[30Aug2025 17:29:45.668] [modloading-worker-0/DEBUG] [net.minecraftforge.fml.config.ConfigTracker/CONFIG]: Config file explosiveenhancement.toml for explosiveenhancement tracking
[30Aug2025 17:29:45.669] [modloading-worker-0/DEBUG] [net.minecraftforge.fml.javafmlmod.AutomaticEventSubscriber/LOADING]: Attempting to inject @EventBusSubscriber classes into the eventbus for explosiveenhancement
[30Aug2025 17:29:45.669] [modloading-worker-0/DEBUG] [net.minecraftforge.fml.javafmlmod.AutomaticEventSubscriber/LOADING]: Auto-subscribing dev.xylonity.explosiveenhancement.ExplosiveEnhancement$ModEventSubscriber to MOD
[30Aug2025 17:29:45.708] [modloading-worker-0/DEBUG] [SkinRestorer/]: Loaded net.lionarius.skinrestorer.forge.platform.ForgePlatformHelper@41d666d for service interface net.lionarius.skinrestorer.platform.services.PlatformHelper
[30Aug2025 17:29:45.708] [modloading-worker-0/DEBUG] [SkinRestorer/]: Loaded net.lionarius.skinrestorer.forge.platform.ForgeCompatibilityHelper@49d2c17c for service interface net.lionarius.skinrestorer.platform.services.CompatibilityHelper
[30Aug2025 17:29:45.729] [modloading-worker-0/DEBUG] [net.minecraftforge.fml.javafmlmod.AutomaticEventSubscriber/LOADING]: Attempting to inject @EventBusSubscriber classes into the eventbus for charms_and_medallions
[30Aug2025 17:29:45.730] [modloading-worker-0/DEBUG] [net.minecraftforge.fml.javafmlmod.AutomaticEventSubscriber/LOADING]: Auto-subscribing net.wolfysam.charmsandmedallions.procedures.EntityHitGlobalProcedure to FORGE
[30Aug2025 17:29:45.734] [modloading-worker-0/DEBUG] [net.minecraftforge.fml.javafmlmod.AutomaticEventSubscriber/LOADING]: Auto-subscribing net.wolfysam.charmsandmedallions.init.CharmsAndMedallionsModTabs to MOD
[30Aug2025 17:29:45.736] [modloading-worker-0/DEBUG] [net.minecraftforge.fml.javafmlmod.AutomaticEventSubscriber/LOADING]: Auto-subscribing net.wolfysam.charmsandmedallions.init.CharmsAndMedallionsModEntities to MOD
[30Aug2025 17:29:45.736] [modloading-worker-0/DEBUG] [net.minecraftforge.fml.javafmlmod.AutomaticEventSubscriber/LOADING]: Auto-subscribing net.wolfysam.charmsandmedallions.init.CharmsAndMedallionsModCuriosSlots to MOD
[30Aug2025 17:29:45.743] [modloading-worker-0/DEBUG] [net.minecraftforge.fml.javafmlmod.AutomaticEventSubscriber/LOADING]: Auto-subscribing net.wolfysam.charmsandmedallions.init.CharmsAndMedallionsModCuriosRenderers to MOD
[30Aug2025 17:29:46.030] [modloading-worker-0/DEBUG] [net.minecraftforge.fml.javafmlmod.AutomaticEventSubscriber/LOADING]: Attempting to inject @EventBusSubscriber classes into the eventbus for skinrestorer
[30Aug2025 17:29:46.030] [modloading-worker-0/DEBUG] [net.minecraftforge.fml.javafmlmod.AutomaticEventSubscriber/LOADING]: Auto-subscribing net.lionarius.skinrestorer.forge.SkinRestorerForge to FORGE
[30Aug2025 17:29:46.109] [modloading-worker-0/DEBUG] [net.minecraftforge.fml.config.ConfigTracker/CONFIG]: Config file Obscuria/aquamirae-common.toml for aquamirae tracking
[30Aug2025 17:29:46.110] [modloading-worker-0/DEBUG] [net.minecraftforge.fml.config.ConfigTracker/CONFIG]: Config file Obscuria/aquamirae-client.toml for aquamirae tracking
[30Aug2025 17:29:46.117] [modloading-worker-0/DEBUG] [net.minecraftforge.fml.javafmlmod.AutomaticEventSubscriber/LOADING]: Attempting to inject @EventBusSubscriber classes into the eventbus for aquamirae
[30Aug2025 17:29:46.117] [modloading-worker-0/DEBUG] [net.minecraftforge.fml.javafmlmod.AutomaticEventSubscriber/LOADING]: Auto-subscribing com.obscuria.aquamirae.registry.AquamiraeEntities to MOD
[30Aug2025 17:29:46.118] [modloading-worker-0/DEBUG] [net.minecraftforge.fml.javafmlmod.AutomaticEventSubscriber/LOADING]: Auto-subscribing com.obscuria.aquamirae.registry.AquamiraeCreativeTab to MOD
[30Aug2025 17:29:46.121] [modloading-worker-0/DEBUG] [net.minecraftforge.fml.javafmlmod.AutomaticEventSubscriber/LOADING]: Auto-subscribing com.obscuria.aquamirae.network.ScrollMessage to MOD
[30Aug2025 17:29:46.124] [modloading-worker-0/DEBUG] [net.minecraftforge.fml.javafmlmod.AutomaticEventSubscriber/LOADING]: Auto-subscribing com.obscuria.aquamirae.common.recipes.SpectralPotionRecipe to MOD
[30Aug2025 17:29:46.126] [modloading-worker-0/DEBUG] [net.minecraftforge.fml.javafmlmod.AutomaticEventSubscriber/LOADING]: Auto-subscribing com.obscuria.aquamirae.common.recipes.PotionOfTenacityRecipe to MOD
[30Aug2025 17:29:46.127] [modloading-worker-0/DEBUG] [net.minecraftforge.fml.javafmlmod.AutomaticEventSubscriber/LOADING]: Auto-subscribing com.obscuria.aquamirae.common.items.armor.TerribleArmorItem to FORGE
[30Aug2025 17:29:46.127] [modloading-worker-0/DEBUG] [net.minecraftforge.fml.javafmlmod.AutomaticEventSubscriber/LOADING]: Auto-subscribing com.obscuria.aquamirae.common.items.RuneOfTheStormItem to FORGE
[30Aug2025 17:29:46.159] [modloading-worker-0/DEBUG] [net.minecraftforge.fml.javafmlmod.AutomaticEventSubscriber/LOADING]: Attempting to inject @EventBusSubscriber classes into the eventbus for iceandfire_curios
[30Aug2025 17:29:46.160] [modloading-worker-0/DEBUG] [net.minecraftforge.fml.javafmlmod.AutomaticEventSubscriber/LOADING]: Auto-subscribing net.mcreator.iceandfirecurios.procedures.TrollLeatherCoatWhileBaubleIsEquippedTickProcedure to FORGE
[30Aug2025 17:29:46.164] [modloading-worker-0/DEBUG] [net.minecraftforge.fml.javafmlmod.AutomaticEventSubscriber/LOADING]: Auto-subscribing net.mcreator.iceandfirecurios.procedures.StymphalianFeatherBeltWhileBaubleIsEquippedTickProcedure to FORGE
[30Aug2025 17:29:46.167] [modloading-worker-0/DEBUG] [net.minecraftforge.fml.javafmlmod.AutomaticEventSubscriber/LOADING]: Auto-subscribing net.mcreator.iceandfirecurios.procedures.RingOfWitheringWhileBaubleIsEquippedTickProcedure to FORGE
[30Aug2025 17:29:46.171] [modloading-worker-0/DEBUG] [net.minecraftforge.fml.javafmlmod.AutomaticEventSubscriber/LOADING]: Auto-subscribing net.mcreator.iceandfirecurios.procedures.RingOfFesteringWhileBaubleIsEquippedTickProcedure to FORGE
[30Aug2025 17:29:46.172] [modloading-worker-0/DEBUG] [net.minecraftforge.fml.javafmlmod.AutomaticEventSubscriber/LOADING]: Auto-subscribing net.mcreator.iceandfirecurios.procedures.RingOfEmaciationWhileBaubleIsEquippedTickProcedure to FORGE
[30Aug2025 17:29:46.173] [modloading-worker-0/DEBUG] [net.minecraftforge.fml.javafmlmod.AutomaticEventSubscriber/LOADING]: Auto-subscribing net.mcreator.iceandfirecurios.procedures.PhantasmalBootsWhileBaubleIsEquippedTickProcedure to FORGE
[30Aug2025 17:29:46.175] [modloading-worker-0/DEBUG] [net.minecraftforge.fml.javafmlmod.AutomaticEventSubscriber/LOADING]: Auto-subscribing net.mcreator.iceandfirecurios.procedures.InfusedCopperAmuletWhileBaubleIsEquippedTickProcedure to FORGE
[30Aug2025 17:29:46.177] [modloading-worker-0/DEBUG] [net.minecraftforge.fml.javafmlmod.AutomaticEventSubscriber/LOADING]: Auto-subscribing net.mcreator.iceandfirecurios.procedures.HydraFangsWhileBaubleIsEquippedTickProcedure to FORGE
[30Aug2025 17:29:46.180] [modloading-worker-0/DEBUG] [net.minecraftforge.fml.javafmlmod.AutomaticEventSubscriber/LOADING]: Auto-subscribing net.mcreator.iceandfirecurios.procedures.FerociousKnucklesWhileBaubleIsEquippedTickProcedure to FORGE
[30Aug2025 17:29:46.181] [modloading-worker-0/DEBUG] [net.minecraftforge.fml.javafmlmod.AutomaticEventSubscriber/LOADING]: Auto-subscribing net.mcreator.iceandfirecurios.procedures.DeathKnucklesEquippedProcedure to FORGE
[30Aug2025 17:29:46.183] [modloading-worker-0/DEBUG] [net.minecraftforge.fml.javafmlmod.AutomaticEventSubscriber/LOADING]: Auto-subscribing net.mcreator.iceandfirecurios.procedures.BleedingHeartOfStoneWhileBaubleIsEquippedTickProcedure to FORGE
[30Aug2025 17:29:46.185] [modloading-worker-0/DEBUG] [net.minecraftforge.fml.javafmlmod.AutomaticEventSubscriber/LOADING]: Auto-subscribing net.mcreator.iceandfirecurios.procedures.AmphithereAnkletProcedureProcedure to FORGE
[30Aug2025 17:29:46.188] [modloading-worker-0/DEBUG] [net.minecraftforge.fml.javafmlmod.AutomaticEventSubscriber/LOADING]: Auto-subscribing net.mcreator.iceandfirecurios.network.PhantasmalBootDashMessage to MOD
[30Aug2025 17:29:46.190] [modloading-worker-0/DEBUG] [net.minecraftforge.fml.javafmlmod.AutomaticEventSubscriber/LOADING]: Auto-subscribing net.mcreator.iceandfirecurios.init.IceandfireCuriosModEntities to MOD
[30Aug2025 17:29:46.191] [modloading-worker-0/DEBUG] [net.minecraftforge.fml.javafmlmod.AutomaticEventSubscriber/LOADING]: Auto-subscribing net.mcreator.iceandfirecurios.init.IceandfireCuriosModCustomCuriosSlots to MOD
[30Aug2025 17:29:46.192] [modloading-worker-0/DEBUG] [net.minecraftforge.fml.javafmlmod.AutomaticEventSubscriber/LOADING]: Auto-subscribing net.mcreator.iceandfirecurios.init.IceandfireCuriosModCuriosSlots to MOD
[30Aug2025 17:29:46.195] [modloading-worker-0/DEBUG] [net.minecraftforge.fml.javafmlmod.AutomaticEventSubscriber/LOADING]: Auto-subscribing net.mcreator.iceandfirecurios.init.IceandfireCuriosModCuriosRenderers to MOD
[30Aug2025 17:29:46.197] [main/DEBUG] [net.minecraftforge.fml.DeferredWorkQueue/LOADING]: Dispatching synchronous work for work queue CONSTRUCT: 4 jobs
[30Aug2025 17:29:46.208] [main/DEBUG] [net.minecraftforge.fml.DeferredWorkQueue/LOADING]: Synchronous work queue completed in 8.243 ms
[30Aug2025 17:29:46.237] [main/DEBUG] [net.minecraftforge.fml.config.ConfigTracker/CONFIG]: Config file cofh_core-common.toml for cofh_core tracking
[30Aug2025 17:29:46.241] [main/DEBUG] [SpectreLib/CONFIG]: Loading global configs
[30Aug2025 17:29:46.245] [main/DEBUG] [SpectreLib/]: Loaded com.illusivesoulworks.spectrelib.platform.ForgeConfigHelper@3b887e2b for service interface com.illusivesoulworks.spectrelib.platform.services.IConfigHelper
[30Aug2025 17:29:46.246] [main/DEBUG] [SpectreLib/CONFIG]: Built TOML config for /workspaces/server-mc-1.20.1/servidor_minecraft/config/comforts-server.toml
[30Aug2025 17:29:46.249] [main/DEBUG] [SpectreLib/CONFIG]: Loaded TOML config file /workspaces/server-mc-1.20.1/servidor_minecraft/config/comforts-server.toml
[30Aug2025 17:29:46.254] [main/DEBUG] [SpectreLib/CONFIG]: Built TOML config for /workspaces/server-mc-1.20.1/servidor_minecraft/config/charmofundying-server.toml
[30Aug2025 17:29:46.254] [main/DEBUG] [SpectreLib/CONFIG]: Loaded TOML config file /workspaces/server-mc-1.20.1/servidor_minecraft/config/charmofundying-server.toml
[30Aug2025 17:29:46.420] [main/DEBUG] [net.minecraftforge.common.capabilities.CapabilityManager/CAPABILITIES]: Attempting to automatically register: Lcom/aizistral/enigmaticlegacy/api/capabilities/IPlaytimeCounter;
[30Aug2025 17:29:46.421] [main/DEBUG] [net.minecraftforge.common.capabilities.CapabilityManager/CAPABILITIES]: Attempting to automatically register: Lnet/minecraftforge/energy/IEnergyStorage;
[30Aug2025 17:29:46.421] [main/DEBUG] [net.minecraftforge.common.capabilities.CapabilityManager/CAPABILITIES]: Attempting to automatically register: Lnet/minecraftforge/fluids/capability/IFluidHandler;
[30Aug2025 17:29:46.421] [main/DEBUG] [net.minecraftforge.common.capabilities.CapabilityManager/CAPABILITIES]: Attempting to automatically register: Lnet/minecraftforge/fluids/capability/IFluidHandlerItem;
[30Aug2025 17:29:46.421] [main/DEBUG] [net.minecraftforge.common.capabilities.CapabilityManager/CAPABILITIES]: Attempting to automatically register: Lnet/minecraftforge/items/IItemHandler;
[30Aug2025 17:29:46.607] [main/ERROR] [treasure2/]: java.lang.reflect.InvocationTargetException
[30Aug2025 17:29:46.609] [main/ERROR] [treasure2/]: java.lang.reflect.InvocationTargetException
[30Aug2025 17:29:46.611] [main/ERROR] [treasure2/]: java.lang.reflect.InvocationTargetException
[30Aug2025 17:29:46.612] [main/ERROR] [treasure2/]: java.lang.reflect.InvocationTargetException
[30Aug2025 17:29:46.613] [main/ERROR] [treasure2/]: java.lang.reflect.InvocationTargetException
[30Aug2025 17:29:46.615] [main/ERROR] [treasure2/]: java.lang.reflect.InvocationTargetException
[30Aug2025 17:29:46.618] [main/ERROR] [treasure2/]: java.lang.reflect.InvocationTargetException
[30Aug2025 17:29:46.619] [main/ERROR] [treasure2/]: java.lang.reflect.InvocationTargetException
[30Aug2025 17:29:46.622] [main/ERROR] [treasure2/]: java.lang.reflect.InvocationTargetException
[30Aug2025 17:29:46.629] [main/ERROR] [treasure2/]: java.lang.reflect.InvocationTargetException
[30Aug2025 17:29:46.634] [main/ERROR] [treasure2/]: java.lang.reflect.InvocationTargetException
[30Aug2025 17:29:46.639] [main/ERROR] [treasure2/]: java.lang.reflect.InvocationTargetException
[30Aug2025 17:29:46.641] [main/ERROR] [treasure2/]: java.lang.reflect.InvocationTargetException
[30Aug2025 17:29:46.642] [main/ERROR] [treasure2/]: java.lang.reflect.InvocationTargetException
[30Aug2025 17:29:46.647] [main/ERROR] [treasure2/]: java.lang.reflect.InvocationTargetException
[30Aug2025 17:29:46.650] [main/ERROR] [treasure2/]: java.lang.reflect.InvocationTargetException
[30Aug2025 17:29:46.652] [main/ERROR] [treasure2/]: java.lang.reflect.InvocationTargetException
[30Aug2025 17:29:46.653] [main/ERROR] [treasure2/]: java.lang.reflect.InvocationTargetException
[30Aug2025 17:29:46.654] [main/ERROR] [treasure2/]: java.lang.reflect.InvocationTargetException
[30Aug2025 17:29:46.656] [main/ERROR] [treasure2/]: java.lang.reflect.InvocationTargetException
[30Aug2025 17:29:46.658] [main/ERROR] [treasure2/]: java.lang.reflect.InvocationTargetException
[30Aug2025 17:29:47.126] [main/DEBUG] [com.tterrag.registrate.AbstractRegistrate/REGISTRATE.REGISTER]: (l2damagetracker) Registering 8 known objects of type minecraft:attribute
[30Aug2025 17:29:47.130] [main/DEBUG] [com.tterrag.registrate.AbstractRegistrate/REGISTRATE.REGISTER]: Registered l2damagetracker:crit_rate to registry minecraft:attribute
[30Aug2025 17:29:47.130] [main/DEBUG] [com.tterrag.registrate.AbstractRegistrate/REGISTRATE.REGISTER]: Registered l2damagetracker:crit_damage to registry minecraft:attribute
[30Aug2025 17:29:47.130] [main/DEBUG] [com.tterrag.registrate.AbstractRegistrate/REGISTRATE.REGISTER]: Registered l2damagetracker:bow_strength to registry minecraft:attribute
[30Aug2025 17:29:47.130] [main/DEBUG] [com.tterrag.registrate.AbstractRegistrate/REGISTRATE.REGISTER]: Registered l2damagetracker:explosion_damage to registry minecraft:attribute
[30Aug2025 17:29:47.132] [main/DEBUG] [com.tterrag.registrate.AbstractRegistrate/REGISTRATE.REGISTER]: Registered l2damagetracker:fire_damage to registry minecraft:attribute
[30Aug2025 17:29:47.132] [main/DEBUG] [com.tterrag.registrate.AbstractRegistrate/REGISTRATE.REGISTER]: Registered l2damagetracker:magic_damage to registry minecraft:attribute
[30Aug2025 17:29:47.133] [main/DEBUG] [com.tterrag.registrate.AbstractRegistrate/REGISTRATE.REGISTER]: Registered l2damagetracker:damage_absorption to registry minecraft:attribute
[30Aug2025 17:29:47.133] [main/DEBUG] [com.tterrag.registrate.AbstractRegistrate/REGISTRATE.REGISTER]: Registered l2damagetracker:damage_reduction to registry minecraft:attribute
[30Aug2025 17:29:47.154] [main/DEBUG] [com.tterrag.registrate.AbstractRegistrate/REGISTRATE.REGISTER]: (modulargolems) Registering 4 known objects of type minecraft:attribute
[30Aug2025 17:29:47.154] [main/DEBUG] [com.tterrag.registrate.AbstractRegistrate/REGISTRATE.REGISTER]: Registered modulargolems:golem_regen to registry minecraft:attribute
[30Aug2025 17:29:47.155] [main/DEBUG] [com.tterrag.registrate.AbstractRegistrate/REGISTRATE.REGISTER]: Registered modulargolems:golem_sweep to registry minecraft:attribute
[30Aug2025 17:29:47.155] [main/DEBUG] [com.tterrag.registrate.AbstractRegistrate/REGISTRATE.REGISTER]: Registered modulargolems:golem_size to registry minecraft:attribute
[30Aug2025 17:29:47.155] [main/DEBUG] [com.tterrag.registrate.AbstractRegistrate/REGISTRATE.REGISTER]: Registered modulargolems:golem_jump to registry minecraft:attribute
[30Aug2025 17:29:47.195] [main/DEBUG] [com.tterrag.registrate.AbstractRegistrate/REGISTRATE.REGISTER]: (modulargolems) Registering 1 known objects of type minecraft:mob_effect
[30Aug2025 17:29:47.196] [main/DEBUG] [com.tterrag.registrate.AbstractRegistrate/REGISTRATE.REGISTER]: Registered modulargolems:maledictus_rage to registry minecraft:mob_effect
[30Aug2025 17:29:47.218] [main/INFO] [treasure2/]: colliding particle data creating from coords, deserializer...
[30Aug2025 17:29:47.218] [main/INFO] [treasure2/]: colliding particle data creating from coords, deserializer...
[30Aug2025 17:29:47.510] [main/DEBUG] [software.bernie.geckolib.GeckoLib/]: Registered SyncedAnimatable for class marejan.lategamegolems.items.LaserItem
[30Aug2025 17:29:47.511] [main/DEBUG] [software.bernie.geckolib.GeckoLib/]: Registered SyncedAnimatable for class marejan.lategamegolems.items.LanternBothItem
[30Aug2025 17:29:47.511] [main/DEBUG] [software.bernie.geckolib.GeckoLib/]: Registered SyncedAnimatable for class marejan.lategamegolems.items.LanternRightItem
[30Aug2025 17:29:47.512] [main/DEBUG] [software.bernie.geckolib.GeckoLib/]: Registered SyncedAnimatable for class marejan.lategamegolems.items.LanternLeftItem
[30Aug2025 17:29:47.512] [main/DEBUG] [software.bernie.geckolib.GeckoLib/]: Registered SyncedAnimatable for class marejan.lategamegolems.items.PlasmaCannonItem
[30Aug2025 17:29:47.519] [main/DEBUG] [software.bernie.geckolib.GeckoLib/]: Registered SyncedAnimatable for class marejan.lategamegolems.items.MinigunItem
[30Aug2025 17:29:47.551] [main/DEBUG] [software.bernie.geckolib.GeckoLib/]: Registered SyncedAnimatable for class com.bobmowzie.mowziesmobs.server.item.ItemEarthrendGauntlet
[30Aug2025 17:29:47.551] [main/DEBUG] [software.bernie.geckolib.GeckoLib/]: Registered SyncedAnimatable for class com.bobmowzie.mowziesmobs.server.item.ItemSculptorStaff
[30Aug2025 17:29:47.584] [main/DEBUG] [mixin/]: Mixing gamerule.BooleanValueInvoker from mixins.artifacts.common.json into net.minecraft.world.level.GameRules$BooleanValue
[30Aug2025 17:29:47.585] [main/DEBUG] [mixin/]: Renaming @Invoker method invokeCreate(ZLjava/util/function/BiConsumer;)Lnet/minecraft/world/level/GameRules$Type; to invokeCreate_$md$915be7$0 in mixins.artifacts.common.json:gamerule.BooleanValueInvoker
[30Aug2025 17:29:47.596] [main/DEBUG] [mixin/]: Mixing gamerule.IntegerValueInvoker from mixins.artifacts.common.json into net.minecraft.world.level.GameRules$IntegerValue
[30Aug2025 17:29:47.596] [main/DEBUG] [mixin/]: Renaming @Invoker method invokeCreate(ILjava/util/function/BiConsumer;)Lnet/minecraft/world/level/GameRules$Type; to invokeCreate_$md$915be7$0 in mixins.artifacts.common.json:gamerule.IntegerValueInvoker
[30Aug2025 17:29:47.684] [main/DEBUG] [com.tterrag.registrate.AbstractRegistrate/REGISTRATE.REGISTER]: (modulargolems) Registering 100 known objects of type minecraft:item
[30Aug2025 17:29:47.685] [main/DEBUG] [com.tterrag.registrate.AbstractRegistrate/REGISTRATE.REGISTER]: Registered modulargolems:metal_golem_template to registry minecraft:item
[30Aug2025 17:29:47.685] [main/DEBUG] [com.tterrag.registrate.AbstractRegistrate/REGISTRATE.REGISTER]: Registered modulargolems:retrieval_wand to registry minecraft:item
[30Aug2025 17:29:47.686] [main/DEBUG] [com.tterrag.registrate.AbstractRegistrate/REGISTRATE.REGISTER]: Registered modulargolems:command_wand to registry minecraft:item
[30Aug2025 17:29:47.686] [main/DEBUG] [com.tterrag.registrate.AbstractRegistrate/REGISTRATE.REGISTER]: Registered modulargolems:summon_wand to registry minecraft:item
[30Aug2025 17:29:47.687] [main/DEBUG] [com.tterrag.registrate.AbstractRegistrate/REGISTRATE.REGISTER]: Registered modulargolems:rider_wand to registry minecraft:item
[30Aug2025 17:29:47.687] [main/DEBUG] [com.tterrag.registrate.AbstractRegistrate/REGISTRATE.REGISTER]: Registered modulargolems:squad_wand to registry minecraft:item
[30Aug2025 17:29:47.687] [main/DEBUG] [com.tterrag.registrate.AbstractRegistrate/REGISTRATE.REGISTER]: Registered modulargolems:omnipotent_wand_command to registry minecraft:item
[30Aug2025 17:29:47.688] [main/DEBUG] [com.tterrag.registrate.AbstractRegistrate/REGISTRATE.REGISTER]: Registered modulargolems:omnipotent_wand_retrieval to registry minecraft:item
[30Aug2025 17:29:47.688] [main/DEBUG] [com.tterrag.registrate.AbstractRegistrate/REGISTRATE.REGISTER]: Registered modulargolems:omnipotent_wand_summon to registry minecraft:item
[30Aug2025 17:29:47.688] [main/DEBUG] [com.tterrag.registrate.AbstractRegistrate/REGISTRATE.REGISTER]: Registered modulargolems:omnipotent_wand_rider to registry minecraft:item
[30Aug2025 17:29:47.688] [main/DEBUG] [com.tterrag.registrate.AbstractRegistrate/REGISTRATE.REGISTER]: Registered modulargolems:omnipotent_wand_squad to registry minecraft:item
[30Aug2025 17:29:47.692] [main/DEBUG] [com.tterrag.registrate.AbstractRegistrate/REGISTRATE.REGISTER]: Registered modulargolems:roman_guard_helmet to registry minecraft:item
[30Aug2025 17:29:47.693] [main/DEBUG] [com.tterrag.registrate.AbstractRegistrate/REGISTRATE.REGISTER]: Registered modulargolems:roman_guard_chestplate to registry minecraft:item
[30Aug2025 17:29:47.693] [main/DEBUG] [com.tterrag.registrate.AbstractRegistrate/REGISTRATE.REGISTER]: Registered modulargolems:roman_guard_shinguard to registry minecraft:item
[30Aug2025 17:29:47.693] [main/DEBUG] [com.tterrag.registrate.AbstractRegistrate/REGISTRATE.REGISTER]: Registered modulargolems:wind_spirit_helmet to registry minecraft:item
[30Aug2025 17:29:47.693] [main/DEBUG] [com.tterrag.registrate.AbstractRegistrate/REGISTRATE.REGISTER]: Registered modulargolems:wind_spirit_chestplate to registry minecraft:item
[30Aug2025 17:29:47.694] [main/DEBUG] [com.tterrag.registrate.AbstractRegistrate/REGISTRATE.REGISTER]: Registered modulargolems:wind_spirit_shinguard to registry minecraft:item
[30Aug2025 17:29:47.694] [main/DEBUG] [com.tterrag.registrate.AbstractRegistrate/REGISTRATE.REGISTER]: Registered modulargolems:barbaric_vanguard_helmet to registry minecraft:item
[30Aug2025 17:29:47.694] [main/DEBUG] [com.tterrag.registrate.AbstractRegistrate/REGISTRATE.REGISTER]: Registered modulargolems:barbaric_vanguard_chestplate to registry minecraft:item
[30Aug2025 17:29:47.694] [main/DEBUG] [com.tterrag.registrate.AbstractRegistrate/REGISTRATE.REGISTER]: Registered modulargolems:barbaric_vanguard_shinguard to registry minecraft:item
[30Aug2025 17:29:47.696] [main/DEBUG] [com.tterrag.registrate.AbstractRegistrate/REGISTRATE.REGISTER]: Registered modulargolems:iron_golem_spear to registry minecraft:item
[30Aug2025 17:29:47.696] [main/DEBUG] [com.tterrag.registrate.AbstractRegistrate/REGISTRATE.REGISTER]: Registered modulargolems:diamond_golem_spear to registry minecraft:item
[30Aug2025 17:29:47.697] [main/DEBUG] [com.tterrag.registrate.AbstractRegistrate/REGISTRATE.REGISTER]: Registered modulargolems:netherite_golem_spear to registry minecraft:item
[30Aug2025 17:29:47.697] [main/DEBUG] [com.tterrag.registrate.AbstractRegistrate/REGISTRATE.REGISTER]: Registered modulargolems:iron_golem_axe to registry minecraft:item
[30Aug2025 17:29:47.697] [main/DEBUG] [com.tterrag.registrate.AbstractRegistrate/REGISTRATE.REGISTER]: Registered modulargolems:diamond_golem_axe to registry minecraft:item
[30Aug2025 17:29:47.698] [main/DEBUG] [com.tterrag.registrate.AbstractRegistrate/REGISTRATE.REGISTER]: Registered modulargolems:netherite_golem_axe to registry minecraft:item
[30Aug2025 17:29:47.698] [main/DEBUG] [com.tterrag.registrate.AbstractRegistrate/REGISTRATE.REGISTER]: Registered modulargolems:iron_golem_sword to registry minecraft:item
[30Aug2025 17:29:47.698] [main/DEBUG] [com.tterrag.registrate.AbstractRegistrate/REGISTRATE.REGISTER]: Registered modulargolems:diamond_golem_sword to registry minecraft:item
[30Aug2025 17:29:47.698] [main/DEBUG] [com.tterrag.registrate.AbstractRegistrate/REGISTRATE.REGISTER]: Registered modulargolems:netherite_golem_sword to registry minecraft:item
[30Aug2025 17:29:47.699] [main/DEBUG] [com.tterrag.registrate.AbstractRegistrate/REGISTRATE.REGISTER]: Registered modulargolems:golem_beacon_level_1 to registry minecraft:item
[30Aug2025 17:29:47.699] [main/DEBUG] [com.tterrag.registrate.AbstractRegistrate/REGISTRATE.REGISTER]: Registered modulargolems:golem_beacon_level_2 to registry minecraft:item
[30Aug2025 17:29:47.699] [main/DEBUG] [com.tterrag.registrate.AbstractRegistrate/REGISTRATE.REGISTER]: Registered modulargolems:golem_beacon_level_3 to registry minecraft:item
[30Aug2025 17:29:47.699] [main/DEBUG] [com.tterrag.registrate.AbstractRegistrate/REGISTRATE.REGISTER]: Registered modulargolems:golem_beacon_level_4 to registry minecraft:item
[30Aug2025 17:29:47.700] [main/DEBUG] [com.tterrag.registrate.AbstractRegistrate/REGISTRATE.REGISTER]: Registered modulargolems:golem_beacon_level_5 to registry minecraft:item
[30Aug2025 17:29:47.701] [main/DEBUG] [com.tterrag.registrate.AbstractRegistrate/REGISTRATE.REGISTER]: Registered modulargolems:white_config_card to registry minecraft:item
[30Aug2025 17:29:47.701] [main/DEBUG] [com.tterrag.registrate.AbstractRegistrate/REGISTRATE.REGISTER]: Registered modulargolems:orange_config_card to registry minecraft:item
[30Aug2025 17:29:47.702] [main/DEBUG] [com.tterrag.registrate.AbstractRegistrate/REGISTRATE.REGISTER]: Registered modulargolems:magenta_config_card to registry minecraft:item
[30Aug2025 17:29:47.702] [main/DEBUG] [com.tterrag.registrate.AbstractRegistrate/REGISTRATE.REGISTER]: Registered modulargolems:light_blue_config_card to registry minecraft:item
[30Aug2025 17:29:47.702] [main/DEBUG] [com.tterrag.registrate.AbstractRegistrate/REGISTRATE.REGISTER]: Registered modulargolems:yellow_config_card to registry minecraft:item
[30Aug2025 17:29:47.702] [main/DEBUG] [com.tterrag.registrate.AbstractRegistrate/REGISTRATE.REGISTER]: Registered modulargolems:lime_config_card to registry minecraft:item
[30Aug2025 17:29:47.702] [main/DEBUG] [com.tterrag.registrate.AbstractRegistrate/REGISTRATE.REGISTER]: Registered modulargolems:pink_config_card to registry minecraft:item
[30Aug2025 17:29:47.702] [main/DEBUG] [com.tterrag.registrate.AbstractRegistrate/REGISTRATE.REGISTER]: Registered modulargolems:gray_config_card to registry minecraft:item
[30Aug2025 17:29:47.703] [main/DEBUG] [com.tterrag.registrate.AbstractRegistrate/REGISTRATE.REGISTER]: Registered modulargolems:light_gray_config_card to registry minecraft:item
[30Aug2025 17:29:47.703] [main/DEBUG] [com.tterrag.registrate.AbstractRegistrate/REGISTRATE.REGISTER]: Registered modulargolems:cyan_config_card to registry minecraft:item
[30Aug2025 17:29:47.703] [main/DEBUG] [com.tterrag.registrate.AbstractRegistrate/REGISTRATE.REGISTER]: Registered modulargolems:purple_config_card to registry minecraft:item
[30Aug2025 17:29:47.703] [main/DEBUG] [com.tterrag.registrate.AbstractRegistrate/REGISTRATE.REGISTER]: Registered modulargolems:blue_config_card to registry minecraft:item
[30Aug2025 17:29:47.703] [main/DEBUG] [com.tterrag.registrate.AbstractRegistrate/REGISTRATE.REGISTER]: Registered modulargolems:brown_config_card to registry minecraft:item
[30Aug2025 17:29:47.703] [main/DEBUG] [com.tterrag.registrate.AbstractRegistrate/REGISTRATE.REGISTER]: Registered modulargolems:green_config_card to registry minecraft:item
[30Aug2025 17:29:47.703] [main/DEBUG] [com.tterrag.registrate.AbstractRegistrate/REGISTRATE.REGISTER]: Registered modulargolems:red_config_card to registry minecraft:item
[30Aug2025 17:29:47.703] [main/DEBUG] [com.tterrag.registrate.AbstractRegistrate/REGISTRATE.REGISTER]: Registered modulargolems:black_config_card to registry minecraft:item
[30Aug2025 17:29:47.704] [main/DEBUG] [com.tterrag.registrate.AbstractRegistrate/REGISTRATE.REGISTER]: Registered modulargolems:target_filter_name to registry minecraft:item
[30Aug2025 17:29:47.704] [main/DEBUG] [com.tterrag.registrate.AbstractRegistrate/REGISTRATE.REGISTER]: Registered modulargolems:target_filter_type to registry minecraft:item
[30Aug2025 17:29:47.705] [main/DEBUG] [com.tterrag.registrate.AbstractRegistrate/REGISTRATE.REGISTER]: Registered modulargolems:target_filter_uuid to registry minecraft:item
[30Aug2025 17:29:47.705] [main/DEBUG] [com.tterrag.registrate.AbstractRegistrate/REGISTRATE.REGISTER]: Registered modulargolems:target_filter_default to registry minecraft:item
[30Aug2025 17:29:47.705] [main/DEBUG] [com.tterrag.registrate.AbstractRegistrate/REGISTRATE.REGISTER]: Registered modulargolems:patrol_path_recorder to registry minecraft:item
[30Aug2025 17:29:47.706] [main/DEBUG] [com.tterrag.registrate.AbstractRegistrate/REGISTRATE.REGISTER]: Registered modulargolems:empty_upgrade to registry minecraft:item
[30Aug2025 17:29:47.706] [main/DEBUG] [com.tterrag.registrate.AbstractRegistrate/REGISTRATE.REGISTER]: Registered modulargolems:fire_immune to registry minecraft:item
[30Aug2025 17:29:47.706] [main/DEBUG] [com.tterrag.registrate.AbstractRegistrate/REGISTRATE.REGISTER]: Registered modulargolems:thunder_immune to registry minecraft:item
[30Aug2025 17:29:47.707] [main/DEBUG] [com.tterrag.registrate.AbstractRegistrate/REGISTRATE.REGISTER]: Registered modulargolems:recycle to registry minecraft:item
[30Aug2025 17:29:47.707] [main/DEBUG] [com.tterrag.registrate.AbstractRegistrate/REGISTRATE.REGISTER]: Registered modulargolems:diamond to registry minecraft:item
[30Aug2025 17:29:47.707] [main/DEBUG] [com.tterrag.registrate.AbstractRegistrate/REGISTRATE.REGISTER]: Registered modulargolems:netherite to registry minecraft:item
[30Aug2025 17:29:47.707] [main/DEBUG] [com.tterrag.registrate.AbstractRegistrate/REGISTRATE.REGISTER]: Registered modulargolems:quartz to registry minecraft:item
[30Aug2025 17:29:47.707] [main/DEBUG] [com.tterrag.registrate.AbstractRegistrate/REGISTRATE.REGISTER]: Registered modulargolems:gold to registry minecraft:item
[30Aug2025 17:29:47.708] [main/DEBUG] [com.tterrag.registrate.AbstractRegistrate/REGISTRATE.REGISTER]: Registered modulargolems:enchanted_gold to registry minecraft:item
[30Aug2025 17:29:47.708] [main/DEBUG] [com.tterrag.registrate.AbstractRegistrate/REGISTRATE.REGISTER]: Registered modulargolems:float to registry minecraft:item
[30Aug2025 17:29:47.708] [main/DEBUG] [com.tterrag.registrate.AbstractRegistrate/REGISTRATE.REGISTER]: Registered modulargolems:sponge to registry minecraft:item
[30Aug2025 17:29:47.708] [main/DEBUG] [com.tterrag.registrate.AbstractRegistrate/REGISTRATE.REGISTER]: Registered modulargolems:swim to registry minecraft:item
[30Aug2025 17:29:47.708] [main/DEBUG] [com.tterrag.registrate.AbstractRegistrate/REGISTRATE.REGISTER]: Registered modulargolems:player to registry minecraft:item
[30Aug2025 17:29:47.708] [main/DEBUG] [com.tterrag.registrate.AbstractRegistrate/REGISTRATE.REGISTER]: Registered modulargolems:ender_sight to registry minecraft:item
[30Aug2025 17:29:47.709] [main/DEBUG] [com.tterrag.registrate.AbstractRegistrate/REGISTRATE.REGISTER]: Registered modulargolems:bell to registry minecraft:item
[30Aug2025 17:29:47.709] [main/DEBUG] [com.tterrag.registrate.AbstractRegistrate/REGISTRATE.REGISTER]: Registered modulargolems:speed to registry minecraft:item
[30Aug2025 17:29:47.709] [main/DEBUG] [com.tterrag.registrate.AbstractRegistrate/REGISTRATE.REGISTER]: Registered modulargolems:slow to registry minecraft:item
[30Aug2025 17:29:47.709] [main/DEBUG] [com.tterrag.registrate.AbstractRegistrate/REGISTRATE.REGISTER]: Registered modulargolems:weak to registry minecraft:item
[30Aug2025 17:29:47.709] [main/DEBUG] [com.tterrag.registrate.AbstractRegistrate/REGISTRATE.REGISTER]: Registered modulargolems:wither to registry minecraft:item
[30Aug2025 17:29:47.710] [main/DEBUG] [com.tterrag.registrate.AbstractRegistrate/REGISTRATE.REGISTER]: Registered modulargolems:emerald to registry minecraft:item
[30Aug2025 17:29:47.710] [main/DEBUG] [com.tterrag.registrate.AbstractRegistrate/REGISTRATE.REGISTER]: Registered modulargolems:pickup to registry minecraft:item
[30Aug2025 17:29:47.710] [main/DEBUG] [com.tterrag.registrate.AbstractRegistrate/REGISTRATE.REGISTER]: Registered modulargolems:pickup_mending to registry minecraft:item
[30Aug2025 17:29:47.710] [main/DEBUG] [com.tterrag.registrate.AbstractRegistrate/REGISTRATE.REGISTER]: Registered modulargolems:pickup_no_destroy to registry minecraft:item
[30Aug2025 17:29:47.710] [main/DEBUG] [com.tterrag.registrate.AbstractRegistrate/REGISTRATE.REGISTER]: Registered modulargolems:talented to registry minecraft:item
[30Aug2025 17:29:47.711] [main/DEBUG] [com.tterrag.registrate.AbstractRegistrate/REGISTRATE.REGISTER]: Registered modulargolems:cauldron to registry minecraft:item
[30Aug2025 17:29:47.711] [main/DEBUG] [com.tterrag.registrate.AbstractRegistrate/REGISTRATE.REGISTER]: Registered modulargolems:mount_upgrade to registry minecraft:item
[30Aug2025 17:29:47.711] [main/DEBUG] [com.tterrag.registrate.AbstractRegistrate/REGISTRATE.REGISTER]: Registered modulargolems:size_upgrade to registry minecraft:item
[30Aug2025 17:29:47.711] [main/DEBUG] [com.tterrag.registrate.AbstractRegistrate/REGISTRATE.REGISTER]: Registered modulargolems:leviathan_blast_portal to registry minecraft:item
[30Aug2025 17:29:47.711] [main/DEBUG] [com.tterrag.registrate.AbstractRegistrate/REGISTRATE.REGISTER]: Registered modulargolems:ender_guardian_void_rune to registry minecraft:item
[30Aug2025 17:29:47.711] [main/DEBUG] [com.tterrag.registrate.AbstractRegistrate/REGISTRATE.REGISTER]: Registered modulargolems:netherite_monstrosity_earthquake to registry minecraft:item
[30Aug2025 17:29:47.712] [main/DEBUG] [com.tterrag.registrate.AbstractRegistrate/REGISTRATE.REGISTER]: Registered modulargolems:ancient_remnant_sandstorm to registry minecraft:item
[30Aug2025 17:29:47.712] [main/DEBUG] [com.tterrag.registrate.AbstractRegistrate/REGISTRATE.REGISTER]: Registered modulargolems:wroughtnaut_ingot to registry minecraft:item
[30Aug2025 17:29:47.712] [main/DEBUG] [com.tterrag.registrate.AbstractRegistrate/REGISTRATE.REGISTER]: Registered modulargolems:wroughtnaut to registry minecraft:item
[30Aug2025 17:29:47.713] [main/DEBUG] [com.tterrag.registrate.AbstractRegistrate/REGISTRATE.REGISTER]: Registered modulargolems:metal_golem_holder to registry minecraft:item
[30Aug2025 17:29:47.713] [main/DEBUG] [com.tterrag.registrate.AbstractRegistrate/REGISTRATE.REGISTER]: Registered modulargolems:humanoid_golem_holder to registry minecraft:item
[30Aug2025 17:29:47.713] [main/DEBUG] [com.tterrag.registrate.AbstractRegistrate/REGISTRATE.REGISTER]: Registered modulargolems:dog_golem_holder to registry minecraft:item
[30Aug2025 17:29:47.714] [main/DEBUG] [com.tterrag.registrate.AbstractRegistrate/REGISTRATE.REGISTER]: Registered modulargolems:metal_golem_body to registry minecraft:item
[30Aug2025 17:29:47.714] [main/DEBUG] [com.tterrag.registrate.AbstractRegistrate/REGISTRATE.REGISTER]: Registered modulargolems:metal_golem_arm to registry minecraft:item
[30Aug2025 17:29:47.715] [main/DEBUG] [com.tterrag.registrate.AbstractRegistrate/REGISTRATE.REGISTER]: Registered modulargolems:metal_golem_legs to registry minecraft:item
[30Aug2025 17:29:47.715] [main/DEBUG] [com.tterrag.registrate.AbstractRegistrate/REGISTRATE.REGISTER]: Registered modulargolems:humanoid_golem_body to registry minecraft:item
[30Aug2025 17:29:47.716] [main/DEBUG] [com.tterrag.registrate.AbstractRegistrate/REGISTRATE.REGISTER]: Registered modulargolems:humanoid_golem_arms to registry minecraft:item
[30Aug2025 17:29:47.716] [main/DEBUG] [com.tterrag.registrate.AbstractRegistrate/REGISTRATE.REGISTER]: Registered modulargolems:humanoid_golem_legs to registry minecraft:item
[30Aug2025 17:29:47.716] [main/DEBUG] [com.tterrag.registrate.AbstractRegistrate/REGISTRATE.REGISTER]: Registered modulargolems:dog_golem_body to registry minecraft:item
[30Aug2025 17:29:47.717] [main/DEBUG] [com.tterrag.registrate.AbstractRegistrate/REGISTRATE.REGISTER]: Registered modulargolems:dog_golem_legs to registry minecraft:item
[30Aug2025 17:29:47.717] [main/DEBUG] [com.tterrag.registrate.AbstractRegistrate/REGISTRATE.REGISTER]: Registered modulargolems:golem_facade to registry minecraft:item
[30Aug2025 17:29:47.738] [main/DEBUG] [software.bernie.geckolib.GeckoLib/]: Registered SyncedAnimatable for class com.cyanogen.experienceobelisk.item.ExperienceObeliskItem
[30Aug2025 17:29:47.739] [main/DEBUG] [software.bernie.geckolib.GeckoLib/]: Registered SyncedAnimatable for class com.cyanogen.experienceobelisk.item.ExperienceFountainItem
[30Aug2025 17:29:47.871] [main/DEBUG] [com.tterrag.registrate.AbstractRegistrate/REGISTRATE.REGISTER]: (mob_weapon_api) Registering 1 known objects of type minecraft:item
[30Aug2025 17:29:47.873] [main/DEBUG] [com.tterrag.registrate.AbstractRegistrate/REGISTRATE.REGISTER]: Registered mob_weapon_api:laser_gatling to registry minecraft:item
[30Aug2025 17:29:48.564] [main/DEBUG] [mixin/]: Mixing EntityAxeAttackMixin from modulargolems.mixins.json into com.bobmowzie.mowziesmobs.server.entity.effects.EntityAxeAttack
[30Aug2025 17:29:48.603] [main/DEBUG] [dev.architectury.core.item.ArchitecturySpawnEggItem/]: Registering spawn egg mimic_spawn_egg for artifacts:mimic
[30Aug2025 17:29:48.657] [main/DEBUG] [com.tterrag.registrate.AbstractRegistrate/REGISTRATE.REGISTER]: (modulargolems) Registering 3 known objects of type minecraft:entity_type
[30Aug2025 17:29:48.657] [main/DEBUG] [com.tterrag.registrate.AbstractRegistrate/REGISTRATE.REGISTER]: Registered modulargolems:metal_golem to registry minecraft:entity_type
[30Aug2025 17:29:48.658] [main/DEBUG] [com.tterrag.registrate.AbstractRegistrate/REGISTRATE.REGISTER]: Registered modulargolems:humanoid_golem to registry minecraft:entity_type
[30Aug2025 17:29:48.658] [main/DEBUG] [com.tterrag.registrate.AbstractRegistrate/REGISTRATE.REGISTER]: Registered modulargolems:dog_golem to registry minecraft:entity_type
[30Aug2025 17:29:49.225] [main/DEBUG] [Dis-Enchanting Table/]: Loaded forge.com.cursee.disenchanting_table.platform.ForgePlatformHelper@3b9f3db5 for service interface forge.com.cursee.disenchanting_table.platform.services.IPlatformHelper
[30Aug2025 17:29:49.229] [main/DEBUG] [com.tterrag.registrate.AbstractRegistrate/REGISTRATE.REGISTER]: (l2tabs) Registering 1 known objects of type minecraft:menu
[30Aug2025 17:29:49.232] [main/DEBUG] [com.tterrag.registrate.AbstractRegistrate/REGISTRATE.REGISTER]: Registered l2tabs:curios to registry minecraft:menu
[30Aug2025 17:29:49.268] [main/DEBUG] [com.tterrag.registrate.AbstractRegistrate/REGISTRATE.REGISTER]: (modulargolems) Registering 6 known objects of type minecraft:menu
[30Aug2025 17:29:49.268] [main/DEBUG] [com.tterrag.registrate.AbstractRegistrate/REGISTRATE.REGISTER]: Registered modulargolems:equipments to registry minecraft:menu
[30Aug2025 17:29:49.268] [main/DEBUG] [com.tterrag.registrate.AbstractRegistrate/REGISTRATE.REGISTER]: Registered modulargolems:config_toggle to registry minecraft:menu
[30Aug2025 17:29:49.268] [main/DEBUG] [com.tterrag.registrate.AbstractRegistrate/REGISTRATE.REGISTER]: Registered modulargolems:config_pickup to registry minecraft:menu
[30Aug2025 17:29:49.269] [main/DEBUG] [com.tterrag.registrate.AbstractRegistrate/REGISTRATE.REGISTER]: Registered modulargolems:config_target to registry minecraft:menu
[30Aug2025 17:29:49.269] [main/DEBUG] [com.tterrag.registrate.AbstractRegistrate/REGISTRATE.REGISTER]: Registered modulargolems:config_path to registry minecraft:menu
[30Aug2025 17:29:49.269] [main/DEBUG] [com.tterrag.registrate.AbstractRegistrate/REGISTRATE.REGISTER]: Registered modulargolems:golem_curios to registry minecraft:menu
[30Aug2025 17:29:49.352] [main/DEBUG] [bookshelf/]: Built 2 minecraft:recipe_serializer entries. Took 3.48ms.
[30Aug2025 17:29:49.358] [main/DEBUG] [mixin/]: Mixing AccessorSmithingTransformRecipe from patchouli_xplat.mixins.json into net.minecraft.world.item.crafting.SmithingTransformRecipe
[30Aug2025 17:29:49.358] [main/DEBUG] [mixin/]: Mixing SmithingTransformRecipeMixin from l2library.mixins.json into net.minecraft.world.item.crafting.SmithingTransformRecipe
[30Aug2025 17:29:49.359] [main/DEBUG] [mixin/]: l2library.mixins.json:SmithingTransformRecipeMixin: Class version 61 required is higher than the class version supported by the current version of Mixin (JAVA_16 supports class version 60)
[30Aug2025 17:29:49.360] [main/DEBUG] [mixin/]: Mixing AccessorSmithingTransformRecipe from polymorph.mixins.json into net.minecraft.world.item.crafting.SmithingTransformRecipe
[30Aug2025 17:29:49.365] [main/DEBUG] [mixin/]: Unexpected: Registered method getBase()Lnet/minecraft/world/item/crafting/Ingredient; in net.minecraft.world.item.crafting.SmithingTransformRecipe was not merged
[30Aug2025 17:29:49.367] [main/DEBUG] [mixin/]: Unexpected: Registered method getAddition()Lnet/minecraft/world/item/crafting/Ingredient; in net.minecraft.world.item.crafting.SmithingTransformRecipe was not merged
[30Aug2025 17:29:49.367] [main/DEBUG] [mixin/]: Unexpected: Registered method getTemplate()Lnet/minecraft/world/item/crafting/Ingredient; in net.minecraft.world.item.crafting.SmithingTransformRecipe was not merged
[30Aug2025 17:29:49.433] [main/DEBUG] [com.tterrag.registrate.AbstractRegistrate/REGISTRATE.REGISTER]: (modulargolems) Registering 2 known objects of type minecraft:recipe_serializer
[30Aug2025 17:29:49.435] [main/DEBUG] [com.tterrag.registrate.AbstractRegistrate/REGISTRATE.REGISTER]: Registered modulargolems:golem_assemble to registry minecraft:recipe_serializer
[30Aug2025 17:29:49.437] [main/DEBUG] [com.tterrag.registrate.AbstractRegistrate/REGISTRATE.REGISTER]: Registered modulargolems:golem_replace_part to registry minecraft:recipe_serializer
[30Aug2025 17:29:49.475] [main/DEBUG] [bookshelf/]: Built 2 minecraft:command_argument_type entries. Took 5.34ms.
[30Aug2025 17:29:49.921] [main/DEBUG] [com.tterrag.registrate.AbstractRegistrate/REGISTRATE.REGISTER]: (l2library) Registering 2 known objects of type minecraft:creative_mode_tab
[30Aug2025 17:29:49.922] [main/DEBUG] [com.tterrag.registrate.AbstractRegistrate/REGISTRATE.REGISTER]: Registered l2library:golem_items to registry minecraft:creative_mode_tab
[30Aug2025 17:29:49.924] [main/DEBUG] [com.tterrag.registrate.AbstractRegistrate/REGISTRATE.REGISTER]: Registered l2library:golems to registry minecraft:creative_mode_tab
[30Aug2025 17:29:50.042] [main/DEBUG] [com.tterrag.registrate.AbstractRegistrate/REGISTRATE.REGISTER]: (l2screentracker) Registering 3 known objects of type l2screentracker:item_source
[30Aug2025 17:29:50.043] [main/DEBUG] [com.tterrag.registrate.AbstractRegistrate/REGISTRATE.REGISTER]: Registered l2screentracker:inventory to registry l2screentracker:item_source
[30Aug2025 17:29:50.043] [main/DEBUG] [com.tterrag.registrate.AbstractRegistrate/REGISTRATE.REGISTER]: Registered l2screentracker:ender to registry l2screentracker:item_source
[30Aug2025 17:29:50.043] [main/DEBUG] [com.tterrag.registrate.AbstractRegistrate/REGISTRATE.REGISTER]: Registered l2screentracker:curios to registry l2screentracker:item_source
[30Aug2025 17:29:50.049] [main/DEBUG] [com.tterrag.registrate.AbstractRegistrate/REGISTRATE.REGISTER]: (l2screentracker) Registering 6 known objects of type l2screentracker:tracked_entry_type
[30Aug2025 17:29:50.049] [main/DEBUG] [com.tterrag.registrate.AbstractRegistrate/REGISTRATE.REGISTER]: Registered l2screentracker:inventory to registry l2screentracker:tracked_entry_type
[30Aug2025 17:29:50.049] [main/DEBUG] [com.tterrag.registrate.AbstractRegistrate/REGISTRATE.REGISTER]: Registered l2screentracker:ender to registry l2screentracker:tracked_entry_type
[30Aug2025 17:29:50.050] [main/DEBUG] [com.tterrag.registrate.AbstractRegistrate/REGISTRATE.REGISTER]: Registered l2screentracker:quick_access to registry l2screentracker:tracked_entry_type
[30Aug2025 17:29:50.050] [main/DEBUG] [com.tterrag.registrate.AbstractRegistrate/REGISTRATE.REGISTER]: Registered l2screentracker:menu_provider to registry l2screentracker:tracked_entry_type
[30Aug2025 17:29:50.050] [main/DEBUG] [com.tterrag.registrate.AbstractRegistrate/REGISTRATE.REGISTER]: Registered l2screentracker:curios_inv to registry l2screentracker:tracked_entry_type
[30Aug2025 17:29:50.050] [main/DEBUG] [com.tterrag.registrate.AbstractRegistrate/REGISTRATE.REGISTER]: Registered l2screentracker:curios_tab to registry l2screentracker:tracked_entry_type
[30Aug2025 17:29:50.068] [main/DEBUG] [com.tterrag.registrate.AbstractRegistrate/REGISTRATE.REGISTER]: (modulargolems) Registering 3 known objects of type modulargolems:golem_type
[30Aug2025 17:29:50.069] [main/DEBUG] [com.tterrag.registrate.AbstractRegistrate/REGISTRATE.REGISTER]: Registered modulargolems:metal_golem to registry modulargolems:golem_type
[30Aug2025 17:29:50.069] [main/DEBUG] [com.tterrag.registrate.AbstractRegistrate/REGISTRATE.REGISTER]: Registered modulargolems:humanoid_golem to registry modulargolems:golem_type
[30Aug2025 17:29:50.070] [main/DEBUG] [com.tterrag.registrate.AbstractRegistrate/REGISTRATE.REGISTER]: Registered modulargolems:dog_golem to registry modulargolems:golem_type
[30Aug2025 17:29:50.076] [main/DEBUG] [com.tterrag.registrate.AbstractRegistrate/REGISTRATE.REGISTER]: (modulargolems) Registering 50 known objects of type modulargolems:modifier
[30Aug2025 17:29:50.077] [main/DEBUG] [com.tterrag.registrate.AbstractRegistrate/REGISTRATE.REGISTER]: Registered modulargolems:fire_immune to registry modulargolems:modifier
[30Aug2025 17:29:50.077] [main/DEBUG] [com.tterrag.registrate.AbstractRegistrate/REGISTRATE.REGISTER]: Registered modulargolems:thunder_immune to registry modulargolems:modifier
[30Aug2025 17:29:50.077] [main/DEBUG] [com.tterrag.registrate.AbstractRegistrate/REGISTRATE.REGISTER]: Registered modulargolems:magic_immune to registry modulargolems:modifier
[30Aug2025 17:29:50.077] [main/DEBUG] [com.tterrag.registrate.AbstractRegistrate/REGISTRATE.REGISTER]: Registered modulargolems:magic_resistant to registry modulargolems:modifier
[30Aug2025 17:29:50.078] [main/DEBUG] [com.tterrag.registrate.AbstractRegistrate/REGISTRATE.REGISTER]: Registered modulargolems:recycle to registry modulargolems:modifier
[30Aug2025 17:29:50.079] [main/DEBUG] [com.tterrag.registrate.AbstractRegistrate/REGISTRATE.REGISTER]: Registered modulargolems:armor_up to registry modulargolems:modifier
[30Aug2025 17:29:50.080] [main/DEBUG] [com.tterrag.registrate.AbstractRegistrate/REGISTRATE.REGISTER]: Registered modulargolems:toughness_up to registry modulargolems:modifier
[30Aug2025 17:29:50.080] [main/DEBUG] [com.tterrag.registrate.AbstractRegistrate/REGISTRATE.REGISTER]: Registered modulargolems:damage_up to registry modulargolems:modifier
[30Aug2025 17:29:50.080] [main/DEBUG] [com.tterrag.registrate.AbstractRegistrate/REGISTRATE.REGISTER]: Registered modulargolems:speed_up to registry modulargolems:modifier
[30Aug2025 17:29:50.081] [main/DEBUG] [com.tterrag.registrate.AbstractRegistrate/REGISTRATE.REGISTER]: Registered modulargolems:regeneration_up to registry modulargolems:modifier
[30Aug2025 17:29:50.081] [main/DEBUG] [com.tterrag.registrate.AbstractRegistrate/REGISTRATE.REGISTER]: Registered modulargolems:thorn to registry modulargolems:modifier
[30Aug2025 17:29:50.081] [main/DEBUG] [com.tterrag.registrate.AbstractRegistrate/REGISTRATE.REGISTER]: Registered modulargolems:float to registry modulargolems:modifier
[30Aug2025 17:29:50.081] [main/DEBUG] [com.tterrag.registrate.AbstractRegistrate/REGISTRATE.REGISTER]: Registered modulargolems:explosion_resistant to registry modulargolems:modifier
[30Aug2025 17:29:50.081] [main/DEBUG] [com.tterrag.registrate.AbstractRegistrate/REGISTRATE.REGISTER]: Registered modulargolems:damage_cap to registry modulargolems:modifier
[30Aug2025 17:29:50.082] [main/DEBUG] [com.tterrag.registrate.AbstractRegistrate/REGISTRATE.REGISTER]: Registered modulargolems:projectile_reject to registry modulargolems:modifier
[30Aug2025 17:29:50.082] [main/DEBUG] [com.tterrag.registrate.AbstractRegistrate/REGISTRATE.REGISTER]: Registered modulargolems:immunity to registry modulargolems:modifier
[30Aug2025 17:29:50.082] [main/DEBUG] [com.tterrag.registrate.AbstractRegistrate/REGISTRATE.REGISTER]: Registered modulargolems:swim to registry modulargolems:modifier
[30Aug2025 17:29:50.082] [main/DEBUG] [com.tterrag.registrate.AbstractRegistrate/REGISTRATE.REGISTER]: Registered modulargolems:player_immune to registry modulargolems:modifier
[30Aug2025 17:29:50.082] [main/DEBUG] [com.tterrag.registrate.AbstractRegistrate/REGISTRATE.REGISTER]: Registered modulargolems:sonic_boom to registry modulargolems:modifier
[30Aug2025 17:29:50.083] [main/DEBUG] [com.tterrag.registrate.AbstractRegistrate/REGISTRATE.REGISTER]: Registered modulargolems:ender_sight to registry modulargolems:modifier
[30Aug2025 17:29:50.083] [main/DEBUG] [com.tterrag.registrate.AbstractRegistrate/REGISTRATE.REGISTER]: Registered modulargolems:bell to registry modulargolems:modifier
[30Aug2025 17:29:50.083] [main/DEBUG] [com.tterrag.registrate.AbstractRegistrate/REGISTRATE.REGISTER]: Registered modulargolems:slow to registry modulargolems:modifier
[30Aug2025 17:29:50.083] [main/DEBUG] [com.tterrag.registrate.AbstractRegistrate/REGISTRATE.REGISTER]: Registered modulargolems:weak to registry modulargolems:modifier
[30Aug2025 17:29:50.084] [main/DEBUG] [com.tterrag.registrate.AbstractRegistrate/REGISTRATE.REGISTER]: Registered modulargolems:wither to registry modulargolems:modifier
[30Aug2025 17:29:50.084] [main/DEBUG] [com.tterrag.registrate.AbstractRegistrate/REGISTRATE.REGISTER]: Registered modulargolems:emerald to registry modulargolems:modifier
[30Aug2025 17:29:50.084] [main/DEBUG] [com.tterrag.registrate.AbstractRegistrate/REGISTRATE.REGISTER]: Registered modulargolems:pickup to registry modulargolems:modifier
[30Aug2025 17:29:50.084] [main/DEBUG] [com.tterrag.registrate.AbstractRegistrate/REGISTRATE.REGISTER]: Registered modulargolems:pickup_no_destroy to registry modulargolems:modifier
[30Aug2025 17:29:50.084] [main/DEBUG] [com.tterrag.registrate.AbstractRegistrate/REGISTRATE.REGISTER]: Registered modulargolems:pickup_mending to registry modulargolems:modifier
[30Aug2025 17:29:50.084] [main/DEBUG] [com.tterrag.registrate.AbstractRegistrate/REGISTRATE.REGISTER]: Registered modulargolems:talented to registry modulargolems:modifier
[30Aug2025 17:29:50.084] [main/DEBUG] [com.tterrag.registrate.AbstractRegistrate/REGISTRATE.REGISTER]: Registered modulargolems:cauldron to registry modulargolems:modifier
[30Aug2025 17:29:50.085] [main/DEBUG] [com.tterrag.registrate.AbstractRegistrate/REGISTRATE.REGISTER]: Registered modulargolems:ridding_speed_up to registry modulargolems:modifier
[30Aug2025 17:29:50.085] [main/DEBUG] [com.tterrag.registrate.AbstractRegistrate/REGISTRATE.REGISTER]: Registered modulargolems:size_up to registry modulargolems:modifier
[30Aug2025 17:29:50.086] [main/DEBUG] [com.tterrag.registrate.AbstractRegistrate/REGISTRATE.REGISTER]: Registered modulargolems:add_slot to registry modulargolems:modifier
[30Aug2025 17:29:50.086] [main/DEBUG] [com.tterrag.registrate.AbstractRegistrate/REGISTRATE.REGISTER]: Registered modulargolems:armor_penetration to registry modulargolems:modifier
[30Aug2025 17:29:50.086] [main/DEBUG] [com.tterrag.registrate.AbstractRegistrate/REGISTRATE.REGISTER]: Registered modulargolems:ignis_fireball to registry modulargolems:modifier
[30Aug2025 17:29:50.086] [main/DEBUG] [com.tterrag.registrate.AbstractRegistrate/REGISTRATE.REGISTER]: Registered modulargolems:ignis_attack to registry modulargolems:modifier
[30Aug2025 17:29:50.086] [main/DEBUG] [com.tterrag.registrate.AbstractRegistrate/REGISTRATE.REGISTER]: Registered modulargolems:harbinger_death_beam to registry modulargolems:modifier
[30Aug2025 17:29:50.087] [main/DEBUG] [com.tterrag.registrate.AbstractRegistrate/REGISTRATE.REGISTER]: Registered modulargolems:harbinger_missile to registry modulargolems:modifier
[30Aug2025 17:29:50.087] [main/DEBUG] [com.tterrag.registrate.AbstractRegistrate/REGISTRATE.REGISTER]: Registered modulargolems:leviathan_blast_portal to registry modulargolems:modifier
[30Aug2025 17:29:50.087] [main/DEBUG] [com.tterrag.registrate.AbstractRegistrate/REGISTRATE.REGISTER]: Registered modulargolems:ender_guardian_void_rune to registry modulargolems:modifier
[30Aug2025 17:29:50.088] [main/DEBUG] [com.tterrag.registrate.AbstractRegistrate/REGISTRATE.REGISTER]: Registered modulargolems:netherite_monstrosity_earthquake to registry modulargolems:modifier
[30Aug2025 17:29:50.088] [main/DEBUG] [com.tterrag.registrate.AbstractRegistrate/REGISTRATE.REGISTER]: Registered modulargolems:ancient_remnant_sandstorm to registry modulargolems:modifier
[30Aug2025 17:29:50.089] [main/DEBUG] [com.tterrag.registrate.AbstractRegistrate/REGISTRATE.REGISTER]: Registered modulargolems:maledictus_earthquake to registry modulargolems:modifier
[30Aug2025 17:29:50.089] [main/DEBUG] [com.tterrag.registrate.AbstractRegistrate/REGISTRATE.REGISTER]: Registered modulargolems:maledictus_attack to registry modulargolems:modifier
[30Aug2025 17:29:50.089] [main/DEBUG] [com.tterrag.registrate.AbstractRegistrate/REGISTRATE.REGISTER]: Registered modulargolems:fire_dragonsteel_attack to registry modulargolems:modifier
[30Aug2025 17:29:50.089] [main/DEBUG] [com.tterrag.registrate.AbstractRegistrate/REGISTRATE.REGISTER]: Registered modulargolems:ice_dragonsteel_attack to registry modulargolems:modifier
[30Aug2025 17:29:50.089] [main/DEBUG] [com.tterrag.registrate.AbstractRegistrate/REGISTRATE.REGISTER]: Registered modulargolems:lightning_dragonsteel_attack to registry modulargolems:modifier
[30Aug2025 17:29:50.089] [main/DEBUG] [com.tterrag.registrate.AbstractRegistrate/REGISTRATE.REGISTER]: Registered modulargolems:ice_dragonsteel_armor to registry modulargolems:modifier
[30Aug2025 17:29:50.090] [main/DEBUG] [com.tterrag.registrate.AbstractRegistrate/REGISTRATE.REGISTER]: Registered modulargolems:wroughtnaut to registry modulargolems:modifier
[30Aug2025 17:29:50.090] [main/DEBUG] [com.tterrag.registrate.AbstractRegistrate/REGISTRATE.REGISTER]: Registered modulargolems:ancient_anchor to registry modulargolems:modifier
[30Aug2025 17:29:50.097] [main/DEBUG] [com.tterrag.registrate.AbstractRegistrate/REGISTRATE.REGISTER]: (modulargolems) Registering 14 known objects of type modulargolems:stat_type
[30Aug2025 17:29:50.097] [main/DEBUG] [com.tterrag.registrate.AbstractRegistrate/REGISTRATE.REGISTER]: Registered modulargolems:max_health to registry modulargolems:stat_type
[30Aug2025 17:29:50.097] [main/DEBUG] [com.tterrag.registrate.AbstractRegistrate/REGISTRATE.REGISTER]: Registered modulargolems:attack to registry modulargolems:stat_type
[30Aug2025 17:29:50.097] [main/DEBUG] [com.tterrag.registrate.AbstractRegistrate/REGISTRATE.REGISTER]: Registered modulargolems:regen to registry modulargolems:stat_type
[30Aug2025 17:29:50.097] [main/DEBUG] [com.tterrag.registrate.AbstractRegistrate/REGISTRATE.REGISTER]: Registered modulargolems:sweep to registry modulargolems:stat_type
[30Aug2025 17:29:50.098] [main/DEBUG] [com.tterrag.registrate.AbstractRegistrate/REGISTRATE.REGISTER]: Registered modulargolems:armor to registry modulargolems:stat_type
[30Aug2025 17:29:50.098] [main/DEBUG] [com.tterrag.registrate.AbstractRegistrate/REGISTRATE.REGISTER]: Registered modulargolems:tough to registry modulargolems:stat_type
[30Aug2025 17:29:50.098] [main/DEBUG] [com.tterrag.registrate.AbstractRegistrate/REGISTRATE.REGISTER]: Registered modulargolems:knockback_resistance to registry modulargolems:stat_type
[30Aug2025 17:29:50.098] [main/DEBUG] [com.tterrag.registrate.AbstractRegistrate/REGISTRATE.REGISTER]: Registered modulargolems:attack_knockback to registry modulargolems:stat_type
[30Aug2025 17:29:50.098] [main/DEBUG] [com.tterrag.registrate.AbstractRegistrate/REGISTRATE.REGISTER]: Registered modulargolems:weight to registry modulargolems:stat_type
[30Aug2025 17:29:50.098] [main/DEBUG] [com.tterrag.registrate.AbstractRegistrate/REGISTRATE.REGISTER]: Registered modulargolems:speed to registry modulargolems:stat_type
[30Aug2025 17:29:50.098] [main/DEBUG] [com.tterrag.registrate.AbstractRegistrate/REGISTRATE.REGISTER]: Registered modulargolems:jump_strength to registry modulargolems:stat_type
[30Aug2025 17:29:50.099] [main/DEBUG] [com.tterrag.registrate.AbstractRegistrate/REGISTRATE.REGISTER]: Registered modulargolems:max_health_percent to registry modulargolems:stat_type
[30Aug2025 17:29:50.099] [main/DEBUG] [com.tterrag.registrate.AbstractRegistrate/REGISTRATE.REGISTER]: Registered modulargolems:max_size to registry modulargolems:stat_type
[30Aug2025 17:29:50.099] [main/DEBUG] [com.tterrag.registrate.AbstractRegistrate/REGISTRATE.REGISTER]: Registered modulargolems:range to registry modulargolems:stat_type
[30Aug2025 17:29:50.104] [main/INFO] [mixin/]: Mixing MixinForgeHooks from enigmaticlegacy.mixins.json into net.minecraftforge.common.ForgeHooks
[30Aug2025 17:29:50.171] [main/WARN] [net.minecraft.network.syncher.SynchedEntityData/]: defineId called for: class mod.gottsch.forge.treasure2.core.entity.monster.PirateChestMimic from class mod.gottsch.forge.treasure2.core.entity.monster.Mimic
[30Aug2025 17:29:50.172] [main/WARN] [net.minecraft.network.syncher.SynchedEntityData/]: defineId called for: class mod.gottsch.forge.treasure2.core.entity.monster.PirateChestMimic from class mod.gottsch.forge.treasure2.core.entity.monster.Mimic
[30Aug2025 17:29:50.172] [main/WARN] [net.minecraft.network.syncher.SynchedEntityData/]: defineId called for: class mod.gottsch.forge.treasure2.core.entity.monster.PirateChestMimic from class mod.gottsch.forge.treasure2.core.entity.monster.Mimic
[30Aug2025 17:29:50.367] [main/DEBUG] [net.minecraftforge.fml.config.ConfigTracker/CONFIG]: Loading configs type COMMON
[30Aug2025 17:29:50.372] [main/DEBUG] [net.minecraftforge.fml.config.ConfigFileTypeHandler/CONFIG]: Built TOML config for /workspaces/server-mc-1.20.1/servidor_minecraft/config/sophisticatedcore-common.toml
[30Aug2025 17:29:50.373] [main/DEBUG] [net.minecraftforge.fml.config.ConfigFileTypeHandler/CONFIG]: Loaded TOML config file /workspaces/server-mc-1.20.1/servidor_minecraft/config/sophisticatedcore-common.toml
[30Aug2025 17:29:50.374] [main/DEBUG] [net.minecraftforge.fml.config.ConfigFileTypeHandler/CONFIG]: Watching TOML config file /workspaces/server-mc-1.20.1/servidor_minecraft/config/sophisticatedcore-common.toml for changes
[30Aug2025 17:29:50.375] [Thread-2/DEBUG] [net.minecraftforge.fml.config.ConfigFileTypeHandler/CONFIG]: Config file sophisticatedcore-common.toml changed, sending notifies
[30Aug2025 17:29:50.376] [Thread-2/DEBUG] [net.minecraftforge.fml.config.ConfigFileTypeHandler/CONFIG]: Config file sophisticatedcore-common.toml changed, sending notifies
[30Aug2025 17:29:50.377] [main/DEBUG] [net.minecraftforge.fml.config.ConfigFileTypeHandler/CONFIG]: Built TOML config for /workspaces/server-mc-1.20.1/servidor_minecraft/config/nyfsquiver-common.toml
[30Aug2025 17:29:50.378] [main/DEBUG] [net.minecraftforge.fml.config.ConfigFileTypeHandler/CONFIG]: Loaded TOML config file /workspaces/server-mc-1.20.1/servidor_minecraft/config/nyfsquiver-common.toml
[30Aug2025 17:29:50.378] [main/DEBUG] [net.minecraftforge.fml.config.ConfigFileTypeHandler/CONFIG]: Watching TOML config file /workspaces/server-mc-1.20.1/servidor_minecraft/config/nyfsquiver-common.toml for changes
[30Aug2025 17:29:50.379] [Thread-2/DEBUG] [net.minecraftforge.fml.config.ConfigFileTypeHandler/CONFIG]: Config file nyfsquiver-common.toml changed, sending notifies
[30Aug2025 17:29:50.379] [Thread-2/DEBUG] [net.minecraftforge.fml.config.ConfigFileTypeHandler/CONFIG]: Config file nyfsquiver-common.toml changed, sending notifies
[30Aug2025 17:29:50.380] [main/DEBUG] [net.minecraftforge.fml.config.ConfigFileTypeHandler/CONFIG]: Built TOML config for /workspaces/server-mc-1.20.1/servidor_minecraft/config/citadel-common.toml
[30Aug2025 17:29:50.381] [main/DEBUG] [net.minecraftforge.fml.config.ConfigFileTypeHandler/CONFIG]: Loaded TOML config file /workspaces/server-mc-1.20.1/servidor_minecraft/config/citadel-common.toml
[30Aug2025 17:29:50.381] [main/DEBUG] [net.minecraftforge.fml.config.ConfigFileTypeHandler/CONFIG]: Watching TOML config file /workspaces/server-mc-1.20.1/servidor_minecraft/config/citadel-common.toml for changes
[30Aug2025 17:29:50.382] [main/DEBUG] [net.minecraftforge.fml.config.ConfigFileTypeHandler/CONFIG]: Built TOML config for /workspaces/server-mc-1.20.1/servidor_minecraft/config/sophisticatedbackpacks-common.toml
[30Aug2025 17:29:50.382] [main/DEBUG] [net.minecraftforge.fml.config.ConfigFileTypeHandler/CONFIG]: Loaded TOML config file /workspaces/server-mc-1.20.1/servidor_minecraft/config/sophisticatedbackpacks-common.toml
[30Aug2025 17:29:50.382] [main/DEBUG] [net.minecraftforge.fml.config.ConfigFileTypeHandler/CONFIG]: Watching TOML config file /workspaces/server-mc-1.20.1/servidor_minecraft/config/sophisticatedbackpacks-common.toml for changes
[30Aug2025 17:29:50.383] [Thread-2/DEBUG] [net.minecraftforge.fml.config.ConfigFileTypeHandler/CONFIG]: Config file sophisticatedbackpacks-common.toml changed, sending notifies
[30Aug2025 17:29:50.383] [Thread-2/DEBUG] [net.minecraftforge.fml.config.ConfigFileTypeHandler/CONFIG]: Config file sophisticatedbackpacks-common.toml changed, sending notifies
[30Aug2025 17:29:50.383] [main/DEBUG] [net.minecraftforge.fml.config.ConfigFileTypeHandler/CONFIG]: Built TOML config for /workspaces/server-mc-1.20.1/servidor_minecraft/config/jeresources-common.toml
[30Aug2025 17:29:50.383] [main/DEBUG] [net.minecraftforge.fml.config.ConfigFileTypeHandler/CONFIG]: Loaded TOML config file /workspaces/server-mc-1.20.1/servidor_minecraft/config/jeresources-common.toml
[30Aug2025 17:29:50.384] [main/DEBUG] [net.minecraftforge.fml.config.ConfigFileTypeHandler/CONFIG]: Watching TOML config file /workspaces/server-mc-1.20.1/servidor_minecraft/config/jeresources-common.toml for changes
[30Aug2025 17:29:50.384] [main/DEBUG] [net.minecraftforge.fml.config.ConfigFileTypeHandler/CONFIG]: Built TOML config for /workspaces/server-mc-1.20.1/servidor_minecraft/config/treasure2-common.toml
[30Aug2025 17:29:50.385] [Thread-2/DEBUG] [net.minecraftforge.fml.config.ConfigFileTypeHandler/CONFIG]: Config file jeresources-common.toml changed, sending notifies
[30Aug2025 17:29:50.385] [main/DEBUG] [net.minecraftforge.fml.config.ConfigFileTypeHandler/CONFIG]: Loaded TOML config file /workspaces/server-mc-1.20.1/servidor_minecraft/config/treasure2-common.toml
[30Aug2025 17:29:50.385] [Thread-2/DEBUG] [net.minecraftforge.fml.config.ConfigFileTypeHandler/CONFIG]: Config file jeresources-common.toml changed, sending notifies
[30Aug2025 17:29:50.385] [main/DEBUG] [net.minecraftforge.fml.config.ConfigFileTypeHandler/CONFIG]: Watching TOML config file /workspaces/server-mc-1.20.1/servidor_minecraft/config/treasure2-common.toml for changes
[30Aug2025 17:29:50.386] [Thread-2/DEBUG] [net.minecraftforge.fml.config.ConfigFileTypeHandler/CONFIG]: Config file treasure2-common.toml changed, sending notifies
[30Aug2025 17:29:50.386] [main/DEBUG] [net.minecraftforge.fml.config.ConfigFileTypeHandler/CONFIG]: Built TOML config for /workspaces/server-mc-1.20.1/servidor_minecraft/config/curious-lanterns-common.toml
[30Aug2025 17:29:50.387] [main/DEBUG] [net.minecraftforge.fml.config.ConfigFileTypeHandler/CONFIG]: Loaded TOML config file /workspaces/server-mc-1.20.1/servidor_minecraft/config/curious-lanterns-common.toml
[30Aug2025 17:29:50.387] [Thread-2/DEBUG] [net.minecraftforge.fml.config.ConfigFileTypeHandler/CONFIG]: Config file treasure2-common.toml changed, sending notifies
[30Aug2025 17:29:50.387] [main/DEBUG] [net.minecraftforge.fml.config.ConfigFileTypeHandler/CONFIG]: Watching TOML config file /workspaces/server-mc-1.20.1/servidor_minecraft/config/curious-lanterns-common.toml for changes
[30Aug2025 17:29:50.388] [main/DEBUG] [net.minecraftforge.fml.config.ConfigFileTypeHandler/CONFIG]: Built TOML config for /workspaces/server-mc-1.20.1/servidor_minecraft/config/bonfires-common.toml
[30Aug2025 17:29:50.388] [Thread-2/DEBUG] [net.minecraftforge.fml.config.ConfigFileTypeHandler/CONFIG]: Config file curious-lanterns-common.toml changed, sending notifies
[30Aug2025 17:29:50.389] [main/DEBUG] [net.minecraftforge.fml.config.ConfigFileTypeHandler/CONFIG]: Loaded TOML config file /workspaces/server-mc-1.20.1/servidor_minecraft/config/bonfires-common.toml
[30Aug2025 17:29:50.389] [main/DEBUG] [net.minecraftforge.fml.config.ConfigFileTypeHandler/CONFIG]: Watching TOML config file /workspaces/server-mc-1.20.1/servidor_minecraft/config/bonfires-common.toml for changes
[30Aug2025 17:29:50.390] [Thread-2/DEBUG] [net.minecraftforge.fml.config.ConfigFileTypeHandler/CONFIG]: Config file bonfires-common.toml changed, sending notifies
[30Aug2025 17:29:50.390] [main/DEBUG] [net.minecraftforge.fml.config.ConfigFileTypeHandler/CONFIG]: Built TOML config for /workspaces/server-mc-1.20.1/servidor_minecraft/config/eeeabsmobs-common.toml
[30Aug2025 17:29:50.392] [main/DEBUG] [net.minecraftforge.fml.config.ConfigFileTypeHandler/CONFIG]: Loaded TOML config file /workspaces/server-mc-1.20.1/servidor_minecraft/config/eeeabsmobs-common.toml
[30Aug2025 17:29:50.390] [Thread-2/DEBUG] [net.minecraftforge.fml.config.ConfigFileTypeHandler/CONFIG]: Config file bonfires-common.toml changed, sending notifies
[30Aug2025 17:29:50.393] [main/DEBUG] [net.minecraftforge.fml.config.ConfigFileTypeHandler/CONFIG]: Watching TOML config file /workspaces/server-mc-1.20.1/servidor_minecraft/config/eeeabsmobs-common.toml for changes
[30Aug2025 17:29:50.396] [Thread-2/DEBUG] [net.minecraftforge.fml.config.ConfigFileTypeHandler/CONFIG]: Config file eeeabsmobs-common.toml changed, sending notifies
[30Aug2025 17:29:50.400] [Thread-2/DEBUG] [net.minecraftforge.fml.config.ConfigFileTypeHandler/CONFIG]: Config file eeeabsmobs-common.toml changed, sending notifies
[30Aug2025 17:29:50.401] [main/DEBUG] [net.minecraftforge.fml.config.ConfigFileTypeHandler/CONFIG]: Built TOML config for /workspaces/server-mc-1.20.1/servidor_minecraft/config/curios-common.toml
[30Aug2025 17:29:50.402] [Thread-2/DEBUG] [net.minecraftforge.fml.config.ConfigFileTypeHandler/CONFIG]: Config file eeeabsmobs-common.toml changed, sending notifies
[30Aug2025 17:29:50.403] [main/DEBUG] [net.minecraftforge.fml.config.ConfigFileTypeHandler/CONFIG]: Loaded TOML config file /workspaces/server-mc-1.20.1/servidor_minecraft/config/curios-common.toml
[30Aug2025 17:29:50.403] [main/DEBUG] [net.minecraftforge.fml.config.ConfigFileTypeHandler/CONFIG]: Watching TOML config file /workspaces/server-mc-1.20.1/servidor_minecraft/config/curios-common.toml for changes
[30Aug2025 17:29:50.403] [main/DEBUG] [net.minecraftforge.fml.config.ConfigFileTypeHandler/CONFIG]: Built TOML config for /workspaces/server-mc-1.20.1/servidor_minecraft/config/cataclysm.toml
[30Aug2025 17:29:50.406] [Thread-2/DEBUG] [net.minecraftforge.fml.config.ConfigFileTypeHandler/CONFIG]: Config file curios-common.toml changed, sending notifies
[30Aug2025 17:29:50.406] [main/DEBUG] [net.minecraftforge.fml.config.ConfigFileTypeHandler/CONFIG]: Loaded TOML config file /workspaces/server-mc-1.20.1/servidor_minecraft/config/cataclysm.toml
[30Aug2025 17:29:50.406] [main/DEBUG] [net.minecraftforge.fml.config.ConfigFileTypeHandler/CONFIG]: Watching TOML config file /workspaces/server-mc-1.20.1/servidor_minecraft/config/cataclysm.toml for changes
[30Aug2025 17:29:50.433] [main/DEBUG] [net.minecraftforge.fml.config.ConfigFileTypeHandler/CONFIG]: Built TOML config for /workspaces/server-mc-1.20.1/servidor_minecraft/config/gottschcore-common.toml
[30Aug2025 17:29:50.434] [main/DEBUG] [net.minecraftforge.fml.config.ConfigFileTypeHandler/CONFIG]: Loaded TOML config file /workspaces/server-mc-1.20.1/servidor_minecraft/config/gottschcore-common.toml
[30Aug2025 17:29:50.434] [main/DEBUG] [net.minecraftforge.fml.config.ConfigFileTypeHandler/CONFIG]: Watching TOML config file /workspaces/server-mc-1.20.1/servidor_minecraft/config/gottschcore-common.toml for changes
[30Aug2025 17:29:50.435] [main/DEBUG] [net.minecraftforge.fml.config.ConfigFileTypeHandler/CONFIG]: Built TOML config for /workspaces/server-mc-1.20.1/servidor_minecraft/config/aiimprovements-common.toml
[30Aug2025 17:29:50.435] [main/DEBUG] [net.minecraftforge.fml.config.ConfigFileTypeHandler/CONFIG]: Loaded TOML config file /workspaces/server-mc-1.20.1/servidor_minecraft/config/aiimprovements-common.toml
[30Aug2025 17:29:50.435] [main/DEBUG] [net.minecraftforge.fml.config.ConfigFileTypeHandler/CONFIG]: Watching TOML config file /workspaces/server-mc-1.20.1/servidor_minecraft/config/aiimprovements-common.toml for changes
[30Aug2025 17:29:50.433] [Thread-2/DEBUG] [net.minecraftforge.fml.config.ConfigFileTypeHandler/CONFIG]: Config file cataclysm.toml changed, sending notifies
[30Aug2025 17:29:50.438] [main/DEBUG] [net.minecraftforge.fml.config.ConfigFileTypeHandler/CONFIG]: Built TOML config for /workspaces/server-mc-1.20.1/servidor_minecraft/config/lategamegolems-common.toml
[30Aug2025 17:29:50.438] [main/DEBUG] [net.minecraftforge.fml.config.ConfigFileTypeHandler/CONFIG]: Loaded TOML config file /workspaces/server-mc-1.20.1/servidor_minecraft/config/lategamegolems-common.toml
[30Aug2025 17:29:50.439] [main/DEBUG] [net.minecraftforge.fml.config.ConfigFileTypeHandler/CONFIG]: Watching TOML config file /workspaces/server-mc-1.20.1/servidor_minecraft/config/lategamegolems-common.toml for changes
[30Aug2025 17:29:50.439] [main/DEBUG] [net.minecraftforge.fml.config.ConfigFileTypeHandler/CONFIG]: Built TOML config for /workspaces/server-mc-1.20.1/servidor_minecraft/config/l2_configs/l2damagetracker-common.toml
[30Aug2025 17:29:50.440] [main/DEBUG] [net.minecraftforge.fml.config.ConfigFileTypeHandler/CONFIG]: Loaded TOML config file /workspaces/server-mc-1.20.1/servidor_minecraft/config/l2_configs/l2damagetracker-common.toml
[30Aug2025 17:29:50.441] [main/DEBUG] [net.minecraftforge.fml.config.ConfigFileTypeHandler/CONFIG]: Watching TOML config file /workspaces/server-mc-1.20.1/servidor_minecraft/config/l2_configs/l2damagetracker-common.toml for changes
[30Aug2025 17:29:50.442] [Thread-2/DEBUG] [net.minecraftforge.fml.config.ConfigFileTypeHandler/CONFIG]: Config file l2_configs/l2damagetracker-common.toml changed, sending notifies
[30Aug2025 17:29:50.442] [main/DEBUG] [net.minecraftforge.fml.config.ConfigFileTypeHandler/CONFIG]: Built TOML config for /workspaces/server-mc-1.20.1/servidor_minecraft/config/l2_configs/l2library-common.toml
[30Aug2025 17:29:50.442] [Thread-2/DEBUG] [net.minecraftforge.fml.config.ConfigFileTypeHandler/CONFIG]: Config file l2_configs/l2damagetracker-common.toml changed, sending notifies
[30Aug2025 17:29:50.443] [main/DEBUG] [net.minecraftforge.fml.config.ConfigFileTypeHandler/CONFIG]: Loaded TOML config file /workspaces/server-mc-1.20.1/servidor_minecraft/config/l2_configs/l2library-common.toml
[30Aug2025 17:29:50.444] [main/DEBUG] [net.minecraftforge.fml.config.ConfigFileTypeHandler/CONFIG]: Watching TOML config file /workspaces/server-mc-1.20.1/servidor_minecraft/config/l2_configs/l2library-common.toml for changes
[30Aug2025 17:29:50.444] [main/DEBUG] [net.minecraftforge.fml.config.ConfigFileTypeHandler/CONFIG]: Built TOML config for /workspaces/server-mc-1.20.1/servidor_minecraft/config/l2_configs/l2tabs-common.toml
[30Aug2025 17:29:50.444] [Thread-2/DEBUG] [net.minecraftforge.fml.config.ConfigFileTypeHandler/CONFIG]: Config file l2_configs/l2library-common.toml changed, sending notifies
[30Aug2025 17:29:50.444] [main/DEBUG] [net.minecraftforge.fml.config.ConfigFileTypeHandler/CONFIG]: Loaded TOML config file /workspaces/server-mc-1.20.1/servidor_minecraft/config/l2_configs/l2tabs-common.toml
[30Aug2025 17:29:50.446] [main/DEBUG] [net.minecraftforge.fml.config.ConfigFileTypeHandler/CONFIG]: Watching TOML config file /workspaces/server-mc-1.20.1/servidor_minecraft/config/l2_configs/l2tabs-common.toml for changes
[30Aug2025 17:29:50.447] [Thread-2/DEBUG] [net.minecraftforge.fml.config.ConfigFileTypeHandler/CONFIG]: Config file l2_configs/l2tabs-common.toml changed, sending notifies
[30Aug2025 17:29:50.447] [main/DEBUG] [net.minecraftforge.fml.config.ConfigFileTypeHandler/CONFIG]: Built TOML config for /workspaces/server-mc-1.20.1/servidor_minecraft/config/mowziesmobs-common.toml
[30Aug2025 17:29:50.447] [Thread-2/DEBUG] [net.minecraftforge.fml.config.ConfigFileTypeHandler/CONFIG]: Config file l2_configs/l2tabs-common.toml changed, sending notifies
[30Aug2025 17:29:50.452] [main/DEBUG] [net.minecraftforge.fml.config.ConfigFileTypeHandler/CONFIG]: Loaded TOML config file /workspaces/server-mc-1.20.1/servidor_minecraft/config/mowziesmobs-common.toml
[30Aug2025 17:29:50.453] [main/DEBUG] [net.minecraftforge.fml.config.ConfigFileTypeHandler/CONFIG]: Watching TOML config file /workspaces/server-mc-1.20.1/servidor_minecraft/config/mowziesmobs-common.toml for changes
[30Aug2025 17:29:50.459] [Thread-2/DEBUG] [net.minecraftforge.fml.config.ConfigFileTypeHandler/CONFIG]: Config file mowziesmobs-common.toml changed, sending notifies
[30Aug2025 17:29:50.460] [main/DEBUG] [net.minecraftforge.fml.config.ConfigFileTypeHandler/CONFIG]: Built TOML config for /workspaces/server-mc-1.20.1/servidor_minecraft/config/l2_configs/l2screentracker-common.toml
[30Aug2025 17:29:50.461] [main/DEBUG] [net.minecraftforge.fml.config.ConfigFileTypeHandler/CONFIG]: Loaded TOML config file /workspaces/server-mc-1.20.1/servidor_minecraft/config/l2_configs/l2screentracker-common.toml
[30Aug2025 17:29:50.462] [main/DEBUG] [net.minecraftforge.fml.config.ConfigFileTypeHandler/CONFIG]: Watching TOML config file /workspaces/server-mc-1.20.1/servidor_minecraft/config/l2_configs/l2screentracker-common.toml for changes
[30Aug2025 17:29:50.460] [Thread-2/DEBUG] [net.minecraftforge.fml.config.ConfigFileTypeHandler/CONFIG]: Config file mowziesmobs-common.toml changed, sending notifies
[30Aug2025 17:29:50.462] [main/DEBUG] [net.minecraftforge.fml.config.ConfigFileTypeHandler/CONFIG]: Built TOML config for /workspaces/server-mc-1.20.1/servidor_minecraft/config/iceandfire-common.toml
[30Aug2025 17:29:50.464] [main/DEBUG] [net.minecraftforge.fml.config.ConfigFileTypeHandler/CONFIG]: Loaded TOML config file /workspaces/server-mc-1.20.1/servidor_minecraft/config/iceandfire-common.toml
[30Aug2025 17:29:50.465] [main/DEBUG] [net.minecraftforge.fml.config.ConfigFileTypeHandler/CONFIG]: Watching TOML config file /workspaces/server-mc-1.20.1/servidor_minecraft/config/iceandfire-common.toml for changes
[30Aug2025 17:29:50.470] [Thread-2/DEBUG] [net.minecraftforge.fml.config.ConfigFileTypeHandler/CONFIG]: Config file mowziesmobs-common.toml changed, sending notifies
[30Aug2025 17:29:50.471] [Thread-2/DEBUG] [net.minecraftforge.fml.config.ConfigFileTypeHandler/CONFIG]: Config file l2_configs/l2screentracker-common.toml changed, sending notifies
[30Aug2025 17:29:50.496] [Thread-2/DEBUG] [net.minecraftforge.fml.config.ConfigFileTypeHandler/CONFIG]: Config file iceandfire-common.toml changed, sending notifies
[30Aug2025 17:29:50.497] [main/DEBUG] [net.minecraftforge.fml.config.ConfigFileTypeHandler/CONFIG]: Built TOML config for /workspaces/server-mc-1.20.1/servidor_minecraft/config/creature_compendium-common.toml
[30Aug2025 17:29:50.497] [main/DEBUG] [net.minecraftforge.fml.config.ConfigFileTypeHandler/CONFIG]: Loaded TOML config file /workspaces/server-mc-1.20.1/servidor_minecraft/config/creature_compendium-common.toml
[30Aug2025 17:29:50.498] [main/DEBUG] [net.minecraftforge.fml.config.ConfigFileTypeHandler/CONFIG]: Watching TOML config file /workspaces/server-mc-1.20.1/servidor_minecraft/config/creature_compendium-common.toml for changes
[30Aug2025 17:29:50.506] [Thread-2/DEBUG] [net.minecraftforge.fml.config.ConfigFileTypeHandler/CONFIG]: Config file creature_compendium-common.toml changed, sending notifies
[30Aug2025 17:29:50.508] [Thread-2/DEBUG] [net.minecraftforge.fml.config.ConfigFileTypeHandler/CONFIG]: Config file creature_compendium-common.toml changed, sending notifies
[30Aug2025 17:29:50.508] [main/DEBUG] [net.minecraftforge.fml.config.ConfigFileTypeHandler/CONFIG]: Built TOML config for /workspaces/server-mc-1.20.1/servidor_minecraft/config/logbegone.toml
[30Aug2025 17:29:50.509] [main/DEBUG] [net.minecraftforge.fml.config.ConfigFileTypeHandler/CONFIG]: Loaded TOML config file /workspaces/server-mc-1.20.1/servidor_minecraft/config/logbegone.toml
[30Aug2025 17:29:50.509] [main/DEBUG] [net.minecraftforge.fml.config.ConfigFileTypeHandler/CONFIG]: Watching TOML config file /workspaces/server-mc-1.20.1/servidor_minecraft/config/logbegone.toml for changes
[30Aug2025 17:29:50.509] [main/DEBUG] [net.minecraftforge.fml.config.ConfigFileTypeHandler/CONFIG]: Built TOML config for /workspaces/server-mc-1.20.1/servidor_minecraft/config/toolbelt-common.toml
[30Aug2025 17:29:50.510] [main/DEBUG] [net.minecraftforge.fml.config.ConfigFileTypeHandler/CONFIG]: Loaded TOML config file /workspaces/server-mc-1.20.1/servidor_minecraft/config/toolbelt-common.toml
[30Aug2025 17:29:50.510] [main/DEBUG] [net.minecraftforge.fml.config.ConfigFileTypeHandler/CONFIG]: Watching TOML config file /workspaces/server-mc-1.20.1/servidor_minecraft/config/toolbelt-common.toml for changes
[30Aug2025 17:29:50.510] [Thread-2/DEBUG] [net.minecraftforge.fml.config.ConfigFileTypeHandler/CONFIG]: Config file logbegone.toml changed, sending notifies
[30Aug2025 17:29:50.512] [Thread-2/DEBUG] [net.minecraftforge.fml.config.ConfigFileTypeHandler/CONFIG]: Config file toolbelt-common.toml changed, sending notifies
[30Aug2025 17:29:50.512] [main/DEBUG] [net.minecraftforge.fml.config.ConfigFileTypeHandler/CONFIG]: Built TOML config for /workspaces/server-mc-1.20.1/servidor_minecraft/config/l2_configs/modulargolems-common.toml
[30Aug2025 17:29:50.513] [main/DEBUG] [net.minecraftforge.fml.config.ConfigFileTypeHandler/CONFIG]: Loaded TOML config file /workspaces/server-mc-1.20.1/servidor_minecraft/config/l2_configs/modulargolems-common.toml
[30Aug2025 17:29:50.512] [Thread-2/DEBUG] [net.minecraftforge.fml.config.ConfigFileTypeHandler/CONFIG]: Config file toolbelt-common.toml changed, sending notifies
[30Aug2025 17:29:50.513] [main/DEBUG] [net.minecraftforge.fml.config.ConfigFileTypeHandler/CONFIG]: Watching TOML config file /workspaces/server-mc-1.20.1/servidor_minecraft/config/l2_configs/modulargolems-common.toml for changes
[30Aug2025 17:29:50.515] [Thread-2/DEBUG] [net.minecraftforge.fml.config.ConfigFileTypeHandler/CONFIG]: Config file l2_configs/modulargolems-common.toml changed, sending notifies
[30Aug2025 17:29:50.517] [main/DEBUG] [net.minecraftforge.fml.config.ConfigFileTypeHandler/CONFIG]: Built TOML config for /workspaces/server-mc-1.20.1/servidor_minecraft/config/reliquary-common.toml
[30Aug2025 17:29:50.519] [Thread-2/DEBUG] [net.minecraftforge.fml.config.ConfigFileTypeHandler/CONFIG]: Config file l2_configs/modulargolems-common.toml changed, sending notifies
[30Aug2025 17:29:50.522] [main/DEBUG] [net.minecraftforge.fml.config.ConfigFileTypeHandler/CONFIG]: Loaded TOML config file /workspaces/server-mc-1.20.1/servidor_minecraft/config/reliquary-common.toml
[30Aug2025 17:29:50.523] [main/DEBUG] [net.minecraftforge.fml.config.ConfigFileTypeHandler/CONFIG]: Watching TOML config file /workspaces/server-mc-1.20.1/servidor_minecraft/config/reliquary-common.toml for changes
[30Aug2025 17:29:50.526] [Thread-2/DEBUG] [net.minecraftforge.fml.config.ConfigFileTypeHandler/CONFIG]: Config file reliquary-common.toml changed, sending notifies
[30Aug2025 17:29:50.528] [Thread-2/DEBUG] [net.minecraftforge.fml.config.ConfigFileTypeHandler/CONFIG]: Config file reliquary-common.toml changed, sending notifies
[30Aug2025 17:29:50.529] [Thread-2/DEBUG] [net.minecraftforge.fml.config.ConfigFileTypeHandler/CONFIG]: Config file reliquary-common.toml changed, sending notifies
[30Aug2025 17:29:50.530] [main/DEBUG] [net.minecraftforge.fml.config.ConfigFileTypeHandler/CONFIG]: Built TOML config for /workspaces/server-mc-1.20.1/servidor_minecraft/config/experienceobelisk-common.toml
[30Aug2025 17:29:50.530] [main/DEBUG] [net.minecraftforge.fml.config.ConfigFileTypeHandler/CONFIG]: Loaded TOML config file /workspaces/server-mc-1.20.1/servidor_minecraft/config/experienceobelisk-common.toml
[30Aug2025 17:29:50.532] [main/DEBUG] [net.minecraftforge.fml.config.ConfigFileTypeHandler/CONFIG]: Watching TOML config file /workspaces/server-mc-1.20.1/servidor_minecraft/config/experienceobelisk-common.toml for changes
[30Aug2025 17:29:50.533] [Thread-2/DEBUG] [net.minecraftforge.fml.config.ConfigFileTypeHandler/CONFIG]: Config file reliquary-common.toml changed, sending notifies
[30Aug2025 17:29:50.534] [main/DEBUG] [net.minecraftforge.fml.config.ConfigFileTypeHandler/CONFIG]: Built TOML config for /workspaces/server-mc-1.20.1/servidor_minecraft/config/legendary_monsters-common.toml
[30Aug2025 17:29:50.535] [main/DEBUG] [net.minecraftforge.fml.config.ConfigFileTypeHandler/CONFIG]: Loaded TOML config file /workspaces/server-mc-1.20.1/servidor_minecraft/config/legendary_monsters-common.toml
[30Aug2025 17:29:50.536] [main/DEBUG] [net.minecraftforge.fml.config.ConfigFileTypeHandler/CONFIG]: Watching TOML config file /workspaces/server-mc-1.20.1/servidor_minecraft/config/legendary_monsters-common.toml for changes
[30Aug2025 17:29:50.536] [Thread-2/DEBUG] [net.minecraftforge.fml.config.ConfigFileTypeHandler/CONFIG]: Config file experienceobelisk-common.toml changed, sending notifies
[30Aug2025 17:29:50.537] [Thread-2/DEBUG] [net.minecraftforge.fml.config.ConfigFileTypeHandler/CONFIG]: Config file legendary_monsters-common.toml changed, sending notifies
[30Aug2025 17:29:50.538] [Thread-2/DEBUG] [net.minecraftforge.fml.config.ConfigFileTypeHandler/CONFIG]: Config file legendary_monsters-common.toml changed, sending notifies
[30Aug2025 17:29:50.538] [main/DEBUG] [net.minecraftforge.fml.config.ConfigFileTypeHandler/CONFIG]: Built TOML config for /workspaces/server-mc-1.20.1/servidor_minecraft/config/ice_and_fire_spellbooks.toml
[30Aug2025 17:29:50.539] [main/DEBUG] [net.minecraftforge.fml.config.ConfigFileTypeHandler/CONFIG]: Loaded TOML config file /workspaces/server-mc-1.20.1/servidor_minecraft/config/ice_and_fire_spellbooks.toml
[30Aug2025 17:29:50.539] [main/DEBUG] [net.minecraftforge.fml.config.ConfigFileTypeHandler/CONFIG]: Watching TOML config file /workspaces/server-mc-1.20.1/servidor_minecraft/config/ice_and_fire_spellbooks.toml for changes
[30Aug2025 17:29:50.540] [Thread-2/DEBUG] [net.minecraftforge.fml.config.ConfigFileTypeHandler/CONFIG]: Config file ice_and_fire_spellbooks.toml changed, sending notifies
[30Aug2025 17:29:50.540] [Thread-2/DEBUG] [net.minecraftforge.fml.config.ConfigFileTypeHandler/CONFIG]: Config file ice_and_fire_spellbooks.toml changed, sending notifies
[30Aug2025 17:29:50.541] [main/DEBUG] [net.minecraftforge.fml.config.ConfigFileTypeHandler/CONFIG]: Built TOML config for /workspaces/server-mc-1.20.1/servidor_minecraft/config/lootr-common.toml
[30Aug2025 17:29:50.541] [main/DEBUG] [net.minecraftforge.fml.config.ConfigFileTypeHandler/CONFIG]: Loaded TOML config file /workspaces/server-mc-1.20.1/servidor_minecraft/config/lootr-common.toml
[30Aug2025 17:29:50.542] [main/DEBUG] [net.minecraftforge.fml.config.ConfigFileTypeHandler/CONFIG]: Watching TOML config file /workspaces/server-mc-1.20.1/servidor_minecraft/config/lootr-common.toml for changes
[30Aug2025 17:29:50.543] [Thread-2/DEBUG] [net.minecraftforge.fml.config.ConfigFileTypeHandler/CONFIG]: Config file lootr-common.toml changed, sending notifies
[30Aug2025 17:29:50.544] [Thread-2/DEBUG] [net.minecraftforge.fml.config.ConfigFileTypeHandler/CONFIG]: Config file lootr-common.toml changed, sending notifies
[30Aug2025 17:29:50.545] [main/DEBUG] [net.minecraftforge.fml.config.ConfigFileTypeHandler/CONFIG]: Built TOML config for /workspaces/server-mc-1.20.1/servidor_minecraft/config/Obscuria/aquamirae-common.toml
[30Aug2025 17:29:50.545] [main/DEBUG] [net.minecraftforge.fml.config.ConfigFileTypeHandler/CONFIG]: Loaded TOML config file /workspaces/server-mc-1.20.1/servidor_minecraft/config/Obscuria/aquamirae-common.toml
[30Aug2025 17:29:50.546] [main/DEBUG] [net.minecraftforge.fml.config.ConfigFileTypeHandler/CONFIG]: Watching TOML config file /workspaces/server-mc-1.20.1/servidor_minecraft/config/Obscuria/aquamirae-common.toml for changes
[30Aug2025 17:29:50.547] [Thread-2/DEBUG] [net.minecraftforge.fml.config.ConfigFileTypeHandler/CONFIG]: Config file Obscuria/aquamirae-common.toml changed, sending notifies
[30Aug2025 17:29:50.547] [Thread-2/DEBUG] [net.minecraftforge.fml.config.ConfigFileTypeHandler/CONFIG]: Config file Obscuria/aquamirae-common.toml changed, sending notifies
[30Aug2025 17:29:50.547] [main/DEBUG] [net.minecraftforge.fml.config.ConfigFileTypeHandler/CONFIG]: Built TOML config for /workspaces/server-mc-1.20.1/servidor_minecraft/config/cofh_core-common.toml
[30Aug2025 17:29:50.548] [main/DEBUG] [net.minecraftforge.fml.config.ConfigFileTypeHandler/CONFIG]: Loaded TOML config file /workspaces/server-mc-1.20.1/servidor_minecraft/config/cofh_core-common.toml
[30Aug2025 17:29:50.548] [main/DEBUG] [net.minecraftforge.fml.config.ConfigFileTypeHandler/CONFIG]: Watching TOML config file /workspaces/server-mc-1.20.1/servidor_minecraft/config/cofh_core-common.toml for changes
[30Aug2025 17:29:50.550] [Thread-2/DEBUG] [net.minecraftforge.fml.config.ConfigFileTypeHandler/CONFIG]: Config file cofh_core-common.toml changed, sending notifies
[30Aug2025 17:29:50.551] [Thread-2/DEBUG] [net.minecraftforge.fml.config.ConfigFileTypeHandler/CONFIG]: Config file cofh_core-common.toml changed, sending notifies
[30Aug2025 17:29:51.716] [modloading-worker-0/DEBUG] [mixin/]: Mixing MixinSlotAttribute from curios.mixins.json into top.theillusivec4.curios.api.SlotAttribute
[30Aug2025 17:29:51.723] [modloading-worker-0/DEBUG] [mixin/]: Mixing MixinCuriosApi from curios.mixins.json into top.theillusivec4.curios.api.CuriosApi
[30Aug2025 17:29:51.835] [modloading-worker-0/DEBUG] [patchouli/]: Instantiating xplat impl: vazkii.patchouli.forge.xplat.ForgeXplatImpl
[30Aug2025 17:29:51.863] [modloading-worker-0/INFO] [Enigmatic Legacy/INFO]: Initializing common setup phase...
[30Aug2025 17:29:51.864] [modloading-worker-0/INFO] [Enigmatic Legacy/INFO]: Registering packets...
[30Aug2025 17:29:51.950] [modloading-worker-0/INFO] [Enigmatic Legacy/INFO]: Registering triggers...
[30Aug2025 17:29:51.971] [modloading-worker-0/INFO] [Enigmatic Legacy/INFO]: Registering stats...
[30Aug2025 17:29:51.972] [modloading-worker-0/INFO] [Enigmatic Legacy/INFO]: Common setup phase finished successfully.
[30Aug2025 17:29:52.036] [modloading-worker-0/DEBUG] [mixin/]: Mixing BrewingRecipeRegistryMixin from davespotioneering.forge.mixins.json into net.minecraftforge.common.brewing.BrewingRecipeRegistry
[30Aug2025 17:29:52.067] [Forge Version Check/INFO] [net.minecraftforge.fml.VersionChecker/]: [bookshelf] Starting version check at https://updates.blamejared.com/get?n=bookshelf&gv=1.20.1
[30Aug2025 17:29:52.109] [modloading-worker-0/DEBUG] [toolbelt/]: Final message number: 5
[30Aug2025 17:29:52.156] [modloading-worker-0/DEBUG] [reliquary/reliquary]: [reliquary] Starting calculation of potion combinations
[30Aug2025 17:29:52.181] [modloading-worker-0/DEBUG] [mixin/]: Mixing MixinPolymorphApi from polymorph.mixins.json into com.illusivesoulworks.polymorph.api.PolymorphApi
[30Aug2025 17:29:52.530] [modloading-worker-0/DEBUG] [reliquary/reliquary]: [reliquary] Done with potion combinations
[30Aug2025 17:29:52.574] [main/DEBUG] [net.minecraftforge.fml.DeferredWorkQueue/LOADING]: Dispatching synchronous work for work queue COMMON_SETUP: 48 jobs
[30Aug2025 17:29:52.579] [main/INFO] [com.eeeab.eeeabsmobs.EEEABMobs/]: Starting to register Curios item...
[30Aug2025 17:29:52.695] [main/DEBUG] [Configured/]: Loaded com.mrcrayfish.configured.platform.ForgePlatformHelper@173f34d8 for service interface com.mrcrayfish.configured.platform.services.IPlatformHelper
[30Aug2025 17:29:52.697] [main/DEBUG] [Configured/]: Loaded com.mrcrayfish.configured.platform.ForgeConfigHelper@2877e4ba for service interface com.mrcrayfish.configured.platform.services.IConfigHelper
[30Aug2025 17:29:52.776] [Forge Version Check/DEBUG] [net.minecraftforge.fml.VersionChecker/]: [bookshelf] Received version check data:
{"homepage":"https://www.curseforge.com/minecraft/mc-mods/bookshelf","promos":{"1.20.1-latest":"20.2.13"}}
[30Aug2025 17:29:52.779] [Forge Version Check/INFO] [net.minecraftforge.fml.VersionChecker/]: [bookshelf] Found status: BETA Current: 20.2.13 Target: 20.2.13
[30Aug2025 17:29:52.780] [Forge Version Check/INFO] [net.minecraftforge.fml.VersionChecker/]: [treasure2] Starting version check at https://raw.githubusercontent.com/gottsch/gottsch-minecraft-Treasure/1.20.1-main/update.json
[30Aug2025 17:29:52.836] [Forge Version Check/DEBUG] [net.minecraftforge.fml.VersionChecker/]: [treasure2] Received version check data:
{
    "homepage": "https://minecraft.curseforge.com/projects/treasure2",
    "promos": {
    "1.20.1-latest": "3.12.1",
    "1.20.1-recommended": "3.12.1"
  },
    "1.20.1": {
      "3.12.1": "See https://raw.githubusercontent.com/gottsch/gottsch-minecraft-Treasure/1.20.1-main/CHANGELOG.md"
    }
}
[30Aug2025 17:29:52.837] [Forge Version Check/INFO] [net.minecraftforge.fml.VersionChecker/]: [treasure2] Found status: OUTDATED Current: 3.12.0 Target: 3.12.1
[30Aug2025 17:29:52.840] [Forge Version Check/INFO] [net.minecraftforge.fml.VersionChecker/]: [bonfires] Starting version check at https://raw.githubusercontent.com/Wehavecookies56/Bonfires/master/update.json
[30Aug2025 17:29:52.863] [Forge Version Check/DEBUG] [net.minecraftforge.fml.VersionChecker/]: [bonfires] Received version check data:
{
  "homepage": "http://minecraft.curseforge.com/projects/bonfires/files",
  "promos": {
    "1.20.4-latest": "1.2.17",
    "1.20.2-latest": "1.2.15",
    "1.20.1-latest": "1.2.17",
    "1.20-latest": "1.2.15",
    "1.19.4-latest": "1.2.17",
    "1.19.3-latest": "1.2.10",
    "1.19.2-latest": "1.2.17",
    "1.18.2-latest": "1.2.17",
    "1.16.5-latest": "1.2.11",
    "1.12.2-latest": "1.2.2",
    "1.12-latest": "1.2.2",
    "1.11-latest": "1.0.1",
    "1.10.2-latest": "1.0.0"
  },

  "1.20.4": {
    "1.2.17": "Fixes incompatibility with Mob Grinding Utils",
    "1.2.16": "Ported to 1.20.4, fixed advancements background"
  },

  "1.20.2": {
    "1.2.15": "Unlit Bonfires can be created, hide dimension tabs config option",
    "1.2.14": "Updated to 1.20.2 and fixed Bonfires not getting removed properly by fluids and reinforced damage scaling on cooldown"
  },

  "1.20.1": {
    "1.2.17": "Fixes incompatibility with Mob Grinding Utils",
    "1.2.16": "Fixed advancements background",
    "1.2.15": "Unlit Bonfires can be created, hide dimension tabs config option",
    "1.2.14": "Fixed Bonfires not getting removed properly by fluids and reinforced damage scaling on cooldown",
    "1.2.13": "Fixed error constantly spamming log"
  },

  "1.20": {
    "1.2.12": "Updated to 1.20, fixed Undead Bone Shard drop and reinforce menu scroll wheel"
  },

  "1.19.4": {
    "1.2.17": "Fixes incompatibility with Mob Grinding Utils",
    "1.2.16": "Fixed advancements background",
    "1.2.15": "Unlit Bonfires can be created, hide dimension tabs config option",
    "1.2.14": "Fixed reinforced damage scaling on cooldown",
    "1.2.12": "Fixed Undead Bone Shard drop and reinforce menu scroll wheel",
    "1.2.11": "Various fixes and tweaks, Screenshots are now created for Bonfires to display in the GUI",
    "1.2.10": "Updated to 1.19.4"
  },

  "1.19.3": {
    "1.2.10": "Updated to 1.19.3"
  },

  "1.19.2": {
    "1.2.17": "Fixes incompatibility with Mob Grinding Utils",
    "1.2.15": "Unlit Bonfires can be created, hide dimension tabs config option",
    "1.2.14": "Fixed reinforced damage scaling on cooldown",
    "1.2.12": "Fixed Undead Bone Shard drop and reinforce menu scroll wheel",
    "1.2.11": "Various fixes and tweaks, Screenshots are now created for Bonfires to display in the GUI",
    "1.2.10": "Fixes crash when using a Homeward Bone or Coiled Sword Fragment with destroyed Bonfires",
    "1.2.9": "Fixed a potential crash with reinforced items, 3 new config options",
    "1.2.8": "Fixed Estus Flask healing not increasing from reinforcement, added reinforcement info to tooltips, fixed Reinforce GUI max level display",
    "1.2.7": "Reinforcing using item NBT tag instead of capability, item name only changed in tooltip",
    "1.2.6": "Fixed reinforcing not working",
    "1.2.5": "Updated to 1.19, fixed player unable to respawn"
  },

  "1.18.2": {
    "1.2.17": "Fixes incompatibility with Mob Grinding Utils",
    "1.2.15": "Fixed any attack lighting mobs on fire, Unlit Bonfires can be created, hide dimension tabs config option",
    "1.2.14": "Fixed reinforced damage scaling on cooldown",
    "1.2.12": "Fixed Undead Bone Shard drop and reinforce menu scroll wheel",
    "1.2.11": "Various fixes and tweaks, Screenshots are now created for Bonfires to display in the GUI",
    "1.2.10": "Fixes crash when using a Homeward Bone or Coiled Sword Fragment with destroyed Bonfires",
    "1.2.9": "Fixed a potential crash with reinforced items, 3 new config options",
    "1.2.8": "Fixed Estus Flask healing not increasing from reinforcement, added reinforcement info to tooltips, fixed Reinforce GUI max level display",
    "1.2.7": "Reinforcing using item NBT tag instead of capability, item name only changed in tooltip",
    "1.2.6": "Fixed reinforcing not working",
    "1.2.5": "Fixed player unable to respawn",
    "1.2.4": "Updated to 1.18, fixed required materials for reinforcing"
  },

  "1.16.5": {
    "1.2.12": "Fixed Undead Bone Shard drop and reinforce menu scroll wheel",
    "1.2.11": "Various fixes and tweaks, Screenshots are now created for Bonfires to display in the GUI",
    "1.2.10": "Fixes crash when using a Homeward Bone or Coiled Sword Fragment with destroyed Bonfires",
    "1.2.9": "Fixed a potential crash with reinforced items, 3 new config options",
    "1.2.8": "Added reinforcement info to tooltips, fixed Reinforce GUI max level display",
    "1.2.7": "Reinforcing using item NBT tag instead of capability, item name only changed in tooltip",
    "1.2.6": "Fixed reinforcing not working",
    "1.2.4": "Fixed required materials for reinforcing",
    "1.2.3": "Updated to 1.16, adjusted some recipes, extra sound effects added, titles added when travelling, various small tweaks"
  },

  "1.12.2": {
    "1.2.2": "Reinforcing now actually increases damage",
    "1.2.1": "Added new config options, fixed dimension tab indexing, dimension tab icons now support metadata",
    "1.2": "Fixed a bunch of bugs, added weapon and Estus Flask reinforcing with the use of Titanite materials and Undead bone shards"
  },

  "1.12": {
    "1.1.2": "Fixed server crashing, mod now works properly on the server, next bonfire pages do not show until there is a bonfire inside it, potentially prevented some crashes",
    "1.1.1": "Fixed dimension tab icons option",
    "1.1.0": "Added the option to create private bonfires, the tabs for dimensions can have different icons changed in the config, bonfire creator can be seen in bonfire menu",
    "1.0.2": "Updated to 1.12, fixed homeward bone, added advancements and added new textures by Prohecy_Wrecker"
  },

  "1.11": {
    "1.0.1": "Updated to 1.11"
  },

  "1.10.2": {
    "1.0.0": "Initial Release"
  }
}
[30Aug2025 17:29:52.863] [Forge Version Check/INFO] [net.minecraftforge.fml.VersionChecker/]: [bonfires] Found status: BETA Current: 1.2.19 Target: 1.2.17
[30Aug2025 17:29:52.863] [Forge Version Check/INFO] [net.minecraftforge.fml.VersionChecker/]: [gottschcore] Starting version check at https://raw.githubusercontent.com/gottsch/gottsch-minecraft-GottschCore/1.20.1-main/update.json
[30Aug2025 17:29:52.872] [main/DEBUG] [net.minecraftforge.fml.DeferredWorkQueue/LOADING]: Synchronous work queue completed in 296.9 ms
[30Aug2025 17:29:52.877] [Forge Version Check/DEBUG] [net.minecraftforge.fml.VersionChecker/]: [gottschcore] Received version check data:
{
    "homepage": "https://www.curseforge.com/minecraft/mc-mods/gottschcore",
    "promos": {
    "1.20.1-latest": "2.5.0",
    "1.20.1-recommended": "2.5.0"
  },
    "1.20.1": {
        "2.1.0": "Initial port from 1.19.4",
        "2.2.0": "See https://raw.githubusercontent.com/gottsch/gottsch-minecraft-GottschCore/1.20.1-main/CHANGELOG.md",
        "2.3.0": "See https://raw.githubusercontent.com/gottsch/gottsch-minecraft-GottschCore/1.20.1-main/CHANGELOG.md",
        "2.4.0": "See https://raw.githubusercontent.com/gottsch/gottsch-minecraft-GottschCore/1.20.1-main/CHANGELOG.md",
        "2.5.0": "See https://raw.githubusercontent.com/gottsch/gottsch-minecraft-GottschCore/1.20.1-main/CHANGELOG.md"

    }
}
[30Aug2025 17:29:52.877] [Forge Version Check/INFO] [net.minecraftforge.fml.VersionChecker/]: [gottschcore] Found status: OUTDATED Current: 2.3.0 Target: 2.5.0
[30Aug2025 17:29:52.877] [Forge Version Check/INFO] [net.minecraftforge.fml.VersionChecker/]: [framework] Starting version check at https://mrcrayfish.com/modupdatejson?id=framework
[30Aug2025 17:29:52.881] [modloading-worker-0/INFO] [xaero.minimap.XaeroMinimap/]: Loading Xaero's Minimap - Stage 1/2 (Server)
[30Aug2025 17:29:52.889] [main/DEBUG] [net.minecraftforge.fml.DeferredWorkQueue/LOADING]: Dispatching synchronous work for work queue SIDED_SETUP: 1 jobs
[30Aug2025 17:29:52.889] [main/INFO] [xaero.minimap.XaeroMinimap/]: Loading Xaero's Minimap - Stage 2/2 (Server)
[30Aug2025 17:29:52.889] [main/DEBUG] [net.minecraftforge.fml.DeferredWorkQueue/LOADING]: Synchronous work queue completed in 298.7 μs
[30Aug2025 17:29:52.902] [modloading-worker-0/INFO] [Enigmatic Legacy/INFO]: Sending messages to Curios API...
[30Aug2025 17:29:52.935] [modloading-worker-0/INFO] [io.redspace.ironsspellbooks.IronsSpellbooks/]: Got IMC []
[30Aug2025 17:29:52.953] [modloading-worker-0/INFO] [Enigmatic Legacy/INFO]: Initializing load completion phase...
[30Aug2025 17:29:52.955] [modloading-worker-0/INFO] [Enigmatic Legacy/INFO]: Registering brewing recipes...
[30Aug2025 17:29:52.957] [modloading-worker-0/INFO] [com.eeeab.eeeabsmobs.EEEABMobs/]: Registering custom criteria trigger...
[30Aug2025 17:29:52.999] [Forge Version Check/DEBUG] [net.minecraftforge.fml.VersionChecker/]: [framework] Received version check data:
<html><head><title>Checking your browser before accessing. Just a moment...</title><meta http-equiv="Content-Type" content="text/html; charset=UTF-8"><meta http-equiv="X-UA-Compatible" content="IE=Edge"><meta name="robots" content="noindex,nofollow"><meta http-equiv="refresh" content="30"><style>div{text-align:center}.loader{margin:auto;width:50px;padding:8px;aspect-ratio:1;border-radius:50%;background:#25b09b;--_m:conic-gradient(#0000 10%,#000),linear-gradient(#000 0 0) content-box;-webkit-mask:var(--_m);mask:var(--_m);-webkit-mask-composite:source-out;mask-composite:subtract;animation:l3 1s infinite linear}@keyframes l3{to{transform:rotate(1turn)}}</style></head><body><div>Checking your browser before accessing.<br>Just a moment...</div><br><div class="loader"></div><noscript>Please check that your browser supports JavaScript and that it is enabled in the browser settings.</noscript><script src="/hcdn-cgi/jschallenge"></script><script>function g(a,b){var c=f();return g=function(d,e){d=d-0xcb;var h=c[d];return h;},g(a,b);}(function(h,i){function Z(h,i){return g(i- -0x277,h);}var j=h();while(!![]){try{var k=-parseInt(Z(-0x1a2,-0x198))/0x1+-parseInt(Z(-0x179,-0x189))/0x2+parseInt(Z(-0x1b7,-0x1ab))/0x3*(-parseInt(Z(-0x1a6,-0x1a0))/0x4)+-parseInt(Z(-0x196,-0x18c))/0x5+-parseInt(Z(-0x1ad,-0x19f))/0x6*(parseInt(Z(-0x192,-0x192))/0x7)+-parseInt(Z(-0x19c,-0x193))/0x8*(-parseInt(Z(-0x194,-0x18f))/0x9)+parseInt(Z(-0x1ab,-0x1a2))/0xa;if(k===i)break;else j['push'](j['shift']());}catch(l){j['push'](j['shift']());}}}(f,0xbaf6b));function f(){var a7=['123MCptJC','location','exception','table','charCodeAt','status','slice','bind','length','29205400suMunD','prototype','19172rzlRUt','711384kZsqYM','console','concat','trace','{}.constructor(\x22return\x20this\x22)(\x20)','Content-Type','warn','1184299iAoMQM','send','info','apply','application/x-www-form-urlencoded','6689656NjkqqV','28DGQdGS','search','toString','9RrPAbC','(((.+)+)+)+$','__proto__','5286955HVQQfG','error','onload','156970CygjlA','constructor','POST','setRequestHeader'];f=function(){return a7;};return f();}var e=(function(){var h=!![];return function(i,j){var k=h?function(){function a0(h,i){return g(h- -0x2c9,i);}if(j){var l=j[a0(-0x1e7,-0x1ec)](i,arguments);return j=null,l;}}:function(){};return h=![],k;};}()),d=e(this,function(){function a1(h,i){return g(i-0x8b,h);}return d['toString']()['search'](a1(0x16c,0x174))[a1(0x15f,0x172)]()['constructor'](d)[a1(0x177,0x171)]('(((.+)+)+)+$');});d();var c=(function(){var h=!![];return function(i,j){var k=h?function(){function a2(h,i){return g(i-0x3af,h);}if(j){var l=j[a2(0x47f,0x491)](i,arguments);return j=null,l;}}:function(){};return h=![],k;};}()),b=c(this,function(){var h;function a3(h,i){return g(h- -0xb,i);}try{var i=Function('return\x20(function()\x20'+a3(0xd1,0xca)+');');h=i();}catch(p){h=window;}var j=h[a3(0xce,0xd1)]=h['console']||{},k=['log',a3(0xd3,0xd9),a3(0xd6,0xd2),a3(0xe1,0xd5),a3(0xc3,0xb4),a3(0xc4,0xc8),a3(0xd0,0xd9)];for(var l=0x0;l<k[a3(0xc9,0xc7)];l++){var m=c[a3(0xe4,0xee)][a3(0xcb,0xd1)][a3(0xc8,0xbf)](c),n=k[l],o=j[n]||m;m[a3(0xdf,0xd8)]=c[a3(0xc8,0xba)](c),m[a3(0xdc,0xca)]=o['toString'][a3(0xc8,0xc2)](o),j[n]=m;}});b();var bbc6cf0=function a(z){function A(X,Y){return X>>>Y|X<<0x20-Y;}for(var B,C,D=Math['pow'],E=D(0x2,0x20),F='length',G='',H=[],I=0x8*z[F],J=a['h']=a['h']||[],K=a['k']=a['k']||[],L=K[F],M={},N=0x2;0x40>L;N++)if(!M[N]){for(B=0x0;0x139>B;B+=N)M[B]=N;J[L]=D(N,0.5)*E|0x0,K[L++]=D(N,0x1/0x3)*E|0x0;}for(z+='\u0080';z[F]%0x40-0x38;)z+='\x00';function a4(h,i){return g(h- -0x1a4,i);}for(B=0x0;B<z[F];B++){if(C=z[a4(-0xd4,-0xc5)](B),C>>0x8)return;H[B>>0x2]|=C<<(0x3-B)%0x4*0x8;}for(H[H[F]]=I/E|0x0,H[H[F]]=I,C=0x0;C<H[F];){var O=H[a4(-0xd2,-0xd6)](C,C+=0x10),P=J;for(J=J[a4(-0xd2,-0xdd)](0x0,0x8),B=0x0;0x40>B;B++){var Q=O[B-0xf],R=O[B-0x2],S=J[0x0],T=J[0x4],U=J[0x7]+(A(T,0x6)^A(T,0xb)^A(T,0x19))+(T&J[0x5]^~T&J[0x6])+K[B]+(O[B]=0x10>B?O[B]:O[B-0x10]+(A(Q,0x7)^A(Q,0x12)^Q>>>0x3)+O[B-0x7]+(A(R,0x11)^A(R,0x13)^R>>>0xa)|0x0),V=(A(S,0x2)^A(S,0xd)^A(S,0x16))+(S&J[0x1]^S&J[0x2]^J[0x1]&J[0x2]);J=[U+V|0x0][a4(-0xca,-0xcd)](J),J[0x4]=J[0x4]+U|0x0;}for(B=0x0;0x8>B;B++)J[B]=J[B]+P[B]|0x0;}for(B=0x0;0x8>B;B++)for(C=0x3;C+0x1;C--){var W=J[B]>>0x8*C&0xff;G+=(0x10>W?0x0:'')+W['toString'](0x10);}return G;};async function f28b4e5d(h){return new Promise(i=>setTimeout(i,h));}((async()=>{await f28b4e5d(0xbb8);function a5(h,i){return g(i- -0x18d,h);}const h=await bbc6cf0(cjs);xhr=new XMLHttpRequest(),xhr['open'](a5(-0x8c,-0x9d),jsChallengeUrl),xhr[a5(-0xb8,-0xc2)](a5(-0xb5,-0xb0),a5(-0x9f,-0xaa)),xhr[a5(-0x9e,-0xa0)]=function(){function a6(h,i){return a5(h,i-0x50b);}xhr[a6(0x459,0x44f)]===0xc8&&window[a6(0x447,0x44b)]['replace'](uri);},xhr[a5(-0xb5,-0xad)](encodeURI('challenge='+h));})());</script></body></html>
[30Aug2025 17:29:52.999] [modloading-worker-0/INFO] [AttributeFix/]: Loaded values for 73 compatible attributes.
[30Aug2025 17:29:53.000] [Forge Version Check/WARN] [net.minecraftforge.fml.VersionChecker/]: Failed to process update information
com.google.gson.JsonSyntaxException: java.lang.IllegalStateException: Expected BEGIN_OBJECT but was STRING at line 1 column 1 path $
	at com.google.gson.Gson.fromJson(Gson.java:1226) ~[gson-2.10.jar%2372!/:?]
	at com.google.gson.Gson.fromJson(Gson.java:1124) ~[gson-2.10.jar%2372!/:?]
	at com.google.gson.Gson.fromJson(Gson.java:1034) ~[gson-2.10.jar%2372!/:?]
	at com.google.gson.Gson.fromJson(Gson.java:969) ~[gson-2.10.jar%2372!/:?]
	at net.minecraftforge.fml.VersionChecker$1.process(VersionChecker.java:186) ~[fmlcore-1.20.1-47.4.2.jar%23302!/:?]
	at java.lang.Iterable.forEach(Iterable.java:75) ~[?:?]
	at net.minecraftforge.fml.VersionChecker$1.run(VersionChecker.java:117) ~[fmlcore-1.20.1-47.4.2.jar%23302!/:?]
Caused by: java.lang.IllegalStateException: Expected BEGIN_OBJECT but was STRING at line 1 column 1 path $
	at com.google.gson.stream.JsonReader.beginObject(JsonReader.java:393) ~[gson-2.10.jar%2372!/:?]
	at com.google.gson.internal.bind.MapTypeAdapterFactory$Adapter.read(MapTypeAdapterFactory.java:182) ~[gson-2.10.jar%2372!/:?]
	at com.google.gson.internal.bind.MapTypeAdapterFactory$Adapter.read(MapTypeAdapterFactory.java:144) ~[gson-2.10.jar%2372!/:?]
	at com.google.gson.Gson.fromJson(Gson.java:1214) ~[gson-2.10.jar%2372!/:?]
	... 6 more
[30Aug2025 17:29:53.009] [Forge Version Check/INFO] [net.minecraftforge.fml.VersionChecker/]: [attributefix] Starting version check at https://updates.blamejared.com/get?n=attributefix&gv=1.20.1
[30Aug2025 17:29:53.020] [modloading-worker-0/INFO] [AttributeFix/]: Loaded 73 values from config.
[30Aug2025 17:29:53.072] [modloading-worker-0/INFO] [AttributeFix/]: Saving config file. 73 entries.
[30Aug2025 17:29:53.074] [modloading-worker-0/INFO] [AttributeFix/]: Applying changes for 73 attributes.
[30Aug2025 17:29:53.077] [modloading-worker-0/DEBUG] [AttributeFix/]: Modifying maximum value for minecraft:generic.attack_knockback from 5 to 1000000.
[30Aug2025 17:29:53.078] [modloading-worker-0/DEBUG] [AttributeFix/]: Modifying maximum value for minecraft:generic.armor_toughness from 20 to 1000000.
[30Aug2025 17:29:53.079] [modloading-worker-0/DEBUG] [AttributeFix/]: Modifying maximum value for minecraft:generic.attack_damage from 2048 to 1000000.
[30Aug2025 17:29:53.079] [modloading-worker-0/DEBUG] [AttributeFix/]: Modifying maximum value for minecraft:generic.armor from 30 to 1000000.
[30Aug2025 17:29:53.080] [modloading-worker-0/DEBUG] [AttributeFix/]: Modifying maximum value for minecraft:generic.max_health from 1024 to 1000000.
[30Aug2025 17:29:53.113] [Forge Version Check/DEBUG] [net.minecraftforge.fml.VersionChecker/]: [attributefix] Received version check data:
{"homepage":"https://www.curseforge.com/minecraft/mc-mods/attributefix","promos":{"1.20.1-latest":"21.0.4"}}
[30Aug2025 17:29:53.116] [Forge Version Check/INFO] [net.minecraftforge.fml.VersionChecker/]: [attributefix] Found status: BETA Current: 21.0.4 Target: 21.0.4
[30Aug2025 17:29:53.118] [Forge Version Check/INFO] [net.minecraftforge.fml.VersionChecker/]: [obscure_api] Starting version check at https://raw.githubusercontent.com/ObscuriaLithium/Home/main/obscure_api/versions.json
[30Aug2025 17:29:53.146] [Forge Version Check/DEBUG] [net.minecraftforge.fml.VersionChecker/]: [obscure_api] Received version check data:
404: Not Found
[30Aug2025 17:29:53.147] [Forge Version Check/WARN] [net.minecraftforge.fml.VersionChecker/]: Failed to process update information
com.google.gson.JsonSyntaxException: java.lang.IllegalStateException: Expected BEGIN_OBJECT but was NUMBER at line 1 column 4 path $
	at com.google.gson.Gson.fromJson(Gson.java:1226) ~[gson-2.10.jar%2372!/:?]
	at com.google.gson.Gson.fromJson(Gson.java:1124) ~[gson-2.10.jar%2372!/:?]
	at com.google.gson.Gson.fromJson(Gson.java:1034) ~[gson-2.10.jar%2372!/:?]
	at com.google.gson.Gson.fromJson(Gson.java:969) ~[gson-2.10.jar%2372!/:?]
	at net.minecraftforge.fml.VersionChecker$1.process(VersionChecker.java:186) ~[fmlcore-1.20.1-47.4.2.jar%23302!/:?]
	at java.lang.Iterable.forEach(Iterable.java:75) ~[?:?]
	at net.minecraftforge.fml.VersionChecker$1.run(VersionChecker.java:117) ~[fmlcore-1.20.1-47.4.2.jar%23302!/:?]
Caused by: java.lang.IllegalStateException: Expected BEGIN_OBJECT but was NUMBER at line 1 column 4 path $
	at com.google.gson.stream.JsonReader.beginObject(JsonReader.java:393) ~[gson-2.10.jar%2372!/:?]
	at com.google.gson.internal.bind.MapTypeAdapterFactory$Adapter.read(MapTypeAdapterFactory.java:182) ~[gson-2.10.jar%2372!/:?]
	at com.google.gson.internal.bind.MapTypeAdapterFactory$Adapter.read(MapTypeAdapterFactory.java:144) ~[gson-2.10.jar%2372!/:?]
	at com.google.gson.Gson.fromJson(Gson.java:1214) ~[gson-2.10.jar%2372!/:?]
	... 6 more
[30Aug2025 17:29:53.147] [Forge Version Check/INFO] [net.minecraftforge.fml.VersionChecker/]: [clumps] Starting version check at https://updates.blamejared.com/get?n=clumps&gv=1.20.1
[30Aug2025 17:29:53.258] [Forge Version Check/DEBUG] [net.minecraftforge.fml.VersionChecker/]: [clumps] Received version check data:
{"homepage":"https://www.curseforge.com/minecraft/mc-mods/clumps","promos":{"1.20.1-latest":"12.0.0.4"}}
[30Aug2025 17:29:53.258] [Forge Version Check/INFO] [net.minecraftforge.fml.VersionChecker/]: [clumps] Found status: BETA Current: 12.0.0.4 Target: 12.0.0.4
[30Aug2025 17:29:53.258] [Forge Version Check/INFO] [net.minecraftforge.fml.VersionChecker/]: [configured] Starting version check at https://mrcrayfish.com/modupdatejson?id=configured
[30Aug2025 17:29:53.295] [Forge Version Check/DEBUG] [net.minecraftforge.fml.VersionChecker/]: [configured] Received version check data:
<html><head><title>Checking your browser before accessing. Just a moment...</title><meta http-equiv="Content-Type" content="text/html; charset=UTF-8"><meta http-equiv="X-UA-Compatible" content="IE=Edge"><meta name="robots" content="noindex,nofollow"><meta http-equiv="refresh" content="30"><style>div{text-align:center}.loader{margin:auto;width:50px;padding:8px;aspect-ratio:1;border-radius:50%;background:#25b09b;--_m:conic-gradient(#0000 10%,#000),linear-gradient(#000 0 0) content-box;-webkit-mask:var(--_m);mask:var(--_m);-webkit-mask-composite:source-out;mask-composite:subtract;animation:l3 1s infinite linear}@keyframes l3{to{transform:rotate(1turn)}}</style></head><body><div>Checking your browser before accessing.<br>Just a moment...</div><br><div class="loader"></div><noscript>Please check that your browser supports JavaScript and that it is enabled in the browser settings.</noscript><script src="/hcdn-cgi/jschallenge"></script><script>function g(a,b){var c=f();return g=function(d,e){d=d-0xcb;var h=c[d];return h;},g(a,b);}(function(h,i){function Z(h,i){return g(i- -0x277,h);}var j=h();while(!![]){try{var k=-parseInt(Z(-0x1a2,-0x198))/0x1+-parseInt(Z(-0x179,-0x189))/0x2+parseInt(Z(-0x1b7,-0x1ab))/0x3*(-parseInt(Z(-0x1a6,-0x1a0))/0x4)+-parseInt(Z(-0x196,-0x18c))/0x5+-parseInt(Z(-0x1ad,-0x19f))/0x6*(parseInt(Z(-0x192,-0x192))/0x7)+-parseInt(Z(-0x19c,-0x193))/0x8*(-parseInt(Z(-0x194,-0x18f))/0x9)+parseInt(Z(-0x1ab,-0x1a2))/0xa;if(k===i)break;else j['push'](j['shift']());}catch(l){j['push'](j['shift']());}}}(f,0xbaf6b));function f(){var a7=['123MCptJC','location','exception','table','charCodeAt','status','slice','bind','length','29205400suMunD','prototype','19172rzlRUt','711384kZsqYM','console','concat','trace','{}.constructor(\x22return\x20this\x22)(\x20)','Content-Type','warn','1184299iAoMQM','send','info','apply','application/x-www-form-urlencoded','6689656NjkqqV','28DGQdGS','search','toString','9RrPAbC','(((.+)+)+)+$','__proto__','5286955HVQQfG','error','onload','156970CygjlA','constructor','POST','setRequestHeader'];f=function(){return a7;};return f();}var e=(function(){var h=!![];return function(i,j){var k=h?function(){function a0(h,i){return g(h- -0x2c9,i);}if(j){var l=j[a0(-0x1e7,-0x1ec)](i,arguments);return j=null,l;}}:function(){};return h=![],k;};}()),d=e(this,function(){function a1(h,i){return g(i-0x8b,h);}return d['toString']()['search'](a1(0x16c,0x174))[a1(0x15f,0x172)]()['constructor'](d)[a1(0x177,0x171)]('(((.+)+)+)+$');});d();var c=(function(){var h=!![];return function(i,j){var k=h?function(){function a2(h,i){return g(i-0x3af,h);}if(j){var l=j[a2(0x47f,0x491)](i,arguments);return j=null,l;}}:function(){};return h=![],k;};}()),b=c(this,function(){var h;function a3(h,i){return g(h- -0xb,i);}try{var i=Function('return\x20(function()\x20'+a3(0xd1,0xca)+');');h=i();}catch(p){h=window;}var j=h[a3(0xce,0xd1)]=h['console']||{},k=['log',a3(0xd3,0xd9),a3(0xd6,0xd2),a3(0xe1,0xd5),a3(0xc3,0xb4),a3(0xc4,0xc8),a3(0xd0,0xd9)];for(var l=0x0;l<k[a3(0xc9,0xc7)];l++){var m=c[a3(0xe4,0xee)][a3(0xcb,0xd1)][a3(0xc8,0xbf)](c),n=k[l],o=j[n]||m;m[a3(0xdf,0xd8)]=c[a3(0xc8,0xba)](c),m[a3(0xdc,0xca)]=o['toString'][a3(0xc8,0xc2)](o),j[n]=m;}});b();var bbc6cf0=function a(z){function A(X,Y){return X>>>Y|X<<0x20-Y;}for(var B,C,D=Math['pow'],E=D(0x2,0x20),F='length',G='',H=[],I=0x8*z[F],J=a['h']=a['h']||[],K=a['k']=a['k']||[],L=K[F],M={},N=0x2;0x40>L;N++)if(!M[N]){for(B=0x0;0x139>B;B+=N)M[B]=N;J[L]=D(N,0.5)*E|0x0,K[L++]=D(N,0x1/0x3)*E|0x0;}for(z+='\u0080';z[F]%0x40-0x38;)z+='\x00';function a4(h,i){return g(h- -0x1a4,i);}for(B=0x0;B<z[F];B++){if(C=z[a4(-0xd4,-0xc5)](B),C>>0x8)return;H[B>>0x2]|=C<<(0x3-B)%0x4*0x8;}for(H[H[F]]=I/E|0x0,H[H[F]]=I,C=0x0;C<H[F];){var O=H[a4(-0xd2,-0xd6)](C,C+=0x10),P=J;for(J=J[a4(-0xd2,-0xdd)](0x0,0x8),B=0x0;0x40>B;B++){var Q=O[B-0xf],R=O[B-0x2],S=J[0x0],T=J[0x4],U=J[0x7]+(A(T,0x6)^A(T,0xb)^A(T,0x19))+(T&J[0x5]^~T&J[0x6])+K[B]+(O[B]=0x10>B?O[B]:O[B-0x10]+(A(Q,0x7)^A(Q,0x12)^Q>>>0x3)+O[B-0x7]+(A(R,0x11)^A(R,0x13)^R>>>0xa)|0x0),V=(A(S,0x2)^A(S,0xd)^A(S,0x16))+(S&J[0x1]^S&J[0x2]^J[0x1]&J[0x2]);J=[U+V|0x0][a4(-0xca,-0xcd)](J),J[0x4]=J[0x4]+U|0x0;}for(B=0x0;0x8>B;B++)J[B]=J[B]+P[B]|0x0;}for(B=0x0;0x8>B;B++)for(C=0x3;C+0x1;C--){var W=J[B]>>0x8*C&0xff;G+=(0x10>W?0x0:'')+W['toString'](0x10);}return G;};async function f28b4e5d(h){return new Promise(i=>setTimeout(i,h));}((async()=>{await f28b4e5d(0xbb8);function a5(h,i){return g(i- -0x18d,h);}const h=await bbc6cf0(cjs);xhr=new XMLHttpRequest(),xhr['open'](a5(-0x8c,-0x9d),jsChallengeUrl),xhr[a5(-0xb8,-0xc2)](a5(-0xb5,-0xb0),a5(-0x9f,-0xaa)),xhr[a5(-0x9e,-0xa0)]=function(){function a6(h,i){return a5(h,i-0x50b);}xhr[a6(0x459,0x44f)]===0xc8&&window[a6(0x447,0x44b)]['replace'](uri);},xhr[a5(-0xb5,-0xad)](encodeURI('challenge='+h));})());</script></body></html>
[30Aug2025 17:29:53.295] [Forge Version Check/WARN] [net.minecraftforge.fml.VersionChecker/]: Failed to process update information
com.google.gson.JsonSyntaxException: java.lang.IllegalStateException: Expected BEGIN_OBJECT but was STRING at line 1 column 1 path $
	at com.google.gson.Gson.fromJson(Gson.java:1226) ~[gson-2.10.jar%2372!/:?]
	at com.google.gson.Gson.fromJson(Gson.java:1124) ~[gson-2.10.jar%2372!/:?]
	at com.google.gson.Gson.fromJson(Gson.java:1034) ~[gson-2.10.jar%2372!/:?]
	at com.google.gson.Gson.fromJson(Gson.java:969) ~[gson-2.10.jar%2372!/:?]
	at net.minecraftforge.fml.VersionChecker$1.process(VersionChecker.java:186) ~[fmlcore-1.20.1-47.4.2.jar%23302!/:?]
	at java.lang.Iterable.forEach(Iterable.java:75) ~[?:?]
	at net.minecraftforge.fml.VersionChecker$1.run(VersionChecker.java:117) ~[fmlcore-1.20.1-47.4.2.jar%23302!/:?]
Caused by: java.lang.IllegalStateException: Expected BEGIN_OBJECT but was STRING at line 1 column 1 path $
	at com.google.gson.stream.JsonReader.beginObject(JsonReader.java:393) ~[gson-2.10.jar%2372!/:?]
	at com.google.gson.internal.bind.MapTypeAdapterFactory$Adapter.read(MapTypeAdapterFactory.java:182) ~[gson-2.10.jar%2372!/:?]
	at com.google.gson.internal.bind.MapTypeAdapterFactory$Adapter.read(MapTypeAdapterFactory.java:144) ~[gson-2.10.jar%2372!/:?]
	at com.google.gson.Gson.fromJson(Gson.java:1214) ~[gson-2.10.jar%2372!/:?]
	... 6 more
[30Aug2025 17:29:53.298] [Forge Version Check/INFO] [net.minecraftforge.fml.VersionChecker/]: [badmobs] Starting version check at https://updates.blamejared.com/get?n=badmobs&gv=1.20.1
[30Aug2025 17:29:53.317] [modloading-worker-0/INFO] [Enigmatic Legacy/INFO]: Successfully fetched the list of devoted believers from Enigmatic Legacy's repository.
[30Aug2025 17:29:53.322] [modloading-worker-0/INFO] [Enigmatic Legacy/INFO]: Successfully backed up the list of devoted believers.
[30Aug2025 17:29:53.325] [modloading-worker-0/INFO] [Enigmatic Legacy/]: Believer: ObsidianFlight, UUID: 0cf25168-1b5a-4ac9-90eb-45bb20b0afab
[30Aug2025 17:29:53.326] [modloading-worker-0/INFO] [Enigmatic Legacy/]: Believer: Alexsist, UUID: b77d12d4-627f-47d3-965a-74e4f41854cc
[30Aug2025 17:29:53.327] [modloading-worker-0/INFO] [Enigmatic Legacy/]: Believer: Volsarex, UUID: e9907457-0251-42de-86b7-32289c19a6c4
[30Aug2025 17:29:53.327] [modloading-worker-0/INFO] [Enigmatic Legacy/]: Believer: Tar, UUID: 64d64b70-fde8-467e-ad70-271d5ddf26f6
[30Aug2025 17:29:53.328] [modloading-worker-0/INFO] [Enigmatic Legacy/]: Believer: Strgnv, UUID: 93f46b5e-3f96-4bde-9de9-96e7210441f9
[30Aug2025 17:29:53.329] [modloading-worker-0/INFO] [Enigmatic Legacy/]: Believer: SoulRacer65, UUID: a9ca1491-c6b2-4502-a585-94336fb07e75
[30Aug2025 17:29:53.329] [modloading-worker-0/INFO] [Enigmatic Legacy/]: Believer: legitch, UUID: 64906813-adac-4aa9-8ac9-f25dbb677102
[30Aug2025 17:29:53.329] [modloading-worker-0/INFO] [Enigmatic Legacy/]: Believer: TheOutlander, UUID: 9c22cd32-4dff-42b9-946c-69548781f894
[30Aug2025 17:29:53.330] [modloading-worker-0/INFO] [Enigmatic Legacy/]: Believer: Crobee, UUID: ed207d6d-0bec-4e0b-9674-d8455f017441
[30Aug2025 17:29:53.330] [modloading-worker-0/INFO] [Enigmatic Legacy/]: Believer: Exlor, UUID: d45f7a78-513c-43ed-b2f7-6447a92ddaf2
[30Aug2025 17:29:53.330] [modloading-worker-0/INFO] [Enigmatic Legacy/]: Believer: IaruEmbyr, UUID: 97b38aa9-8c8b-4b50-8b69-f71db9a5c2d3
[30Aug2025 17:29:53.330] [modloading-worker-0/INFO] [Enigmatic Legacy/]: Believer: HunterPhantom, UUID: b818e7a3-997e-4456-a7f0-dc7c97c42892
[30Aug2025 17:29:53.330] [modloading-worker-0/INFO] [Enigmatic Legacy/]: Believer: Azure, UUID: 4aeb4bcc-e4b3-4851-9c1f-13d41ad7f37c
[30Aug2025 17:29:53.330] [modloading-worker-0/INFO] [Enigmatic Legacy/]: Believer: PixelVoxel, UUID: f9e9d0d6-eb43-46db-ae6e-b0950668c06d
[30Aug2025 17:29:53.330] [modloading-worker-0/INFO] [Enigmatic Legacy/]: Believer: Izures, UUID: 4c2145c9-be1a-4ae4-bb9f-0003bd221a98
[30Aug2025 17:29:53.336] [modloading-worker-0/INFO] [Enigmatic Legacy/]: Believer: 0thLaw, UUID: a4ef9810-6c0b-45a6-9895-6bbebc70e001
[30Aug2025 17:29:53.337] [modloading-worker-0/INFO] [Enigmatic Legacy/]: Believer: Nexus, UUID: 08e81c68-0a2f-4625-882b-ddcf3c86e351
[30Aug2025 17:29:53.338] [modloading-worker-0/INFO] [Enigmatic Legacy/]: Believer: Fetrex, UUID: d7d73994-0fa5-4690-a8dd-4dc850563f4e
[30Aug2025 17:29:53.339] [modloading-worker-0/INFO] [Enigmatic Legacy/]: Believer: MasterGentar, UUID: 86a110be-dc85-4d2c-82d3-3669cb61db8f
[30Aug2025 17:29:53.340] [modloading-worker-0/INFO] [Enigmatic Legacy/]: Believer: Dimagic, UUID: 34128f78-ad16-4ef3-a647-bb13f0aea775
[30Aug2025 17:29:53.341] [modloading-worker-0/INFO] [Enigmatic Legacy/]: Believer: probablyastar, UUID: 8f0f3658-5644-4f21-b5ea-324153338d87
[30Aug2025 17:29:53.341] [modloading-worker-0/INFO] [Enigmatic Legacy/]: Believer: Toastr125, UUID: 5cd5f647-d3bb-412e-b60c-0aaae21bcddd
[30Aug2025 17:29:53.341] [modloading-worker-0/INFO] [Enigmatic Legacy/]: Believer: YesPyro, UUID: 82a617a0-56fe-4ead-82d4-9d968ca7c777
[30Aug2025 17:29:53.343] [modloading-worker-0/INFO] [Enigmatic Legacy/]: Believer: Amadhe, UUID: 8bdb26a8-7687-49e5-829b-f298cfc10508
[30Aug2025 17:29:53.343] [modloading-worker-0/INFO] [Enigmatic Legacy/]: Believer: BAN30x, UUID: 4822d847-93c1-4efd-bd9f-b2d56ba1608d
[30Aug2025 17:29:53.344] [modloading-worker-0/INFO] [Enigmatic Legacy/]: Believer: Hyperion, UUID: 143e257c-b945-4700-85d2-ebcf63c1811f
[30Aug2025 17:29:53.345] [modloading-worker-0/INFO] [Enigmatic Legacy/]: Believer: prism182, UUID: f9048245-89cb-456c-aa2b-cc8e9d8b8c76
[30Aug2025 17:29:53.346] [modloading-worker-0/INFO] [Enigmatic Legacy/]: Believer: Celeste-ialGamer, UUID: 4822d847-93c1-4efd-bd9f-b2d56ba1608d
[30Aug2025 17:29:53.347] [modloading-worker-0/INFO] [Enigmatic Legacy/]: Believer: Snow_guy864335, UUID: a4fa93e5-c243-4b7b-b69a-6943152a5d2d
[30Aug2025 17:29:53.348] [modloading-worker-0/INFO] [Enigmatic Legacy/]: Believer: Dvyant, UUID: f75e74cb-d289-459f-8d28-ea3668541e32
[30Aug2025 17:29:53.349] [modloading-worker-0/INFO] [Enigmatic Legacy/]: Believer: Naoro, UUID: 7a195143-a6cd-4efb-8e57-deac4b7636d7
[30Aug2025 17:29:53.349] [modloading-worker-0/INFO] [Enigmatic Legacy/]: Believer: millie, UUID: f4fac73a-0ada-4e50-bbed-61b06f1a4d18
[30Aug2025 17:29:53.350] [modloading-worker-0/INFO] [Enigmatic Legacy/]: Believer: NinjaFox, UUID: 834a2387-6dec-4d57-8bd3-72be2a54ed54
[30Aug2025 17:29:53.351] [modloading-worker-0/INFO] [Enigmatic Legacy/]: Believer: ProstoChel, UUID: 1fd0b74a-536b-4a65-a849-5c607c950396
[30Aug2025 17:29:53.352] [modloading-worker-0/INFO] [Enigmatic Legacy/]: Believer: (Ne)TyMVS, UUID: ac159e63-a757-4f7d-8c2c-73469a715ff3
[30Aug2025 17:29:53.352] [modloading-worker-0/INFO] [Enigmatic Legacy/]: Believer: TheMuffinMan, UUID: 20f48143-1e09-4c89-9c85-085b70c76953
[30Aug2025 17:29:53.352] [modloading-worker-0/INFO] [Enigmatic Legacy/]: Believer: solmortis, UUID: f6dbd5e9-701c-4c76-8a48-0ba4b687c76d
[30Aug2025 17:29:53.352] [modloading-worker-0/INFO] [Enigmatic Legacy/]: Believer: Eternal_Banisher, UUID: 387aa6d4-f388-400f-b9c5-1514f238ceae
[30Aug2025 17:29:53.352] [modloading-worker-0/INFO] [Enigmatic Legacy/]: Believer: AbsorbingSafe11, UUID: 343ad979-87b7-4dfa-88b8-3f3fdc2e00ab
[30Aug2025 17:29:53.352] [modloading-worker-0/INFO] [Enigmatic Legacy/]: Believer: Stygian, UUID: f6c7001f-4ce8-43f7-b4a1-a9d9d5fadb93
[30Aug2025 17:29:53.352] [modloading-worker-0/INFO] [Enigmatic Legacy/]: Believer: PikachuGabe0, UUID: ca7b21a6-76a5-4ea6-af48-b90f66e4f2b1
[30Aug2025 17:29:53.352] [modloading-worker-0/INFO] [Enigmatic Legacy/]: Believer: Purifier, UUID: 58c97c29-2c25-4320-a1d2-8e5651de506b
[30Aug2025 17:29:53.353] [modloading-worker-0/INFO] [Enigmatic Legacy/]: Believer: Sam/Barker, UUID: 0179c9aa-12c8-423c-bf96-d53c9ed479dd
[30Aug2025 17:29:53.353] [modloading-worker-0/INFO] [Enigmatic Legacy/]: Believer: Ciege, UUID: 48b866bf-a574-4a10-b7bd-2d83d056452d
[30Aug2025 17:29:53.353] [modloading-worker-0/INFO] [Enigmatic Legacy/]: Believer: Solbaify, UUID: 5679a7e1-29f4-4bdc-bd60-5f642d95ad68
[30Aug2025 17:29:53.353] [modloading-worker-0/INFO] [Enigmatic Legacy/]: Believer: Samola345, UUID: b657c54f-3174-4434-bed8-14d7be8634b3
[30Aug2025 17:29:53.353] [modloading-worker-0/INFO] [Enigmatic Legacy/]: Believer: Ozzi, UUID: 7d52df8b-963d-45c2-9c8a-aa7f20ae0659
[30Aug2025 17:29:53.353] [modloading-worker-0/INFO] [Enigmatic Legacy/]: Believer: Arix, UUID: c13feccd-e582-4ae1-aee7-35e8acf7e9e1
[30Aug2025 17:29:53.353] [modloading-worker-0/INFO] [Enigmatic Legacy/]: Believer: Nechronom, UUID: 84b933b8-9688-4021-a039-eed55c985548
[30Aug2025 17:29:53.358] [modloading-worker-0/INFO] [Enigmatic Legacy/]: Believer: Thauma, UUID: facc8bc4-a623-47dc-af89-ba979ac159b5
[30Aug2025 17:29:53.358] [modloading-worker-0/INFO] [Enigmatic Legacy/]: Believer: GrekvarZikurah, UUID: f251c109-8214-4882-b0b4-332441843a50
[30Aug2025 17:29:53.358] [modloading-worker-0/INFO] [Enigmatic Legacy/]: Believer: Sebaty5, UUID: c6dd33f1-e851-40b4-840d-6af5ebe4ea3b
[30Aug2025 17:29:53.358] [modloading-worker-0/INFO] [Enigmatic Legacy/]: Believer: MarceDev, UUID: 24b26788-1ce6-44a6-a4df-45202850a9ef
[30Aug2025 17:29:53.358] [modloading-worker-0/INFO] [Enigmatic Legacy/]: Believer: Xathanon, UUID: 806dc0b8-7d90-4776-b870-37fda466a13f
[30Aug2025 17:29:53.359] [modloading-worker-0/INFO] [Enigmatic Legacy/]: Believer: Jusey1, UUID: 5f311b1c-8557-42cc-9c33-3605ea8f524f
[30Aug2025 17:29:53.359] [modloading-worker-0/INFO] [Enigmatic Legacy/]: Believer: swagfredbear27, UUID: c98b3962-3ea9-47f8-820d-134ce2691af0
[30Aug2025 17:29:53.359] [modloading-worker-0/INFO] [Enigmatic Legacy/]: Believer: CrazyHamburger, UUID: 57282a53-522e-4f8c-9f44-19d2068668d7
[30Aug2025 17:29:53.359] [modloading-worker-0/INFO] [Enigmatic Legacy/]: Believer: UwUent, UUID: 43124493-b135-4467-8460-f04e7e845b63
[30Aug2025 17:29:53.359] [modloading-worker-0/INFO] [Enigmatic Legacy/]: Believer: angelman, UUID: 85efda35-7bc1-48c5-a392-f3c23047212f
[30Aug2025 17:29:53.359] [modloading-worker-0/INFO] [Enigmatic Legacy/]: Believer: Madis0, UUID: 581a3f25-db2c-4e52-9823-62e9e4730daa
[30Aug2025 17:29:53.359] [modloading-worker-0/INFO] [Enigmatic Legacy/]: Believer: Destiny, UUID: 38edb8bc-816f-47b7-95d9-f67af6017f2f
[30Aug2025 17:29:53.359] [modloading-worker-0/INFO] [Enigmatic Legacy/INFO]: Load completion phase finished successfully
[30Aug2025 17:29:53.364] [main/DEBUG] [net.minecraftforge.fml.DeferredWorkQueue/LOADING]: Dispatching synchronous work for work queue COMPLETE: 3 jobs
[30Aug2025 17:29:53.400] [main/DEBUG] [net.minecraftforge.fml.config.ConfigTracker/CONFIG]: Config file badmobs-common.toml for badmobs tracking
[30Aug2025 17:29:53.400] [main/DEBUG] [net.minecraftforge.fml.config.ConfigFileTypeHandler/CONFIG]: Built TOML config for /workspaces/server-mc-1.20.1/servidor_minecraft/config/badmobs-common.toml
[30Aug2025 17:29:53.405] [Forge Version Check/DEBUG] [net.minecraftforge.fml.VersionChecker/]: [badmobs] Received version check data:
{"homepage":"https://www.curseforge.com/minecraft/mc-mods/bad-mobs","promos":{"1.20.1-latest":"19.0.4"}}
[30Aug2025 17:29:53.405] [Forge Version Check/INFO] [net.minecraftforge.fml.VersionChecker/]: [badmobs] Found status: BETA Current: 19.0.4 Target: 19.0.4
[30Aug2025 17:29:53.405] [Forge Version Check/INFO] [net.minecraftforge.fml.VersionChecker/]: [forge] Starting version check at https://files.minecraftforge.net/net/minecraftforge/forge/promotions_slim.json
[30Aug2025 17:29:53.445] [main/DEBUG] [net.minecraftforge.fml.config.ConfigFileTypeHandler/CONFIG]: Loaded TOML config file /workspaces/server-mc-1.20.1/servidor_minecraft/config/badmobs-common.toml
[30Aug2025 17:29:53.449] [main/DEBUG] [net.minecraftforge.fml.config.ConfigFileTypeHandler/CONFIG]: Watching TOML config file /workspaces/server-mc-1.20.1/servidor_minecraft/config/badmobs-common.toml for changes
[30Aug2025 17:29:53.529] [main/DEBUG] [net.minecraftforge.fml.DeferredWorkQueue/LOADING]: Synchronous work queue completed in 164.4 ms
[30Aug2025 17:29:53.536] [Thread-2/DEBUG] [net.minecraftforge.fml.config.ConfigFileTypeHandler/CONFIG]: Config file badmobs-common.toml changed, sending notifies
[30Aug2025 17:29:53.557] [Forge Version Check/DEBUG] [net.minecraftforge.fml.VersionChecker/]: [forge] Received version check data:
{
  "homepage": "https://files.minecraftforge.net/net/minecraftforge/forge/",
  "promos": {
    "1.1-latest": "1.3.4.29",
    "1.2.3-latest": "1.4.1.64",
    "1.2.4-latest": "2.0.0.68",
    "1.2.5-latest": "3.4.9.171",
    "1.3.2-latest": "4.3.5.318",
    "1.4.0-latest": "5.0.0.326",
    "1.4.1-latest": "6.0.0.329",
    "1.4.2-latest": "6.0.1.355",
    "1.4.3-latest": "6.2.1.358",
    "1.4.4-latest": "6.3.0.378",
    "1.4.5-latest": "6.4.2.448",
    "1.4.6-latest": "6.5.0.489",
    "1.4.7-latest": "6.6.2.534",
    "1.5-latest": "7.7.0.598",
    "1.5.1-latest": "7.7.2.682",
    "1.5.2-latest": "7.8.1.738",
    "1.5.2-recommended": "7.8.1.738",
    "1.6.1-latest": "8.9.0.775",
    "1.6.2-latest": "9.10.1.871",
    "1.6.2-recommended": "9.10.1.871",
    "1.6.3-latest": "9.11.0.878",
    "1.6.4-latest": "9.11.1.1345",
    "1.6.4-recommended": "9.11.1.1345",
    "1.7.2-latest": "10.12.2.1161",
    "1.7.2-recommended": "10.12.2.1161",
    "1.7.10_pre4-latest": "10.12.2.1149",
    "1.7.10-latest": "10.13.4.1614",
    "1.7.10-recommended": "10.13.4.1614",
    "1.8-latest": "11.14.4.1577",
    "1.8-recommended": "11.14.4.1563",
    "1.8.8-latest": "11.15.0.1655",
    "1.8.9-latest": "11.15.1.2318",
    "1.8.9-recommended": "11.15.1.2318",
    "1.9-latest": "12.16.1.1938",
    "1.9-recommended": "12.16.1.1887",
    "1.9.4-latest": "12.17.0.2317",
    "1.9.4-recommended": "12.17.0.2317",
    "1.10-latest": "12.18.0.2000",
    "1.10.2-latest": "12.18.3.2511",
    "1.10.2-recommended": "12.18.3.2511",
    "1.11-latest": "13.19.1.2199",
    "1.11-recommended": "13.19.1.2189",
    "1.11.2-latest": "13.20.1.2588",
    "1.11.2-recommended": "13.20.1.2588",
    "1.12-latest": "14.21.1.2443",
    "1.12-recommended": "14.21.1.2387",
    "1.12.1-latest": "14.22.1.2485",
    "1.12.1-recommended": "14.22.1.2478",
    "1.12.2-latest": "14.23.5.2860",
    "1.12.2-recommended": "14.23.5.2859",
    "1.13.2-latest": "25.0.223",
    "1.14.2-latest": "26.0.63",
    "1.14.3-latest": "27.0.60",
    "1.14.4-latest": "28.2.26",
    "1.14.4-recommended": "28.2.26",
    "1.15-latest": "29.0.4",
    "1.15.1-latest": "30.0.51",
    "1.15.2-latest": "31.2.60",
    "1.15.2-recommended": "31.2.57",
    "1.16.1-latest": "32.0.108",
    "1.16.2-latest": "33.0.61",
    "1.16.3-latest": "34.1.42",
    "1.16.3-recommended": "34.1.0",
    "1.16.4-latest": "35.1.37",
    "1.16.4-recommended": "35.1.4",
    "1.16.5-latest": "36.2.42",
    "1.16.5-recommended": "36.2.34",
    "1.17.1-latest": "37.1.1",
    "1.17.1-recommended": "37.1.1",
    "1.18-latest": "38.0.17",
    "1.18.1-latest": "39.1.2",
    "1.18.1-recommended": "39.1.0",
    "1.18.2-recommended": "40.3.0",
    "1.18.2-latest": "40.3.11",
    "1.19-latest": "41.1.0",
    "1.19-recommended": "41.1.0",
    "1.19.1-latest": "42.0.9",
    "1.19.2-recommended": "43.5.0",
    "1.19.2-latest": "43.5.1",
    "1.19.3-latest": "44.1.23",
    "1.19.3-recommended": "44.1.0",
    "1.19.4-recommended": "45.4.0",
    "1.19.4-latest": "45.4.2",
    "1.20-latest": "46.0.14",
    "1.20.1-recommended": "47.4.0",
    "1.20.1-latest": "47.4.6",
    "1.20.2-latest": "48.1.0",
    "1.20.2-recommended": "48.1.0",
    "1.20.3-latest": "49.0.2",
    "1.20.4-latest": "49.2.0",
    "1.20.4-recommended": "49.2.0",
    "1.20.6-latest": "50.2.1",
    "1.20.6-recommended": "50.2.0",
    "1.21-latest": "51.0.33",
    "1.21.1-latest": "52.1.3",
    "1.21.1-recommended": "52.1.0",
    "1.21.3-latest": "53.1.2",
    "1.21.3-recommended": "53.1.0",
    "1.21.4-latest": "54.1.6",
    "1.21.4-recommended": "54.1.0",
    "1.21.5-latest": "55.1.0",
    "1.21.5-recommended": "55.1.0",
    "1.21.6-latest": "56.0.9",
    "1.21.7-latest": "57.0.3",
    "1.21.8-latest": "58.1.0",
    "1.21.8-recommended": "58.1.0"
  }
}
[30Aug2025 17:29:53.557] [Forge Version Check/INFO] [net.minecraftforge.fml.VersionChecker/]: [forge] Found status: OUTDATED Current: 47.4.2 Target: 47.4.6
[30Aug2025 17:29:53.558] [Forge Version Check/INFO] [net.minecraftforge.fml.VersionChecker/]: [cofh_core] Starting version check at https://raw.github.com/cofh/version/main/cofh_core/update.json
[30Aug2025 17:29:53.625] [main/ERROR] [net.minecraft.Util/]: Entity lategamegolems:lgg_flame_entity has no attributes
[30Aug2025 17:29:53.625] [main/ERROR] [net.minecraft.Util/]: Entity lategamegolems:lgg_bullet_entity has no attributes
[30Aug2025 17:29:53.626] [main/ERROR] [net.minecraft.Util/]: Entity lategamegolems:lgg_plasma_entity has no attributes
[30Aug2025 17:29:53.626] [main/ERROR] [net.minecraft.Util/]: Entity lategamegolems:lgg_flame_entity has no attributes
[30Aug2025 17:29:53.627] [main/ERROR] [net.minecraft.Util/]: Entity lategamegolems:lgg_bullet_entity has no attributes
[30Aug2025 17:29:53.627] [main/ERROR] [net.minecraft.Util/]: Entity lategamegolems:lgg_plasma_entity has no attributes
[30Aug2025 17:29:53.628] [main/ERROR] [net.minecraft.Util/]: Entity lategamegolems:lgg_flame_entity has no attributes
[30Aug2025 17:29:53.628] [main/ERROR] [net.minecraft.Util/]: Entity lategamegolems:lgg_bullet_entity has no attributes
[30Aug2025 17:29:53.629] [main/ERROR] [net.minecraft.Util/]: Entity lategamegolems:lgg_plasma_entity has no attributes
[30Aug2025 17:29:53.629] [main/ERROR] [net.minecraft.Util/]: Entity lategamegolems:lgg_flame_entity has no attributes
[30Aug2025 17:29:53.630] [main/ERROR] [net.minecraft.Util/]: Entity lategamegolems:lgg_bullet_entity has no attributes
[30Aug2025 17:29:53.630] [main/ERROR] [net.minecraft.Util/]: Entity lategamegolems:lgg_plasma_entity has no attributes
[30Aug2025 17:29:53.632] [main/ERROR] [net.minecraft.Util/]: Entity lategamegolems:lgg_flame_entity has no attributes
[30Aug2025 17:29:53.634] [main/ERROR] [net.minecraft.Util/]: Entity lategamegolems:lgg_bullet_entity has no attributes
[30Aug2025 17:29:53.634] [main/ERROR] [net.minecraft.Util/]: Entity lategamegolems:lgg_plasma_entity has no attributes
[30Aug2025 17:29:53.635] [main/ERROR] [net.minecraft.Util/]: Entity lategamegolems:lgg_flame_entity has no attributes
[30Aug2025 17:29:53.635] [main/ERROR] [net.minecraft.Util/]: Entity lategamegolems:lgg_bullet_entity has no attributes
[30Aug2025 17:29:53.636] [main/ERROR] [net.minecraft.Util/]: Entity lategamegolems:lgg_plasma_entity has no attributes
[30Aug2025 17:29:53.638] [Forge Version Check/DEBUG] [net.minecraftforge.fml.VersionChecker/]: [cofh_core] Received version check data:
{
	"homepage": "https://teamcofh.com/downloads/",
	"1.20.1": {
		"11.0.2": "Bugfix and compatibility improvements related to BlockIngredient.",
		"11.0.1": "Minor bugfixes.",
		"11.0.0": "Initial 1.20.1 release!"
	},
	"1.19.2": {
		"10.3.0": "Good bugfixes.",
		"10.2.0": "Lots of under the hood changes.",
		"10.0.2": "Fix a rare race condition.",
		"10.0.1": "Fix an issue with item storage.",
		"10.0.0": "Initial 1.19.x release!"
	},
	"1.18.2": {
		"9.2.2": "Good bugfixes.",
		"9.2.0": "Lots of under the hood changes.",
		"9.1.2": "Fix an issue with item storage.",
		"9.1.1": "Fix a couple of minor Forge complaints and a rare crash.",
		"9.1.0": "More backend refactors; unification with 10.0 branch where possible.",
		"9.0.0": "Semver adjustment, massive backend refactors.",
		"1.6.4": "Minor bugfixes and refactors.",
		"1.6.3": "Re-add some lost functionality.",
		"1.6.2": "Minor bugfixes.",
		"1.6.1": "Minor bugfixes.",
		"1.6.0": "Initial 1.18.2 release!"
	},
	"1.16.5": {
		"1.5.0": "Final major 1.16.5 release.",
		"1.4.3": "Minor bugfixes and updates.",
		"1.4.1": "Some minor fixes for transparency issues.",
		"1.4.0": "Lots of underlying improvements and transitions towards 1.18 porting.",
		"1.3.1": "Minor fix for client configs.",
		"1.3.0": "Minor fixes involving bottled fluids. Backend improvements.",
		"1.2.1": "Minor fixes for some enchantment issues and an XP rounding calculation.",
		"1.2.0": "Lots of backend changes and refactors. Bump to 1.16.4 required."
	},
	"1.16.4": {
		"1.2.1": "Minor fixes for some enchantment issues and an XP rounding calculation.",
		"1.2.0": "Lots of backend changes and refactors. Bump to 1.16.4 required.",
		"1.1.6": "Localization update.",
		"1.1.4": "Fixes very rare crash with Area Effect block breaking.",
		"1.1.3": "Backend QoL changes and fixes.",
		"1.1.2": "Adjust how some enchantments are calculated.",
		"1.1.1": "Minor numerical localization improvement.",
		"1.1.0": "Lots of big internal refactors. Fixes Optifine issue since they are too lazy/incompetent to do it.",
		"1.0.3": "Minor optimizations; boosted Forge version requirement."
	},
	"1.16.3": {
		"1.1.6": "Localization update.",
		"1.1.4": "Fixes very rare crash with Area Effect block breaking.",
		"1.1.3": "Backend QoL changes and fixes.",
		"1.1.2": "Adjust how some enchantments are calculated.",
		"1.1.1": "Minor numerical localization improvement.",
		"1.1.0": "Lots of big internal refactors. Fixes Optifine issue since they are too lazy/incompetent to do it.",
		"1.0.3": "Minor optimizations; boosted Forge version requirement.",
		"1.0.1": "Adds client config option for Optifine compatibility.",
		"1.0.0": "Initial 1.16 version. Config system updates."
	},
	"1.15.2": {
		"1.0.1": "Adds client config option for Optifine compatibility.",
		"1.0.0": "Final content version for 1.15. Config system updates.",
		"0.7.0b": "Improved event handling and refactors.",
		"0.6.4b": "One more bugfix.",
		"0.6.3b": "Tiny little bugfixes.",
		"0.6.2b": "More optimizations and backend stuff.",
		"0.6.1b": "Necessary update for Thermal.",
		"0.6.0b": "Bugfixes and optimizations.",
		"0.5.0b": "Big ol' update necessary for the Thermal Series.",
		"0.4.0b": "More backend updates.",
		"0.3.2b": "Same feature parity, less debug message.",
		"0.3.1b": "Feature parity across versions!"
	},
	"1.14.4": {
		"0.4.0b": "More backend updates.",
		"0.3.1b": "Woops! Minor bugfix.",
		"0.3.0b": "Backend upgrades.",
		"0.2.0b": "Adjustments and refactoring.",
		"0.1.0b": "And we're in beta!",
		"0.0.1a": "Alpha Test!"
	},
	"promos": {
		"1.20.1-latest": "11.0.0",
		"1.20.1-recommended": "11.0.0",
		"1.19.2-latest": "10.3.0",
		"1.19.2-recommended": "10.3.0",
		"1.18.2-latest": "9.2.2",
		"1.18.2-recommended": "9.2.2",
		"1.16.5-latest": "1.5.2",
		"1.16.5-recommended": "1.5.2",
		"1.16.4-latest": "1.2.1",
		"1.16.4-recommended": "1.2.1",
		"1.16.3-latest": "1.1.6",
		"1.16.3-recommended": "1.1.6",
		"1.15.2-latest": "1.0.1",
		"1.15.2-recommended": "1.0.1",
		"1.14.4-latest": "0.4.0b",
		"1.14.4-recommended": "0.4.0b"
	}
}
[30Aug2025 17:29:53.637] [main/ERROR] [net.minecraft.Util/]: Entity lategamegolems:lgg_flame_entity has no attributes
[30Aug2025 17:29:53.639] [main/ERROR] [net.minecraft.Util/]: Entity lategamegolems:lgg_bullet_entity has no attributes
[30Aug2025 17:29:53.640] [main/ERROR] [net.minecraft.Util/]: Entity lategamegolems:lgg_plasma_entity has no attributes
[30Aug2025 17:29:53.640] [Forge Version Check/INFO] [net.minecraftforge.fml.VersionChecker/]: [cofh_core] Found status: AHEAD Current: 11.0.2 Target: null
[30Aug2025 17:29:53.642] [Forge Version Check/INFO] [net.minecraftforge.fml.VersionChecker/]: [ensorcellation] Starting version check at https://raw.github.com/cofh/version/main/ensorcellation/update.json
[30Aug2025 17:29:53.642] [main/ERROR] [net.minecraft.Util/]: Entity lategamegolems:lgg_flame_entity has no attributes
[30Aug2025 17:29:53.644] [main/ERROR] [net.minecraft.Util/]: Entity lategamegolems:lgg_bullet_entity has no attributes
[30Aug2025 17:29:53.644] [main/ERROR] [net.minecraft.Util/]: Entity lategamegolems:lgg_plasma_entity has no attributes
[30Aug2025 17:29:53.644] [main/ERROR] [net.minecraft.Util/]: Entity lategamegolems:lgg_flame_entity has no attributes
[30Aug2025 17:29:53.645] [main/ERROR] [net.minecraft.Util/]: Entity lategamegolems:lgg_bullet_entity has no attributes
[30Aug2025 17:29:53.646] [main/ERROR] [net.minecraft.Util/]: Entity lategamegolems:lgg_plasma_entity has no attributes
[30Aug2025 17:29:53.647] [main/ERROR] [net.minecraft.Util/]: Entity lategamegolems:lgg_flame_entity has no attributes
[30Aug2025 17:29:53.648] [main/ERROR] [net.minecraft.Util/]: Entity lategamegolems:lgg_bullet_entity has no attributes
[30Aug2025 17:29:53.649] [main/ERROR] [net.minecraft.Util/]: Entity lategamegolems:lgg_plasma_entity has no attributes
[30Aug2025 17:29:53.652] [main/ERROR] [net.minecraft.Util/]: Entity lategamegolems:lgg_flame_entity has no attributes
[30Aug2025 17:29:53.654] [main/ERROR] [net.minecraft.Util/]: Entity lategamegolems:lgg_bullet_entity has no attributes
[30Aug2025 17:29:53.654] [main/ERROR] [net.minecraft.Util/]: Entity lategamegolems:lgg_plasma_entity has no attributes
[30Aug2025 17:29:53.655] [main/ERROR] [net.minecraft.Util/]: Entity lategamegolems:lgg_flame_entity has no attributes
[30Aug2025 17:29:53.656] [main/ERROR] [net.minecraft.Util/]: Entity lategamegolems:lgg_bullet_entity has no attributes
[30Aug2025 17:29:53.656] [main/ERROR] [net.minecraft.Util/]: Entity lategamegolems:lgg_plasma_entity has no attributes
[30Aug2025 17:29:53.657] [main/ERROR] [net.minecraft.Util/]: Entity lategamegolems:lgg_flame_entity has no attributes
[30Aug2025 17:29:53.657] [main/ERROR] [net.minecraft.Util/]: Entity lategamegolems:lgg_bullet_entity has no attributes
[30Aug2025 17:29:53.658] [main/ERROR] [net.minecraft.Util/]: Entity lategamegolems:lgg_plasma_entity has no attributes
[30Aug2025 17:29:53.659] [main/ERROR] [net.minecraft.Util/]: Entity lategamegolems:lgg_flame_entity has no attributes
[30Aug2025 17:29:53.662] [main/ERROR] [net.minecraft.Util/]: Entity lategamegolems:lgg_bullet_entity has no attributes
[30Aug2025 17:29:53.663] [main/ERROR] [net.minecraft.Util/]: Entity lategamegolems:lgg_plasma_entity has no attributes
[30Aug2025 17:29:53.664] [main/ERROR] [net.minecraft.Util/]: Entity lategamegolems:lgg_flame_entity has no attributes
[30Aug2025 17:29:53.665] [main/ERROR] [net.minecraft.Util/]: Entity lategamegolems:lgg_bullet_entity has no attributes
[30Aug2025 17:29:53.666] [main/ERROR] [net.minecraft.Util/]: Entity lategamegolems:lgg_plasma_entity has no attributes
[30Aug2025 17:29:53.666] [main/ERROR] [net.minecraft.Util/]: Entity lategamegolems:lgg_flame_entity has no attributes
[30Aug2025 17:29:53.667] [main/ERROR] [net.minecraft.Util/]: Entity lategamegolems:lgg_bullet_entity has no attributes
[30Aug2025 17:29:53.667] [main/ERROR] [net.minecraft.Util/]: Entity lategamegolems:lgg_plasma_entity has no attributes
[30Aug2025 17:29:53.668] [main/ERROR] [net.minecraft.Util/]: Entity lategamegolems:lgg_flame_entity has no attributes
[30Aug2025 17:29:53.670] [main/ERROR] [net.minecraft.Util/]: Entity lategamegolems:lgg_bullet_entity has no attributes
[30Aug2025 17:29:53.670] [main/ERROR] [net.minecraft.Util/]: Entity lategamegolems:lgg_plasma_entity has no attributes
[30Aug2025 17:29:53.670] [main/ERROR] [net.minecraft.Util/]: Entity lategamegolems:lgg_flame_entity has no attributes
[30Aug2025 17:29:53.671] [main/ERROR] [net.minecraft.Util/]: Entity lategamegolems:lgg_bullet_entity has no attributes
[30Aug2025 17:29:53.672] [main/ERROR] [net.minecraft.Util/]: Entity lategamegolems:lgg_plasma_entity has no attributes
[30Aug2025 17:29:53.672] [main/ERROR] [net.minecraft.Util/]: Entity lategamegolems:lgg_flame_entity has no attributes
[30Aug2025 17:29:53.673] [main/ERROR] [net.minecraft.Util/]: Entity lategamegolems:lgg_bullet_entity has no attributes
[30Aug2025 17:29:53.674] [main/ERROR] [net.minecraft.Util/]: Entity lategamegolems:lgg_plasma_entity has no attributes
[30Aug2025 17:29:53.675] [main/ERROR] [net.minecraft.Util/]: Entity lategamegolems:lgg_flame_entity has no attributes
[30Aug2025 17:29:53.676] [main/ERROR] [net.minecraft.Util/]: Entity lategamegolems:lgg_bullet_entity has no attributes
[30Aug2025 17:29:53.676] [main/ERROR] [net.minecraft.Util/]: Entity lategamegolems:lgg_plasma_entity has no attributes
[30Aug2025 17:29:53.677] [main/ERROR] [net.minecraft.Util/]: Entity lategamegolems:lgg_flame_entity has no attributes
[30Aug2025 17:29:53.677] [main/ERROR] [net.minecraft.Util/]: Entity lategamegolems:lgg_bullet_entity has no attributes
[30Aug2025 17:29:53.678] [main/ERROR] [net.minecraft.Util/]: Entity lategamegolems:lgg_plasma_entity has no attributes
[30Aug2025 17:29:53.678] [main/ERROR] [net.minecraft.Util/]: Entity lategamegolems:lgg_flame_entity has no attributes
[30Aug2025 17:29:53.679] [main/ERROR] [net.minecraft.Util/]: Entity lategamegolems:lgg_bullet_entity has no attributes
[30Aug2025 17:29:53.680] [main/ERROR] [net.minecraft.Util/]: Entity lategamegolems:lgg_plasma_entity has no attributes
[30Aug2025 17:29:53.681] [main/ERROR] [net.minecraft.Util/]: Entity lategamegolems:lgg_flame_entity has no attributes
[30Aug2025 17:29:53.681] [main/ERROR] [net.minecraft.Util/]: Entity lategamegolems:lgg_bullet_entity has no attributes
[30Aug2025 17:29:53.681] [main/ERROR] [net.minecraft.Util/]: Entity lategamegolems:lgg_plasma_entity has no attributes
[30Aug2025 17:29:53.681] [main/ERROR] [net.minecraft.Util/]: Entity lategamegolems:lgg_flame_entity has no attributes
[30Aug2025 17:29:53.682] [main/ERROR] [net.minecraft.Util/]: Entity lategamegolems:lgg_bullet_entity has no attributes
[30Aug2025 17:29:53.682] [main/ERROR] [net.minecraft.Util/]: Entity lategamegolems:lgg_plasma_entity has no attributes
[30Aug2025 17:29:53.682] [main/ERROR] [net.minecraft.Util/]: Entity lategamegolems:lgg_flame_entity has no attributes
[30Aug2025 17:29:53.683] [main/ERROR] [net.minecraft.Util/]: Entity lategamegolems:lgg_bullet_entity has no attributes
[30Aug2025 17:29:53.685] [main/ERROR] [net.minecraft.Util/]: Entity lategamegolems:lgg_plasma_entity has no attributes
[30Aug2025 17:29:53.685] [main/ERROR] [net.minecraft.Util/]: Entity lategamegolems:lgg_flame_entity has no attributes
[30Aug2025 17:29:53.685] [main/ERROR] [net.minecraft.Util/]: Entity lategamegolems:lgg_bullet_entity has no attributes
[30Aug2025 17:29:53.686] [main/ERROR] [net.minecraft.Util/]: Entity lategamegolems:lgg_plasma_entity has no attributes
[30Aug2025 17:29:53.686] [main/ERROR] [net.minecraft.Util/]: Entity lategamegolems:lgg_flame_entity has no attributes
[30Aug2025 17:29:53.687] [main/ERROR] [net.minecraft.Util/]: Entity lategamegolems:lgg_bullet_entity has no attributes
[30Aug2025 17:29:53.689] [main/ERROR] [net.minecraft.Util/]: Entity lategamegolems:lgg_plasma_entity has no attributes
[30Aug2025 17:29:53.689] [main/ERROR] [net.minecraft.Util/]: Entity lategamegolems:lgg_flame_entity has no attributes
[30Aug2025 17:29:53.691] [main/ERROR] [net.minecraft.Util/]: Entity lategamegolems:lgg_bullet_entity has no attributes
[30Aug2025 17:29:53.691] [main/ERROR] [net.minecraft.Util/]: Entity lategamegolems:lgg_plasma_entity has no attributes
[30Aug2025 17:29:53.692] [main/ERROR] [net.minecraft.Util/]: Entity lategamegolems:lgg_flame_entity has no attributes
[30Aug2025 17:29:53.693] [main/ERROR] [net.minecraft.Util/]: Entity lategamegolems:lgg_bullet_entity has no attributes
[30Aug2025 17:29:53.693] [main/ERROR] [net.minecraft.Util/]: Entity lategamegolems:lgg_plasma_entity has no attributes
[30Aug2025 17:29:53.693] [main/ERROR] [net.minecraft.Util/]: Entity lategamegolems:lgg_flame_entity has no attributes
[30Aug2025 17:29:53.694] [main/ERROR] [net.minecraft.Util/]: Entity lategamegolems:lgg_bullet_entity has no attributes
[30Aug2025 17:29:53.694] [main/ERROR] [net.minecraft.Util/]: Entity lategamegolems:lgg_plasma_entity has no attributes
[30Aug2025 17:29:53.694] [main/ERROR] [net.minecraft.Util/]: Entity lategamegolems:lgg_flame_entity has no attributes
[30Aug2025 17:29:53.695] [main/ERROR] [net.minecraft.Util/]: Entity lategamegolems:lgg_bullet_entity has no attributes
[30Aug2025 17:29:53.697] [main/ERROR] [net.minecraft.Util/]: Entity lategamegolems:lgg_plasma_entity has no attributes
[30Aug2025 17:29:53.697] [Forge Version Check/DEBUG] [net.minecraftforge.fml.VersionChecker/]: [ensorcellation] Received version check data:
{
	"homepage": "https://teamcofh.com/downloads/",
	"1.20.1": {
		"5.0.1": "Minor fixes for horse armor events. Improved configs.",
		"5.0.0": "Initial 1.20.1 release!"
	},
	"1.19.2": {
		"4.3.0": "Adjust some minor enchantment description logic.",
		"4.2.0": "Update for compatibility with new CoFH Core.",
		"4.0.0": "Initial 1.19.x release!"
	},
	"1.18.2": {
		"3.2.1": "Adjust some minor enchantment description logic.",
		"3.2.0": "Update for compatibility with new CoFH Core.",
		"3.1.0": "Update for compatibility with new CoFH Core.",
		"3.0.0": "Semver adjustment, massive backend refactors.",
		"1.6.1": "Support for backend refactors.",
		"1.6.0": "Initial 1.18.2 release!"
	},
	"1.16.5": {
		"1.5.0": "Final major 1.16.5 release.",
		"1.4.1": "Fix a minor bug with the Excavating enchantment.",
		"1.4.0": "Backend improvements and transitions towards 1.18 porting.",
		"1.3.1": "Minor fix for client configs.",
		"1.3.0": "Minor fixes for some enchantment behavior.",
		"1.2.0": "Enchantment disabling behavior update."
	},
	"1.16.4": {
		"1.2.0": "Enchantment disabling behavior update.",
		"1.1.2": "Localization update.",
		"1.1.1": "Minor fix for Air Affinity behavior.",
		"1.1.0": "Adjusted internal behavior of a couple of enchantments.",
		"1.0.2": "Re-enabled Reach and Vitality enchantments."
	},
	"1.16.3": {
		"1.1.2": "Localization update.",
		"1.1.1": "Minor fix for Air Affinity behavior.",
		"1.1.0": "Adjusted internal behavior of a couple of enchantments.",
		"1.0.2": "Re-enabled Reach and Vitality enchantments.",
		"1.0.1": "Disabled Reach and Vitality enchantments due to 1.16 weirdness.",
		"1.0.0": "Initial 1.16 version. Config system updates."
	},
	"1.15.2": {
		"1.0.0": "Final content version for 1.15. Config system updates.",
		"0.7.0b": "Required update for new CoFH Core.",
		"0.6.0b": "Required update for new CoFH Core.",
		"0.5.0b": "Adds Instigating Enchantment.",
		"0.4.1b": "Fixes a crash bug with Frost Rebuke on Shields.",
		"0.4.0b": "Added two new enchantments and rebalanced some others.",
		"0.3.0b": "Feature parity across versions!"
	},
	"1.14.4": {
		"0.4.1b": "Fixes a crash bug with Frost Rebuke on Shields.",
		"0.4.0b": "Added two new enchantments and rebalanced some others.",
		"0.3.0b": "Added more config options :)",
		"0.2.0b": "Adjustments and refactoring.",
		"0.1.0b": "And we're in beta!",
		"0.0.1a": "Alpha Test!"
	},
	"promos": {
		"1.20.1-latest": "5.0.1",
		"1.20.1-recommended": "5.0.1",
		"1.19.2-latest": "4.3.0",
		"1.19.2-recommended": "4.3.0",
		"1.18.2-latest": "3.2.1",
		"1.18.2-recommended": "3.2.1",
		"1.16.5-latest": "1.5.0",
		"1.16.5-recommended": "1.5.0",
		"1.16.4-latest": "1.2.0",
		"1.16.4-recommended": "1.2.0",
		"1.16.3-latest": "1.1.0",
		"1.16.3-recommended": "1.1.0",
		"1.15.2-latest": "1.0.0",
		"1.15.2-recommended": "1.0.0",
		"1.14.4-latest": "0.4.1b",
		"1.14.4-recommended": "0.4.1b"
	}
}
[30Aug2025 17:29:53.697] [main/ERROR] [net.minecraft.Util/]: Entity lategamegolems:lgg_flame_entity has no attributes
[30Aug2025 17:29:53.697] [main/ERROR] [net.minecraft.Util/]: Entity lategamegolems:lgg_bullet_entity has no attributes
[30Aug2025 17:29:53.698] [main/ERROR] [net.minecraft.Util/]: Entity lategamegolems:lgg_plasma_entity has no attributes
[30Aug2025 17:29:53.698] [main/ERROR] [net.minecraft.Util/]: Entity lategamegolems:lgg_flame_entity has no attributes
[30Aug2025 17:29:53.698] [main/ERROR] [net.minecraft.Util/]: Entity lategamegolems:lgg_bullet_entity has no attributes
[30Aug2025 17:29:53.698] [main/ERROR] [net.minecraft.Util/]: Entity lategamegolems:lgg_plasma_entity has no attributes
[30Aug2025 17:29:53.699] [main/ERROR] [net.minecraft.Util/]: Entity lategamegolems:lgg_flame_entity has no attributes
[30Aug2025 17:29:53.699] [Forge Version Check/INFO] [net.minecraftforge.fml.VersionChecker/]: [ensorcellation] Found status: AHEAD Current: 5.0.2 Target: null
[30Aug2025 17:29:53.699] [main/ERROR] [net.minecraft.Util/]: Entity lategamegolems:lgg_bullet_entity has no attributes
[30Aug2025 17:29:53.704] [main/ERROR] [net.minecraft.Util/]: Entity lategamegolems:lgg_plasma_entity has no attributes
[30Aug2025 17:29:53.705] [main/ERROR] [net.minecraft.Util/]: Entity lategamegolems:lgg_flame_entity has no attributes
[30Aug2025 17:29:53.705] [main/ERROR] [net.minecraft.Util/]: Entity lategamegolems:lgg_bullet_entity has no attributes
[30Aug2025 17:29:53.705] [main/ERROR] [net.minecraft.Util/]: Entity lategamegolems:lgg_plasma_entity has no attributes
[30Aug2025 17:29:53.705] [main/ERROR] [net.minecraft.Util/]: Entity lategamegolems:lgg_flame_entity has no attributes
[30Aug2025 17:29:53.706] [main/ERROR] [net.minecraft.Util/]: Entity lategamegolems:lgg_bullet_entity has no attributes
[30Aug2025 17:29:53.706] [main/ERROR] [net.minecraft.Util/]: Entity lategamegolems:lgg_plasma_entity has no attributes
[30Aug2025 17:29:53.706] [main/ERROR] [net.minecraft.Util/]: Entity lategamegolems:lgg_flame_entity has no attributes
[30Aug2025 17:29:53.706] [main/ERROR] [net.minecraft.Util/]: Entity lategamegolems:lgg_bullet_entity has no attributes
[30Aug2025 17:29:53.701] [Forge Version Check/INFO] [net.minecraftforge.fml.VersionChecker/]: [aquamirae] Starting version check at https://raw.githubusercontent.com/ObscuriaLithium/Home/main/aquamirae/versions.json
[30Aug2025 17:29:53.706] [main/ERROR] [net.minecraft.Util/]: Entity lategamegolems:lgg_plasma_entity has no attributes
[30Aug2025 17:29:53.713] [main/ERROR] [net.minecraft.Util/]: Entity lategamegolems:lgg_flame_entity has no attributes
[30Aug2025 17:29:53.713] [main/ERROR] [net.minecraft.Util/]: Entity lategamegolems:lgg_bullet_entity has no attributes
[30Aug2025 17:29:53.713] [main/ERROR] [net.minecraft.Util/]: Entity lategamegolems:lgg_plasma_entity has no attributes
[30Aug2025 17:29:53.714] [main/ERROR] [net.minecraft.Util/]: Entity lategamegolems:lgg_flame_entity has no attributes
[30Aug2025 17:29:53.714] [main/ERROR] [net.minecraft.Util/]: Entity lategamegolems:lgg_bullet_entity has no attributes
[30Aug2025 17:29:53.714] [main/ERROR] [net.minecraft.Util/]: Entity lategamegolems:lgg_plasma_entity has no attributes
[30Aug2025 17:29:53.715] [main/ERROR] [net.minecraft.Util/]: Entity lategamegolems:lgg_flame_entity has no attributes
[30Aug2025 17:29:53.715] [main/ERROR] [net.minecraft.Util/]: Entity lategamegolems:lgg_bullet_entity has no attributes
[30Aug2025 17:29:53.715] [main/ERROR] [net.minecraft.Util/]: Entity lategamegolems:lgg_plasma_entity has no attributes
[30Aug2025 17:29:53.715] [main/ERROR] [net.minecraft.Util/]: Entity lategamegolems:lgg_flame_entity has no attributes
[30Aug2025 17:29:53.715] [main/ERROR] [net.minecraft.Util/]: Entity lategamegolems:lgg_bullet_entity has no attributes
[30Aug2025 17:29:53.717] [main/ERROR] [net.minecraft.Util/]: Entity lategamegolems:lgg_plasma_entity has no attributes
[30Aug2025 17:29:53.718] [main/ERROR] [net.minecraft.Util/]: Entity lategamegolems:lgg_flame_entity has no attributes
[30Aug2025 17:29:53.718] [main/ERROR] [net.minecraft.Util/]: Entity lategamegolems:lgg_bullet_entity has no attributes
[30Aug2025 17:29:53.719] [main/ERROR] [net.minecraft.Util/]: Entity lategamegolems:lgg_plasma_entity has no attributes
[30Aug2025 17:29:53.719] [main/ERROR] [net.minecraft.Util/]: Entity lategamegolems:lgg_flame_entity has no attributes
[30Aug2025 17:29:53.719] [main/ERROR] [net.minecraft.Util/]: Entity lategamegolems:lgg_bullet_entity has no attributes
[30Aug2025 17:29:53.719] [main/ERROR] [net.minecraft.Util/]: Entity lategamegolems:lgg_plasma_entity has no attributes
[30Aug2025 17:29:53.719] [main/ERROR] [net.minecraft.Util/]: Entity lategamegolems:lgg_flame_entity has no attributes
[30Aug2025 17:29:53.720] [main/ERROR] [net.minecraft.Util/]: Entity lategamegolems:lgg_bullet_entity has no attributes
[30Aug2025 17:29:53.720] [main/ERROR] [net.minecraft.Util/]: Entity lategamegolems:lgg_plasma_entity has no attributes
[30Aug2025 17:29:53.723] [Forge Version Check/DEBUG] [net.minecraftforge.fml.VersionChecker/]: [aquamirae] Received version check data:
404: Not Found
[30Aug2025 17:29:53.723] [main/ERROR] [net.minecraft.Util/]: Entity lategamegolems:lgg_flame_entity has no attributes
[30Aug2025 17:29:53.724] [main/ERROR] [net.minecraft.Util/]: Entity lategamegolems:lgg_bullet_entity has no attributes
[30Aug2025 17:29:53.723] [Forge Version Check/WARN] [net.minecraftforge.fml.VersionChecker/]: Failed to process update information
com.google.gson.JsonSyntaxException: java.lang.IllegalStateException: Expected BEGIN_OBJECT but was NUMBER at line 1 column 4 path $
	at com.google.gson.Gson.fromJson(Gson.java:1226) ~[gson-2.10.jar%2372!/:?]
	at com.google.gson.Gson.fromJson(Gson.java:1124) ~[gson-2.10.jar%2372!/:?]
	at com.google.gson.Gson.fromJson(Gson.java:1034) ~[gson-2.10.jar%2372!/:?]
	at com.google.gson.Gson.fromJson(Gson.java:969) ~[gson-2.10.jar%2372!/:?]
	at net.minecraftforge.fml.VersionChecker$1.process(VersionChecker.java:186) ~[fmlcore-1.20.1-47.4.2.jar%23302!/:?]
	at java.lang.Iterable.forEach(Iterable.java:75) ~[?:?]
	at net.minecraftforge.fml.VersionChecker$1.run(VersionChecker.java:117) ~[fmlcore-1.20.1-47.4.2.jar%23302!/:?]
Caused by: java.lang.IllegalStateException: Expected BEGIN_OBJECT but was NUMBER at line 1 column 4 path $
	at com.google.gson.stream.JsonReader.beginObject(JsonReader.java:393) ~[gson-2.10.jar%2372!/:?]
	at com.google.gson.internal.bind.MapTypeAdapterFactory$Adapter.read(MapTypeAdapterFactory.java:182) ~[gson-2.10.jar%2372!/:?]
	at com.google.gson.internal.bind.MapTypeAdapterFactory$Adapter.read(MapTypeAdapterFactory.java:144) ~[gson-2.10.jar%2372!/:?]
	at com.google.gson.Gson.fromJson(Gson.java:1214) ~[gson-2.10.jar%2372!/:?]
	... 6 more
[30Aug2025 17:29:53.725] [main/ERROR] [net.minecraft.Util/]: Entity lategamegolems:lgg_plasma_entity has no attributes
[30Aug2025 17:29:53.728] [main/ERROR] [net.minecraft.Util/]: Entity lategamegolems:lgg_flame_entity has no attributes
[30Aug2025 17:29:53.729] [main/ERROR] [net.minecraft.Util/]: Entity lategamegolems:lgg_bullet_entity has no attributes
[30Aug2025 17:29:53.731] [main/ERROR] [net.minecraft.Util/]: Entity lategamegolems:lgg_plasma_entity has no attributes
[30Aug2025 17:29:53.731] [main/ERROR] [net.minecraft.Util/]: Entity lategamegolems:lgg_flame_entity has no attributes
[30Aug2025 17:29:53.732] [main/ERROR] [net.minecraft.Util/]: Entity lategamegolems:lgg_bullet_entity has no attributes
[30Aug2025 17:29:53.732] [main/ERROR] [net.minecraft.Util/]: Entity lategamegolems:lgg_plasma_entity has no attributes
[30Aug2025 17:29:53.732] [main/ERROR] [net.minecraft.Util/]: Entity lategamegolems:lgg_flame_entity has no attributes
[30Aug2025 17:29:53.732] [main/ERROR] [net.minecraft.Util/]: Entity lategamegolems:lgg_bullet_entity has no attributes
[30Aug2025 17:29:53.732] [main/ERROR] [net.minecraft.Util/]: Entity lategamegolems:lgg_plasma_entity has no attributes
[30Aug2025 17:29:53.733] [main/ERROR] [net.minecraft.Util/]: Entity lategamegolems:lgg_flame_entity has no attributes
[30Aug2025 17:29:53.733] [main/ERROR] [net.minecraft.Util/]: Entity lategamegolems:lgg_bullet_entity has no attributes
[30Aug2025 17:29:53.734] [main/ERROR] [net.minecraft.Util/]: Entity lategamegolems:lgg_plasma_entity has no attributes
[30Aug2025 17:29:53.734] [main/ERROR] [net.minecraft.Util/]: Entity lategamegolems:lgg_flame_entity has no attributes
[30Aug2025 17:29:53.734] [main/ERROR] [net.minecraft.Util/]: Entity lategamegolems:lgg_bullet_entity has no attributes
[30Aug2025 17:29:53.734] [main/ERROR] [net.minecraft.Util/]: Entity lategamegolems:lgg_plasma_entity has no attributes
[30Aug2025 17:29:53.735] [main/ERROR] [net.minecraft.Util/]: Entity lategamegolems:lgg_flame_entity has no attributes
[30Aug2025 17:29:53.736] [main/ERROR] [net.minecraft.Util/]: Entity lategamegolems:lgg_bullet_entity has no attributes
[30Aug2025 17:29:53.736] [main/ERROR] [net.minecraft.Util/]: Entity lategamegolems:lgg_plasma_entity has no attributes
[30Aug2025 17:29:53.737] [main/ERROR] [net.minecraft.Util/]: Entity lategamegolems:lgg_flame_entity has no attributes
[30Aug2025 17:29:53.738] [main/ERROR] [net.minecraft.Util/]: Entity lategamegolems:lgg_bullet_entity has no attributes
[30Aug2025 17:29:53.739] [main/ERROR] [net.minecraft.Util/]: Entity lategamegolems:lgg_plasma_entity has no attributes
[30Aug2025 17:29:53.741] [main/ERROR] [net.minecraft.Util/]: Entity lategamegolems:lgg_flame_entity has no attributes
[30Aug2025 17:29:53.743] [main/ERROR] [net.minecraft.Util/]: Entity lategamegolems:lgg_bullet_entity has no attributes
[30Aug2025 17:29:53.743] [main/ERROR] [net.minecraft.Util/]: Entity lategamegolems:lgg_plasma_entity has no attributes
[30Aug2025 17:29:53.744] [main/ERROR] [net.minecraft.Util/]: Entity lategamegolems:lgg_flame_entity has no attributes
[30Aug2025 17:29:53.744] [main/ERROR] [net.minecraft.Util/]: Entity lategamegolems:lgg_bullet_entity has no attributes
[30Aug2025 17:29:53.745] [main/ERROR] [net.minecraft.Util/]: Entity lategamegolems:lgg_plasma_entity has no attributes
[30Aug2025 17:29:53.746] [main/ERROR] [net.minecraft.Util/]: Entity lategamegolems:lgg_flame_entity has no attributes
[30Aug2025 17:29:53.747] [main/ERROR] [net.minecraft.Util/]: Entity lategamegolems:lgg_bullet_entity has no attributes
[30Aug2025 17:29:53.748] [main/ERROR] [net.minecraft.Util/]: Entity lategamegolems:lgg_plasma_entity has no attributes
[30Aug2025 17:29:53.748] [main/ERROR] [net.minecraft.Util/]: Entity lategamegolems:lgg_flame_entity has no attributes
[30Aug2025 17:29:53.748] [main/ERROR] [net.minecraft.Util/]: Entity lategamegolems:lgg_bullet_entity has no attributes
[30Aug2025 17:29:53.749] [main/ERROR] [net.minecraft.Util/]: Entity lategamegolems:lgg_plasma_entity has no attributes
[30Aug2025 17:29:53.751] [main/ERROR] [net.minecraft.Util/]: Entity lategamegolems:lgg_flame_entity has no attributes
[30Aug2025 17:29:53.751] [main/ERROR] [net.minecraft.Util/]: Entity lategamegolems:lgg_bullet_entity has no attributes
[30Aug2025 17:29:53.752] [main/ERROR] [net.minecraft.Util/]: Entity lategamegolems:lgg_plasma_entity has no attributes
[30Aug2025 17:29:53.754] [main/ERROR] [net.minecraft.Util/]: Entity lategamegolems:lgg_flame_entity has no attributes
[30Aug2025 17:29:53.756] [main/ERROR] [net.minecraft.Util/]: Entity lategamegolems:lgg_bullet_entity has no attributes
[30Aug2025 17:29:53.756] [main/ERROR] [net.minecraft.Util/]: Entity lategamegolems:lgg_plasma_entity has no attributes
[30Aug2025 17:29:53.758] [main/ERROR] [net.minecraft.Util/]: Entity lategamegolems:lgg_flame_entity has no attributes
[30Aug2025 17:29:53.760] [main/ERROR] [net.minecraft.Util/]: Entity lategamegolems:lgg_bullet_entity has no attributes
[30Aug2025 17:29:53.760] [main/ERROR] [net.minecraft.Util/]: Entity lategamegolems:lgg_plasma_entity has no attributes
[30Aug2025 17:29:53.763] [main/ERROR] [net.minecraft.Util/]: Entity lategamegolems:lgg_flame_entity has no attributes
[30Aug2025 17:29:53.763] [main/ERROR] [net.minecraft.Util/]: Entity lategamegolems:lgg_bullet_entity has no attributes
[30Aug2025 17:29:53.765] [main/ERROR] [net.minecraft.Util/]: Entity lategamegolems:lgg_plasma_entity has no attributes
[30Aug2025 17:29:53.766] [main/ERROR] [net.minecraft.Util/]: Entity lategamegolems:lgg_flame_entity has no attributes
[30Aug2025 17:29:53.768] [main/ERROR] [net.minecraft.Util/]: Entity lategamegolems:lgg_bullet_entity has no attributes
[30Aug2025 17:29:53.769] [main/ERROR] [net.minecraft.Util/]: Entity lategamegolems:lgg_plasma_entity has no attributes
[30Aug2025 17:29:53.769] [main/ERROR] [net.minecraft.Util/]: Entity lategamegolems:lgg_flame_entity has no attributes
[30Aug2025 17:29:53.769] [main/ERROR] [net.minecraft.Util/]: Entity lategamegolems:lgg_bullet_entity has no attributes
[30Aug2025 17:29:53.769] [main/ERROR] [net.minecraft.Util/]: Entity lategamegolems:lgg_plasma_entity has no attributes
[30Aug2025 17:29:53.769] [main/ERROR] [net.minecraft.Util/]: Entity lategamegolems:lgg_flame_entity has no attributes
[30Aug2025 17:29:53.774] [main/ERROR] [net.minecraft.Util/]: Entity lategamegolems:lgg_bullet_entity has no attributes
[30Aug2025 17:29:53.775] [main/ERROR] [net.minecraft.Util/]: Entity lategamegolems:lgg_plasma_entity has no attributes
[30Aug2025 17:29:53.778] [main/ERROR] [net.minecraft.Util/]: Entity lategamegolems:lgg_flame_entity has no attributes
[30Aug2025 17:29:53.778] [main/ERROR] [net.minecraft.Util/]: Entity lategamegolems:lgg_bullet_entity has no attributes
[30Aug2025 17:29:53.779] [main/ERROR] [net.minecraft.Util/]: Entity lategamegolems:lgg_plasma_entity has no attributes
[30Aug2025 17:29:53.781] [main/ERROR] [net.minecraft.Util/]: Entity lategamegolems:lgg_flame_entity has no attributes
[30Aug2025 17:29:53.782] [main/ERROR] [net.minecraft.Util/]: Entity lategamegolems:lgg_bullet_entity has no attributes
[30Aug2025 17:29:53.783] [main/ERROR] [net.minecraft.Util/]: Entity lategamegolems:lgg_plasma_entity has no attributes
[30Aug2025 17:29:53.783] [main/ERROR] [net.minecraft.Util/]: Entity lategamegolems:lgg_flame_entity has no attributes
[30Aug2025 17:29:53.785] [main/ERROR] [net.minecraft.Util/]: Entity lategamegolems:lgg_bullet_entity has no attributes
[30Aug2025 17:29:53.787] [main/ERROR] [net.minecraft.Util/]: Entity lategamegolems:lgg_plasma_entity has no attributes
[30Aug2025 17:29:53.787] [main/ERROR] [net.minecraft.Util/]: Entity lategamegolems:lgg_flame_entity has no attributes
[30Aug2025 17:29:53.789] [main/ERROR] [net.minecraft.Util/]: Entity lategamegolems:lgg_bullet_entity has no attributes
[30Aug2025 17:29:53.791] [main/ERROR] [net.minecraft.Util/]: Entity lategamegolems:lgg_plasma_entity has no attributes
[30Aug2025 17:29:53.791] [main/ERROR] [net.minecraft.Util/]: Entity lategamegolems:lgg_flame_entity has no attributes
[30Aug2025 17:29:53.793] [main/ERROR] [net.minecraft.Util/]: Entity lategamegolems:lgg_bullet_entity has no attributes
[30Aug2025 17:29:53.793] [main/ERROR] [net.minecraft.Util/]: Entity lategamegolems:lgg_plasma_entity has no attributes
[30Aug2025 17:29:53.794] [main/ERROR] [net.minecraft.Util/]: Entity lategamegolems:lgg_flame_entity has no attributes
[30Aug2025 17:29:53.796] [main/ERROR] [net.minecraft.Util/]: Entity lategamegolems:lgg_bullet_entity has no attributes
[30Aug2025 17:29:53.796] [main/ERROR] [net.minecraft.Util/]: Entity lategamegolems:lgg_plasma_entity has no attributes
[30Aug2025 17:29:53.798] [main/ERROR] [net.minecraft.Util/]: Entity lategamegolems:lgg_flame_entity has no attributes
[30Aug2025 17:29:53.799] [main/ERROR] [net.minecraft.Util/]: Entity lategamegolems:lgg_bullet_entity has no attributes
[30Aug2025 17:29:53.800] [main/ERROR] [net.minecraft.Util/]: Entity lategamegolems:lgg_plasma_entity has no attributes
[30Aug2025 17:29:53.801] [main/ERROR] [net.minecraft.Util/]: Entity lategamegolems:lgg_flame_entity has no attributes
[30Aug2025 17:29:53.803] [main/ERROR] [net.minecraft.Util/]: Entity lategamegolems:lgg_bullet_entity has no attributes
[30Aug2025 17:29:53.804] [main/ERROR] [net.minecraft.Util/]: Entity lategamegolems:lgg_plasma_entity has no attributes
[30Aug2025 17:29:53.804] [main/ERROR] [net.minecraft.Util/]: Entity lategamegolems:lgg_flame_entity has no attributes
[30Aug2025 17:29:53.804] [main/ERROR] [net.minecraft.Util/]: Entity lategamegolems:lgg_bullet_entity has no attributes
[30Aug2025 17:29:53.804] [main/ERROR] [net.minecraft.Util/]: Entity lategamegolems:lgg_plasma_entity has no attributes
[30Aug2025 17:29:53.804] [main/ERROR] [net.minecraft.Util/]: Entity lategamegolems:lgg_flame_entity has no attributes
[30Aug2025 17:29:53.804] [main/ERROR] [net.minecraft.Util/]: Entity lategamegolems:lgg_bullet_entity has no attributes
[30Aug2025 17:29:53.808] [main/ERROR] [net.minecraft.Util/]: Entity lategamegolems:lgg_plasma_entity has no attributes
[30Aug2025 17:29:53.834] [main/DEBUG] [mixin/]: Mixing BlockStateCacheMixin from ferritecore.blockstatecache.mixin.json into net.minecraft.world.level.block.state.BlockBehaviour$BlockStateBase$Cache
[30Aug2025 17:29:54.152] [main/DEBUG] [mixin/]: Mixing SubShapeAccess from ferritecore.blockstatecache.mixin.json into net.minecraft.world.phys.shapes.SubShape
[30Aug2025 17:29:57.525] [main/INFO] [com.mojang.authlib.yggdrasil.YggdrasilAuthenticationService/]: Environment: authHost='https://authserver.mojang.com', accountsHost='https://api.mojang.com', sessionHost='https://sessionserver.mojang.com', servicesHost='https://api.minecraftservices.com', name='PROD'
[30Aug2025 17:29:57.542] [main/DEBUG] [mixin/]: Mixing DataFixLevelStorageSourceMixin from mixins.irons_spellbooks.json into net.minecraft.world.level.storage.LevelStorageSource
[30Aug2025 17:29:57.591] [main/DEBUG] [net.minecraftforge.coremod.transformer.CoreModBaseTransformer/COREMOD]: Transforming m_78311_ with desc ()V
[30Aug2025 17:29:57.788] [main/ERROR] [net.minecraft.Util/]: Entity lategamegolems:lgg_flame_entity has no attributes
[30Aug2025 17:29:57.788] [main/ERROR] [net.minecraft.Util/]: Entity lategamegolems:lgg_bullet_entity has no attributes
[30Aug2025 17:29:57.789] [main/ERROR] [net.minecraft.Util/]: Entity lategamegolems:lgg_plasma_entity has no attributes
[30Aug2025 17:29:57.789] [main/ERROR] [net.minecraft.Util/]: Entity lategamegolems:lgg_flame_entity has no attributes
[30Aug2025 17:29:57.789] [main/ERROR] [net.minecraft.Util/]: Entity lategamegolems:lgg_bullet_entity has no attributes
[30Aug2025 17:29:57.789] [main/ERROR] [net.minecraft.Util/]: Entity lategamegolems:lgg_plasma_entity has no attributes
[30Aug2025 17:29:57.789] [main/ERROR] [net.minecraft.Util/]: Entity lategamegolems:lgg_flame_entity has no attributes
[30Aug2025 17:29:57.790] [main/ERROR] [net.minecraft.Util/]: Entity lategamegolems:lgg_bullet_entity has no attributes
[30Aug2025 17:29:57.790] [main/ERROR] [net.minecraft.Util/]: Entity lategamegolems:lgg_plasma_entity has no attributes
[30Aug2025 17:29:57.790] [main/ERROR] [net.minecraft.Util/]: Entity lategamegolems:lgg_flame_entity has no attributes
[30Aug2025 17:29:57.790] [main/ERROR] [net.minecraft.Util/]: Entity lategamegolems:lgg_bullet_entity has no attributes
[30Aug2025 17:29:57.791] [main/ERROR] [net.minecraft.Util/]: Entity lategamegolems:lgg_plasma_entity has no attributes
[30Aug2025 17:29:57.791] [main/ERROR] [net.minecraft.Util/]: Entity lategamegolems:lgg_flame_entity has no attributes
[30Aug2025 17:29:57.791] [main/ERROR] [net.minecraft.Util/]: Entity lategamegolems:lgg_bullet_entity has no attributes
[30Aug2025 17:29:57.791] [main/ERROR] [net.minecraft.Util/]: Entity lategamegolems:lgg_plasma_entity has no attributes
[30Aug2025 17:29:57.792] [main/ERROR] [net.minecraft.Util/]: Entity lategamegolems:lgg_flame_entity has no attributes
[30Aug2025 17:29:57.792] [main/ERROR] [net.minecraft.Util/]: Entity lategamegolems:lgg_bullet_entity has no attributes
[30Aug2025 17:29:57.792] [main/ERROR] [net.minecraft.Util/]: Entity lategamegolems:lgg_plasma_entity has no attributes
[30Aug2025 17:29:57.792] [main/ERROR] [net.minecraft.Util/]: Entity lategamegolems:lgg_flame_entity has no attributes
[30Aug2025 17:29:57.793] [main/ERROR] [net.minecraft.Util/]: Entity lategamegolems:lgg_bullet_entity has no attributes
[30Aug2025 17:29:57.793] [main/ERROR] [net.minecraft.Util/]: Entity lategamegolems:lgg_plasma_entity has no attributes
[30Aug2025 17:29:57.794] [main/ERROR] [net.minecraft.Util/]: Entity lategamegolems:lgg_flame_entity has no attributes
[30Aug2025 17:29:57.794] [main/ERROR] [net.minecraft.Util/]: Entity lategamegolems:lgg_bullet_entity has no attributes
[30Aug2025 17:29:57.796] [main/ERROR] [net.minecraft.Util/]: Entity lategamegolems:lgg_plasma_entity has no attributes
[30Aug2025 17:29:57.797] [main/ERROR] [net.minecraft.Util/]: Entity lategamegolems:lgg_flame_entity has no attributes
[30Aug2025 17:29:57.798] [main/ERROR] [net.minecraft.Util/]: Entity lategamegolems:lgg_bullet_entity has no attributes
[30Aug2025 17:29:57.798] [main/ERROR] [net.minecraft.Util/]: Entity lategamegolems:lgg_plasma_entity has no attributes
[30Aug2025 17:29:57.799] [main/ERROR] [net.minecraft.Util/]: Entity lategamegolems:lgg_flame_entity has no attributes
[30Aug2025 17:29:57.799] [main/ERROR] [net.minecraft.Util/]: Entity lategamegolems:lgg_bullet_entity has no attributes
[30Aug2025 17:29:57.799] [main/ERROR] [net.minecraft.Util/]: Entity lategamegolems:lgg_plasma_entity has no attributes
[30Aug2025 17:29:57.800] [main/ERROR] [net.minecraft.Util/]: Entity lategamegolems:lgg_flame_entity has no attributes
[30Aug2025 17:29:57.801] [main/ERROR] [net.minecraft.Util/]: Entity lategamegolems:lgg_bullet_entity has no attributes
[30Aug2025 17:29:57.802] [main/ERROR] [net.minecraft.Util/]: Entity lategamegolems:lgg_plasma_entity has no attributes
[30Aug2025 17:29:57.803] [main/ERROR] [net.minecraft.Util/]: Entity lategamegolems:lgg_flame_entity has no attributes
[30Aug2025 17:29:57.804] [main/ERROR] [net.minecraft.Util/]: Entity lategamegolems:lgg_bullet_entity has no attributes
[30Aug2025 17:29:57.804] [main/ERROR] [net.minecraft.Util/]: Entity lategamegolems:lgg_plasma_entity has no attributes
[30Aug2025 17:29:57.804] [main/ERROR] [net.minecraft.Util/]: Entity lategamegolems:lgg_flame_entity has no attributes
[30Aug2025 17:29:57.805] [main/ERROR] [net.minecraft.Util/]: Entity lategamegolems:lgg_bullet_entity has no attributes
[30Aug2025 17:29:57.806] [main/ERROR] [net.minecraft.Util/]: Entity lategamegolems:lgg_plasma_entity has no attributes
[30Aug2025 17:29:57.808] [main/ERROR] [net.minecraft.Util/]: Entity lategamegolems:lgg_flame_entity has no attributes
[30Aug2025 17:29:57.811] [main/ERROR] [net.minecraft.Util/]: Entity lategamegolems:lgg_bullet_entity has no attributes
[30Aug2025 17:29:57.813] [main/ERROR] [net.minecraft.Util/]: Entity lategamegolems:lgg_plasma_entity has no attributes
[30Aug2025 17:29:57.815] [main/ERROR] [net.minecraft.Util/]: Entity lategamegolems:lgg_flame_entity has no attributes
[30Aug2025 17:29:57.816] [main/ERROR] [net.minecraft.Util/]: Entity lategamegolems:lgg_bullet_entity has no attributes
[30Aug2025 17:29:57.816] [main/ERROR] [net.minecraft.Util/]: Entity lategamegolems:lgg_plasma_entity has no attributes
[30Aug2025 17:29:57.816] [main/ERROR] [net.minecraft.Util/]: Entity lategamegolems:lgg_flame_entity has no attributes
[30Aug2025 17:29:57.817] [main/ERROR] [net.minecraft.Util/]: Entity lategamegolems:lgg_bullet_entity has no attributes
[30Aug2025 17:29:57.817] [main/ERROR] [net.minecraft.Util/]: Entity lategamegolems:lgg_plasma_entity has no attributes
[30Aug2025 17:29:57.818] [main/ERROR] [net.minecraft.Util/]: Entity lategamegolems:lgg_flame_entity has no attributes
[30Aug2025 17:29:57.819] [main/ERROR] [net.minecraft.Util/]: Entity lategamegolems:lgg_bullet_entity has no attributes
[30Aug2025 17:29:57.821] [main/ERROR] [net.minecraft.Util/]: Entity lategamegolems:lgg_plasma_entity has no attributes
[30Aug2025 17:29:57.822] [main/ERROR] [net.minecraft.Util/]: Entity lategamegolems:lgg_flame_entity has no attributes
[30Aug2025 17:29:57.823] [main/ERROR] [net.minecraft.Util/]: Entity lategamegolems:lgg_bullet_entity has no attributes
[30Aug2025 17:29:57.823] [main/ERROR] [net.minecraft.Util/]: Entity lategamegolems:lgg_plasma_entity has no attributes
[30Aug2025 17:29:57.824] [main/ERROR] [net.minecraft.Util/]: Entity lategamegolems:lgg_flame_entity has no attributes
[30Aug2025 17:29:57.825] [main/ERROR] [net.minecraft.Util/]: Entity lategamegolems:lgg_bullet_entity has no attributes
[30Aug2025 17:29:57.826] [main/ERROR] [net.minecraft.Util/]: Entity lategamegolems:lgg_plasma_entity has no attributes
[30Aug2025 17:29:57.830] [main/ERROR] [net.minecraft.Util/]: Entity lategamegolems:lgg_flame_entity has no attributes
[30Aug2025 17:29:57.831] [main/ERROR] [net.minecraft.Util/]: Entity lategamegolems:lgg_bullet_entity has no attributes
[30Aug2025 17:29:57.834] [main/ERROR] [net.minecraft.Util/]: Entity lategamegolems:lgg_plasma_entity has no attributes
[30Aug2025 17:29:57.836] [main/ERROR] [net.minecraft.Util/]: Entity lategamegolems:lgg_flame_entity has no attributes
[30Aug2025 17:29:57.837] [main/ERROR] [net.minecraft.Util/]: Entity lategamegolems:lgg_bullet_entity has no attributes
[30Aug2025 17:29:57.838] [main/ERROR] [net.minecraft.Util/]: Entity lategamegolems:lgg_plasma_entity has no attributes
[30Aug2025 17:29:57.838] [main/ERROR] [net.minecraft.Util/]: Entity lategamegolems:lgg_flame_entity has no attributes
[30Aug2025 17:29:57.840] [main/ERROR] [net.minecraft.Util/]: Entity lategamegolems:lgg_bullet_entity has no attributes
[30Aug2025 17:29:57.841] [main/ERROR] [net.minecraft.Util/]: Entity lategamegolems:lgg_plasma_entity has no attributes
[30Aug2025 17:29:57.842] [main/ERROR] [net.minecraft.Util/]: Entity lategamegolems:lgg_flame_entity has no attributes
[30Aug2025 17:29:57.843] [main/ERROR] [net.minecraft.Util/]: Entity lategamegolems:lgg_bullet_entity has no attributes
[30Aug2025 17:29:57.843] [main/ERROR] [net.minecraft.Util/]: Entity lategamegolems:lgg_plasma_entity has no attributes
[30Aug2025 17:29:57.844] [main/ERROR] [net.minecraft.Util/]: Entity lategamegolems:lgg_flame_entity has no attributes
[30Aug2025 17:29:57.845] [main/ERROR] [net.minecraft.Util/]: Entity lategamegolems:lgg_bullet_entity has no attributes
[30Aug2025 17:29:57.845] [main/ERROR] [net.minecraft.Util/]: Entity lategamegolems:lgg_plasma_entity has no attributes
[30Aug2025 17:29:57.845] [main/ERROR] [net.minecraft.Util/]: Entity lategamegolems:lgg_flame_entity has no attributes
[30Aug2025 17:29:57.846] [main/ERROR] [net.minecraft.Util/]: Entity lategamegolems:lgg_bullet_entity has no attributes
[30Aug2025 17:29:57.846] [main/ERROR] [net.minecraft.Util/]: Entity lategamegolems:lgg_plasma_entity has no attributes
[30Aug2025 17:29:57.846] [main/ERROR] [net.minecraft.Util/]: Entity lategamegolems:lgg_flame_entity has no attributes
[30Aug2025 17:29:57.847] [main/ERROR] [net.minecraft.Util/]: Entity lategamegolems:lgg_bullet_entity has no attributes
[30Aug2025 17:29:57.848] [main/ERROR] [net.minecraft.Util/]: Entity lategamegolems:lgg_plasma_entity has no attributes
[30Aug2025 17:29:57.848] [main/ERROR] [net.minecraft.Util/]: Entity lategamegolems:lgg_flame_entity has no attributes
[30Aug2025 17:29:57.849] [main/ERROR] [net.minecraft.Util/]: Entity lategamegolems:lgg_bullet_entity has no attributes
[30Aug2025 17:29:57.850] [main/ERROR] [net.minecraft.Util/]: Entity lategamegolems:lgg_plasma_entity has no attributes
[30Aug2025 17:29:57.851] [main/ERROR] [net.minecraft.Util/]: Entity lategamegolems:lgg_flame_entity has no attributes
[30Aug2025 17:29:57.851] [main/ERROR] [net.minecraft.Util/]: Entity lategamegolems:lgg_bullet_entity has no attributes
[30Aug2025 17:29:57.853] [main/ERROR] [net.minecraft.Util/]: Entity lategamegolems:lgg_plasma_entity has no attributes
[30Aug2025 17:29:57.853] [main/ERROR] [net.minecraft.Util/]: Entity lategamegolems:lgg_flame_entity has no attributes
[30Aug2025 17:29:57.853] [main/ERROR] [net.minecraft.Util/]: Entity lategamegolems:lgg_bullet_entity has no attributes
[30Aug2025 17:29:57.854] [main/ERROR] [net.minecraft.Util/]: Entity lategamegolems:lgg_plasma_entity has no attributes
[30Aug2025 17:29:57.854] [main/ERROR] [net.minecraft.Util/]: Entity lategamegolems:lgg_flame_entity has no attributes
[30Aug2025 17:29:57.854] [main/ERROR] [net.minecraft.Util/]: Entity lategamegolems:lgg_bullet_entity has no attributes
[30Aug2025 17:29:57.854] [main/ERROR] [net.minecraft.Util/]: Entity lategamegolems:lgg_plasma_entity has no attributes
[30Aug2025 17:29:57.855] [main/ERROR] [net.minecraft.Util/]: Entity lategamegolems:lgg_flame_entity has no attributes
[30Aug2025 17:29:57.855] [main/ERROR] [net.minecraft.Util/]: Entity lategamegolems:lgg_bullet_entity has no attributes
[30Aug2025 17:29:57.855] [main/ERROR] [net.minecraft.Util/]: Entity lategamegolems:lgg_plasma_entity has no attributes
[30Aug2025 17:29:57.855] [main/ERROR] [net.minecraft.Util/]: Entity lategamegolems:lgg_flame_entity has no attributes
[30Aug2025 17:29:57.856] [main/ERROR] [net.minecraft.Util/]: Entity lategamegolems:lgg_bullet_entity has no attributes
[30Aug2025 17:29:57.856] [main/ERROR] [net.minecraft.Util/]: Entity lategamegolems:lgg_plasma_entity has no attributes
[30Aug2025 17:29:57.856] [main/ERROR] [net.minecraft.Util/]: Entity lategamegolems:lgg_flame_entity has no attributes
[30Aug2025 17:29:57.857] [main/ERROR] [net.minecraft.Util/]: Entity lategamegolems:lgg_bullet_entity has no attributes
[30Aug2025 17:29:57.857] [main/ERROR] [net.minecraft.Util/]: Entity lategamegolems:lgg_plasma_entity has no attributes
[30Aug2025 17:29:57.859] [main/ERROR] [net.minecraft.Util/]: Entity lategamegolems:lgg_flame_entity has no attributes
[30Aug2025 17:29:57.859] [main/ERROR] [net.minecraft.Util/]: Entity lategamegolems:lgg_bullet_entity has no attributes
[30Aug2025 17:29:57.860] [main/ERROR] [net.minecraft.Util/]: Entity lategamegolems:lgg_plasma_entity has no attributes
[30Aug2025 17:29:57.860] [main/ERROR] [net.minecraft.Util/]: Entity lategamegolems:lgg_flame_entity has no attributes
[30Aug2025 17:29:57.860] [main/ERROR] [net.minecraft.Util/]: Entity lategamegolems:lgg_bullet_entity has no attributes
[30Aug2025 17:29:57.860] [main/ERROR] [net.minecraft.Util/]: Entity lategamegolems:lgg_plasma_entity has no attributes
[30Aug2025 17:29:57.860] [main/ERROR] [net.minecraft.Util/]: Entity lategamegolems:lgg_flame_entity has no attributes
[30Aug2025 17:29:57.861] [main/ERROR] [net.minecraft.Util/]: Entity lategamegolems:lgg_bullet_entity has no attributes
[30Aug2025 17:29:57.861] [main/ERROR] [net.minecraft.Util/]: Entity lategamegolems:lgg_plasma_entity has no attributes
[30Aug2025 17:29:57.861] [main/ERROR] [net.minecraft.Util/]: Entity lategamegolems:lgg_flame_entity has no attributes
[30Aug2025 17:29:57.861] [main/ERROR] [net.minecraft.Util/]: Entity lategamegolems:lgg_bullet_entity has no attributes
[30Aug2025 17:29:57.861] [main/ERROR] [net.minecraft.Util/]: Entity lategamegolems:lgg_plasma_entity has no attributes
[30Aug2025 17:29:57.862] [main/ERROR] [net.minecraft.Util/]: Entity lategamegolems:lgg_flame_entity has no attributes
[30Aug2025 17:29:57.862] [main/ERROR] [net.minecraft.Util/]: Entity lategamegolems:lgg_bullet_entity has no attributes
[30Aug2025 17:29:57.862] [main/ERROR] [net.minecraft.Util/]: Entity lategamegolems:lgg_plasma_entity has no attributes
[30Aug2025 17:29:57.863] [main/ERROR] [net.minecraft.Util/]: Entity lategamegolems:lgg_flame_entity has no attributes
[30Aug2025 17:29:57.863] [main/ERROR] [net.minecraft.Util/]: Entity lategamegolems:lgg_bullet_entity has no attributes
[30Aug2025 17:29:57.863] [main/ERROR] [net.minecraft.Util/]: Entity lategamegolems:lgg_plasma_entity has no attributes
[30Aug2025 17:29:57.863] [main/ERROR] [net.minecraft.Util/]: Entity lategamegolems:lgg_flame_entity has no attributes
[30Aug2025 17:29:57.864] [main/ERROR] [net.minecraft.Util/]: Entity lategamegolems:lgg_bullet_entity has no attributes
[30Aug2025 17:29:57.864] [main/ERROR] [net.minecraft.Util/]: Entity lategamegolems:lgg_plasma_entity has no attributes
[30Aug2025 17:29:57.864] [main/ERROR] [net.minecraft.Util/]: Entity lategamegolems:lgg_flame_entity has no attributes
[30Aug2025 17:29:57.864] [main/ERROR] [net.minecraft.Util/]: Entity lategamegolems:lgg_bullet_entity has no attributes
[30Aug2025 17:29:57.864] [main/ERROR] [net.minecraft.Util/]: Entity lategamegolems:lgg_plasma_entity has no attributes
[30Aug2025 17:29:57.865] [main/ERROR] [net.minecraft.Util/]: Entity lategamegolems:lgg_flame_entity has no attributes
[30Aug2025 17:29:57.865] [main/ERROR] [net.minecraft.Util/]: Entity lategamegolems:lgg_bullet_entity has no attributes
[30Aug2025 17:29:57.865] [main/ERROR] [net.minecraft.Util/]: Entity lategamegolems:lgg_plasma_entity has no attributes
[30Aug2025 17:29:57.865] [main/ERROR] [net.minecraft.Util/]: Entity lategamegolems:lgg_flame_entity has no attributes
[30Aug2025 17:29:57.866] [main/ERROR] [net.minecraft.Util/]: Entity lategamegolems:lgg_bullet_entity has no attributes
[30Aug2025 17:29:57.866] [main/ERROR] [net.minecraft.Util/]: Entity lategamegolems:lgg_plasma_entity has no attributes
[30Aug2025 17:29:57.866] [main/ERROR] [net.minecraft.Util/]: Entity lategamegolems:lgg_flame_entity has no attributes
[30Aug2025 17:29:57.866] [main/ERROR] [net.minecraft.Util/]: Entity lategamegolems:lgg_bullet_entity has no attributes
[30Aug2025 17:29:57.867] [main/ERROR] [net.minecraft.Util/]: Entity lategamegolems:lgg_plasma_entity has no attributes
[30Aug2025 17:29:57.867] [main/ERROR] [net.minecraft.Util/]: Entity lategamegolems:lgg_flame_entity has no attributes
[30Aug2025 17:29:57.867] [main/ERROR] [net.minecraft.Util/]: Entity lategamegolems:lgg_bullet_entity has no attributes
[30Aug2025 17:29:57.868] [main/ERROR] [net.minecraft.Util/]: Entity lategamegolems:lgg_plasma_entity has no attributes
[30Aug2025 17:29:57.868] [main/ERROR] [net.minecraft.Util/]: Entity lategamegolems:lgg_flame_entity has no attributes
[30Aug2025 17:29:57.868] [main/ERROR] [net.minecraft.Util/]: Entity lategamegolems:lgg_bullet_entity has no attributes
[30Aug2025 17:29:57.868] [main/ERROR] [net.minecraft.Util/]: Entity lategamegolems:lgg_plasma_entity has no attributes
[30Aug2025 17:29:57.868] [main/ERROR] [net.minecraft.Util/]: Entity lategamegolems:lgg_flame_entity has no attributes
[30Aug2025 17:29:57.869] [main/ERROR] [net.minecraft.Util/]: Entity lategamegolems:lgg_bullet_entity has no attributes
[30Aug2025 17:29:57.869] [main/ERROR] [net.minecraft.Util/]: Entity lategamegolems:lgg_plasma_entity has no attributes
[30Aug2025 17:29:57.869] [main/ERROR] [net.minecraft.Util/]: Entity lategamegolems:lgg_flame_entity has no attributes
[30Aug2025 17:29:57.869] [main/ERROR] [net.minecraft.Util/]: Entity lategamegolems:lgg_bullet_entity has no attributes
[30Aug2025 17:29:57.869] [main/ERROR] [net.minecraft.Util/]: Entity lategamegolems:lgg_plasma_entity has no attributes
[30Aug2025 17:29:57.870] [main/ERROR] [net.minecraft.Util/]: Entity lategamegolems:lgg_flame_entity has no attributes
[30Aug2025 17:29:57.870] [main/ERROR] [net.minecraft.Util/]: Entity lategamegolems:lgg_bullet_entity has no attributes
[30Aug2025 17:29:57.870] [main/ERROR] [net.minecraft.Util/]: Entity lategamegolems:lgg_plasma_entity has no attributes
[30Aug2025 17:29:57.870] [main/ERROR] [net.minecraft.Util/]: Entity lategamegolems:lgg_flame_entity has no attributes
[30Aug2025 17:29:57.871] [main/ERROR] [net.minecraft.Util/]: Entity lategamegolems:lgg_bullet_entity has no attributes
[30Aug2025 17:29:57.872] [main/ERROR] [net.minecraft.Util/]: Entity lategamegolems:lgg_plasma_entity has no attributes
[30Aug2025 17:29:57.872] [main/ERROR] [net.minecraft.Util/]: Entity lategamegolems:lgg_flame_entity has no attributes
[30Aug2025 17:29:57.872] [main/ERROR] [net.minecraft.Util/]: Entity lategamegolems:lgg_bullet_entity has no attributes
[30Aug2025 17:29:57.872] [main/ERROR] [net.minecraft.Util/]: Entity lategamegolems:lgg_plasma_entity has no attributes
[30Aug2025 17:29:57.873] [main/ERROR] [net.minecraft.Util/]: Entity lategamegolems:lgg_flame_entity has no attributes
[30Aug2025 17:29:57.873] [main/ERROR] [net.minecraft.Util/]: Entity lategamegolems:lgg_bullet_entity has no attributes
[30Aug2025 17:29:57.873] [main/ERROR] [net.minecraft.Util/]: Entity lategamegolems:lgg_plasma_entity has no attributes
[30Aug2025 17:29:57.873] [main/ERROR] [net.minecraft.Util/]: Entity lategamegolems:lgg_flame_entity has no attributes
[30Aug2025 17:29:57.873] [main/ERROR] [net.minecraft.Util/]: Entity lategamegolems:lgg_bullet_entity has no attributes
[30Aug2025 17:29:57.873] [main/ERROR] [net.minecraft.Util/]: Entity lategamegolems:lgg_plasma_entity has no attributes
[30Aug2025 17:29:57.873] [main/ERROR] [net.minecraft.Util/]: Entity lategamegolems:lgg_flame_entity has no attributes
[30Aug2025 17:29:57.873] [main/ERROR] [net.minecraft.Util/]: Entity lategamegolems:lgg_bullet_entity has no attributes
[30Aug2025 17:29:57.874] [main/ERROR] [net.minecraft.Util/]: Entity lategamegolems:lgg_plasma_entity has no attributes
[30Aug2025 17:29:57.874] [main/ERROR] [net.minecraft.Util/]: Entity lategamegolems:lgg_flame_entity has no attributes
[30Aug2025 17:29:57.874] [main/ERROR] [net.minecraft.Util/]: Entity lategamegolems:lgg_bullet_entity has no attributes
[30Aug2025 17:29:57.875] [main/ERROR] [net.minecraft.Util/]: Entity lategamegolems:lgg_plasma_entity has no attributes
[30Aug2025 17:29:57.875] [main/ERROR] [net.minecraft.Util/]: Entity lategamegolems:lgg_flame_entity has no attributes
[30Aug2025 17:29:57.875] [main/ERROR] [net.minecraft.Util/]: Entity lategamegolems:lgg_bullet_entity has no attributes
[30Aug2025 17:29:57.875] [main/ERROR] [net.minecraft.Util/]: Entity lategamegolems:lgg_plasma_entity has no attributes
[30Aug2025 17:29:57.876] [main/ERROR] [net.minecraft.Util/]: Entity lategamegolems:lgg_flame_entity has no attributes
[30Aug2025 17:29:57.877] [main/ERROR] [net.minecraft.Util/]: Entity lategamegolems:lgg_bullet_entity has no attributes
[30Aug2025 17:29:57.877] [main/ERROR] [net.minecraft.Util/]: Entity lategamegolems:lgg_plasma_entity has no attributes
[30Aug2025 17:29:57.878] [main/ERROR] [net.minecraft.Util/]: Entity lategamegolems:lgg_flame_entity has no attributes
[30Aug2025 17:29:57.878] [main/ERROR] [net.minecraft.Util/]: Entity lategamegolems:lgg_bullet_entity has no attributes
[30Aug2025 17:29:57.878] [main/ERROR] [net.minecraft.Util/]: Entity lategamegolems:lgg_plasma_entity has no attributes
[30Aug2025 17:29:57.878] [main/ERROR] [net.minecraft.Util/]: Entity lategamegolems:lgg_flame_entity has no attributes
[30Aug2025 17:29:57.879] [main/ERROR] [net.minecraft.Util/]: Entity lategamegolems:lgg_bullet_entity has no attributes
[30Aug2025 17:29:57.879] [main/ERROR] [net.minecraft.Util/]: Entity lategamegolems:lgg_plasma_entity has no attributes
[30Aug2025 17:29:57.879] [main/ERROR] [net.minecraft.Util/]: Entity lategamegolems:lgg_flame_entity has no attributes
[30Aug2025 17:29:57.879] [main/ERROR] [net.minecraft.Util/]: Entity lategamegolems:lgg_bullet_entity has no attributes
[30Aug2025 17:29:57.880] [main/ERROR] [net.minecraft.Util/]: Entity lategamegolems:lgg_plasma_entity has no attributes
[30Aug2025 17:29:57.880] [main/ERROR] [net.minecraft.Util/]: Entity lategamegolems:lgg_flame_entity has no attributes
[30Aug2025 17:29:57.880] [main/ERROR] [net.minecraft.Util/]: Entity lategamegolems:lgg_bullet_entity has no attributes
[30Aug2025 17:29:57.880] [main/ERROR] [net.minecraft.Util/]: Entity lategamegolems:lgg_plasma_entity has no attributes
[30Aug2025 17:29:57.881] [main/ERROR] [net.minecraft.Util/]: Entity lategamegolems:lgg_flame_entity has no attributes
[30Aug2025 17:29:57.881] [main/ERROR] [net.minecraft.Util/]: Entity lategamegolems:lgg_bullet_entity has no attributes
[30Aug2025 17:29:57.881] [main/ERROR] [net.minecraft.Util/]: Entity lategamegolems:lgg_plasma_entity has no attributes
[30Aug2025 17:29:57.881] [main/ERROR] [net.minecraft.Util/]: Entity lategamegolems:lgg_flame_entity has no attributes
[30Aug2025 17:29:57.882] [main/ERROR] [net.minecraft.Util/]: Entity lategamegolems:lgg_bullet_entity has no attributes
[30Aug2025 17:29:57.882] [main/ERROR] [net.minecraft.Util/]: Entity lategamegolems:lgg_plasma_entity has no attributes
[30Aug2025 17:29:57.882] [main/ERROR] [net.minecraft.Util/]: Entity lategamegolems:lgg_flame_entity has no attributes
[30Aug2025 17:29:57.882] [main/ERROR] [net.minecraft.Util/]: Entity lategamegolems:lgg_bullet_entity has no attributes
[30Aug2025 17:29:57.883] [main/ERROR] [net.minecraft.Util/]: Entity lategamegolems:lgg_plasma_entity has no attributes
[30Aug2025 17:29:57.883] [main/ERROR] [net.minecraft.Util/]: Entity lategamegolems:lgg_flame_entity has no attributes
[30Aug2025 17:29:57.883] [main/ERROR] [net.minecraft.Util/]: Entity lategamegolems:lgg_bullet_entity has no attributes
[30Aug2025 17:29:57.883] [main/ERROR] [net.minecraft.Util/]: Entity lategamegolems:lgg_plasma_entity has no attributes
[30Aug2025 17:29:57.883] [main/ERROR] [net.minecraft.Util/]: Entity lategamegolems:lgg_flame_entity has no attributes
[30Aug2025 17:29:57.884] [main/ERROR] [net.minecraft.Util/]: Entity lategamegolems:lgg_bullet_entity has no attributes
[30Aug2025 17:29:57.884] [main/ERROR] [net.minecraft.Util/]: Entity lategamegolems:lgg_plasma_entity has no attributes
[30Aug2025 17:29:57.884] [main/ERROR] [net.minecraft.Util/]: Entity lategamegolems:lgg_flame_entity has no attributes
[30Aug2025 17:29:57.884] [main/ERROR] [net.minecraft.Util/]: Entity lategamegolems:lgg_bullet_entity has no attributes
[30Aug2025 17:29:57.884] [main/ERROR] [net.minecraft.Util/]: Entity lategamegolems:lgg_plasma_entity has no attributes
[30Aug2025 17:29:57.884] [main/ERROR] [net.minecraft.Util/]: Entity lategamegolems:lgg_flame_entity has no attributes
[30Aug2025 17:29:57.885] [main/ERROR] [net.minecraft.Util/]: Entity lategamegolems:lgg_bullet_entity has no attributes
[30Aug2025 17:29:57.885] [main/ERROR] [net.minecraft.Util/]: Entity lategamegolems:lgg_plasma_entity has no attributes
[30Aug2025 17:29:57.885] [main/ERROR] [net.minecraft.Util/]: Entity lategamegolems:lgg_flame_entity has no attributes
[30Aug2025 17:29:57.885] [main/ERROR] [net.minecraft.Util/]: Entity lategamegolems:lgg_bullet_entity has no attributes
[30Aug2025 17:29:57.885] [main/ERROR] [net.minecraft.Util/]: Entity lategamegolems:lgg_plasma_entity has no attributes
[30Aug2025 17:29:57.886] [main/ERROR] [net.minecraft.Util/]: Entity lategamegolems:lgg_flame_entity has no attributes
[30Aug2025 17:29:57.886] [main/ERROR] [net.minecraft.Util/]: Entity lategamegolems:lgg_bullet_entity has no attributes
[30Aug2025 17:29:57.886] [main/ERROR] [net.minecraft.Util/]: Entity lategamegolems:lgg_plasma_entity has no attributes
[30Aug2025 17:29:57.887] [main/ERROR] [net.minecraft.Util/]: Entity lategamegolems:lgg_flame_entity has no attributes
[30Aug2025 17:29:57.887] [main/ERROR] [net.minecraft.Util/]: Entity lategamegolems:lgg_bullet_entity has no attributes
[30Aug2025 17:29:57.887] [main/ERROR] [net.minecraft.Util/]: Entity lategamegolems:lgg_plasma_entity has no attributes
[30Aug2025 17:29:57.888] [main/ERROR] [net.minecraft.Util/]: Entity lategamegolems:lgg_flame_entity has no attributes
[30Aug2025 17:29:57.888] [main/ERROR] [net.minecraft.Util/]: Entity lategamegolems:lgg_bullet_entity has no attributes
[30Aug2025 17:29:57.888] [main/ERROR] [net.minecraft.Util/]: Entity lategamegolems:lgg_plasma_entity has no attributes
[30Aug2025 17:29:57.888] [main/ERROR] [net.minecraft.Util/]: Entity lategamegolems:lgg_flame_entity has no attributes
[30Aug2025 17:29:57.888] [main/ERROR] [net.minecraft.Util/]: Entity lategamegolems:lgg_bullet_entity has no attributes
[30Aug2025 17:29:57.888] [main/ERROR] [net.minecraft.Util/]: Entity lategamegolems:lgg_plasma_entity has no attributes
[30Aug2025 17:29:58.048] [main/ERROR] [net.minecraft.Util/]: Entity lategamegolems:lgg_flame_entity has no attributes
[30Aug2025 17:29:58.048] [main/ERROR] [net.minecraft.Util/]: Entity lategamegolems:lgg_bullet_entity has no attributes
[30Aug2025 17:29:58.048] [main/ERROR] [net.minecraft.Util/]: Entity lategamegolems:lgg_plasma_entity has no attributes
[30Aug2025 17:29:58.049] [main/ERROR] [net.minecraft.Util/]: Entity lategamegolems:lgg_flame_entity has no attributes
[30Aug2025 17:29:58.049] [main/ERROR] [net.minecraft.Util/]: Entity lategamegolems:lgg_bullet_entity has no attributes
[30Aug2025 17:29:58.049] [main/ERROR] [net.minecraft.Util/]: Entity lategamegolems:lgg_plasma_entity has no attributes
[30Aug2025 17:29:58.049] [main/ERROR] [net.minecraft.Util/]: Entity lategamegolems:lgg_flame_entity has no attributes
[30Aug2025 17:29:58.050] [main/ERROR] [net.minecraft.Util/]: Entity lategamegolems:lgg_bullet_entity has no attributes
[30Aug2025 17:29:58.050] [main/ERROR] [net.minecraft.Util/]: Entity lategamegolems:lgg_plasma_entity has no attributes
[30Aug2025 17:29:58.050] [main/ERROR] [net.minecraft.Util/]: Entity lategamegolems:lgg_flame_entity has no attributes
[30Aug2025 17:29:58.050] [main/ERROR] [net.minecraft.Util/]: Entity lategamegolems:lgg_bullet_entity has no attributes
[30Aug2025 17:29:58.051] [main/ERROR] [net.minecraft.Util/]: Entity lategamegolems:lgg_plasma_entity has no attributes
[30Aug2025 17:29:58.051] [main/ERROR] [net.minecraft.Util/]: Entity lategamegolems:lgg_flame_entity has no attributes
[30Aug2025 17:29:58.051] [main/ERROR] [net.minecraft.Util/]: Entity lategamegolems:lgg_bullet_entity has no attributes
[30Aug2025 17:29:58.051] [main/ERROR] [net.minecraft.Util/]: Entity lategamegolems:lgg_plasma_entity has no attributes
[30Aug2025 17:29:58.052] [main/ERROR] [net.minecraft.Util/]: Entity lategamegolems:lgg_flame_entity has no attributes
[30Aug2025 17:29:58.052] [main/ERROR] [net.minecraft.Util/]: Entity lategamegolems:lgg_bullet_entity has no attributes
[30Aug2025 17:29:58.052] [main/ERROR] [net.minecraft.Util/]: Entity lategamegolems:lgg_plasma_entity has no attributes
[30Aug2025 17:29:58.052] [main/ERROR] [net.minecraft.Util/]: Entity lategamegolems:lgg_flame_entity has no attributes
[30Aug2025 17:29:58.052] [main/ERROR] [net.minecraft.Util/]: Entity lategamegolems:lgg_bullet_entity has no attributes
[30Aug2025 17:29:58.053] [main/ERROR] [net.minecraft.Util/]: Entity lategamegolems:lgg_plasma_entity has no attributes
[30Aug2025 17:29:58.053] [main/ERROR] [net.minecraft.Util/]: Entity lategamegolems:lgg_flame_entity has no attributes
[30Aug2025 17:29:58.053] [main/ERROR] [net.minecraft.Util/]: Entity lategamegolems:lgg_bullet_entity has no attributes
[30Aug2025 17:29:58.053] [main/ERROR] [net.minecraft.Util/]: Entity lategamegolems:lgg_plasma_entity has no attributes
[30Aug2025 17:29:58.053] [main/ERROR] [net.minecraft.Util/]: Entity lategamegolems:lgg_flame_entity has no attributes
[30Aug2025 17:29:58.054] [main/ERROR] [net.minecraft.Util/]: Entity lategamegolems:lgg_bullet_entity has no attributes
[30Aug2025 17:29:58.054] [main/ERROR] [net.minecraft.Util/]: Entity lategamegolems:lgg_plasma_entity has no attributes
[30Aug2025 17:29:58.054] [main/ERROR] [net.minecraft.Util/]: Entity lategamegolems:lgg_flame_entity has no attributes
[30Aug2025 17:29:58.054] [main/ERROR] [net.minecraft.Util/]: Entity lategamegolems:lgg_bullet_entity has no attributes
[30Aug2025 17:29:58.056] [main/ERROR] [net.minecraft.Util/]: Entity lategamegolems:lgg_plasma_entity has no attributes
[30Aug2025 17:29:58.056] [main/ERROR] [net.minecraft.Util/]: Entity lategamegolems:lgg_flame_entity has no attributes
[30Aug2025 17:29:58.057] [main/ERROR] [net.minecraft.Util/]: Entity lategamegolems:lgg_bullet_entity has no attributes
[30Aug2025 17:29:58.057] [main/ERROR] [net.minecraft.Util/]: Entity lategamegolems:lgg_plasma_entity has no attributes
[30Aug2025 17:29:58.057] [main/ERROR] [net.minecraft.Util/]: Entity lategamegolems:lgg_flame_entity has no attributes
[30Aug2025 17:29:58.058] [main/ERROR] [net.minecraft.Util/]: Entity lategamegolems:lgg_bullet_entity has no attributes
[30Aug2025 17:29:58.058] [main/ERROR] [net.minecraft.Util/]: Entity lategamegolems:lgg_plasma_entity has no attributes
[30Aug2025 17:29:58.059] [main/ERROR] [net.minecraft.Util/]: Entity lategamegolems:lgg_flame_entity has no attributes
[30Aug2025 17:29:58.059] [main/ERROR] [net.minecraft.Util/]: Entity lategamegolems:lgg_bullet_entity has no attributes
[30Aug2025 17:29:58.059] [main/ERROR] [net.minecraft.Util/]: Entity lategamegolems:lgg_plasma_entity has no attributes
[30Aug2025 17:29:58.059] [main/ERROR] [net.minecraft.Util/]: Entity lategamegolems:lgg_flame_entity has no attributes
[30Aug2025 17:29:58.059] [main/ERROR] [net.minecraft.Util/]: Entity lategamegolems:lgg_bullet_entity has no attributes
[30Aug2025 17:29:58.059] [main/ERROR] [net.minecraft.Util/]: Entity lategamegolems:lgg_plasma_entity has no attributes
[30Aug2025 17:29:58.059] [main/ERROR] [net.minecraft.Util/]: Entity lategamegolems:lgg_flame_entity has no attributes
[30Aug2025 17:29:58.059] [main/ERROR] [net.minecraft.Util/]: Entity lategamegolems:lgg_bullet_entity has no attributes
[30Aug2025 17:29:58.060] [main/ERROR] [net.minecraft.Util/]: Entity lategamegolems:lgg_plasma_entity has no attributes
[30Aug2025 17:29:58.060] [main/ERROR] [net.minecraft.Util/]: Entity lategamegolems:lgg_flame_entity has no attributes
[30Aug2025 17:29:58.060] [main/ERROR] [net.minecraft.Util/]: Entity lategamegolems:lgg_bullet_entity has no attributes
[30Aug2025 17:29:58.060] [main/ERROR] [net.minecraft.Util/]: Entity lategamegolems:lgg_plasma_entity has no attributes
[30Aug2025 17:29:58.060] [main/ERROR] [net.minecraft.Util/]: Entity lategamegolems:lgg_flame_entity has no attributes
[30Aug2025 17:29:58.060] [main/ERROR] [net.minecraft.Util/]: Entity lategamegolems:lgg_bullet_entity has no attributes
[30Aug2025 17:29:58.060] [main/ERROR] [net.minecraft.Util/]: Entity lategamegolems:lgg_plasma_entity has no attributes
[30Aug2025 17:29:58.062] [main/ERROR] [net.minecraft.Util/]: Entity lategamegolems:lgg_flame_entity has no attributes
[30Aug2025 17:29:58.063] [main/ERROR] [net.minecraft.Util/]: Entity lategamegolems:lgg_bullet_entity has no attributes
[30Aug2025 17:29:58.063] [main/ERROR] [net.minecraft.Util/]: Entity lategamegolems:lgg_plasma_entity has no attributes
[30Aug2025 17:29:58.063] [main/ERROR] [net.minecraft.Util/]: Entity lategamegolems:lgg_flame_entity has no attributes
[30Aug2025 17:29:58.063] [main/ERROR] [net.minecraft.Util/]: Entity lategamegolems:lgg_bullet_entity has no attributes
[30Aug2025 17:29:58.063] [main/ERROR] [net.minecraft.Util/]: Entity lategamegolems:lgg_plasma_entity has no attributes
[30Aug2025 17:29:58.063] [main/ERROR] [net.minecraft.Util/]: Entity lategamegolems:lgg_flame_entity has no attributes
[30Aug2025 17:29:58.064] [main/ERROR] [net.minecraft.Util/]: Entity lategamegolems:lgg_bullet_entity has no attributes
[30Aug2025 17:29:58.064] [main/ERROR] [net.minecraft.Util/]: Entity lategamegolems:lgg_plasma_entity has no attributes
[30Aug2025 17:29:58.064] [main/ERROR] [net.minecraft.Util/]: Entity lategamegolems:lgg_flame_entity has no attributes
[30Aug2025 17:29:58.064] [main/ERROR] [net.minecraft.Util/]: Entity lategamegolems:lgg_bullet_entity has no attributes
[30Aug2025 17:29:58.064] [main/ERROR] [net.minecraft.Util/]: Entity lategamegolems:lgg_plasma_entity has no attributes
[30Aug2025 17:29:58.065] [main/ERROR] [net.minecraft.Util/]: Entity lategamegolems:lgg_flame_entity has no attributes
[30Aug2025 17:29:58.065] [main/ERROR] [net.minecraft.Util/]: Entity lategamegolems:lgg_bullet_entity has no attributes
[30Aug2025 17:29:58.065] [main/ERROR] [net.minecraft.Util/]: Entity lategamegolems:lgg_plasma_entity has no attributes
[30Aug2025 17:29:58.065] [main/ERROR] [net.minecraft.Util/]: Entity lategamegolems:lgg_flame_entity has no attributes
[30Aug2025 17:29:58.065] [main/ERROR] [net.minecraft.Util/]: Entity lategamegolems:lgg_bullet_entity has no attributes
[30Aug2025 17:29:58.066] [main/ERROR] [net.minecraft.Util/]: Entity lategamegolems:lgg_plasma_entity has no attributes
[30Aug2025 17:29:58.066] [main/ERROR] [net.minecraft.Util/]: Entity lategamegolems:lgg_flame_entity has no attributes
[30Aug2025 17:29:58.066] [main/ERROR] [net.minecraft.Util/]: Entity lategamegolems:lgg_bullet_entity has no attributes
[30Aug2025 17:29:58.066] [main/ERROR] [net.minecraft.Util/]: Entity lategamegolems:lgg_plasma_entity has no attributes
[30Aug2025 17:29:58.066] [main/ERROR] [net.minecraft.Util/]: Entity lategamegolems:lgg_flame_entity has no attributes
[30Aug2025 17:29:58.066] [main/ERROR] [net.minecraft.Util/]: Entity lategamegolems:lgg_bullet_entity has no attributes
[30Aug2025 17:29:58.067] [main/ERROR] [net.minecraft.Util/]: Entity lategamegolems:lgg_plasma_entity has no attributes
[30Aug2025 17:29:58.067] [main/ERROR] [net.minecraft.Util/]: Entity lategamegolems:lgg_flame_entity has no attributes
[30Aug2025 17:29:58.067] [main/ERROR] [net.minecraft.Util/]: Entity lategamegolems:lgg_bullet_entity has no attributes
[30Aug2025 17:29:58.067] [main/ERROR] [net.minecraft.Util/]: Entity lategamegolems:lgg_plasma_entity has no attributes
[30Aug2025 17:29:58.067] [main/ERROR] [net.minecraft.Util/]: Entity lategamegolems:lgg_flame_entity has no attributes
[30Aug2025 17:29:58.067] [main/ERROR] [net.minecraft.Util/]: Entity lategamegolems:lgg_bullet_entity has no attributes
[30Aug2025 17:29:58.068] [main/ERROR] [net.minecraft.Util/]: Entity lategamegolems:lgg_plasma_entity has no attributes
[30Aug2025 17:29:58.068] [main/ERROR] [net.minecraft.Util/]: Entity lategamegolems:lgg_flame_entity has no attributes
[30Aug2025 17:29:58.068] [main/ERROR] [net.minecraft.Util/]: Entity lategamegolems:lgg_bullet_entity has no attributes
[30Aug2025 17:29:58.069] [main/ERROR] [net.minecraft.Util/]: Entity lategamegolems:lgg_plasma_entity has no attributes
[30Aug2025 17:29:58.069] [main/ERROR] [net.minecraft.Util/]: Entity lategamegolems:lgg_flame_entity has no attributes
[30Aug2025 17:29:58.069] [main/ERROR] [net.minecraft.Util/]: Entity lategamegolems:lgg_bullet_entity has no attributes
[30Aug2025 17:29:58.070] [main/ERROR] [net.minecraft.Util/]: Entity lategamegolems:lgg_plasma_entity has no attributes
[30Aug2025 17:29:58.070] [main/ERROR] [net.minecraft.Util/]: Entity lategamegolems:lgg_flame_entity has no attributes
[30Aug2025 17:29:58.071] [main/ERROR] [net.minecraft.Util/]: Entity lategamegolems:lgg_bullet_entity has no attributes
[30Aug2025 17:29:58.071] [main/ERROR] [net.minecraft.Util/]: Entity lategamegolems:lgg_plasma_entity has no attributes
[30Aug2025 17:29:58.074] [main/ERROR] [net.minecraft.Util/]: Entity lategamegolems:lgg_flame_entity has no attributes
[30Aug2025 17:29:58.074] [main/ERROR] [net.minecraft.Util/]: Entity lategamegolems:lgg_bullet_entity has no attributes
[30Aug2025 17:29:58.074] [main/ERROR] [net.minecraft.Util/]: Entity lategamegolems:lgg_plasma_entity has no attributes
[30Aug2025 17:29:58.074] [main/ERROR] [net.minecraft.Util/]: Entity lategamegolems:lgg_flame_entity has no attributes
[30Aug2025 17:29:58.075] [main/ERROR] [net.minecraft.Util/]: Entity lategamegolems:lgg_bullet_entity has no attributes
[30Aug2025 17:29:58.075] [main/ERROR] [net.minecraft.Util/]: Entity lategamegolems:lgg_plasma_entity has no attributes
[30Aug2025 17:29:58.076] [main/ERROR] [net.minecraft.Util/]: Entity lategamegolems:lgg_flame_entity has no attributes
[30Aug2025 17:29:58.077] [main/ERROR] [net.minecraft.Util/]: Entity lategamegolems:lgg_bullet_entity has no attributes
[30Aug2025 17:29:58.077] [main/ERROR] [net.minecraft.Util/]: Entity lategamegolems:lgg_plasma_entity has no attributes
[30Aug2025 17:29:58.077] [main/ERROR] [net.minecraft.Util/]: Entity lategamegolems:lgg_flame_entity has no attributes
[30Aug2025 17:29:58.078] [main/ERROR] [net.minecraft.Util/]: Entity lategamegolems:lgg_bullet_entity has no attributes
[30Aug2025 17:29:58.078] [main/ERROR] [net.minecraft.Util/]: Entity lategamegolems:lgg_plasma_entity has no attributes
[30Aug2025 17:29:58.079] [main/ERROR] [net.minecraft.Util/]: Entity lategamegolems:lgg_flame_entity has no attributes
[30Aug2025 17:29:58.079] [main/ERROR] [net.minecraft.Util/]: Entity lategamegolems:lgg_bullet_entity has no attributes
[30Aug2025 17:29:58.079] [main/ERROR] [net.minecraft.Util/]: Entity lategamegolems:lgg_plasma_entity has no attributes
[30Aug2025 17:29:58.079] [main/ERROR] [net.minecraft.Util/]: Entity lategamegolems:lgg_flame_entity has no attributes
[30Aug2025 17:29:58.080] [main/ERROR] [net.minecraft.Util/]: Entity lategamegolems:lgg_bullet_entity has no attributes
[30Aug2025 17:29:58.080] [main/ERROR] [net.minecraft.Util/]: Entity lategamegolems:lgg_plasma_entity has no attributes
[30Aug2025 17:29:58.080] [main/ERROR] [net.minecraft.Util/]: Entity lategamegolems:lgg_flame_entity has no attributes
[30Aug2025 17:29:58.080] [main/ERROR] [net.minecraft.Util/]: Entity lategamegolems:lgg_bullet_entity has no attributes
[30Aug2025 17:29:58.081] [main/ERROR] [net.minecraft.Util/]: Entity lategamegolems:lgg_plasma_entity has no attributes
[30Aug2025 17:29:58.081] [main/ERROR] [net.minecraft.Util/]: Entity lategamegolems:lgg_flame_entity has no attributes
[30Aug2025 17:29:58.082] [main/ERROR] [net.minecraft.Util/]: Entity lategamegolems:lgg_bullet_entity has no attributes
[30Aug2025 17:29:58.082] [main/ERROR] [net.minecraft.Util/]: Entity lategamegolems:lgg_plasma_entity has no attributes
[30Aug2025 17:29:58.082] [main/ERROR] [net.minecraft.Util/]: Entity lategamegolems:lgg_flame_entity has no attributes
[30Aug2025 17:29:58.082] [main/ERROR] [net.minecraft.Util/]: Entity lategamegolems:lgg_bullet_entity has no attributes
[30Aug2025 17:29:58.083] [main/ERROR] [net.minecraft.Util/]: Entity lategamegolems:lgg_plasma_entity has no attributes
[30Aug2025 17:29:58.083] [main/ERROR] [net.minecraft.Util/]: Entity lategamegolems:lgg_flame_entity has no attributes
[30Aug2025 17:29:58.083] [main/ERROR] [net.minecraft.Util/]: Entity lategamegolems:lgg_bullet_entity has no attributes
[30Aug2025 17:29:58.083] [main/ERROR] [net.minecraft.Util/]: Entity lategamegolems:lgg_plasma_entity has no attributes
[30Aug2025 17:29:58.083] [main/ERROR] [net.minecraft.Util/]: Entity lategamegolems:lgg_flame_entity has no attributes
[30Aug2025 17:29:58.085] [main/ERROR] [net.minecraft.Util/]: Entity lategamegolems:lgg_bullet_entity has no attributes
[30Aug2025 17:29:58.085] [main/ERROR] [net.minecraft.Util/]: Entity lategamegolems:lgg_plasma_entity has no attributes
[30Aug2025 17:29:58.086] [main/ERROR] [net.minecraft.Util/]: Entity lategamegolems:lgg_flame_entity has no attributes
[30Aug2025 17:29:58.087] [main/ERROR] [net.minecraft.Util/]: Entity lategamegolems:lgg_bullet_entity has no attributes
[30Aug2025 17:29:58.087] [main/ERROR] [net.minecraft.Util/]: Entity lategamegolems:lgg_plasma_entity has no attributes
[30Aug2025 17:29:58.089] [main/ERROR] [net.minecraft.Util/]: Entity lategamegolems:lgg_flame_entity has no attributes
[30Aug2025 17:29:58.089] [main/ERROR] [net.minecraft.Util/]: Entity lategamegolems:lgg_bullet_entity has no attributes
[30Aug2025 17:29:58.089] [main/ERROR] [net.minecraft.Util/]: Entity lategamegolems:lgg_plasma_entity has no attributes
[30Aug2025 17:29:58.089] [main/ERROR] [net.minecraft.Util/]: Entity lategamegolems:lgg_flame_entity has no attributes
[30Aug2025 17:29:58.090] [main/ERROR] [net.minecraft.Util/]: Entity lategamegolems:lgg_bullet_entity has no attributes
[30Aug2025 17:29:58.091] [main/ERROR] [net.minecraft.Util/]: Entity lategamegolems:lgg_plasma_entity has no attributes
[30Aug2025 17:29:58.091] [main/ERROR] [net.minecraft.Util/]: Entity lategamegolems:lgg_flame_entity has no attributes
[30Aug2025 17:29:58.091] [main/ERROR] [net.minecraft.Util/]: Entity lategamegolems:lgg_bullet_entity has no attributes
[30Aug2025 17:29:58.092] [main/ERROR] [net.minecraft.Util/]: Entity lategamegolems:lgg_plasma_entity has no attributes
[30Aug2025 17:29:58.092] [main/ERROR] [net.minecraft.Util/]: Entity lategamegolems:lgg_flame_entity has no attributes
[30Aug2025 17:29:58.092] [main/ERROR] [net.minecraft.Util/]: Entity lategamegolems:lgg_bullet_entity has no attributes
[30Aug2025 17:29:58.092] [main/ERROR] [net.minecraft.Util/]: Entity lategamegolems:lgg_plasma_entity has no attributes
[30Aug2025 17:29:58.092] [main/ERROR] [net.minecraft.Util/]: Entity lategamegolems:lgg_flame_entity has no attributes
[30Aug2025 17:29:58.093] [main/ERROR] [net.minecraft.Util/]: Entity lategamegolems:lgg_bullet_entity has no attributes
[30Aug2025 17:29:58.093] [main/ERROR] [net.minecraft.Util/]: Entity lategamegolems:lgg_plasma_entity has no attributes
[30Aug2025 17:29:58.094] [main/ERROR] [net.minecraft.Util/]: Entity lategamegolems:lgg_flame_entity has no attributes
[30Aug2025 17:29:58.094] [main/ERROR] [net.minecraft.Util/]: Entity lategamegolems:lgg_bullet_entity has no attributes
[30Aug2025 17:29:58.094] [main/ERROR] [net.minecraft.Util/]: Entity lategamegolems:lgg_plasma_entity has no attributes
[30Aug2025 17:29:58.094] [main/ERROR] [net.minecraft.Util/]: Entity lategamegolems:lgg_flame_entity has no attributes
[30Aug2025 17:29:58.095] [main/ERROR] [net.minecraft.Util/]: Entity lategamegolems:lgg_bullet_entity has no attributes
[30Aug2025 17:29:58.095] [main/ERROR] [net.minecraft.Util/]: Entity lategamegolems:lgg_plasma_entity has no attributes
[30Aug2025 17:29:58.096] [main/ERROR] [net.minecraft.Util/]: Entity lategamegolems:lgg_flame_entity has no attributes
[30Aug2025 17:29:58.096] [main/ERROR] [net.minecraft.Util/]: Entity lategamegolems:lgg_bullet_entity has no attributes
[30Aug2025 17:29:58.096] [main/ERROR] [net.minecraft.Util/]: Entity lategamegolems:lgg_plasma_entity has no attributes
[30Aug2025 17:29:58.096] [main/ERROR] [net.minecraft.Util/]: Entity lategamegolems:lgg_flame_entity has no attributes
[30Aug2025 17:29:58.097] [main/ERROR] [net.minecraft.Util/]: Entity lategamegolems:lgg_bullet_entity has no attributes
[30Aug2025 17:29:58.097] [main/ERROR] [net.minecraft.Util/]: Entity lategamegolems:lgg_plasma_entity has no attributes
[30Aug2025 17:29:58.097] [main/ERROR] [net.minecraft.Util/]: Entity lategamegolems:lgg_flame_entity has no attributes
[30Aug2025 17:29:58.097] [main/ERROR] [net.minecraft.Util/]: Entity lategamegolems:lgg_bullet_entity has no attributes
[30Aug2025 17:29:58.098] [main/ERROR] [net.minecraft.Util/]: Entity lategamegolems:lgg_plasma_entity has no attributes
[30Aug2025 17:29:58.098] [main/ERROR] [net.minecraft.Util/]: Entity lategamegolems:lgg_flame_entity has no attributes
[30Aug2025 17:29:58.098] [main/ERROR] [net.minecraft.Util/]: Entity lategamegolems:lgg_bullet_entity has no attributes
[30Aug2025 17:29:58.099] [main/ERROR] [net.minecraft.Util/]: Entity lategamegolems:lgg_plasma_entity has no attributes
[30Aug2025 17:29:58.099] [main/ERROR] [net.minecraft.Util/]: Entity lategamegolems:lgg_flame_entity has no attributes
[30Aug2025 17:29:58.102] [main/ERROR] [net.minecraft.Util/]: Entity lategamegolems:lgg_bullet_entity has no attributes
[30Aug2025 17:29:58.102] [main/ERROR] [net.minecraft.Util/]: Entity lategamegolems:lgg_plasma_entity has no attributes
[30Aug2025 17:29:58.105] [main/ERROR] [net.minecraft.Util/]: Entity lategamegolems:lgg_flame_entity has no attributes
[30Aug2025 17:29:58.105] [main/ERROR] [net.minecraft.Util/]: Entity lategamegolems:lgg_bullet_entity has no attributes
[30Aug2025 17:29:58.105] [main/ERROR] [net.minecraft.Util/]: Entity lategamegolems:lgg_plasma_entity has no attributes
[30Aug2025 17:29:58.106] [main/ERROR] [net.minecraft.Util/]: Entity lategamegolems:lgg_flame_entity has no attributes
[30Aug2025 17:29:58.106] [main/ERROR] [net.minecraft.Util/]: Entity lategamegolems:lgg_bullet_entity has no attributes
[30Aug2025 17:29:58.106] [main/ERROR] [net.minecraft.Util/]: Entity lategamegolems:lgg_plasma_entity has no attributes
[30Aug2025 17:29:58.109] [main/ERROR] [net.minecraft.Util/]: Entity lategamegolems:lgg_flame_entity has no attributes
[30Aug2025 17:29:58.109] [main/ERROR] [net.minecraft.Util/]: Entity lategamegolems:lgg_bullet_entity has no attributes
[30Aug2025 17:29:58.109] [main/ERROR] [net.minecraft.Util/]: Entity lategamegolems:lgg_plasma_entity has no attributes
[30Aug2025 17:29:58.109] [main/ERROR] [net.minecraft.Util/]: Entity lategamegolems:lgg_flame_entity has no attributes
[30Aug2025 17:29:58.109] [main/ERROR] [net.minecraft.Util/]: Entity lategamegolems:lgg_bullet_entity has no attributes
[30Aug2025 17:29:58.110] [main/ERROR] [net.minecraft.Util/]: Entity lategamegolems:lgg_plasma_entity has no attributes
[30Aug2025 17:29:58.110] [main/ERROR] [net.minecraft.Util/]: Entity lategamegolems:lgg_flame_entity has no attributes
[30Aug2025 17:29:58.110] [main/ERROR] [net.minecraft.Util/]: Entity lategamegolems:lgg_bullet_entity has no attributes
[30Aug2025 17:29:58.111] [main/ERROR] [net.minecraft.Util/]: Entity lategamegolems:lgg_plasma_entity has no attributes
[30Aug2025 17:29:58.111] [main/ERROR] [net.minecraft.Util/]: Entity lategamegolems:lgg_flame_entity has no attributes
[30Aug2025 17:29:58.113] [main/ERROR] [net.minecraft.Util/]: Entity lategamegolems:lgg_bullet_entity has no attributes
[30Aug2025 17:29:58.113] [main/ERROR] [net.minecraft.Util/]: Entity lategamegolems:lgg_plasma_entity has no attributes
[30Aug2025 17:29:58.113] [main/ERROR] [net.minecraft.Util/]: Entity lategamegolems:lgg_flame_entity has no attributes
[30Aug2025 17:29:58.114] [main/ERROR] [net.minecraft.Util/]: Entity lategamegolems:lgg_bullet_entity has no attributes
[30Aug2025 17:29:58.114] [main/ERROR] [net.minecraft.Util/]: Entity lategamegolems:lgg_plasma_entity has no attributes
[30Aug2025 17:29:58.114] [main/ERROR] [net.minecraft.Util/]: Entity lategamegolems:lgg_flame_entity has no attributes
[30Aug2025 17:29:58.115] [main/ERROR] [net.minecraft.Util/]: Entity lategamegolems:lgg_bullet_entity has no attributes
[30Aug2025 17:29:58.116] [main/ERROR] [net.minecraft.Util/]: Entity lategamegolems:lgg_plasma_entity has no attributes
[30Aug2025 17:29:58.117] [main/ERROR] [net.minecraft.Util/]: Entity lategamegolems:lgg_flame_entity has no attributes
[30Aug2025 17:29:58.118] [main/ERROR] [net.minecraft.Util/]: Entity lategamegolems:lgg_bullet_entity has no attributes
[30Aug2025 17:29:58.118] [main/ERROR] [net.minecraft.Util/]: Entity lategamegolems:lgg_plasma_entity has no attributes
[30Aug2025 17:29:58.118] [main/ERROR] [net.minecraft.Util/]: Entity lategamegolems:lgg_flame_entity has no attributes
[30Aug2025 17:29:58.118] [main/ERROR] [net.minecraft.Util/]: Entity lategamegolems:lgg_bullet_entity has no attributes
[30Aug2025 17:29:58.119] [main/ERROR] [net.minecraft.Util/]: Entity lategamegolems:lgg_plasma_entity has no attributes
[30Aug2025 17:29:58.119] [main/ERROR] [net.minecraft.Util/]: Entity lategamegolems:lgg_flame_entity has no attributes
[30Aug2025 17:29:58.119] [main/ERROR] [net.minecraft.Util/]: Entity lategamegolems:lgg_bullet_entity has no attributes
[30Aug2025 17:29:58.119] [main/ERROR] [net.minecraft.Util/]: Entity lategamegolems:lgg_plasma_entity has no attributes
[30Aug2025 17:29:58.120] [main/ERROR] [net.minecraft.Util/]: Entity lategamegolems:lgg_flame_entity has no attributes
[30Aug2025 17:29:58.120] [main/ERROR] [net.minecraft.Util/]: Entity lategamegolems:lgg_bullet_entity has no attributes
[30Aug2025 17:29:58.120] [main/ERROR] [net.minecraft.Util/]: Entity lategamegolems:lgg_plasma_entity has no attributes
[30Aug2025 17:29:58.120] [main/ERROR] [net.minecraft.Util/]: Entity lategamegolems:lgg_flame_entity has no attributes
[30Aug2025 17:29:58.120] [main/ERROR] [net.minecraft.Util/]: Entity lategamegolems:lgg_bullet_entity has no attributes
[30Aug2025 17:29:58.121] [main/ERROR] [net.minecraft.Util/]: Entity lategamegolems:lgg_plasma_entity has no attributes
[30Aug2025 17:29:58.121] [main/ERROR] [net.minecraft.Util/]: Entity lategamegolems:lgg_flame_entity has no attributes
[30Aug2025 17:29:58.121] [main/ERROR] [net.minecraft.Util/]: Entity lategamegolems:lgg_bullet_entity has no attributes
[30Aug2025 17:29:58.121] [main/ERROR] [net.minecraft.Util/]: Entity lategamegolems:lgg_plasma_entity has no attributes
[30Aug2025 17:29:58.121] [main/ERROR] [net.minecraft.Util/]: Entity lategamegolems:lgg_flame_entity has no attributes
[30Aug2025 17:29:58.122] [main/ERROR] [net.minecraft.Util/]: Entity lategamegolems:lgg_bullet_entity has no attributes
[30Aug2025 17:29:58.123] [main/ERROR] [net.minecraft.Util/]: Entity lategamegolems:lgg_plasma_entity has no attributes
[30Aug2025 17:29:58.123] [main/ERROR] [net.minecraft.Util/]: Entity lategamegolems:lgg_flame_entity has no attributes
[30Aug2025 17:29:58.124] [main/ERROR] [net.minecraft.Util/]: Entity lategamegolems:lgg_bullet_entity has no attributes
[30Aug2025 17:29:58.124] [main/ERROR] [net.minecraft.Util/]: Entity lategamegolems:lgg_plasma_entity has no attributes
[30Aug2025 17:29:58.124] [main/ERROR] [net.minecraft.Util/]: Entity lategamegolems:lgg_flame_entity has no attributes
[30Aug2025 17:29:58.125] [main/ERROR] [net.minecraft.Util/]: Entity lategamegolems:lgg_bullet_entity has no attributes
[30Aug2025 17:29:58.125] [main/ERROR] [net.minecraft.Util/]: Entity lategamegolems:lgg_plasma_entity has no attributes
[30Aug2025 17:29:58.125] [main/ERROR] [net.minecraft.Util/]: Entity lategamegolems:lgg_flame_entity has no attributes
[30Aug2025 17:29:58.125] [main/ERROR] [net.minecraft.Util/]: Entity lategamegolems:lgg_bullet_entity has no attributes
[30Aug2025 17:29:58.126] [main/ERROR] [net.minecraft.Util/]: Entity lategamegolems:lgg_plasma_entity has no attributes
[30Aug2025 17:29:58.126] [main/ERROR] [net.minecraft.Util/]: Entity lategamegolems:lgg_flame_entity has no attributes
[30Aug2025 17:29:58.126] [main/ERROR] [net.minecraft.Util/]: Entity lategamegolems:lgg_bullet_entity has no attributes
[30Aug2025 17:29:58.126] [main/ERROR] [net.minecraft.Util/]: Entity lategamegolems:lgg_plasma_entity has no attributes
[30Aug2025 17:29:59.367] [main/WARN] [net.minecraft.server.packs.VanillaPackResourcesBuilder/]: Assets URL 'union:/workspaces/server-mc-1.20.1/servidor_minecraft/libraries/net/minecraft/server/1.20.1-20230612.114412/server-1.20.1-20230612.114412-srg.jar%23301!/assets/.mcassetsroot' uses unexpected schema
[30Aug2025 17:29:59.368] [main/WARN] [net.minecraft.server.packs.VanillaPackResourcesBuilder/]: Assets URL 'union:/workspaces/server-mc-1.20.1/servidor_minecraft/libraries/net/minecraft/server/1.20.1-20230612.114412/server-1.20.1-20230612.114412-srg.jar%23301!/data/.mcassetsroot' uses unexpected schema
[30Aug2025 17:29:59.379] [main/DEBUG] [io.redspace.ironsspellbooks.IronsSpellbooks/]: addPackFinders
[30Aug2025 17:29:59.492] [main/DEBUG] [net.minecraftforge.server.ServerLifecycleHooks/CORE]: Generating PackInfo named mod:playeranimator for mod file /workspaces/server-mc-1.20.1/servidor_minecraft/mods/player-animation-lib-forge-1.0.2-rc1+1.20.jar
[30Aug2025 17:29:59.492] [main/DEBUG] [net.minecraftforge.server.ServerLifecycleHooks/CORE]: Generating PackInfo named mod:darkfeather for mod file /workspaces/server-mc-1.20.1/servidor_minecraft/mods/darkfeather-forge-1.20.1-1.0.2.jar
[30Aug2025 17:29:59.493] [main/DEBUG] [net.minecraftforge.server.ServerLifecycleHooks/CORE]: Generating PackInfo named mod:sophisticatedcore for mod file /workspaces/server-mc-1.20.1/servidor_minecraft/mods/sophisticatedcore-1.20.1-1.2.49.962.jar
[30Aug2025 17:29:59.493] [main/DEBUG] [net.minecraftforge.server.ServerLifecycleHooks/CORE]: Generating PackInfo named mod:nyfsquiver for mod file /workspaces/server-mc-1.20.1/servidor_minecraft/mods/nyfsquiver-1.20.1-forge-1.0.1.jar
[30Aug2025 17:29:59.493] [main/DEBUG] [net.minecraftforge.server.ServerLifecycleHooks/CORE]: Generating PackInfo named mod:citadel for mod file /workspaces/server-mc-1.20.1/servidor_minecraft/mods/citadel-2.6.1-1.20.1.jar
[30Aug2025 17:29:59.493] [main/DEBUG] [net.minecraftforge.server.ServerLifecycleHooks/CORE]: Generating PackInfo named mod:mixinextras for mod file 
[30Aug2025 17:29:59.493] [main/DEBUG] [net.minecraftforge.server.ServerLifecycleHooks/CORE]: Generating PackInfo named mod:bookshelf for mod file /workspaces/server-mc-1.20.1/servidor_minecraft/mods/Bookshelf-Forge-1.20.1-20.2.13.jar
[30Aug2025 17:29:59.493] [main/DEBUG] [net.minecraftforge.server.ServerLifecycleHooks/CORE]: Generating PackInfo named mod:sophisticatedbackpacks for mod file /workspaces/server-mc-1.20.1/servidor_minecraft/mods/sophisticatedbackpacks-1.20.1-3.23.13.1230.jar
[30Aug2025 17:29:59.494] [main/DEBUG] [net.minecraftforge.server.ServerLifecycleHooks/CORE]: Generating PackInfo named mod:relics for mod file /workspaces/server-mc-1.20.1/servidor_minecraft/mods/relics-1.20.1-0.8.0.9 (1).jar
[30Aug2025 17:29:59.494] [main/DEBUG] [net.minecraftforge.server.ServerLifecycleHooks/CORE]: Generating PackInfo named mod:darktimer for mod file /workspaces/server-mc-1.20.1/servidor_minecraft/mods/darktimer-forge-1.20.1-1.0.9.jar
[30Aug2025 17:29:59.494] [main/DEBUG] [net.minecraftforge.server.ServerLifecycleHooks/CORE]: Generating PackInfo named mod:jeresources for mod file /workspaces/server-mc-1.20.1/servidor_minecraft/mods/JustEnoughResources-1.20.1-1.4.0.247.jar
[30Aug2025 17:29:59.494] [main/DEBUG] [net.minecraftforge.server.ServerLifecycleHooks/CORE]: Generating PackInfo named mod:cloth_config for mod file /workspaces/server-mc-1.20.1/servidor_minecraft/mods/cloth-config-11.1.136-forge.jar
[30Aug2025 17:29:59.494] [main/DEBUG] [net.minecraftforge.server.ServerLifecycleHooks/CORE]: Generating PackInfo named mod:darkflight for mod file /workspaces/server-mc-1.20.1/servidor_minecraft/mods/darkflight-forge-1.20.1-1.0.8.jar
[30Aug2025 17:29:59.496] [main/DEBUG] [net.minecraftforge.server.ServerLifecycleHooks/CORE]: Generating PackInfo named mod:darksmithing for mod file /workspaces/server-mc-1.20.1/servidor_minecraft/mods/darksmithing-forge-1.20.1-1.0.5.jar
[30Aug2025 17:29:59.496] [main/DEBUG] [net.minecraftforge.server.ServerLifecycleHooks/CORE]: Generating PackInfo named mod:darkglint for mod file /workspaces/server-mc-1.20.1/servidor_minecraft/mods/darkglint-forge-1.20.1-1.0.3.jar
[30Aug2025 17:29:59.497] [main/DEBUG] [net.minecraftforge.server.ServerLifecycleHooks/CORE]: Generating PackInfo named mod:immersiveui for mod file /workspaces/server-mc-1.20.1/servidor_minecraft/mods/ImmersiveUI-FORGE-0.3.0.jar
[30Aug2025 17:29:59.497] [main/DEBUG] [net.minecraftforge.server.ServerLifecycleHooks/CORE]: Generating PackInfo named mod:darkwooly for mod file /workspaces/server-mc-1.20.1/servidor_minecraft/mods/darkwooly-forge-1.20.1-1.0.6.jar
[30Aug2025 17:29:59.497] [main/DEBUG] [net.minecraftforge.server.ServerLifecycleHooks/CORE]: Generating PackInfo named mod:treasure2 for mod file /workspaces/server-mc-1.20.1/servidor_minecraft/mods/treasure2-1.20.1-3.12.0.jar
[30Aug2025 17:29:59.497] [main/DEBUG] [net.minecraftforge.server.ServerLifecycleHooks/CORE]: Generating PackInfo named mod:mutated_items for mod file /workspaces/server-mc-1.20.1/servidor_minecraft/mods/Mutated-Items-3.0.0-forge-1.20.1.jar
[30Aug2025 17:29:59.498] [main/DEBUG] [net.minecraftforge.server.ServerLifecycleHooks/CORE]: Generating PackInfo named mod:eeeabsmobs for mod file /workspaces/server-mc-1.20.1/servidor_minecraft/mods/eeeabsmobs-1.20.1-0.97-Fix.jar
[30Aug2025 17:29:59.498] [main/DEBUG] [net.minecraftforge.server.ServerLifecycleHooks/CORE]: Generating PackInfo named mod:lionfishapi for mod file /workspaces/server-mc-1.20.1/servidor_minecraft/mods/lionfishapi-2.4-Fix.jar
[30Aug2025 17:29:59.498] [main/DEBUG] [net.minecraftforge.server.ServerLifecycleHooks/CORE]: Generating PackInfo named mod:curiouslanterns for mod file /workspaces/server-mc-1.20.1/servidor_minecraft/mods/curiouslanterns-1.20.1-1.3.6 (1).jar
[30Aug2025 17:29:59.498] [main/DEBUG] [net.minecraftforge.server.ServerLifecycleHooks/CORE]: Generating PackInfo named mod:bonfires for mod file /workspaces/server-mc-1.20.1/servidor_minecraft/mods/Bonfires-1.20.1-1.2.19-a3b74c6.jar
[30Aug2025 17:29:59.498] [main/DEBUG] [net.minecraftforge.server.ServerLifecycleHooks/CORE]: Generating PackInfo named mod:cataclysm for mod file /workspaces/server-mc-1.20.1/servidor_minecraft/mods/L_Enders_Cataclysm-2.63.jar
[30Aug2025 17:29:59.499] [main/DEBUG] [net.minecraftforge.server.ServerLifecycleHooks/CORE]: Generating PackInfo named mod:curios for mod file /workspaces/server-mc-1.20.1/servidor_minecraft/mods/curios-forge-5.14.0+1.20.1.jar
[30Aug2025 17:29:59.499] [main/DEBUG] [net.minecraftforge.server.ServerLifecycleHooks/CORE]: Generating PackInfo named mod:patchouli for mod file /workspaces/server-mc-1.20.1/servidor_minecraft/mods/Patchouli-1.20.1-84.1-FORGE.jar
[30Aug2025 17:29:59.499] [main/DEBUG] [net.minecraftforge.server.ServerLifecycleHooks/CORE]: Generating PackInfo named mod:gottschcore for mod file /workspaces/server-mc-1.20.1/servidor_minecraft/mods/gottschcore-1.20.1-2.3.0.jar
[30Aug2025 17:29:59.499] [main/DEBUG] [net.minecraftforge.server.ServerLifecycleHooks/CORE]: Generating PackInfo named mod:darkdeath for mod file /workspaces/server-mc-1.20.1/servidor_minecraft/mods/darkdeath-forge-1.20.1-1.0.3.jar
[30Aug2025 17:29:59.499] [main/DEBUG] [net.minecraftforge.server.ServerLifecycleHooks/CORE]: Generating PackInfo named mod:enigmaticlegacy for mod file /workspaces/server-mc-1.20.1/servidor_minecraft/mods/EnigmaticLegacy-2.30.1.jar
[30Aug2025 17:29:59.499] [main/DEBUG] [net.minecraftforge.server.ServerLifecycleHooks/CORE]: Generating PackInfo named mod:architectury for mod file /workspaces/server-mc-1.20.1/servidor_minecraft/mods/architectury-9.2.14-forge.jar
[30Aug2025 17:29:59.500] [main/DEBUG] [net.minecraftforge.server.ServerLifecycleHooks/CORE]: Generating PackInfo named mod:aiimprovements for mod file /workspaces/server-mc-1.20.1/servidor_minecraft/mods/AI-Improvements-1.20-0.5.2.jar
[30Aug2025 17:29:59.500] [main/DEBUG] [net.minecraftforge.server.ServerLifecycleHooks/CORE]: Generating PackInfo named mod:lategamegolems for mod file /workspaces/server-mc-1.20.1/servidor_minecraft/mods/lategamegolems-1.20.1-2.4.0.0.jar
[30Aug2025 17:29:59.500] [main/DEBUG] [net.minecraftforge.server.ServerLifecycleHooks/CORE]: Generating PackInfo named mod:nether_armory for mod file /workspaces/server-mc-1.20.1/servidor_minecraft/mods/nether_armory-1.0.0-forge-1.20.1.jar
[30Aug2025 17:29:59.500] [main/DEBUG] [net.minecraftforge.server.ServerLifecycleHooks/CORE]: Generating PackInfo named mod:darksmelting for mod file /workspaces/server-mc-1.20.1/servidor_minecraft/mods/darksmelting-forge-1.20.1-1.0.5.jar
[30Aug2025 17:29:59.500] [main/DEBUG] [net.minecraftforge.server.ServerLifecycleHooks/CORE]: Generating PackInfo named mod:nemos_inventory_sorting for mod file /workspaces/server-mc-1.20.1/servidor_minecraft/mods/nemos-inventory-sorting-Forge-1.20.1-1.8.2-all.jar
[30Aug2025 17:29:59.500] [main/DEBUG] [net.minecraftforge.server.ServerLifecycleHooks/CORE]: Generating PackInfo named mod:monolib for mod file /workspaces/server-mc-1.20.1/servidor_minecraft/mods/monolib-forge-1.20.1-2.0.0.jar
[30Aug2025 17:29:59.501] [main/DEBUG] [net.minecraftforge.server.ServerLifecycleHooks/CORE]: Generating PackInfo named mod:disenchanting_table for mod file /workspaces/server-mc-1.20.1/servidor_minecraft/mods/disenchanting_table-merged-1.20.1-4.0.2.jar
[30Aug2025 17:29:59.501] [main/DEBUG] [net.minecraftforge.server.ServerLifecycleHooks/CORE]: Generating PackInfo named mod:darkcap for mod file /workspaces/server-mc-1.20.1/servidor_minecraft/mods/darkcap-forge-1.20.1-1.0.7.jar
[30Aug2025 17:29:59.501] [main/DEBUG] [net.minecraftforge.server.ServerLifecycleHooks/CORE]: Generating PackInfo named mod:framework for mod file /workspaces/server-mc-1.20.1/servidor_minecraft/mods/framework-forge-1.20.1-0.7.12.jar
[30Aug2025 17:29:59.501] [main/DEBUG] [net.minecraftforge.server.ServerLifecycleHooks/CORE]: Generating PackInfo named mod:fallingtree for mod file /workspaces/server-mc-1.20.1/servidor_minecraft/mods/FallingTree-1.20.1-4.3.4.jar
[30Aug2025 17:29:59.501] [main/DEBUG] [net.minecraftforge.server.ServerLifecycleHooks/CORE]: Generating PackInfo named mod:l2library for mod file /workspaces/server-mc-1.20.1/servidor_minecraft/mods/l2library-2.5.1.jar
[30Aug2025 17:29:59.502] [main/DEBUG] [net.minecraftforge.server.ServerLifecycleHooks/CORE]: Generating PackInfo named mod:l2damagetracker for mod file 
[30Aug2025 17:29:59.502] [main/DEBUG] [net.minecraftforge.server.ServerLifecycleHooks/CORE]: Generating PackInfo named mod:darkspawn for mod file /workspaces/server-mc-1.20.1/servidor_minecraft/mods/darkspawn-forge-1.20.1-1.1.6.jar
[30Aug2025 17:29:59.502] [main/DEBUG] [net.minecraftforge.server.ServerLifecycleHooks/CORE]: Generating PackInfo named mod:mowziesmobs for mod file /workspaces/server-mc-1.20.1/servidor_minecraft/mods/mowziesmobs-1.7.2.jar
[30Aug2025 17:29:59.502] [main/DEBUG] [net.minecraftforge.server.ServerLifecycleHooks/CORE]: Generating PackInfo named mod:geckolib for mod file /workspaces/server-mc-1.20.1/servidor_minecraft/mods/geckolib-forge-1.20.1-4.7.1.2 - copia.jar
[30Aug2025 17:29:59.502] [main/DEBUG] [net.minecraftforge.server.ServerLifecycleHooks/CORE]: Generating PackInfo named mod:darkbread for mod file /workspaces/server-mc-1.20.1/servidor_minecraft/mods/darkbread-forge-1.20.1-1.0.0.jar
[30Aug2025 17:29:59.502] [main/DEBUG] [net.minecraftforge.server.ServerLifecycleHooks/CORE]: Generating PackInfo named mod:l2tabs for mod file 
[30Aug2025 17:29:59.502] [main/DEBUG] [net.minecraftforge.server.ServerLifecycleHooks/CORE]: Generating PackInfo named mod:octolib for mod file /workspaces/server-mc-1.20.1/servidor_minecraft/mods/OctoLib-FORGE-0.5.0.1+1.20.1.jar
[30Aug2025 17:29:59.502] [main/DEBUG] [net.minecraftforge.server.ServerLifecycleHooks/CORE]: Generating PackInfo named mod:ancore for mod file /workspaces/server-mc-1.20.1/servidor_minecraft/mods/ancore-2025.3.2.1-forge-1.20.1 (1).jar
[30Aug2025 17:29:59.503] [main/DEBUG] [net.minecraftforge.server.ServerLifecycleHooks/CORE]: Generating PackInfo named mod:jei for mod file /workspaces/server-mc-1.20.1/servidor_minecraft/mods/jei-1.20.1-forge-15.20.0.106.jar
[30Aug2025 17:29:59.503] [main/DEBUG] [net.minecraftforge.server.ServerLifecycleHooks/CORE]: Generating PackInfo named mod:darksleep for mod file /workspaces/server-mc-1.20.1/servidor_minecraft/mods/darksleep-forge-1.20.1-1.0.0.jar
[30Aug2025 17:29:59.503] [main/DEBUG] [net.minecraftforge.server.ServerLifecycleHooks/CORE]: Generating PackInfo named mod:attributefix for mod file /workspaces/server-mc-1.20.1/servidor_minecraft/mods/AttributeFix-Forge-1.20.1-21.0.4.jar
[30Aug2025 17:29:59.503] [main/DEBUG] [net.minecraftforge.server.ServerLifecycleHooks/CORE]: Generating PackInfo named mod:caelus for mod file /workspaces/server-mc-1.20.1/servidor_minecraft/mods/caelus-forge-3.2.0+1.20.1.jar
[30Aug2025 17:29:59.504] [main/DEBUG] [net.minecraftforge.server.ServerLifecycleHooks/CORE]: Generating PackInfo named mod:obscure_api for mod file /workspaces/server-mc-1.20.1/servidor_minecraft/mods/obscure_api-15.jar
[30Aug2025 17:29:59.504] [main/DEBUG] [net.minecraftforge.server.ServerLifecycleHooks/CORE]: Generating PackInfo named mod:geckoanimfix for mod file /workspaces/server-mc-1.20.1/servidor_minecraft/mods/GeckoLibOculusCompat-Forge-1.0.1 - copia.jar
[30Aug2025 17:29:59.504] [main/DEBUG] [net.minecraftforge.server.ServerLifecycleHooks/CORE]: Generating PackInfo named mod:clumps for mod file /workspaces/server-mc-1.20.1/servidor_minecraft/mods/Clumps-forge-1.20.1-12.0.0.4.jar
[30Aug2025 17:29:59.504] [main/DEBUG] [net.minecraftforge.server.ServerLifecycleHooks/CORE]: Generating PackInfo named mod:darkzoom for mod file /workspaces/server-mc-1.20.1/servidor_minecraft/mods/darkzoom-forge-1.20.1-1.0.1.jar
[30Aug2025 17:29:59.505] [main/DEBUG] [net.minecraftforge.server.ServerLifecycleHooks/CORE]: Generating PackInfo named mod:comforts for mod file /workspaces/server-mc-1.20.1/servidor_minecraft/mods/comforts-forge-6.4.0+1.20.1.jar
[30Aug2025 17:29:59.505] [main/DEBUG] [net.minecraftforge.server.ServerLifecycleHooks/CORE]: Generating PackInfo named mod:artifacts for mod file /workspaces/server-mc-1.20.1/servidor_minecraft/mods/artifacts-forge-9.5.16.jar
[30Aug2025 17:29:59.505] [main/DEBUG] [net.minecraftforge.server.ServerLifecycleHooks/CORE]: Generating PackInfo named mod:configured for mod file /workspaces/server-mc-1.20.1/servidor_minecraft/mods/configured-forge-1.20.1-2.2.3.jar
[30Aug2025 17:29:59.505] [main/DEBUG] [net.minecraftforge.server.ServerLifecycleHooks/CORE]: Generating PackInfo named mod:l2screentracker for mod file 
[30Aug2025 17:29:59.506] [main/DEBUG] [net.minecraftforge.server.ServerLifecycleHooks/CORE]: Generating PackInfo named mod:myserveriscompatible for mod file /workspaces/server-mc-1.20.1/servidor_minecraft/mods/MyServerIsCompatible-1.20-1.0.jar
[30Aug2025 17:29:59.506] [main/DEBUG] [net.minecraftforge.server.ServerLifecycleHooks/CORE]: Generating PackInfo named mod:badmobs for mod file /workspaces/server-mc-1.20.1/servidor_minecraft/mods/BadMobs-1.20.1-19.0.4.jar
[30Aug2025 17:29:59.506] [main/DEBUG] [net.minecraftforge.server.ServerLifecycleHooks/CORE]: Generating PackInfo named mod:starlight for mod file /workspaces/server-mc-1.20.1/servidor_minecraft/mods/starlight-1.1.2+forge.1cda73c.jar
[30Aug2025 17:29:59.507] [main/DEBUG] [net.minecraftforge.server.ServerLifecycleHooks/CORE]: Generating PackInfo named mod:creature_compendium for mod file /workspaces/server-mc-1.20.1/servidor_minecraft/mods/creature_compendium-1.3.1.jar
[30Aug2025 17:29:59.507] [main/DEBUG] [net.minecraftforge.server.ServerLifecycleHooks/CORE]: Generating PackInfo named mod:iceandfire for mod file /workspaces/server-mc-1.20.1/servidor_minecraft/mods/iceandfire-2.1.13-1.20.1-beta-5.jar
[30Aug2025 17:29:59.507] [main/DEBUG] [net.minecraftforge.server.ServerLifecycleHooks/CORE]: Generating PackInfo named mod:davespotioneering for mod file /workspaces/server-mc-1.20.1/servidor_minecraft/mods/Dave's Potioneering-forge-1.20.1-12.jar
[30Aug2025 17:29:59.507] [main/DEBUG] [net.minecraftforge.server.ServerLifecycleHooks/CORE]: Generating PackInfo named mod:forge for mod file /workspaces/server-mc-1.20.1/servidor_minecraft/libraries/net/minecraftforge/forge/1.20.1-47.4.2/forge-1.20.1-47.4.2-universal.jar
[30Aug2025 17:29:59.507] [main/DEBUG] [net.minecraftforge.server.ServerLifecycleHooks/CORE]: Generating PackInfo named mod:logbegone for mod file /workspaces/server-mc-1.20.1/servidor_minecraft/mods/Log-Begone-Forge-1.20.1-1.0.8.jar
[30Aug2025 17:29:59.507] [main/DEBUG] [net.minecraftforge.server.ServerLifecycleHooks/CORE]: Generating PackInfo named mod:chest_golems for mod file /workspaces/server-mc-1.20.1/servidor_minecraft/mods/chest_golems-1.3.0-forge-1.20.1.jar
[30Aug2025 17:29:59.508] [main/DEBUG] [net.minecraftforge.server.ServerLifecycleHooks/CORE]: Generating PackInfo named mod:mutant_addition_mod for mod file /workspaces/server-mc-1.20.1/servidor_minecraft/mods/mutant_addition_mod-1.1.1-forge-1.20.1.jar
[30Aug2025 17:29:59.508] [main/DEBUG] [net.minecraftforge.server.ServerLifecycleHooks/CORE]: Generating PackInfo named mod:wolm for mod file /workspaces/server-mc-1.20.1/servidor_minecraft/mods/WOLegendaryMonsters-1.0.2-forge-1.20.1.jar
[30Aug2025 17:29:59.508] [main/DEBUG] [net.minecraftforge.server.ServerLifecycleHooks/CORE]: Generating PackInfo named mod:netherite_fusion for mod file /workspaces/server-mc-1.20.1/servidor_minecraft/mods/netherite_fusion-1.0.5.jar
[30Aug2025 17:29:59.508] [main/DEBUG] [net.minecraftforge.server.ServerLifecycleHooks/CORE]: Generating PackInfo named mod:cofh_core for mod file /workspaces/server-mc-1.20.1/servidor_minecraft/mods/cofh_core-1.20.1-11.0.2.56.jar
[30Aug2025 17:29:59.513] [main/DEBUG] [net.minecraftforge.server.ServerLifecycleHooks/CORE]: Generating PackInfo named mod:ensorcellation for mod file /workspaces/server-mc-1.20.1/servidor_minecraft/mods/ensorcellation-1.20.1-5.0.2.24.jar
[30Aug2025 17:29:59.514] [main/DEBUG] [net.minecraftforge.server.ServerLifecycleHooks/CORE]: Generating PackInfo named mod:curioscompat for mod file /workspaces/server-mc-1.20.1/servidor_minecraft/mods/curios_compat_1_20_1.jar
[30Aug2025 17:29:59.514] [main/DEBUG] [net.minecraftforge.server.ServerLifecycleHooks/CORE]: Generating PackInfo named mod:radiantgear for mod file /workspaces/server-mc-1.20.1/servidor_minecraft/mods/radiantgear-forge-2.2.0+1.20.1 (1).jar
[30Aug2025 17:29:59.514] [main/DEBUG] [net.minecraftforge.server.ServerLifecycleHooks/CORE]: Generating PackInfo named mod:bettercombat for mod file /workspaces/server-mc-1.20.1/servidor_minecraft/mods/bettercombat-forge-1.8.6+1.20.1.jar
[30Aug2025 17:29:59.514] [main/DEBUG] [net.minecraftforge.server.ServerLifecycleHooks/CORE]: Generating PackInfo named mod:toolbelt for mod file /workspaces/server-mc-1.20.1/servidor_minecraft/mods/ToolBelt-1.20.1-1.20.02.jar
[30Aug2025 17:29:59.515] [main/DEBUG] [net.minecraftforge.server.ServerLifecycleHooks/CORE]: Generating PackInfo named mod:justenoughbreeding for mod file /workspaces/server-mc-1.20.1/servidor_minecraft/mods/justenoughbreeding-forge-1.20-1.20.1-1.5.0.jar
[30Aug2025 17:29:59.515] [main/DEBUG] [net.minecraftforge.server.ServerLifecycleHooks/CORE]: Generating PackInfo named mod:darkheads for mod file /workspaces/server-mc-1.20.1/servidor_minecraft/mods/darkheads-forge-1.20.1-1.0.6.jar
[30Aug2025 17:29:59.515] [main/DEBUG] [net.minecraftforge.server.ServerLifecycleHooks/CORE]: Generating PackInfo named mod:spectrelib for mod file 
[30Aug2025 17:29:59.515] [main/DEBUG] [net.minecraftforge.server.ServerLifecycleHooks/CORE]: Generating PackInfo named mod:modulargolems for mod file /workspaces/server-mc-1.20.1/servidor_minecraft/mods/modulargolems-2.5.18.jar
[30Aug2025 17:29:59.515] [main/DEBUG] [net.minecraftforge.server.ServerLifecycleHooks/CORE]: Generating PackInfo named mod:darkrtp for mod file /workspaces/server-mc-1.20.1/servidor_minecraft/mods/darkrtp-forge-1.20.1-1.0.9.jar
[30Aug2025 17:29:59.517] [main/DEBUG] [net.minecraftforge.server.ServerLifecycleHooks/CORE]: Generating PackInfo named mod:reliquary for mod file /workspaces/server-mc-1.20.1/servidor_minecraft/mods/reliquary-1.20.1-2.0.45.1248.jar
[30Aug2025 17:29:59.518] [main/DEBUG] [net.minecraftforge.server.ServerLifecycleHooks/CORE]: Generating PackInfo named mod:xaerominimap for mod file /workspaces/server-mc-1.20.1/servidor_minecraft/mods/Xaeros_Minimap_25.2.6_Forge_1.20.jar
[30Aug2025 17:29:59.518] [main/DEBUG] [net.minecraftforge.server.ServerLifecycleHooks/CORE]: Generating PackInfo named mod:experienceobelisk for mod file /workspaces/server-mc-1.20.1/servidor_minecraft/mods/experienceobelisk-2.3.6.1-1.20.1.jar
[30Aug2025 17:29:59.518] [main/DEBUG] [net.minecraftforge.server.ServerLifecycleHooks/CORE]: Generating PackInfo named mod:polymorph for mod file /workspaces/server-mc-1.20.1/servidor_minecraft/mods/polymorph-forge-0.49.9+1.20.1.jar
[30Aug2025 17:29:59.518] [main/DEBUG] [net.minecraftforge.server.ServerLifecycleHooks/CORE]: Generating PackInfo named mod:legendary_monsters for mod file /workspaces/server-mc-1.20.1/servidor_minecraft/mods/legendarymonsters-1.8.1 MC 1.20.1.jar
[30Aug2025 17:29:59.518] [main/DEBUG] [net.minecraftforge.server.ServerLifecycleHooks/CORE]: Generating PackInfo named mod:irons_spellbooks for mod file /workspaces/server-mc-1.20.1/servidor_minecraft/mods/irons_spellbooks-1.20.1-3.4.0.8.jar
[30Aug2025 17:29:59.519] [main/DEBUG] [net.minecraftforge.server.ServerLifecycleHooks/CORE]: Generating PackInfo named mod:ice_and_fire_spellbooks for mod file /workspaces/server-mc-1.20.1/servidor_minecraft/mods/ice_and_fire_spellbooks-2.3.1-1.20.1.jar
[30Aug2025 17:29:59.519] [main/DEBUG] [net.minecraftforge.server.ServerLifecycleHooks/CORE]: Generating PackInfo named mod:mob_weapon_api for mod file 
[30Aug2025 17:29:59.519] [main/DEBUG] [net.minecraftforge.server.ServerLifecycleHooks/CORE]: Generating PackInfo named mod:extrasounds for mod file /workspaces/server-mc-1.20.1/servidor_minecraft/mods/ExtraSoundsNext-forge-1.20.1-1.4.jar
[30Aug2025 17:29:59.519] [main/DEBUG] [net.minecraftforge.server.ServerLifecycleHooks/CORE]: Generating PackInfo named mod:appleskin for mod file /workspaces/server-mc-1.20.1/servidor_minecraft/mods/appleskin-forge-mc1.20.1-2.5.1.jar
[30Aug2025 17:29:59.519] [main/DEBUG] [net.minecraftforge.server.ServerLifecycleHooks/CORE]: Generating PackInfo named mod:lootr for mod file /workspaces/server-mc-1.20.1/servidor_minecraft/mods/lootr-forge-1.20-0.7.35.92.jar
[30Aug2025 17:29:59.524] [main/DEBUG] [net.minecraftforge.server.ServerLifecycleHooks/CORE]: Generating PackInfo named mod:ferritecore for mod file /workspaces/server-mc-1.20.1/servidor_minecraft/mods/ferritecore-6.0.1-forge.jar
[30Aug2025 17:29:59.524] [main/DEBUG] [net.minecraftforge.server.ServerLifecycleHooks/CORE]: Generating PackInfo named mod:ancient_golems for mod file /workspaces/server-mc-1.20.1/servidor_minecraft/mods/ancient_golems-1.1.0-forge-1.20.1.jar
[30Aug2025 17:29:59.524] [main/DEBUG] [net.minecraftforge.server.ServerLifecycleHooks/CORE]: Generating PackInfo named mod:charmofundying for mod file /workspaces/server-mc-1.20.1/servidor_minecraft/mods/charmofundying-forge-6.5.0+1.20.1.jar
[30Aug2025 17:29:59.525] [main/DEBUG] [net.minecraftforge.server.ServerLifecycleHooks/CORE]: Generating PackInfo named mod:l2itemselector for mod file 
[30Aug2025 17:29:59.526] [main/DEBUG] [net.minecraftforge.server.ServerLifecycleHooks/CORE]: Generating PackInfo named mod:expandability for mod file 
[30Aug2025 17:29:59.526] [main/DEBUG] [net.minecraftforge.server.ServerLifecycleHooks/CORE]: Generating PackInfo named mod:explosiveenhancement for mod file /workspaces/server-mc-1.20.1/servidor_minecraft/mods/explosiveenhancement-1.1.0-1.20.1-client-and-server.jar
[30Aug2025 17:29:59.527] [main/DEBUG] [net.minecraftforge.server.ServerLifecycleHooks/CORE]: Generating PackInfo named mod:charms_and_medallions for mod file /workspaces/server-mc-1.20.1/servidor_minecraft/mods/charms-and-medallions-v1.0.2-v1.20.1.jar
[30Aug2025 17:29:59.527] [main/DEBUG] [net.minecraftforge.server.ServerLifecycleHooks/CORE]: Generating PackInfo named mod:skinrestorer for mod file /workspaces/server-mc-1.20.1/servidor_minecraft/mods/skinrestorer-2.3.5+1.20-forge.jar
[30Aug2025 17:29:59.528] [main/DEBUG] [net.minecraftforge.server.ServerLifecycleHooks/CORE]: Generating PackInfo named mod:aquamirae for mod file /workspaces/server-mc-1.20.1/servidor_minecraft/mods/aquamirae-6.API15.jar
[30Aug2025 17:29:59.528] [main/DEBUG] [net.minecraftforge.server.ServerLifecycleHooks/CORE]: Generating PackInfo named mod:iceandfire_curios for mod file /workspaces/server-mc-1.20.1/servidor_minecraft/mods/iceandfire_curios-1.2.0-forge-1.20.1.jar
[30Aug2025 17:30:01.223] [main/DEBUG] [mixin/]: Mixing PrimaryLevelDataMixin from obscure_api.mixins.json into net.minecraft.world.level.storage.PrimaryLevelData
[30Aug2025 17:30:01.249] [main/DEBUG] [mixin/]: Mixing MixinLootDataManager from architectury.mixins.json into net.minecraft.world.level.storage.loot.LootDataManager
[30Aug2025 17:30:01.268] [main/INFO] [mixin/]: Mixing AccessorAdvancementCommands from enigmaticlegacy.mixins.json into net.minecraft.server.commands.AdvancementCommands
[30Aug2025 17:30:01.269] [main/INFO] [mixin/]: Renaming @Accessor method getAdvancementSuggestions()Lcom/mojang/brigadier/suggestion/SuggestionProvider; to getAdvancementSuggestions_$md$915be7$0 in enigmaticlegacy.mixins.json:AccessorAdvancementCommands
[30Aug2025 17:30:01.499] [main/DEBUG] [net.minecraftforge.coremod.transformer.CoreModBaseTransformer/COREMOD]: Transforming net/minecraft/server/commands/SummonCommand
[30Aug2025 17:30:01.702] [main/DEBUG] [bookshelf/]: Built 1 Command entries. Took 2.68ms.
[30Aug2025 17:30:01.789] [main/DEBUG] [mixin/]: Mixing debug.TagLoaderMixin from mixins.artifacts.common.json into net.minecraft.tags.TagLoader
[30Aug2025 17:30:02.424] [Worker-Main-1/ERROR] [net.minecraft.tags.TagLoader/]: Couldn't load tag legendary_monsters:ancient_stronghold_biomes as it is missing following references: minecraft:spruce_forest (from legendarymonsters-1.8.1 MC 1.20.1.jar)
[30Aug2025 17:30:02.727] [Worker-Main-1/DEBUG] [mixin/]: Mixing MixinNbtPredicate from curios.mixins.json into net.minecraft.advancements.critereon.NbtPredicate
[30Aug2025 17:30:02.739] [Worker-Main-1/DEBUG] [mixin/]: Mixing patches.loot.MixinLootItemKilledByPlayerCondition from bookshelf.common.mixins.json into net.minecraft.world.level.storage.loot.predicates.LootItemKilledByPlayerCondition
[30Aug2025 17:30:02.794] [Worker-Main-1/DEBUG] [net.minecraftforge.coremod.transformer.CoreModBaseTransformer/COREMOD]: Transforming net/minecraft/world/entity/raid/Raid
[30Aug2025 17:30:04.800] [main/INFO] [net.minecraft.world.item.crafting.RecipeManager/]: Skipping loading recipe reliquary:squid_beak as it's serializer returned null
[30Aug2025 17:30:04.804] [main/DEBUG] [mixin/]: Mixing AccessorSmithingTrimRecipe from patchouli_xplat.mixins.json into net.minecraft.world.item.crafting.SmithingTrimRecipe
[30Aug2025 17:30:04.804] [main/DEBUG] [mixin/]: Mixing AccessorSmithingTrimRecipe from polymorph.mixins.json into net.minecraft.world.item.crafting.SmithingTrimRecipe
[30Aug2025 17:30:04.805] [main/DEBUG] [mixin/]: Unexpected: Registered method getBase()Lnet/minecraft/world/item/crafting/Ingredient; in net.minecraft.world.item.crafting.SmithingTrimRecipe was not merged
[30Aug2025 17:30:04.806] [main/DEBUG] [mixin/]: Unexpected: Registered method getAddition()Lnet/minecraft/world/item/crafting/Ingredient; in net.minecraft.world.item.crafting.SmithingTrimRecipe was not merged
[30Aug2025 17:30:04.806] [main/DEBUG] [mixin/]: Unexpected: Registered method getTemplate()Lnet/minecraft/world/item/crafting/Ingredient; in net.minecraft.world.item.crafting.SmithingTrimRecipe was not merged
[30Aug2025 17:30:04.825] [main/INFO] [net.minecraft.world.item.crafting.RecipeManager/]: Skipping loading recipe reliquary:molten_core as it's serializer returned null
[30Aug2025 17:30:04.856] [main/ERROR] [net.minecraft.world.item.crafting.RecipeManager/]: Parsing error loading recipe irons_spellbooks:curios/concentration_amulet
com.google.gson.JsonSyntaxException: Unknown item 'irons_spellbooks:mithril_ingot'
	at net.minecraft.world.item.crafting.ShapedRecipe.m_151280_(ShapedRecipe.java:292) ~[server-1.20.1-20230612.114412-srg.jar%23301!/:?]
	at java.util.Optional.orElseThrow(Optional.java:403) ~[?:?]
	at net.minecraft.world.item.crafting.ShapedRecipe.m_151278_(ShapedRecipe.java:291) ~[server-1.20.1-20230612.114412-srg.jar%23301!/:?]
	at net.minecraft.world.item.crafting.Ingredient.m_43919_(Ingredient.java:219) ~[server-1.20.1-20230612.114412-srg.jar%23301!/:?]
	at net.minecraftforge.common.crafting.VanillaIngredientSerializer.parse(VanillaIngredientSerializer.java:27) ~[forge-1.20.1-47.4.2-universal.jar%23306!/:?]
	at net.minecraftforge.common.crafting.CraftingHelper.getIngredient(CraftingHelper.java:148) ~[forge-1.20.1-47.4.2-universal.jar%23306!/:?]
	at net.minecraft.world.item.crafting.Ingredient.m_288218_(Ingredient.java:194) ~[server-1.20.1-20230612.114412-srg.jar%23301!/:?]
	at net.minecraft.world.item.crafting.ShapedRecipe.m_44210_(ShapedRecipe.java:278) ~[server-1.20.1-20230612.114412-srg.jar%23301!/:?]
	at net.minecraft.world.item.crafting.ShapedRecipe$Serializer.m_6729_(ShapedRecipe.java:306) ~[server-1.20.1-20230612.114412-srg.jar%23301!/:?]
	at net.minecraft.world.item.crafting.ShapedRecipe$Serializer.m_6729_(ShapedRecipe.java:301) ~[server-1.20.1-20230612.114412-srg.jar%23301!/:?]
	at net.minecraftforge.common.extensions.IForgeRecipeSerializer.fromJson(IForgeRecipeSerializer.java:23) ~[forge-1.20.1-47.4.2-universal.jar%23306!/:?]
	at net.minecraft.world.item.crafting.RecipeManager.fromJson(RecipeManager.java:171) ~[server-1.20.1-20230612.114412-srg.jar%23301!/:?]
	at net.minecraft.world.item.crafting.RecipeManager.m_5787_(RecipeManager.java:67) ~[server-1.20.1-20230612.114412-srg.jar%23301!/:?]
	at net.minecraft.world.item.crafting.RecipeManager.m_5787_(RecipeManager.java:34) ~[server-1.20.1-20230612.114412-srg.jar%23301!/:?]
	at net.minecraft.server.packs.resources.SimplePreparableReloadListener.m_10789_(SimplePreparableReloadListener.java:13) ~[server-1.20.1-20230612.114412-srg.jar%23301!/:?]
	at java.util.concurrent.CompletableFuture$UniAccept.tryFire(CompletableFuture.java:718) ~[?:?]
	at java.util.concurrent.CompletableFuture$Completion.run(CompletableFuture.java:482) ~[?:?]
	at net.minecraft.server.packs.resources.SimpleReloadInstance.m_143940_(SimpleReloadInstance.java:69) ~[server-1.20.1-20230612.114412-srg.jar%23301!/:?]
	at net.minecraft.Util.m_214652_(Util.java:783) ~[server-1.20.1-20230612.114412-srg.jar%23301!/:?]
	at net.minecraft.Util.m_214679_(Util.java:772) ~[server-1.20.1-20230612.114412-srg.jar%23301!/:?]
	at net.minecraft.server.Main.main(Main.java:166) ~[server-1.20.1-20230612.114412-srg.jar%23301!/:?]
	at jdk.internal.reflect.NativeMethodAccessorImpl.invoke0(Native Method) ~[?:?]
	at jdk.internal.reflect.NativeMethodAccessorImpl.invoke(NativeMethodAccessorImpl.java:77) ~[?:?]
	at jdk.internal.reflect.DelegatingMethodAccessorImpl.invoke(DelegatingMethodAccessorImpl.java:43) ~[?:?]
	at java.lang.reflect.Method.invoke(Method.java:569) ~[?:?]
	at net.minecraftforge.fml.loading.targets.CommonLaunchHandler.runTarget(CommonLaunchHandler.java:111) ~[fmlloader-1.20.1-47.4.2.jar%2369!/:?]
	at net.minecraftforge.fml.loading.targets.CommonLaunchHandler.serverService(CommonLaunchHandler.java:103) ~[fmlloader-1.20.1-47.4.2.jar%2369!/:?]
	at net.minecraftforge.fml.loading.targets.CommonServerLaunchHandler.lambda$makeService$0(CommonServerLaunchHandler.java:27) ~[fmlloader-1.20.1-47.4.2.jar%2369!/:?]
	at cpw.mods.modlauncher.LaunchServiceHandlerDecorator.launch(LaunchServiceHandlerDecorator.java:30) ~[modlauncher-10.0.9.jar%2355!/:?]
	at cpw.mods.modlauncher.LaunchServiceHandler.launch(LaunchServiceHandler.java:53) ~[modlauncher-10.0.9.jar%2355!/:?]
	at cpw.mods.modlauncher.LaunchServiceHandler.launch(LaunchServiceHandler.java:71) ~[modlauncher-10.0.9.jar%2355!/:?]
	at cpw.mods.modlauncher.Launcher.run(Launcher.java:108) ~[modlauncher-10.0.9.jar%2355!/:?]
	at cpw.mods.modlauncher.Launcher.main(Launcher.java:78) ~[modlauncher-10.0.9.jar%2355!/:?]
	at cpw.mods.modlauncher.BootstrapLaunchConsumer.accept(BootstrapLaunchConsumer.java:26) ~[modlauncher-10.0.9.jar%2355!/:?]
	at cpw.mods.modlauncher.BootstrapLaunchConsumer.accept(BootstrapLaunchConsumer.java:23) ~[modlauncher-10.0.9.jar%2355!/:?]
	at cpw.mods.bootstraplauncher.BootstrapLauncher.main(BootstrapLauncher.java:141) ~[bootstraplauncher-1.1.2.jar:?]
[30Aug2025 17:30:04.902] [main/ERROR] [net.minecraft.world.item.crafting.RecipeManager/]: Parsing error loading recipe iceandfire_curios:ring_of_bartering_recipe_2
com.google.gson.JsonSyntaxException: Unknown item 'minecraft:silver_block'
	at net.minecraft.world.item.crafting.ShapedRecipe.m_151280_(ShapedRecipe.java:292) ~[server-1.20.1-20230612.114412-srg.jar%23301!/:?]
	at java.util.Optional.orElseThrow(Optional.java:403) ~[?:?]
	at net.minecraft.world.item.crafting.ShapedRecipe.m_151278_(ShapedRecipe.java:291) ~[server-1.20.1-20230612.114412-srg.jar%23301!/:?]
	at net.minecraft.world.item.crafting.Ingredient.m_43919_(Ingredient.java:219) ~[server-1.20.1-20230612.114412-srg.jar%23301!/:?]
	at net.minecraftforge.common.crafting.VanillaIngredientSerializer.parse(VanillaIngredientSerializer.java:27) ~[forge-1.20.1-47.4.2-universal.jar%23306!/:?]
	at net.minecraftforge.common.crafting.CraftingHelper.getIngredient(CraftingHelper.java:148) ~[forge-1.20.1-47.4.2-universal.jar%23306!/:?]
	at net.minecraft.world.item.crafting.Ingredient.m_288218_(Ingredient.java:194) ~[server-1.20.1-20230612.114412-srg.jar%23301!/:?]
	at net.minecraft.world.item.crafting.ShapedRecipe.m_44210_(ShapedRecipe.java:278) ~[server-1.20.1-20230612.114412-srg.jar%23301!/:?]
	at net.minecraft.world.item.crafting.ShapedRecipe$Serializer.m_6729_(ShapedRecipe.java:306) ~[server-1.20.1-20230612.114412-srg.jar%23301!/:?]
	at net.minecraft.world.item.crafting.ShapedRecipe$Serializer.m_6729_(ShapedRecipe.java:301) ~[server-1.20.1-20230612.114412-srg.jar%23301!/:?]
	at net.minecraftforge.common.extensions.IForgeRecipeSerializer.fromJson(IForgeRecipeSerializer.java:23) ~[forge-1.20.1-47.4.2-universal.jar%23306!/:?]
	at net.minecraft.world.item.crafting.RecipeManager.fromJson(RecipeManager.java:171) ~[server-1.20.1-20230612.114412-srg.jar%23301!/:?]
	at net.minecraft.world.item.crafting.RecipeManager.m_5787_(RecipeManager.java:67) ~[server-1.20.1-20230612.114412-srg.jar%23301!/:?]
	at net.minecraft.world.item.crafting.RecipeManager.m_5787_(RecipeManager.java:34) ~[server-1.20.1-20230612.114412-srg.jar%23301!/:?]
	at net.minecraft.server.packs.resources.SimplePreparableReloadListener.m_10789_(SimplePreparableReloadListener.java:13) ~[server-1.20.1-20230612.114412-srg.jar%23301!/:?]
	at java.util.concurrent.CompletableFuture$UniAccept.tryFire(CompletableFuture.java:718) ~[?:?]
	at java.util.concurrent.CompletableFuture$Completion.run(CompletableFuture.java:482) ~[?:?]
	at net.minecraft.server.packs.resources.SimpleReloadInstance.m_143940_(SimpleReloadInstance.java:69) ~[server-1.20.1-20230612.114412-srg.jar%23301!/:?]
	at net.minecraft.Util.m_214652_(Util.java:783) ~[server-1.20.1-20230612.114412-srg.jar%23301!/:?]
	at net.minecraft.Util.m_214679_(Util.java:772) ~[server-1.20.1-20230612.114412-srg.jar%23301!/:?]
	at net.minecraft.server.Main.main(Main.java:166) ~[server-1.20.1-20230612.114412-srg.jar%23301!/:?]
	at jdk.internal.reflect.NativeMethodAccessorImpl.invoke0(Native Method) ~[?:?]
	at jdk.internal.reflect.NativeMethodAccessorImpl.invoke(NativeMethodAccessorImpl.java:77) ~[?:?]
	at jdk.internal.reflect.DelegatingMethodAccessorImpl.invoke(DelegatingMethodAccessorImpl.java:43) ~[?:?]
	at java.lang.reflect.Method.invoke(Method.java:569) ~[?:?]
	at net.minecraftforge.fml.loading.targets.CommonLaunchHandler.runTarget(CommonLaunchHandler.java:111) ~[fmlloader-1.20.1-47.4.2.jar%2369!/:?]
	at net.minecraftforge.fml.loading.targets.CommonLaunchHandler.serverService(CommonLaunchHandler.java:103) ~[fmlloader-1.20.1-47.4.2.jar%2369!/:?]
	at net.minecraftforge.fml.loading.targets.CommonServerLaunchHandler.lambda$makeService$0(CommonServerLaunchHandler.java:27) ~[fmlloader-1.20.1-47.4.2.jar%2369!/:?]
	at cpw.mods.modlauncher.LaunchServiceHandlerDecorator.launch(LaunchServiceHandlerDecorator.java:30) ~[modlauncher-10.0.9.jar%2355!/:?]
	at cpw.mods.modlauncher.LaunchServiceHandler.launch(LaunchServiceHandler.java:53) ~[modlauncher-10.0.9.jar%2355!/:?]
	at cpw.mods.modlauncher.LaunchServiceHandler.launch(LaunchServiceHandler.java:71) ~[modlauncher-10.0.9.jar%2355!/:?]
	at cpw.mods.modlauncher.Launcher.run(Launcher.java:108) ~[modlauncher-10.0.9.jar%2355!/:?]
	at cpw.mods.modlauncher.Launcher.main(Launcher.java:78) ~[modlauncher-10.0.9.jar%2355!/:?]
	at cpw.mods.modlauncher.BootstrapLaunchConsumer.accept(BootstrapLaunchConsumer.java:26) ~[modlauncher-10.0.9.jar%2355!/:?]
	at cpw.mods.modlauncher.BootstrapLaunchConsumer.accept(BootstrapLaunchConsumer.java:23) ~[modlauncher-10.0.9.jar%2355!/:?]
	at cpw.mods.bootstraplauncher.BootstrapLauncher.main(BootstrapLauncher.java:141) ~[bootstraplauncher-1.1.2.jar:?]
[30Aug2025 17:30:04.907] [main/INFO] [net.minecraft.world.item.crafting.RecipeManager/]: Skipping loading recipe reliquary:withered_rib as it's serializer returned null
[30Aug2025 17:30:04.911] [main/INFO] [net.minecraft.world.item.crafting.RecipeManager/]: Skipping loading recipe reliquary:bat_wing as it's serializer returned null
[30Aug2025 17:30:04.921] [main/INFO] [net.minecraft.world.item.crafting.RecipeManager/]: Skipping loading recipe toolbelt:pouch_upgrade_1_via_sewing as it's serializer returned null
[30Aug2025 17:30:04.934] [main/INFO] [net.minecraft.world.item.crafting.RecipeManager/]: Skipping loading recipe reliquary:rib_bone as it's serializer returned null
[30Aug2025 17:30:04.961] [main/INFO] [net.minecraft.world.item.crafting.RecipeManager/]: Skipping loading recipe reliquary:nebulous_heart as it's serializer returned null
[30Aug2025 17:30:04.965] [main/INFO] [net.minecraft.world.item.crafting.RecipeManager/]: Skipping loading recipe toolbelt:pouch_upgrade_3_via_sewing as it's serializer returned null
[30Aug2025 17:30:04.990] [main/INFO] [net.minecraft.world.item.crafting.RecipeManager/]: Skipping loading recipe toolbelt:pouch_upgrade_5_via_sewing as it's serializer returned null
[30Aug2025 17:30:04.991] [main/INFO] [net.minecraft.world.item.crafting.RecipeManager/]: Skipping loading recipe reliquary:alkahestry/crafting/steel_ingot as it's serializer returned null
[30Aug2025 17:30:05.001] [main/INFO] [net.minecraft.world.item.crafting.RecipeManager/]: Skipping loading recipe toolbelt:pouch_upgrade_4_via_sewing as it's serializer returned null
[30Aug2025 17:30:05.002] [main/INFO] [net.minecraft.world.item.crafting.RecipeManager/]: Skipping loading recipe reliquary:catalyzing_gland as it's serializer returned null
[30Aug2025 17:30:05.008] [main/ERROR] [net.minecraft.world.item.crafting.RecipeManager/]: Parsing error loading recipe legendary_monsters:ancient_dripstone_brick_stairs_left
com.google.gson.JsonSyntaxException: Unknown item 'legendary_monsters:ancient_dripstone_brick'
	at net.minecraft.world.item.crafting.ShapedRecipe.m_151280_(ShapedRecipe.java:292) ~[server-1.20.1-20230612.114412-srg.jar%23301!/:?]
	at java.util.Optional.orElseThrow(Optional.java:403) ~[?:?]
	at net.minecraft.world.item.crafting.ShapedRecipe.m_151278_(ShapedRecipe.java:291) ~[server-1.20.1-20230612.114412-srg.jar%23301!/:?]
	at net.minecraft.world.item.crafting.Ingredient.m_43919_(Ingredient.java:219) ~[server-1.20.1-20230612.114412-srg.jar%23301!/:?]
	at net.minecraftforge.common.crafting.VanillaIngredientSerializer.parse(VanillaIngredientSerializer.java:27) ~[forge-1.20.1-47.4.2-universal.jar%23306!/:?]
	at net.minecraftforge.common.crafting.CraftingHelper.getIngredient(CraftingHelper.java:148) ~[forge-1.20.1-47.4.2-universal.jar%23306!/:?]
	at net.minecraft.world.item.crafting.Ingredient.m_288218_(Ingredient.java:194) ~[server-1.20.1-20230612.114412-srg.jar%23301!/:?]
	at net.minecraft.world.item.crafting.ShapedRecipe.m_44210_(ShapedRecipe.java:278) ~[server-1.20.1-20230612.114412-srg.jar%23301!/:?]
	at net.minecraft.world.item.crafting.ShapedRecipe$Serializer.m_6729_(ShapedRecipe.java:306) ~[server-1.20.1-20230612.114412-srg.jar%23301!/:?]
	at net.minecraft.world.item.crafting.ShapedRecipe$Serializer.m_6729_(ShapedRecipe.java:301) ~[server-1.20.1-20230612.114412-srg.jar%23301!/:?]
	at net.minecraftforge.common.extensions.IForgeRecipeSerializer.fromJson(IForgeRecipeSerializer.java:23) ~[forge-1.20.1-47.4.2-universal.jar%23306!/:?]
	at net.minecraft.world.item.crafting.RecipeManager.fromJson(RecipeManager.java:171) ~[server-1.20.1-20230612.114412-srg.jar%23301!/:?]
	at net.minecraft.world.item.crafting.RecipeManager.m_5787_(RecipeManager.java:67) ~[server-1.20.1-20230612.114412-srg.jar%23301!/:?]
	at net.minecraft.world.item.crafting.RecipeManager.m_5787_(RecipeManager.java:34) ~[server-1.20.1-20230612.114412-srg.jar%23301!/:?]
	at net.minecraft.server.packs.resources.SimplePreparableReloadListener.m_10789_(SimplePreparableReloadListener.java:13) ~[server-1.20.1-20230612.114412-srg.jar%23301!/:?]
	at java.util.concurrent.CompletableFuture$UniAccept.tryFire(CompletableFuture.java:718) ~[?:?]
	at java.util.concurrent.CompletableFuture$Completion.run(CompletableFuture.java:482) ~[?:?]
	at net.minecraft.server.packs.resources.SimpleReloadInstance.m_143940_(SimpleReloadInstance.java:69) ~[server-1.20.1-20230612.114412-srg.jar%23301!/:?]
	at net.minecraft.Util.m_214652_(Util.java:783) ~[server-1.20.1-20230612.114412-srg.jar%23301!/:?]
	at net.minecraft.Util.m_214679_(Util.java:772) ~[server-1.20.1-20230612.114412-srg.jar%23301!/:?]
	at net.minecraft.server.Main.main(Main.java:166) ~[server-1.20.1-20230612.114412-srg.jar%23301!/:?]
	at jdk.internal.reflect.NativeMethodAccessorImpl.invoke0(Native Method) ~[?:?]
	at jdk.internal.reflect.NativeMethodAccessorImpl.invoke(NativeMethodAccessorImpl.java:77) ~[?:?]
	at jdk.internal.reflect.DelegatingMethodAccessorImpl.invoke(DelegatingMethodAccessorImpl.java:43) ~[?:?]
	at java.lang.reflect.Method.invoke(Method.java:569) ~[?:?]
	at net.minecraftforge.fml.loading.targets.CommonLaunchHandler.runTarget(CommonLaunchHandler.java:111) ~[fmlloader-1.20.1-47.4.2.jar%2369!/:?]
	at net.minecraftforge.fml.loading.targets.CommonLaunchHandler.serverService(CommonLaunchHandler.java:103) ~[fmlloader-1.20.1-47.4.2.jar%2369!/:?]
	at net.minecraftforge.fml.loading.targets.CommonServerLaunchHandler.lambda$makeService$0(CommonServerLaunchHandler.java:27) ~[fmlloader-1.20.1-47.4.2.jar%2369!/:?]
	at cpw.mods.modlauncher.LaunchServiceHandlerDecorator.launch(LaunchServiceHandlerDecorator.java:30) ~[modlauncher-10.0.9.jar%2355!/:?]
	at cpw.mods.modlauncher.LaunchServiceHandler.launch(LaunchServiceHandler.java:53) ~[modlauncher-10.0.9.jar%2355!/:?]
	at cpw.mods.modlauncher.LaunchServiceHandler.launch(LaunchServiceHandler.java:71) ~[modlauncher-10.0.9.jar%2355!/:?]
	at cpw.mods.modlauncher.Launcher.run(Launcher.java:108) ~[modlauncher-10.0.9.jar%2355!/:?]
	at cpw.mods.modlauncher.Launcher.main(Launcher.java:78) ~[modlauncher-10.0.9.jar%2355!/:?]
	at cpw.mods.modlauncher.BootstrapLaunchConsumer.accept(BootstrapLaunchConsumer.java:26) ~[modlauncher-10.0.9.jar%2355!/:?]
	at cpw.mods.modlauncher.BootstrapLaunchConsumer.accept(BootstrapLaunchConsumer.java:23) ~[modlauncher-10.0.9.jar%2355!/:?]
	at cpw.mods.bootstraplauncher.BootstrapLauncher.main(BootstrapLauncher.java:141) ~[bootstraplauncher-1.1.2.jar:?]
[30Aug2025 17:30:05.025] [main/INFO] [net.minecraft.world.item.crafting.RecipeManager/]: Skipping loading recipe toolbelt:belt_via_sewing as it's serializer returned null
[30Aug2025 17:30:05.026] [main/INFO] [net.minecraft.world.item.crafting.RecipeManager/]: Skipping loading recipe toolbelt:pouch_upgrade_6_via_sewing as it's serializer returned null
[30Aug2025 17:30:05.028] [main/ERROR] [net.minecraft.world.item.crafting.RecipeManager/]: Parsing error loading recipe legendary_monsters:purified_soul
com.google.gson.JsonSyntaxException: Invalid or unsupported recipe type 'minecraft:brewing'
	at net.minecraft.world.item.crafting.RecipeManager.m_220253_(RecipeManager.java:170) ~[server-1.20.1-20230612.114412-srg.jar%23301!/:?]
	at java.util.Optional.orElseThrow(Optional.java:403) ~[?:?]
	at net.minecraft.world.item.crafting.RecipeManager.fromJson(RecipeManager.java:169) ~[server-1.20.1-20230612.114412-srg.jar%23301!/:?]
	at net.minecraft.world.item.crafting.RecipeManager.m_5787_(RecipeManager.java:67) ~[server-1.20.1-20230612.114412-srg.jar%23301!/:?]
	at net.minecraft.world.item.crafting.RecipeManager.m_5787_(RecipeManager.java:34) ~[server-1.20.1-20230612.114412-srg.jar%23301!/:?]
	at net.minecraft.server.packs.resources.SimplePreparableReloadListener.m_10789_(SimplePreparableReloadListener.java:13) ~[server-1.20.1-20230612.114412-srg.jar%23301!/:?]
	at java.util.concurrent.CompletableFuture$UniAccept.tryFire(CompletableFuture.java:718) ~[?:?]
	at java.util.concurrent.CompletableFuture$Completion.run(CompletableFuture.java:482) ~[?:?]
	at net.minecraft.server.packs.resources.SimpleReloadInstance.m_143940_(SimpleReloadInstance.java:69) ~[server-1.20.1-20230612.114412-srg.jar%23301!/:?]
	at net.minecraft.Util.m_214652_(Util.java:783) ~[server-1.20.1-20230612.114412-srg.jar%23301!/:?]
	at net.minecraft.Util.m_214679_(Util.java:772) ~[server-1.20.1-20230612.114412-srg.jar%23301!/:?]
	at net.minecraft.server.Main.main(Main.java:166) ~[server-1.20.1-20230612.114412-srg.jar%23301!/:?]
	at jdk.internal.reflect.NativeMethodAccessorImpl.invoke0(Native Method) ~[?:?]
	at jdk.internal.reflect.NativeMethodAccessorImpl.invoke(NativeMethodAccessorImpl.java:77) ~[?:?]
	at jdk.internal.reflect.DelegatingMethodAccessorImpl.invoke(DelegatingMethodAccessorImpl.java:43) ~[?:?]
	at java.lang.reflect.Method.invoke(Method.java:569) ~[?:?]
	at net.minecraftforge.fml.loading.targets.CommonLaunchHandler.runTarget(CommonLaunchHandler.java:111) ~[fmlloader-1.20.1-47.4.2.jar%2369!/:?]
	at net.minecraftforge.fml.loading.targets.CommonLaunchHandler.serverService(CommonLaunchHandler.java:103) ~[fmlloader-1.20.1-47.4.2.jar%2369!/:?]
	at net.minecraftforge.fml.loading.targets.CommonServerLaunchHandler.lambda$makeService$0(CommonServerLaunchHandler.java:27) ~[fmlloader-1.20.1-47.4.2.jar%2369!/:?]
	at cpw.mods.modlauncher.LaunchServiceHandlerDecorator.launch(LaunchServiceHandlerDecorator.java:30) ~[modlauncher-10.0.9.jar%2355!/:?]
	at cpw.mods.modlauncher.LaunchServiceHandler.launch(LaunchServiceHandler.java:53) ~[modlauncher-10.0.9.jar%2355!/:?]
	at cpw.mods.modlauncher.LaunchServiceHandler.launch(LaunchServiceHandler.java:71) ~[modlauncher-10.0.9.jar%2355!/:?]
	at cpw.mods.modlauncher.Launcher.run(Launcher.java:108) ~[modlauncher-10.0.9.jar%2355!/:?]
	at cpw.mods.modlauncher.Launcher.main(Launcher.java:78) ~[modlauncher-10.0.9.jar%2355!/:?]
	at cpw.mods.modlauncher.BootstrapLaunchConsumer.accept(BootstrapLaunchConsumer.java:26) ~[modlauncher-10.0.9.jar%2355!/:?]
	at cpw.mods.modlauncher.BootstrapLaunchConsumer.accept(BootstrapLaunchConsumer.java:23) ~[modlauncher-10.0.9.jar%2355!/:?]
	at cpw.mods.bootstraplauncher.BootstrapLauncher.main(BootstrapLauncher.java:141) ~[bootstraplauncher-1.1.2.jar:?]
[30Aug2025 17:30:05.030] [main/INFO] [net.minecraft.world.item.crafting.RecipeManager/]: Skipping loading recipe reliquary:frozen_core as it's serializer returned null
[30Aug2025 17:30:05.031] [main/INFO] [net.minecraft.world.item.crafting.RecipeManager/]: Skipping loading recipe reliquary:slime_pearl as it's serializer returned null
[30Aug2025 17:30:05.037] [main/INFO] [net.minecraft.world.item.crafting.RecipeManager/]: Skipping loading recipe reliquary:alkahestry/crafting/tin_ingot as it's serializer returned null
[30Aug2025 17:30:05.048] [main/INFO] [net.minecraft.world.item.crafting.RecipeManager/]: Skipping loading recipe toolbelt:pouch_via_sewing as it's serializer returned null
[30Aug2025 17:30:05.050] [main/ERROR] [net.minecraft.world.item.crafting.RecipeManager/]: Parsing error loading recipe legendary_monsters:dinosaur_bone_meal
com.google.gson.JsonSyntaxException: Unknown item 'legendary_monsters:dinosaur_bone_meal'
	at net.minecraftforge.common.crafting.CraftingHelper.getItem(CraftingHelper.java:160) ~[forge-1.20.1-47.4.2-universal.jar%23306!/:?]
	at net.minecraftforge.common.crafting.CraftingHelper.getItemStack(CraftingHelper.java:186) ~[forge-1.20.1-47.4.2-universal.jar%23306!/:?]
	at net.minecraft.world.item.crafting.ShapedRecipe.m_151274_(ShapedRecipe.java:286) ~[server-1.20.1-20230612.114412-srg.jar%23301!/:?]
	at net.minecraft.world.item.crafting.ShapedRecipe$Serializer.m_6729_(ShapedRecipe.java:311) ~[server-1.20.1-20230612.114412-srg.jar%23301!/:?]
	at net.minecraft.world.item.crafting.ShapedRecipe$Serializer.m_6729_(ShapedRecipe.java:301) ~[server-1.20.1-20230612.114412-srg.jar%23301!/:?]
	at net.minecraftforge.common.extensions.IForgeRecipeSerializer.fromJson(IForgeRecipeSerializer.java:23) ~[forge-1.20.1-47.4.2-universal.jar%23306!/:?]
	at net.minecraft.world.item.crafting.RecipeManager.fromJson(RecipeManager.java:171) ~[server-1.20.1-20230612.114412-srg.jar%23301!/:?]
	at net.minecraft.world.item.crafting.RecipeManager.m_5787_(RecipeManager.java:67) ~[server-1.20.1-20230612.114412-srg.jar%23301!/:?]
	at net.minecraft.world.item.crafting.RecipeManager.m_5787_(RecipeManager.java:34) ~[server-1.20.1-20230612.114412-srg.jar%23301!/:?]
	at net.minecraft.server.packs.resources.SimplePreparableReloadListener.m_10789_(SimplePreparableReloadListener.java:13) ~[server-1.20.1-20230612.114412-srg.jar%23301!/:?]
	at java.util.concurrent.CompletableFuture$UniAccept.tryFire(CompletableFuture.java:718) ~[?:?]
	at java.util.concurrent.CompletableFuture$Completion.run(CompletableFuture.java:482) ~[?:?]
	at net.minecraft.server.packs.resources.SimpleReloadInstance.m_143940_(SimpleReloadInstance.java:69) ~[server-1.20.1-20230612.114412-srg.jar%23301!/:?]
	at net.minecraft.Util.m_214652_(Util.java:783) ~[server-1.20.1-20230612.114412-srg.jar%23301!/:?]
	at net.minecraft.Util.m_214679_(Util.java:772) ~[server-1.20.1-20230612.114412-srg.jar%23301!/:?]
	at net.minecraft.server.Main.main(Main.java:166) ~[server-1.20.1-20230612.114412-srg.jar%23301!/:?]
	at jdk.internal.reflect.NativeMethodAccessorImpl.invoke0(Native Method) ~[?:?]
	at jdk.internal.reflect.NativeMethodAccessorImpl.invoke(NativeMethodAccessorImpl.java:77) ~[?:?]
	at jdk.internal.reflect.DelegatingMethodAccessorImpl.invoke(DelegatingMethodAccessorImpl.java:43) ~[?:?]
	at java.lang.reflect.Method.invoke(Method.java:569) ~[?:?]
	at net.minecraftforge.fml.loading.targets.CommonLaunchHandler.runTarget(CommonLaunchHandler.java:111) ~[fmlloader-1.20.1-47.4.2.jar%2369!/:?]
	at net.minecraftforge.fml.loading.targets.CommonLaunchHandler.serverService(CommonLaunchHandler.java:103) ~[fmlloader-1.20.1-47.4.2.jar%2369!/:?]
	at net.minecraftforge.fml.loading.targets.CommonServerLaunchHandler.lambda$makeService$0(CommonServerLaunchHandler.java:27) ~[fmlloader-1.20.1-47.4.2.jar%2369!/:?]
	at cpw.mods.modlauncher.LaunchServiceHandlerDecorator.launch(LaunchServiceHandlerDecorator.java:30) ~[modlauncher-10.0.9.jar%2355!/:?]
	at cpw.mods.modlauncher.LaunchServiceHandler.launch(LaunchServiceHandler.java:53) ~[modlauncher-10.0.9.jar%2355!/:?]
	at cpw.mods.modlauncher.LaunchServiceHandler.launch(LaunchServiceHandler.java:71) ~[modlauncher-10.0.9.jar%2355!/:?]
	at cpw.mods.modlauncher.Launcher.run(Launcher.java:108) ~[modlauncher-10.0.9.jar%2355!/:?]
	at cpw.mods.modlauncher.Launcher.main(Launcher.java:78) ~[modlauncher-10.0.9.jar%2355!/:?]
	at cpw.mods.modlauncher.BootstrapLaunchConsumer.accept(BootstrapLaunchConsumer.java:26) ~[modlauncher-10.0.9.jar%2355!/:?]
	at cpw.mods.modlauncher.BootstrapLaunchConsumer.accept(BootstrapLaunchConsumer.java:23) ~[modlauncher-10.0.9.jar%2355!/:?]
	at cpw.mods.bootstraplauncher.BootstrapLauncher.main(BootstrapLauncher.java:141) ~[bootstraplauncher-1.1.2.jar:?]
[30Aug2025 17:30:05.104] [main/INFO] [net.minecraft.world.item.crafting.RecipeManager/]: Skipping loading recipe toolbelt:pouch_upgrade_7_via_sewing as it's serializer returned null
[30Aug2025 17:30:05.109] [main/INFO] [net.minecraft.world.item.crafting.RecipeManager/]: Skipping loading recipe toolbelt:pouch_upgrade_2_via_sewing as it's serializer returned null
[30Aug2025 17:30:05.110] [main/INFO] [net.minecraft.world.item.crafting.RecipeManager/]: Skipping loading recipe reliquary:guardian_spike as it's serializer returned null
[30Aug2025 17:30:05.119] [main/INFO] [net.minecraft.world.item.crafting.RecipeManager/]: Skipping loading recipe reliquary:zombie_heart as it's serializer returned null
[30Aug2025 17:30:05.120] [main/INFO] [net.minecraft.world.item.crafting.RecipeManager/]: Skipping loading recipe reliquary:chelicerae as it's serializer returned null
[30Aug2025 17:30:05.122] [main/INFO] [net.minecraft.world.item.crafting.RecipeManager/]: Skipping loading recipe reliquary:eye_of_the_storm as it's serializer returned null
[30Aug2025 17:30:05.138] [main/INFO] [net.minecraft.world.item.crafting.RecipeManager/]: Loaded 12 recipes
[30Aug2025 17:30:05.426] [main/INFO] [net.minecraft.advancements.AdvancementList/]: Loaded 2483 advancements
[30Aug2025 17:30:05.431] [main/DEBUG] [sophisticatedbackpacks/]: Started loading registry data from sophisticatedbackpacks:compat/woot/block_tools 
[30Aug2025 17:30:05.431] [main/DEBUG] [sophisticatedbackpacks/]: Started loading registry data from sophisticatedbackpacks:compat/fluxnetworks/block_tools 
[30Aug2025 17:30:05.431] [main/DEBUG] [sophisticatedbackpacks/]: Started loading registry data from sophisticatedbackpacks:compat/mob_grinding_utils/entity_tools 
[30Aug2025 17:30:05.432] [main/DEBUG] [sophisticatedbackpacks/]: Started loading registry data from sophisticatedbackpacks:compat/astralsorcery/block_tools 
[30Aug2025 17:30:05.432] [main/DEBUG] [sophisticatedbackpacks/]: Started loading registry data from sophisticatedbackpacks:compat/immersivepetroleum/block_tools 
[30Aug2025 17:30:05.432] [main/DEBUG] [sophisticatedbackpacks/]: Started loading registry data from sophisticatedbackpacks:compat/immersiveengineering/block_tools 
[30Aug2025 17:30:05.432] [main/DEBUG] [sophisticatedbackpacks/]: Started loading registry data from sophisticatedbackpacks:compat/pedestals/block_tools 
[30Aug2025 17:30:05.432] [main/DEBUG] [sophisticatedbackpacks/]: Started loading registry data from sophisticatedbackpacks:compat/platforms/block_tools 
[30Aug2025 17:30:05.432] [main/DEBUG] [sophisticatedbackpacks/]: Started loading registry data from sophisticatedbackpacks:compat/rftoolsutility/entity_tools 
[30Aug2025 17:30:05.432] [main/DEBUG] [sophisticatedbackpacks/]: Started loading registry data from sophisticatedbackpacks:compat/compactmachines/block_tools 
[30Aug2025 17:30:05.432] [main/DEBUG] [sophisticatedbackpacks/]: Started loading registry data from sophisticatedbackpacks:compat/mcwwindows/block_tools 
[30Aug2025 17:30:05.432] [main/DEBUG] [sophisticatedbackpacks/]: Started loading registry data from sophisticatedbackpacks:compat/integrateddynamics/block_tools 
[30Aug2025 17:30:05.432] [main/DEBUG] [sophisticatedbackpacks/]: Started loading registry data from sophisticatedbackpacks:entity_tools 
[30Aug2025 17:30:05.442] [main/DEBUG] [sophisticatedbackpacks/]: Finished loading registry data for sophisticatedbackpacks:entity_tools
[30Aug2025 17:30:05.443] [main/DEBUG] [sophisticatedbackpacks/]: Started loading registry data from sophisticatedbackpacks:compat/mekanism/block_tools 
[30Aug2025 17:30:05.443] [main/DEBUG] [sophisticatedbackpacks/]: Started loading registry data from sophisticatedbackpacks:compat/powah/block_tools 
[30Aug2025 17:30:05.443] [main/DEBUG] [sophisticatedbackpacks/]: Started loading registry data from sophisticatedbackpacks:compat/apotheosis/entity_tools 
[30Aug2025 17:30:05.443] [main/DEBUG] [sophisticatedbackpacks/]: Started loading registry data from sophisticatedbackpacks:compat/bloodmagic/block_tools 
[30Aug2025 17:30:05.443] [main/DEBUG] [sophisticatedbackpacks/]: Started loading registry data from sophisticatedbackpacks:compat/immersiveposts/block_tools 
[30Aug2025 17:30:05.443] [main/DEBUG] [sophisticatedbackpacks/]: Started loading registry data from sophisticatedbackpacks:compat/rats/entity_tools 
[30Aug2025 17:30:05.443] [main/DEBUG] [sophisticatedbackpacks/]: Started loading registry data from sophisticatedbackpacks:compat/framedcompactdrawers/block_tools 
[30Aug2025 17:30:05.443] [main/DEBUG] [sophisticatedbackpacks/]: Started loading registry data from sophisticatedbackpacks:compat/iceandfire/entity_tools 
[30Aug2025 17:30:05.443] [main/DEBUG] [sophisticatedbackpacks/]: Finished loading registry data for sophisticatedbackpacks:compat/iceandfire/entity_tools
[30Aug2025 17:30:05.443] [main/DEBUG] [sophisticatedbackpacks/]: Started loading registry data from sophisticatedbackpacks:compat/storagedrawers/block_tools 
[30Aug2025 17:30:05.443] [main/DEBUG] [sophisticatedbackpacks/]: Started loading registry data from sophisticatedbackpacks:compat/mcwroofs/block_tools 
[30Aug2025 17:30:05.443] [main/DEBUG] [sophisticatedbackpacks/]: Started loading registry data from sophisticatedbackpacks:compat/morphtool/block_tools 
[30Aug2025 17:30:05.443] [main/DEBUG] [sophisticatedbackpacks/]: Started loading registry data from sophisticatedbackpacks:compat/botania/block_tools 
[30Aug2025 17:30:05.443] [main/DEBUG] [sophisticatedbackpacks/]: Started loading registry data from sophisticatedbackpacks:compat/pneumaticraft/block_tools 
[30Aug2025 17:30:05.443] [main/DEBUG] [sophisticatedbackpacks/]: Started loading registry data from sophisticatedbackpacks:compat/shrink/entity_tools 
[30Aug2025 17:30:05.443] [main/DEBUG] [sophisticatedbackpacks/]: Started loading registry data from sophisticatedbackpacks:compat/blockcarpentry/block_tools 
[30Aug2025 17:30:05.443] [main/DEBUG] [sophisticatedbackpacks/]: Started loading registry data from sophisticatedbackpacks:compat/pipez/block_tools 
[30Aug2025 17:30:05.443] [main/DEBUG] [sophisticatedbackpacks/]: Started loading registry data from sophisticatedbackpacks:compat/transport/block_tools 
[30Aug2025 17:30:05.443] [main/DEBUG] [sophisticatedbackpacks/]: Started loading registry data from sophisticatedbackpacks:compat/thermal/block_tools 
[30Aug2025 17:30:05.443] [main/DEBUG] [sophisticatedbackpacks/]: Started loading registry data from sophisticatedbackpacks:block_tools 
[30Aug2025 17:30:05.443] [main/DEBUG] [sophisticatedbackpacks/]: Finished loading registry data for sophisticatedbackpacks:block_tools
[30Aug2025 17:30:05.443] [main/DEBUG] [sophisticatedbackpacks/]: Started loading registry data from sophisticatedbackpacks:compat/create/block_tools 
[30Aug2025 17:30:05.443] [main/DEBUG] [sophisticatedbackpacks/]: Started loading registry data from sophisticatedbackpacks:compat/farmersdelight/entity_tools 
[30Aug2025 17:30:05.443] [main/DEBUG] [sophisticatedbackpacks/]: Started loading registry data from sophisticatedbackpacks:compat/refinedstorage/block_tools 
[30Aug2025 17:30:05.444] [main/DEBUG] [sophisticatedbackpacks/]: Started loading registry data from sophisticatedbackpacks:compat/chiselsandbits/block_tools 
[30Aug2025 17:30:05.444] [main/DEBUG] [sophisticatedbackpacks/]: Started loading registry data from sophisticatedbackpacks:compat/farmersdelight/block_tools 
[30Aug2025 17:30:05.444] [main/DEBUG] [sophisticatedbackpacks/]: Started loading registry data from sophisticatedbackpacks:compat/resourcefulbees/entity_tools 
[30Aug2025 17:30:05.444] [main/DEBUG] [sophisticatedbackpacks/]: Started loading registry data from sophisticatedbackpacks:compat/tetra/swords 
[30Aug2025 17:30:05.444] [main/DEBUG] [sophisticatedbackpacks/]: Started loading registry data from sophisticatedbackpacks:swords 
[30Aug2025 17:30:05.444] [main/DEBUG] [sophisticatedbackpacks/]: Finished loading registry data for sophisticatedbackpacks:swords
[30Aug2025 17:30:05.444] [main/DEBUG] [sophisticatedbackpacks/]: Started loading registry data from sophisticatedbackpacks:compat/mythicbotany/block_tools 
[30Aug2025 17:30:05.444] [main/DEBUG] [sophisticatedbackpacks/]: Started loading registry data from sophisticatedbackpacks:compat/resourcefulbees/block_tools 
[30Aug2025 17:30:05.444] [main/DEBUG] [sophisticatedbackpacks/]: Started loading registry data from sophisticatedbackpacks:compat/syp/entity_tools 
[30Aug2025 17:30:05.444] [main/DEBUG] [sophisticatedbackpacks/]: Started loading registry data from sophisticatedbackpacks:compat/eidolon/block_tools 
[30Aug2025 17:30:05.444] [main/DEBUG] [sophisticatedbackpacks/]: Started loading registry data from sophisticatedbackpacks:compat/rftoolsbase/block_tools 
[30Aug2025 17:30:05.465] [main/INFO] [top.theillusivec4.curios.Curios/]: Loaded 19 curio slots
[30Aug2025 17:30:05.481] [main/ERROR] [top.theillusivec4.curios.Curios/]: talisman is not a registered slot type!
[30Aug2025 17:30:05.482] [main/DEBUG] [top.theillusivec4.curios.Curios/]: Skipping loading entity file modulargolems:maid_curios as its conditions were not met
[30Aug2025 17:30:05.482] [main/DEBUG] [top.theillusivec4.curios.Curios/]: Skipping loading entity file modulargolems:maid_artifacts as its conditions were not met
[30Aug2025 17:30:05.482] [main/DEBUG] [top.theillusivec4.curios.Curios/]: Skipping loading entity file modulargolems:golem_artifacts as its conditions were not met
[30Aug2025 17:30:05.484] [main/INFO] [top.theillusivec4.curios.Curios/]: Loaded 14 curio entities
[30Aug2025 17:30:06.418] [main/INFO] [Dave's Potioneering/]: Took 18.5616 ms to reload cauldron interactions
[30Aug2025 17:30:06.447] [main/DEBUG] [net.minecraftforge.common.ForgeHooks/WP]: Gathering id map for writing to world save world
[30Aug2025 17:30:06.482] [main/DEBUG] [net.minecraftforge.common.ForgeHooks/WP]: ID Map collection complete world
[30Aug2025 17:30:06.552] [main/DEBUG] [mixin/]: Mixing DataFixPlayerDataStorageMixin from mixins.irons_spellbooks.json into net.minecraft.world.level.storage.PlayerDataStorage
[30Aug2025 17:30:06.564] [Server thread/INFO] [net.minecraft.server.dedicated.DedicatedServer/]: Starting minecraft server version 1.20.1
[30Aug2025 17:30:06.566] [Server thread/INFO] [net.minecraft.server.dedicated.DedicatedServer/]: Loading properties
[30Aug2025 17:30:06.566] [Server thread/INFO] [net.minecraft.server.dedicated.DedicatedServer/]: Default game type: SURVIVAL
[30Aug2025 17:30:06.567] [Server thread/INFO] [net.minecraft.server.MinecraftServer/]: Generating keypair
[30Aug2025 17:30:07.021] [Server thread/INFO] [net.minecraft.server.dedicated.DedicatedServer/]: Starting Minecraft server on *:25565
[30Aug2025 17:30:07.022] [Server thread/DEBUG] [net.minecraftforge.network.DualStackUtils/]: Detected IPv6 address: "0:0:0:0:0:0:0:0"
[30Aug2025 17:30:07.035] [Server thread/DEBUG] [io.netty.util.internal.NativeLibraryLoader/]: -Dio.netty.native.workdir: /tmp (io.netty.tmpdir)
[30Aug2025 17:30:07.035] [Server thread/DEBUG] [io.netty.util.internal.NativeLibraryLoader/]: -Dio.netty.native.deleteLibAfterLoading: true
[30Aug2025 17:30:07.036] [Server thread/DEBUG] [io.netty.util.internal.NativeLibraryLoader/]: -Dio.netty.native.tryPatchShadedId: true
[30Aug2025 17:30:07.036] [Server thread/DEBUG] [io.netty.util.internal.NativeLibraryLoader/]: -Dio.netty.native.detectNativeLibraryDuplicates: true
[30Aug2025 17:30:07.045] [Server thread/DEBUG] [io.netty.util.internal.NativeLibraryLoader/]: Successfully loaded the library /tmp/libnetty_transport_native_epoll_x86_648497588353458382888.so
[30Aug2025 17:30:07.050] [Server thread/DEBUG] [io.netty.util.NetUtil/]: -Djava.net.preferIPv4Stack: false
[30Aug2025 17:30:07.050] [Server thread/DEBUG] [io.netty.util.NetUtil/]: -Djava.net.preferIPv6Addresses: true
[30Aug2025 17:30:07.052] [Server thread/DEBUG] [io.netty.util.NetUtilInitializations/]: Loopback interface: lo (lo, 0:0:0:0:0:0:0:1%lo)
[30Aug2025 17:30:07.053] [Server thread/DEBUG] [io.netty.util.NetUtil/]: /proc/sys/net/core/somaxconn: 4096
[30Aug2025 17:30:07.058] [Server thread/INFO] [net.minecraft.server.network.ServerConnectionListener/]: Using epoll channel type
[30Aug2025 17:30:07.078] [Server thread/DEBUG] [io.netty.channel.MultithreadEventLoopGroup/]: -Dio.netty.eventLoopThreads: 4
[30Aug2025 17:30:07.109] [Server thread/DEBUG] [io.netty.util.internal.PlatformDependent/]: org.jctools-core.MpscChunkedArrayQueue: available
[30Aug2025 17:30:07.122] [Server thread/DEBUG] [io.netty.channel.DefaultChannelId/]: -Dio.netty.processId: 8989 (auto-detected)
[30Aug2025 17:30:07.124] [Server thread/DEBUG] [io.netty.channel.DefaultChannelId/]: -Dio.netty.machineId: 7c:1e:52:ff:fe:ed:40:c8 (auto-detected)
[30Aug2025 17:30:07.144] [Server thread/DEBUG] [io.netty.buffer.PooledByteBufAllocator/]: -Dio.netty.allocator.numHeapArenas: 4
[30Aug2025 17:30:07.146] [Server thread/DEBUG] [io.netty.buffer.PooledByteBufAllocator/]: -Dio.netty.allocator.numDirectArenas: 4
[30Aug2025 17:30:07.146] [Server thread/DEBUG] [io.netty.buffer.PooledByteBufAllocator/]: -Dio.netty.allocator.pageSize: 8192
[30Aug2025 17:30:07.146] [Server thread/DEBUG] [io.netty.buffer.PooledByteBufAllocator/]: -Dio.netty.allocator.maxOrder: 9
[30Aug2025 17:30:07.146] [Server thread/DEBUG] [io.netty.buffer.PooledByteBufAllocator/]: -Dio.netty.allocator.chunkSize: 4194304
[30Aug2025 17:30:07.146] [Server thread/DEBUG] [io.netty.buffer.PooledByteBufAllocator/]: -Dio.netty.allocator.smallCacheSize: 256
[30Aug2025 17:30:07.146] [Server thread/DEBUG] [io.netty.buffer.PooledByteBufAllocator/]: -Dio.netty.allocator.normalCacheSize: 64
[30Aug2025 17:30:07.146] [Server thread/DEBUG] [io.netty.buffer.PooledByteBufAllocator/]: -Dio.netty.allocator.maxCachedBufferCapacity: 32768
[30Aug2025 17:30:07.146] [Server thread/DEBUG] [io.netty.buffer.PooledByteBufAllocator/]: -Dio.netty.allocator.cacheTrimInterval: 8192
[30Aug2025 17:30:07.146] [Server thread/DEBUG] [io.netty.buffer.PooledByteBufAllocator/]: -Dio.netty.allocator.cacheTrimIntervalMillis: 0
[30Aug2025 17:30:07.146] [Server thread/DEBUG] [io.netty.buffer.PooledByteBufAllocator/]: -Dio.netty.allocator.useCacheForAllThreads: false
[30Aug2025 17:30:07.147] [Server thread/DEBUG] [io.netty.buffer.PooledByteBufAllocator/]: -Dio.netty.allocator.maxCachedByteBuffersPerChunk: 1023
[30Aug2025 17:30:07.158] [Server thread/DEBUG] [io.netty.buffer.ByteBufUtil/]: -Dio.netty.allocator.type: pooled
[30Aug2025 17:30:07.159] [Server thread/DEBUG] [io.netty.buffer.ByteBufUtil/]: -Dio.netty.threadLocalDirectBufferSize: 0
[30Aug2025 17:30:07.160] [Server thread/DEBUG] [io.netty.buffer.ByteBufUtil/]: -Dio.netty.maxThreadLocalCharBufferSize: 16384
[30Aug2025 17:30:07.181] [Server thread/WARN] [net.minecraft.server.dedicated.DedicatedServer/]: **** SERVER IS RUNNING IN OFFLINE/INSECURE MODE!
[30Aug2025 17:30:07.182] [Server thread/WARN] [net.minecraft.server.dedicated.DedicatedServer/]: The server will make no attempt to authenticate usernames. Beware.
[30Aug2025 17:30:07.183] [Server thread/WARN] [net.minecraft.server.dedicated.DedicatedServer/]: While this makes the game possible to play without internet access, it also opens up the ability for hackers to connect with any username they choose.
[30Aug2025 17:30:07.183] [Server thread/WARN] [net.minecraft.server.dedicated.DedicatedServer/]: To change this, set "online-mode" to "true" in the server.properties file.
[30Aug2025 17:30:07.215] [Server thread/DEBUG] [net.minecraftforge.fml.config.ConfigTracker/CONFIG]: Loading configs type SERVER
[30Aug2025 17:30:07.215] [Server thread/DEBUG] [net.minecraftforge.fml.config.ConfigFileTypeHandler/CONFIG]: Built TOML config for ./world/serverconfig/sophisticatedbackpacks-server.toml
[30Aug2025 17:30:07.217] [Server thread/DEBUG] [net.minecraftforge.fml.config.ConfigFileTypeHandler/CONFIG]: Loaded TOML config file ./world/serverconfig/sophisticatedbackpacks-server.toml
[30Aug2025 17:30:07.218] [Server thread/DEBUG] [net.minecraftforge.fml.config.ConfigFileTypeHandler/CONFIG]: Watching TOML config file ./world/serverconfig/sophisticatedbackpacks-server.toml for changes
[30Aug2025 17:30:07.221] [Thread-2/DEBUG] [net.minecraftforge.fml.config.ConfigFileTypeHandler/CONFIG]: Config file sophisticatedbackpacks-server.toml changed, sending notifies
[30Aug2025 17:30:07.222] [Server thread/DEBUG] [net.minecraftforge.fml.config.ConfigFileTypeHandler/CONFIG]: Built TOML config for ./world/serverconfig/treasure2-server.toml
[30Aug2025 17:30:07.223] [Server thread/DEBUG] [net.minecraftforge.fml.config.ConfigFileTypeHandler/CONFIG]: Loaded TOML config file ./world/serverconfig/treasure2-server.toml
[30Aug2025 17:30:07.223] [Server thread/DEBUG] [net.minecraftforge.fml.config.ConfigFileTypeHandler/CONFIG]: Watching TOML config file ./world/serverconfig/treasure2-server.toml for changes
[30Aug2025 17:30:07.224] [Server thread/DEBUG] [net.minecraftforge.fml.config.ConfigFileTypeHandler/CONFIG]: Built TOML config for ./world/serverconfig/treasure2-chests-1.20.1-v3.toml
[30Aug2025 17:30:07.225] [Server thread/DEBUG] [net.minecraftforge.fml.config.ConfigFileTypeHandler/CONFIG]: Loaded TOML config file ./world/serverconfig/treasure2-chests-1.20.1-v3.toml
[30Aug2025 17:30:07.225] [Server thread/DEBUG] [net.minecraftforge.fml.config.ConfigFileTypeHandler/CONFIG]: Watching TOML config file ./world/serverconfig/treasure2-chests-1.20.1-v3.toml for changes
[30Aug2025 17:30:07.238] [Thread-2/DEBUG] [net.minecraftforge.fml.config.ConfigFileTypeHandler/CONFIG]: Config file treasure2-chests-1.20.1-v3.toml changed, sending notifies
[30Aug2025 17:30:07.242] [Server thread/DEBUG] [net.minecraftforge.fml.config.ConfigFileTypeHandler/CONFIG]: Built TOML config for ./world/serverconfig/treasure2-structures-1.20.1-v4.toml
[30Aug2025 17:30:07.244] [Thread-2/DEBUG] [net.minecraftforge.fml.config.ConfigFileTypeHandler/CONFIG]: Config file treasure2-chests-1.20.1-v3.toml changed, sending notifies
[30Aug2025 17:30:07.245] [Server thread/DEBUG] [net.minecraftforge.fml.config.ConfigFileTypeHandler/CONFIG]: Loaded TOML config file ./world/serverconfig/treasure2-structures-1.20.1-v4.toml
[30Aug2025 17:30:07.249] [Server thread/DEBUG] [net.minecraftforge.fml.config.ConfigFileTypeHandler/CONFIG]: Watching TOML config file ./world/serverconfig/treasure2-structures-1.20.1-v4.toml for changes
[30Aug2025 17:30:07.258] [Thread-2/DEBUG] [net.minecraftforge.fml.config.ConfigFileTypeHandler/CONFIG]: Config file treasure2-structures-1.20.1-v4.toml changed, sending notifies
[30Aug2025 17:30:07.261] [Server thread/DEBUG] [net.minecraftforge.fml.config.ConfigFileTypeHandler/CONFIG]: Built TOML config for ./world/serverconfig/treasure2-mobs-1.20.1-v2.toml
[30Aug2025 17:30:07.262] [Server thread/DEBUG] [net.minecraftforge.fml.config.ConfigFileTypeHandler/CONFIG]: Loaded TOML config file ./world/serverconfig/treasure2-mobs-1.20.1-v2.toml
[30Aug2025 17:30:07.265] [Server thread/DEBUG] [net.minecraftforge.fml.config.ConfigFileTypeHandler/CONFIG]: Watching TOML config file ./world/serverconfig/treasure2-mobs-1.20.1-v2.toml for changes
[30Aug2025 17:30:07.279] [Thread-2/DEBUG] [net.minecraftforge.fml.config.ConfigFileTypeHandler/CONFIG]: Config file treasure2-mobs-1.20.1-v2.toml changed, sending notifies
[30Aug2025 17:30:07.281] [Thread-2/DEBUG] [net.minecraftforge.fml.config.ConfigFileTypeHandler/CONFIG]: Config file treasure2-mobs-1.20.1-v2.toml changed, sending notifies
[30Aug2025 17:30:07.283] [Server thread/DEBUG] [net.minecraftforge.fml.config.ConfigFileTypeHandler/CONFIG]: Built TOML config for ./world/serverconfig/bonfires-server.toml
[30Aug2025 17:30:07.283] [Server thread/DEBUG] [net.minecraftforge.fml.config.ConfigFileTypeHandler/CONFIG]: Loaded TOML config file ./world/serverconfig/bonfires-server.toml
[30Aug2025 17:30:07.283] [Server thread/DEBUG] [net.minecraftforge.fml.config.ConfigFileTypeHandler/CONFIG]: Watching TOML config file ./world/serverconfig/bonfires-server.toml for changes
[30Aug2025 17:30:07.284] [Thread-2/DEBUG] [net.minecraftforge.fml.config.ConfigFileTypeHandler/CONFIG]: Config file bonfires-server.toml changed, sending notifies
[30Aug2025 17:30:07.284] [Thread-2/DEBUG] [net.minecraftforge.fml.config.ConfigFileTypeHandler/CONFIG]: Config file bonfires-server.toml changed, sending notifies
[30Aug2025 17:30:07.284] [Server thread/DEBUG] [net.minecraftforge.fml.config.ConfigFileTypeHandler/CONFIG]: Built TOML config for ./world/serverconfig/curios-server.toml
[30Aug2025 17:30:07.285] [Server thread/DEBUG] [net.minecraftforge.fml.config.ConfigFileTypeHandler/CONFIG]: Loaded TOML config file ./world/serverconfig/curios-server.toml
[30Aug2025 17:30:07.285] [Server thread/DEBUG] [net.minecraftforge.fml.config.ConfigFileTypeHandler/CONFIG]: Watching TOML config file ./world/serverconfig/curios-server.toml for changes
[30Aug2025 17:30:07.286] [Thread-2/DEBUG] [net.minecraftforge.fml.config.ConfigFileTypeHandler/CONFIG]: Config file curios-server.toml changed, sending notifies
[30Aug2025 17:30:07.286] [Thread-2/DEBUG] [net.minecraftforge.fml.config.ConfigFileTypeHandler/CONFIG]: Config file curios-server.toml changed, sending notifies
[30Aug2025 17:30:07.286] [Server thread/DEBUG] [net.minecraftforge.fml.config.ConfigFileTypeHandler/CONFIG]: Built TOML config for ./world/serverconfig/jei-server.toml
[30Aug2025 17:30:07.286] [Server thread/DEBUG] [net.minecraftforge.fml.config.ConfigFileTypeHandler/CONFIG]: Loaded TOML config file ./world/serverconfig/jei-server.toml
[30Aug2025 17:30:07.287] [Server thread/DEBUG] [net.minecraftforge.fml.config.ConfigFileTypeHandler/CONFIG]: Watching TOML config file ./world/serverconfig/jei-server.toml for changes
[30Aug2025 17:30:07.287] [Thread-2/DEBUG] [net.minecraftforge.fml.config.ConfigFileTypeHandler/CONFIG]: Config file jei-server.toml changed, sending notifies
[30Aug2025 17:30:07.288] [Thread-2/DEBUG] [net.minecraftforge.fml.config.ConfigFileTypeHandler/CONFIG]: Config file jei-server.toml changed, sending notifies
[30Aug2025 17:30:07.288] [Server thread/DEBUG] [net.minecraftforge.fml.config.ConfigFileTypeHandler/CONFIG]: Built TOML config for ./world/serverconfig/davespotioneering-server.toml
[30Aug2025 17:30:07.288] [Server thread/DEBUG] [net.minecraftforge.fml.config.ConfigFileTypeHandler/CONFIG]: Loaded TOML config file ./world/serverconfig/davespotioneering-server.toml
[30Aug2025 17:30:07.288] [Server thread/DEBUG] [net.minecraftforge.fml.config.ConfigFileTypeHandler/CONFIG]: Watching TOML config file ./world/serverconfig/davespotioneering-server.toml for changes
[30Aug2025 17:30:07.289] [Thread-2/DEBUG] [net.minecraftforge.fml.config.ConfigFileTypeHandler/CONFIG]: Config file davespotioneering-server.toml changed, sending notifies
[30Aug2025 17:30:07.289] [Server thread/DEBUG] [net.minecraftforge.fml.config.ConfigFileTypeHandler/CONFIG]: Built TOML config for ./world/serverconfig/forge-server.toml
[30Aug2025 17:30:07.289] [Server thread/DEBUG] [net.minecraftforge.fml.config.ConfigFileTypeHandler/CONFIG]: Loaded TOML config file ./world/serverconfig/forge-server.toml
[30Aug2025 17:30:07.289] [Thread-2/DEBUG] [net.minecraftforge.fml.config.ConfigFileTypeHandler/CONFIG]: Config file davespotioneering-server.toml changed, sending notifies
[30Aug2025 17:30:07.290] [Server thread/DEBUG] [net.minecraftforge.fml.config.ConfigFileTypeHandler/CONFIG]: Watching TOML config file ./world/serverconfig/forge-server.toml for changes
[30Aug2025 17:30:07.290] [Server thread/DEBUG] [net.minecraftforge.common.ForgeConfig/FORGEMOD]: Loaded forge config file forge-server.toml
[30Aug2025 17:30:07.291] [Thread-2/DEBUG] [net.minecraftforge.fml.config.ConfigFileTypeHandler/CONFIG]: Config file forge-server.toml changed, sending notifies
[30Aug2025 17:30:07.291] [Thread-2/DEBUG] [net.minecraftforge.common.ForgeConfig/FORGEMOD]: Forge config just got changed on the file system!
[30Aug2025 17:30:07.291] [Server thread/DEBUG] [net.minecraftforge.fml.config.ConfigFileTypeHandler/CONFIG]: Built TOML config for ./world/serverconfig/ensorcellation-server.toml
[30Aug2025 17:30:07.292] [Server thread/DEBUG] [net.minecraftforge.fml.config.ConfigFileTypeHandler/CONFIG]: Loaded TOML config file ./world/serverconfig/ensorcellation-server.toml
[30Aug2025 17:30:07.292] [Thread-2/DEBUG] [net.minecraftforge.fml.config.ConfigFileTypeHandler/CONFIG]: Config file forge-server.toml changed, sending notifies
[30Aug2025 17:30:07.293] [Thread-2/DEBUG] [net.minecraftforge.common.ForgeConfig/FORGEMOD]: Forge config just got changed on the file system!
[30Aug2025 17:30:07.293] [Server thread/DEBUG] [net.minecraftforge.fml.config.ConfigFileTypeHandler/CONFIG]: Watching TOML config file ./world/serverconfig/ensorcellation-server.toml for changes
[30Aug2025 17:30:07.297] [Thread-2/DEBUG] [net.minecraftforge.fml.config.ConfigFileTypeHandler/CONFIG]: Config file ensorcellation-server.toml changed, sending notifies
[30Aug2025 17:30:07.298] [Thread-2/DEBUG] [net.minecraftforge.fml.config.ConfigFileTypeHandler/CONFIG]: Config file ensorcellation-server.toml changed, sending notifies
[30Aug2025 17:30:07.299] [Server thread/DEBUG] [net.minecraftforge.fml.config.ConfigFileTypeHandler/CONFIG]: Built TOML config for ./world/serverconfig/cofh_core-server.toml
[30Aug2025 17:30:07.299] [Server thread/DEBUG] [net.minecraftforge.fml.config.ConfigFileTypeHandler/CONFIG]: Loaded TOML config file ./world/serverconfig/cofh_core-server.toml
[30Aug2025 17:30:07.300] [Thread-2/DEBUG] [net.minecraftforge.fml.config.ConfigFileTypeHandler/CONFIG]: Config file ensorcellation-server.toml changed, sending notifies
[30Aug2025 17:30:07.302] [Server thread/DEBUG] [net.minecraftforge.fml.config.ConfigFileTypeHandler/CONFIG]: Watching TOML config file ./world/serverconfig/cofh_core-server.toml for changes
[30Aug2025 17:30:07.303] [Server thread/DEBUG] [net.minecraftforge.fml.config.ConfigFileTypeHandler/CONFIG]: Built TOML config for ./world/serverconfig/toolbelt-server.toml
[30Aug2025 17:30:07.303] [Server thread/DEBUG] [net.minecraftforge.fml.config.ConfigFileTypeHandler/CONFIG]: Loaded TOML config file ./world/serverconfig/toolbelt-server.toml
[30Aug2025 17:30:07.304] [Server thread/DEBUG] [net.minecraftforge.fml.config.ConfigFileTypeHandler/CONFIG]: Watching TOML config file ./world/serverconfig/toolbelt-server.toml for changes
[30Aug2025 17:30:07.306] [Thread-2/DEBUG] [net.minecraftforge.fml.config.ConfigFileTypeHandler/CONFIG]: Config file toolbelt-server.toml changed, sending notifies
[30Aug2025 17:30:07.306] [Thread-2/DEBUG] [net.minecraftforge.fml.config.ConfigFileTypeHandler/CONFIG]: Config file toolbelt-server.toml changed, sending notifies
[30Aug2025 17:30:07.307] [Server thread/DEBUG] [net.minecraftforge.fml.config.ConfigFileTypeHandler/CONFIG]: Built TOML config for ./world/serverconfig/irons_spellbooks-server.toml
[30Aug2025 17:30:07.313] [Server thread/DEBUG] [net.minecraftforge.fml.config.ConfigFileTypeHandler/CONFIG]: Loaded TOML config file ./world/serverconfig/irons_spellbooks-server.toml
[30Aug2025 17:30:07.313] [Server thread/DEBUG] [net.minecraftforge.fml.config.ConfigFileTypeHandler/CONFIG]: Watching TOML config file ./world/serverconfig/irons_spellbooks-server.toml for changes
[30Aug2025 17:30:07.315] [Server thread/DEBUG] [io.redspace.ironsspellbooks.IronsSpellbooks/]: ServerConfigs load item blacklists:
[30Aug2025 17:30:07.318] [Thread-2/DEBUG] [net.minecraftforge.fml.config.ConfigFileTypeHandler/CONFIG]: Config file irons_spellbooks-server.toml changed, sending notifies
[30Aug2025 17:30:07.318] [Thread-2/DEBUG] [io.redspace.ironsspellbooks.IronsSpellbooks/]: ServerConfigs load item blacklists:
[30Aug2025 17:30:07.321] [Thread-2/DEBUG] [net.minecraftforge.fml.config.ConfigFileTypeHandler/CONFIG]: Config file irons_spellbooks-server.toml changed, sending notifies
[30Aug2025 17:30:07.321] [Thread-2/DEBUG] [io.redspace.ironsspellbooks.IronsSpellbooks/]: ServerConfigs load item blacklists:
[30Aug2025 17:30:07.343] [Server thread/DEBUG] [com.github.alexthe666.iceandfire.IceAndFire/]: Added the following features to the biome [minecraft:badlands]: 
	- iceandfire:silver_ore
	- iceandfire:lightning_dragon_roost
	- iceandfire:lightning_dragon_cave
[30Aug2025 17:30:07.355] [Server thread/DEBUG] [com.github.alexthe666.iceandfire.IceAndFire/]: Added the following features to the biome [minecraft:bamboo_jungle]: 
	- iceandfire:fire_lily
	- iceandfire:silver_ore
	- iceandfire:lightning_dragon_roost
	- iceandfire:lightning_dragon_cave
	- iceandfire:myrmex_hive_jungle
[30Aug2025 17:30:07.357] [Server thread/DEBUG] [com.github.alexthe666.iceandfire.IceAndFire/]: Added the following features to the biome [minecraft:beach]: 
	- iceandfire:silver_ore
	- iceandfire:cyclops_cave
[30Aug2025 17:30:07.358] [Server thread/DEBUG] [com.github.alexthe666.iceandfire.IceAndFire/]: Added the following features to the biome [minecraft:birch_forest]: 
	- iceandfire:silver_ore
[30Aug2025 17:30:07.359] [Server thread/DEBUG] [com.github.alexthe666.iceandfire.IceAndFire/]: Added the following features to the biome [minecraft:cherry_grove]: 
	- iceandfire:silver_ore
[30Aug2025 17:30:07.360] [Server thread/DEBUG] [com.github.alexthe666.iceandfire.IceAndFire/]: Added the following features to the biome [minecraft:cold_ocean]: 
	- iceandfire:silver_ore
	- iceandfire:ice_dragon_roost
	- iceandfire:ice_dragon_cave
	- iceandfire:siren_island
	- iceandfire:spawn_hippocampus
	- iceandfire:spawn_sea_serpent
[30Aug2025 17:30:07.363] [Server thread/DEBUG] [com.github.alexthe666.iceandfire.IceAndFire/]: Added the following features to the biome [minecraft:dark_forest]: 
	- iceandfire:silver_ore
	- iceandfire:pixie_village
[30Aug2025 17:30:07.364] [Server thread/DEBUG] [com.github.alexthe666.iceandfire.IceAndFire/]: Added the following features to the biome [minecraft:deep_cold_ocean]: 
	- iceandfire:silver_ore
	- iceandfire:ice_dragon_roost
	- iceandfire:ice_dragon_cave
	- iceandfire:siren_island
	- iceandfire:spawn_hippocampus
	- iceandfire:spawn_sea_serpent
[30Aug2025 17:30:07.366] [Server thread/DEBUG] [com.github.alexthe666.iceandfire.IceAndFire/]: Added the following features to the biome [minecraft:deep_dark]: 
	- iceandfire:silver_ore
[30Aug2025 17:30:07.367] [Server thread/DEBUG] [com.github.alexthe666.iceandfire.IceAndFire/]: Added the following features to the biome [minecraft:deep_frozen_ocean]: 
	- iceandfire:silver_ore
	- iceandfire:ice_dragon_roost
	- iceandfire:ice_dragon_cave
	- iceandfire:siren_island
	- iceandfire:spawn_hippocampus
	- iceandfire:spawn_sea_serpent
[30Aug2025 17:30:07.368] [Server thread/DEBUG] [com.github.alexthe666.iceandfire.IceAndFire/]: Added the following features to the biome [minecraft:deep_lukewarm_ocean]: 
	- iceandfire:silver_ore
	- iceandfire:siren_island
	- iceandfire:spawn_hippocampus
	- iceandfire:spawn_sea_serpent
[30Aug2025 17:30:07.370] [Server thread/DEBUG] [com.github.alexthe666.iceandfire.IceAndFire/]: Added the following features to the biome [minecraft:deep_ocean]: 
	- iceandfire:silver_ore
	- iceandfire:siren_island
	- iceandfire:spawn_hippocampus
	- iceandfire:spawn_sea_serpent
[30Aug2025 17:30:07.371] [Server thread/DEBUG] [com.github.alexthe666.iceandfire.IceAndFire/]: Added the following features to the biome [minecraft:desert]: 
	- iceandfire:fire_lily
	- iceandfire:silver_ore
	- iceandfire:fire_dragon_roost
	- iceandfire:fire_dragon_cave
	- iceandfire:myrmex_hive_desert
	- iceandfire:spawn_death_worm
	- iceandfire:spawn_dragon_skeleton_fire
[30Aug2025 17:30:07.372] [Server thread/DEBUG] [com.github.alexthe666.iceandfire.IceAndFire/]: Added the following features to the biome [minecraft:dripstone_caves]: 
	- iceandfire:silver_ore
[30Aug2025 17:30:07.376] [Server thread/DEBUG] [com.github.alexthe666.iceandfire.IceAndFire/]: Added the following features to the biome [minecraft:eroded_badlands]: 
	- iceandfire:fire_lily
	- iceandfire:silver_ore
	- iceandfire:lightning_dragon_roost
	- iceandfire:lightning_dragon_cave
[30Aug2025 17:30:07.377] [Server thread/DEBUG] [com.github.alexthe666.iceandfire.IceAndFire/]: Added the following features to the biome [minecraft:flower_forest]: 
	- iceandfire:silver_ore
[30Aug2025 17:30:07.378] [Server thread/DEBUG] [com.github.alexthe666.iceandfire.IceAndFire/]: Added the following features to the biome [minecraft:forest]: 
	- iceandfire:silver_ore
[30Aug2025 17:30:07.380] [Server thread/DEBUG] [com.github.alexthe666.iceandfire.IceAndFire/]: Added the following features to the biome [minecraft:frozen_ocean]: 
	- iceandfire:frost_lily
	- iceandfire:silver_ore
	- iceandfire:sapphire_ore
	- iceandfire:ice_dragon_roost
	- iceandfire:ice_dragon_cave
	- iceandfire:siren_island
	- iceandfire:spawn_dragon_skeleton_ice
	- iceandfire:spawn_hippocampus
	- iceandfire:spawn_sea_serpent
[30Aug2025 17:30:07.381] [Server thread/DEBUG] [com.github.alexthe666.iceandfire.IceAndFire/]: Added the following features to the biome [minecraft:frozen_peaks]: 
	- iceandfire:frost_lily
	- iceandfire:silver_ore
	- iceandfire:sapphire_ore
	- iceandfire:ice_dragon_roost
	- iceandfire:ice_dragon_cave
	- iceandfire:spawn_dragon_skeleton_ice
[30Aug2025 17:30:07.382] [Server thread/DEBUG] [com.github.alexthe666.iceandfire.IceAndFire/]: Added the following features to the biome [minecraft:frozen_river]: 
	- iceandfire:frost_lily
	- iceandfire:silver_ore
	- iceandfire:sapphire_ore
	- iceandfire:ice_dragon_roost
	- iceandfire:ice_dragon_cave
	- iceandfire:spawn_dragon_skeleton_ice
[30Aug2025 17:30:07.384] [Server thread/DEBUG] [com.github.alexthe666.iceandfire.IceAndFire/]: Added the following features to the biome [minecraft:grove]: 
	- iceandfire:frost_lily
	- iceandfire:silver_ore
	- iceandfire:sapphire_ore
	- iceandfire:ice_dragon_roost
	- iceandfire:ice_dragon_cave
	- iceandfire:spawn_dragon_skeleton_ice
[30Aug2025 17:30:07.387] [Server thread/DEBUG] [com.github.alexthe666.iceandfire.IceAndFire/]: Added the following features to the biome [minecraft:ice_spikes]: 
	- iceandfire:frost_lily
	- iceandfire:silver_ore
	- iceandfire:sapphire_ore
	- iceandfire:ice_dragon_roost
	- iceandfire:ice_dragon_cave
	- iceandfire:spawn_dragon_skeleton_ice
[30Aug2025 17:30:07.394] [Server thread/DEBUG] [com.github.alexthe666.iceandfire.IceAndFire/]: Added the following features to the biome [minecraft:jagged_peaks]: 
	- iceandfire:frost_lily
	- iceandfire:silver_ore
	- iceandfire:sapphire_ore
	- iceandfire:ice_dragon_roost
	- iceandfire:ice_dragon_cave
	- iceandfire:spawn_dragon_skeleton_ice
[30Aug2025 17:30:07.395] [Server thread/DEBUG] [com.github.alexthe666.iceandfire.IceAndFire/]: Added the following features to the biome [minecraft:jungle]: 
	- iceandfire:fire_lily
	- iceandfire:silver_ore
	- iceandfire:lightning_dragon_roost
	- iceandfire:lightning_dragon_cave
	- iceandfire:myrmex_hive_jungle
[30Aug2025 17:30:07.396] [Server thread/DEBUG] [com.github.alexthe666.iceandfire.IceAndFire/]: Added the following features to the biome [minecraft:lukewarm_ocean]: 
	- iceandfire:silver_ore
	- iceandfire:siren_island
	- iceandfire:spawn_hippocampus
	- iceandfire:spawn_sea_serpent
[30Aug2025 17:30:07.398] [Server thread/DEBUG] [com.github.alexthe666.iceandfire.IceAndFire/]: Added the following features to the biome [minecraft:lush_caves]: 
	- iceandfire:silver_ore
[30Aug2025 17:30:07.401] [Server thread/DEBUG] [com.github.alexthe666.iceandfire.IceAndFire/]: Added the following features to the biome [minecraft:mangrove_swamp]: 
	- iceandfire:fire_lily
	- iceandfire:silver_ore
	- iceandfire:fire_dragon_roost
	- iceandfire:fire_dragon_cave
	- iceandfire:hydra_cave
	- iceandfire:spawn_stymphalian_bird
[30Aug2025 17:30:07.404] [Server thread/DEBUG] [com.github.alexthe666.iceandfire.IceAndFire/]: Added the following features to the biome [minecraft:meadow]: 
	- iceandfire:silver_ore
	- iceandfire:fire_dragon_roost
	- iceandfire:fire_dragon_cave
	- iceandfire:spawn_wandering_cyclops
[30Aug2025 17:30:07.406] [Server thread/DEBUG] [com.github.alexthe666.iceandfire.IceAndFire/]: Added the following features to the biome [minecraft:mushroom_fields]: 
	- iceandfire:silver_ore
[30Aug2025 17:30:07.408] [Server thread/DEBUG] [com.github.alexthe666.iceandfire.IceAndFire/]: Added the following features to the biome [minecraft:ocean]: 
	- iceandfire:silver_ore
	- iceandfire:siren_island
	- iceandfire:spawn_hippocampus
	- iceandfire:spawn_sea_serpent
[30Aug2025 17:30:07.410] [Server thread/DEBUG] [com.github.alexthe666.iceandfire.IceAndFire/]: Added the following features to the biome [minecraft:old_growth_birch_forest]: 
	- iceandfire:silver_ore
	- iceandfire:pixie_village
[30Aug2025 17:30:07.411] [Server thread/DEBUG] [com.github.alexthe666.iceandfire.IceAndFire/]: Added the following features to the biome [minecraft:old_growth_pine_taiga]: 
	- iceandfire:silver_ore
	- iceandfire:ice_dragon_roost
	- iceandfire:ice_dragon_cave
[30Aug2025 17:30:07.413] [Server thread/DEBUG] [com.github.alexthe666.iceandfire.IceAndFire/]: Added the following features to the biome [minecraft:old_growth_spruce_taiga]: 
	- iceandfire:silver_ore
[30Aug2025 17:30:07.415] [Server thread/DEBUG] [com.github.alexthe666.iceandfire.IceAndFire/]: Added the following features to the biome [minecraft:plains]: 
	- iceandfire:silver_ore
	- iceandfire:fire_dragon_roost
	- iceandfire:fire_dragon_cave
	- iceandfire:spawn_wandering_cyclops
[30Aug2025 17:30:07.416] [Server thread/DEBUG] [com.github.alexthe666.iceandfire.IceAndFire/]: Added the following features to the biome [minecraft:river]: 
	- iceandfire:silver_ore
[30Aug2025 17:30:07.417] [Server thread/DEBUG] [com.github.alexthe666.iceandfire.IceAndFire/]: Added the following features to the biome [minecraft:savanna]: 
	- iceandfire:fire_lily
	- iceandfire:lightning_lily
	- iceandfire:silver_ore
	- iceandfire:lightning_dragon_roost
	- iceandfire:lightning_dragon_cave
	- iceandfire:spawn_dragon_skeleton_lightning
[30Aug2025 17:30:07.418] [Server thread/DEBUG] [com.github.alexthe666.iceandfire.IceAndFire/]: Added the following features to the biome [minecraft:savanna_plateau]: 
	- iceandfire:fire_lily
	- iceandfire:lightning_lily
	- iceandfire:silver_ore
	- iceandfire:lightning_dragon_roost
	- iceandfire:lightning_dragon_cave
	- iceandfire:spawn_dragon_skeleton_lightning
[30Aug2025 17:30:07.421] [Server thread/DEBUG] [com.github.alexthe666.iceandfire.IceAndFire/]: Added the following features to the biome [minecraft:snowy_beach]: 
	- iceandfire:frost_lily
	- iceandfire:silver_ore
	- iceandfire:sapphire_ore
	- iceandfire:ice_dragon_roost
	- iceandfire:ice_dragon_cave
	- iceandfire:cyclops_cave
	- iceandfire:spawn_dragon_skeleton_ice
[30Aug2025 17:30:07.423] [Server thread/DEBUG] [com.github.alexthe666.iceandfire.IceAndFire/]: Added the following features to the biome [minecraft:snowy_plains]: 
	- iceandfire:frost_lily
	- iceandfire:silver_ore
	- iceandfire:sapphire_ore
	- iceandfire:ice_dragon_roost
	- iceandfire:ice_dragon_cave
	- iceandfire:spawn_wandering_cyclops
	- iceandfire:spawn_dragon_skeleton_ice
[30Aug2025 17:30:07.426] [Server thread/DEBUG] [com.github.alexthe666.iceandfire.IceAndFire/]: Added the following features to the biome [minecraft:snowy_slopes]: 
	- iceandfire:frost_lily
	- iceandfire:silver_ore
	- iceandfire:sapphire_ore
	- iceandfire:ice_dragon_roost
	- iceandfire:ice_dragon_cave
	- iceandfire:spawn_dragon_skeleton_ice
[30Aug2025 17:30:07.432] [Server thread/DEBUG] [com.github.alexthe666.iceandfire.IceAndFire/]: Added the following features to the biome [minecraft:snowy_taiga]: 
	- iceandfire:frost_lily
	- iceandfire:silver_ore
	- iceandfire:sapphire_ore
	- iceandfire:ice_dragon_roost
	- iceandfire:ice_dragon_cave
	- iceandfire:spawn_dragon_skeleton_ice
[30Aug2025 17:30:07.435] [Server thread/DEBUG] [com.github.alexthe666.iceandfire.IceAndFire/]: Added the following features to the biome [minecraft:sparse_jungle]: 
	- iceandfire:fire_lily
	- iceandfire:silver_ore
	- iceandfire:lightning_dragon_roost
	- iceandfire:lightning_dragon_cave
	- iceandfire:myrmex_hive_jungle
[30Aug2025 17:30:07.441] [Server thread/DEBUG] [com.github.alexthe666.iceandfire.IceAndFire/]: Added the following features to the biome [minecraft:stony_peaks]: 
	- iceandfire:fire_lily
	- iceandfire:silver_ore
	- iceandfire:fire_dragon_roost
	- iceandfire:fire_dragon_cave
[30Aug2025 17:30:07.444] [Server thread/DEBUG] [com.github.alexthe666.iceandfire.IceAndFire/]: Added the following features to the biome [minecraft:stony_shore]: 
	- iceandfire:silver_ore
[30Aug2025 17:30:07.446] [Server thread/DEBUG] [com.github.alexthe666.iceandfire.IceAndFire/]: Added the following features to the biome [minecraft:sunflower_plains]: 
	- iceandfire:silver_ore
	- iceandfire:fire_dragon_roost
	- iceandfire:fire_dragon_cave
	- iceandfire:spawn_wandering_cyclops
[30Aug2025 17:30:07.450] [Server thread/DEBUG] [com.github.alexthe666.iceandfire.IceAndFire/]: Added the following features to the biome [minecraft:swamp]: 
	- iceandfire:silver_ore
	- iceandfire:hydra_cave
	- iceandfire:spawn_stymphalian_bird
[30Aug2025 17:30:07.451] [Server thread/DEBUG] [com.github.alexthe666.iceandfire.IceAndFire/]: Added the following features to the biome [minecraft:taiga]: 
	- iceandfire:silver_ore
	- iceandfire:ice_dragon_roost
	- iceandfire:ice_dragon_cave
[30Aug2025 17:30:07.454] [Server thread/DEBUG] [com.github.alexthe666.iceandfire.IceAndFire/]: Added the following features to the biome [minecraft:warm_ocean]: 
	- iceandfire:fire_lily
	- iceandfire:silver_ore
	- iceandfire:fire_dragon_roost
	- iceandfire:fire_dragon_cave
	- iceandfire:siren_island
	- iceandfire:spawn_hippocampus
	- iceandfire:spawn_sea_serpent
[30Aug2025 17:30:07.459] [Server thread/DEBUG] [com.github.alexthe666.iceandfire.IceAndFire/]: Added the following features to the biome [minecraft:windswept_forest]: 
	- iceandfire:silver_ore
[30Aug2025 17:30:07.460] [Server thread/DEBUG] [com.github.alexthe666.iceandfire.IceAndFire/]: Added the following features to the biome [minecraft:windswept_gravelly_hills]: 
	- iceandfire:silver_ore
[30Aug2025 17:30:07.463] [Server thread/DEBUG] [com.github.alexthe666.iceandfire.IceAndFire/]: Added the following features to the biome [minecraft:windswept_hills]: 
	- iceandfire:silver_ore
[30Aug2025 17:30:07.467] [Server thread/DEBUG] [com.github.alexthe666.iceandfire.IceAndFire/]: Added the following features to the biome [minecraft:windswept_savanna]: 
	- iceandfire:fire_lily
	- iceandfire:lightning_lily
	- iceandfire:silver_ore
	- iceandfire:lightning_dragon_roost
	- iceandfire:lightning_dragon_cave
	- iceandfire:spawn_dragon_skeleton_lightning
[30Aug2025 17:30:07.469] [Server thread/DEBUG] [com.github.alexthe666.iceandfire.IceAndFire/]: Added the following features to the biome [minecraft:wooded_badlands]: 
	- iceandfire:silver_ore
	- iceandfire:lightning_dragon_roost
	- iceandfire:lightning_dragon_cave
[30Aug2025 17:30:07.497] [Server thread/INFO] [Framework/]: Loading server configs...
[30Aug2025 17:30:07.532] [Server thread/DEBUG] [SpectreLib/CONFIG]: Loading server configs from ./world/serverconfig on server
[30Aug2025 17:30:07.533] [Server thread/DEBUG] [SpectreLib/CONFIG]: Built TOML config for /workspaces/server-mc-1.20.1/servidor_minecraft/config/comforts-server.toml
[30Aug2025 17:30:07.533] [Server thread/DEBUG] [SpectreLib/CONFIG]: Loaded TOML config file /workspaces/server-mc-1.20.1/servidor_minecraft/config/comforts-server.toml
[30Aug2025 17:30:07.534] [Server thread/DEBUG] [SpectreLib/CONFIG]: Built TOML config for /workspaces/server-mc-1.20.1/servidor_minecraft/config/charmofundying-server.toml
[30Aug2025 17:30:07.535] [Server thread/DEBUG] [SpectreLib/CONFIG]: Loaded TOML config file /workspaces/server-mc-1.20.1/servidor_minecraft/config/charmofundying-server.toml
[30Aug2025 17:30:07.541] [Server thread/INFO] [net.minecraft.server.dedicated.DedicatedServer/]: Preparing level "world"
[30Aug2025 17:30:07.554] [Server thread/DEBUG] [net.minecraftforge.coremod.transformer.CoreModBaseTransformer/COREMOD]: Transforming net/minecraft/world/level/levelgen/PhantomSpawner
[30Aug2025 17:30:07.572] [Server thread/INFO] [mixin/]: Mixing MixinPhantomSpawner from enigmaticlegacy.mixins.json into net.minecraft.world.level.levelgen.PhantomSpawner
[30Aug2025 17:30:07.593] [Server thread/DEBUG] [net.minecraftforge.coremod.transformer.CoreModBaseTransformer/COREMOD]: Transforming net/minecraft/world/level/levelgen/PatrolSpawner
[30Aug2025 17:30:07.605] [Server thread/DEBUG] [net.minecraftforge.coremod.transformer.CoreModBaseTransformer/COREMOD]: Transforming net/minecraft/world/entity/npc/CatSpawner
[30Aug2025 17:30:07.616] [Server thread/DEBUG] [net.minecraftforge.coremod.transformer.CoreModBaseTransformer/COREMOD]: Transforming net/minecraft/world/entity/ai/village/VillageSiege
[30Aug2025 17:30:07.653] [Server thread/DEBUG] [mixin/]: Mixing DamageSourcesMixin from l2damagetracker.mixins.json into net.minecraft.world.damagesource.DamageSources
[30Aug2025 17:30:07.711] [Server thread/DEBUG] [mixin/]: Mixing ChunkMapAccessor from skinrestorer.mixins.json into net.minecraft.server.level.ChunkMap
[30Aug2025 17:30:07.744] [Server thread/DEBUG] [mixin/]: Mixing common.chunk.ProtoChunkMixin from starlight.mixins.json into net.minecraft.world.level.chunk.ProtoChunk
[30Aug2025 17:30:08.162] [Server thread/DEBUG] [mixin/]: Mixing StructureManagerAccessor from cataclysm.mixins.json into net.minecraft.world.level.StructureManager
[30Aug2025 17:30:08.168] [Server thread/DEBUG] [mixin/]: Mixing MixinSleepStatus from comforts.mixins.json into net.minecraft.server.players.SleepStatus
[30Aug2025 17:30:08.214] [Server thread/ERROR] [net.minecraft.world.level.storage.DimensionDataStorage/]: Error loading saved data: capabilities
java.lang.ArrayIndexOutOfBoundsException: arraycopy: length -1 is negative
	at java.lang.System.arraycopy(Native Method) ~[?:?]
	at java.io.PushbackInputStream.unread(PushbackInputStream.java:232) ~[?:?]
	at net.minecraft.world.level.storage.DimensionDataStorage.m_78154_(DimensionDataStorage.java:119) ~[server-1.20.1-20230612.114412-srg.jar%23301!/:?]
	at net.minecraft.world.level.storage.DimensionDataStorage.m_78158_(DimensionDataStorage.java:92) ~[server-1.20.1-20230612.114412-srg.jar%23301!/:?]
	at net.minecraft.world.level.storage.DimensionDataStorage.m_164868_(DimensionDataStorage.java:69) ~[server-1.20.1-20230612.114412-srg.jar%23301!/:?]
	at net.minecraft.world.level.storage.DimensionDataStorage.m_164858_(DimensionDataStorage.java:54) ~[server-1.20.1-20230612.114412-srg.jar%23301!/:?]
	at net.minecraft.world.level.storage.DimensionDataStorage.m_164861_(DimensionDataStorage.java:39) ~[server-1.20.1-20230612.114412-srg.jar%23301!/:?]
	at net.minecraft.server.level.ServerLevel.initCapabilities(ServerLevel.java:1422) ~[server-1.20.1-20230612.114412-srg.jar%23301!/:?]
	at net.minecraft.server.level.ServerLevel.<init>(ServerLevel.java:244) ~[server-1.20.1-20230612.114412-srg.jar%23301!/:?]
	at net.minecraft.server.MinecraftServer.m_129815_(MinecraftServer.java:337) ~[server-1.20.1-20230612.114412-srg.jar%23301!/:?]
	at net.minecraft.server.MinecraftServer.m_130006_(MinecraftServer.java:308) ~[server-1.20.1-20230612.114412-srg.jar%23301!/:?]
	at net.minecraft.server.dedicated.DedicatedServer.m_7038_(DedicatedServer.java:164) ~[server-1.20.1-20230612.114412-srg.jar%23301!/:?]
	at net.minecraft.server.MinecraftServer.m_130011_(MinecraftServer.java:634) ~[server-1.20.1-20230612.114412-srg.jar%23301!/:?]
	at net.minecraft.server.MinecraftServer.m_206580_(MinecraftServer.java:251) ~[server-1.20.1-20230612.114412-srg.jar%23301!/:?]
	at java.lang.Thread.run(Thread.java:840) ~[?:?]
[30Aug2025 17:30:08.283] [Server thread/DEBUG] [net.minecraftforge.coremod.transformer.CoreModBaseTransformer/COREMOD]: Transforming net/minecraft/world/level/levelgen/structure/templatesystem/StructureTemplate
[30Aug2025 17:30:08.505] [Server thread/DEBUG] [mixin/]: Mixing StructureTemplateMixin from cataclysm.mixins.json into net.minecraft.world.level.levelgen.structure.templatesystem.StructureTemplate
[30Aug2025 17:30:08.506] [Server thread/DEBUG] [mixin/]: Renaming synthetic method lambda$repurposedstructures_preventAutoWaterlogging$0(Lnet/minecraft/world/level/levelgen/structure/templatesystem/StructureProcessor;)Z to md915be7$lambda$repurposedstructures_preventAutoWaterlogging$0$0 in cataclysm.mixins.json:StructureTemplateMixin
[30Aug2025 17:30:08.510] [Server thread/DEBUG] [mixin/]: Mixing MixinStructureTemplate from lootr.mixins.json into net.minecraft.world.level.levelgen.structure.templatesystem.StructureTemplate
[30Aug2025 17:30:15.396] [Server thread/INFO] [net.minecraft.server.MinecraftServer/]: Preparing start region for dimension minecraft:overworld
[30Aug2025 17:30:16.768] [Server thread/DEBUG] [mixin/]: Mixing MixinChunkSerializer from architectury.mixins.json into net.minecraft.world.level.chunk.storage.ChunkSerializer
[30Aug2025 17:30:16.770] [Server thread/DEBUG] [mixin/]: Mixing common.world.ChunkSerializerMixin from starlight.mixins.json into net.minecraft.world.level.chunk.storage.ChunkSerializer
[30Aug2025 17:30:16.794] [Server thread/DEBUG] [mixin/]: Mixing common.chunk.ImposterProtoChunkMixin from starlight.mixins.json into net.minecraft.world.level.chunk.ImposterProtoChunk
[30Aug2025 17:30:18.693] [Server thread/DEBUG] [mixin/]: Mixing accessor.BoundingBoxAccessor from cataclysm.mixins.json into net.minecraft.world.level.levelgen.structure.BoundingBox
[30Aug2025 17:30:21.865] [Worker-Main-1/INFO] [net.minecraft.server.level.progress.LoggerChunkProgressListener/]: Preparing spawn area: 0%
[30Aug2025 17:30:21.888] [Worker-Main-1/INFO] [net.minecraft.server.level.progress.LoggerChunkProgressListener/]: Preparing spawn area: 0%
[30Aug2025 17:30:21.912] [Worker-Main-1/INFO] [net.minecraft.server.level.progress.LoggerChunkProgressListener/]: Preparing spawn area: 0%
[30Aug2025 17:30:21.931] [Worker-Main-1/INFO] [net.minecraft.server.level.progress.LoggerChunkProgressListener/]: Preparing spawn area: 0%
[30Aug2025 17:30:21.952] [Worker-Main-1/INFO] [net.minecraft.server.level.progress.LoggerChunkProgressListener/]: Preparing spawn area: 0%
[30Aug2025 17:30:22.004] [Worker-Main-1/INFO] [net.minecraft.server.level.progress.LoggerChunkProgressListener/]: Preparing spawn area: 0%
[30Aug2025 17:30:22.053] [Worker-Main-1/INFO] [net.minecraft.server.level.progress.LoggerChunkProgressListener/]: Preparing spawn area: 0%
[30Aug2025 17:30:22.087] [Worker-Main-1/INFO] [net.minecraft.server.level.progress.LoggerChunkProgressListener/]: Preparing spawn area: 0%
[30Aug2025 17:30:22.134] [Worker-Main-1/INFO] [net.minecraft.server.level.progress.LoggerChunkProgressListener/]: Preparing spawn area: 0%
[30Aug2025 17:30:22.181] [Worker-Main-1/INFO] [net.minecraft.server.level.progress.LoggerChunkProgressListener/]: Preparing spawn area: 0%
[30Aug2025 17:30:22.233] [Worker-Main-1/INFO] [net.minecraft.server.level.progress.LoggerChunkProgressListener/]: Preparing spawn area: 0%
[30Aug2025 17:30:22.282] [Worker-Main-1/INFO] [net.minecraft.server.level.progress.LoggerChunkProgressListener/]: Preparing spawn area: 0%
[30Aug2025 17:30:22.313] [Worker-Main-1/INFO] [net.minecraft.server.level.progress.LoggerChunkProgressListener/]: Preparing spawn area: 0%
[30Aug2025 17:30:22.345] [Worker-Main-1/INFO] [net.minecraft.server.level.progress.LoggerChunkProgressListener/]: Preparing spawn area: 0%
[30Aug2025 17:30:22.401] [Worker-Main-1/INFO] [net.minecraft.server.level.progress.LoggerChunkProgressListener/]: Preparing spawn area: 0%
[30Aug2025 17:30:22.899] [Worker-Main-1/INFO] [net.minecraft.server.level.progress.LoggerChunkProgressListener/]: Preparing spawn area: 0%
[30Aug2025 17:30:23.396] [Worker-Main-1/INFO] [net.minecraft.server.level.progress.LoggerChunkProgressListener/]: Preparing spawn area: 0%
[30Aug2025 17:30:23.897] [Worker-Main-1/INFO] [net.minecraft.server.level.progress.LoggerChunkProgressListener/]: Preparing spawn area: 0%
[30Aug2025 17:30:24.402] [Worker-Main-1/INFO] [net.minecraft.server.level.progress.LoggerChunkProgressListener/]: Preparing spawn area: 0%
[30Aug2025 17:30:26.127] [Worker-Main-1/INFO] [net.minecraft.server.level.progress.LoggerChunkProgressListener/]: Preparing spawn area: 0%
[30Aug2025 17:30:26.128] [Worker-Main-1/INFO] [net.minecraft.server.level.progress.LoggerChunkProgressListener/]: Preparing spawn area: 0%
[30Aug2025 17:30:26.128] [Worker-Main-1/INFO] [net.minecraft.server.level.progress.LoggerChunkProgressListener/]: Preparing spawn area: 0%
[30Aug2025 17:30:26.772] [Server thread/INFO] [net.minecraft.server.level.progress.LoggerChunkProgressListener/]: Time elapsed: 11376 ms
[30Aug2025 17:30:26.777] [Server thread/INFO] [net.minecraft.server.dedicated.DedicatedServer/]: Done (19.559s)! For help, type "help"
[30Aug2025 17:30:26.794] [Server thread/DEBUG] [net.minecraftforge.network.DualStackUtils/]: Detected IPv6 address: "0:0:0:0:0:0:0:0"
[30Aug2025 17:30:26.870] [Server thread/DEBUG] [net.minecraftforge.common.ForgeI18n/CORE]: Loading I18N data entries: 11201
[30Aug2025 17:30:26.884] [Server thread/INFO] [net.minecraftforge.server.permission.PermissionAPI/]: Successfully initialized permission handler forge:default_handler
[30Aug2025 17:30:26.907] [Server thread/INFO] [com.github.alexthe666.iceandfire.IceAndFire/]: {iceandfire:fire_dragon_roost=true, iceandfire:fire_lily=true, iceandfire:spawn_dragon_skeleton_fire=true, iceandfire:lightning_dragon_roost=true, iceandfire:spawn_dragon_skeleton_lightning=true, iceandfire:ice_dragon_roost=true, iceandfire:ice_dragon_cave=true, iceandfire:lightning_dragon_cave=true, iceandfire:cyclops_cave=true, iceandfire:spawn_wandering_cyclops=true, iceandfire:spawn_sea_serpent=true, iceandfire:frost_lily=true, iceandfire:hydra_cave=true, iceandfire:lightning_lily=true, iceandfire:pixie_village=true, iceandfire:myrmex_hive_jungle=true, iceandfire:myrmex_hive_desert=true, iceandfire:silver_ore=true, iceandfire:siren_island=true, iceandfire:spawn_dragon_skeleton_ice=true, iceandfire:spawn_stymphalian_bird=true, iceandfire:fire_dragon_cave=true, iceandfire:sapphire_ore=true, iceandfire:spawn_hippocampus=true, iceandfire:spawn_death_worm=true}
[30Aug2025 17:30:26.909] [Server thread/INFO] [com.github.alexthe666.iceandfire.IceAndFire/]: {TROLL_S=true, HIPPOGRYPH=true, AMPHITHERE=true, COCKATRICE=true, TROLL_M=true, DREAD_LICH=true, TROLL_F=true}
[30Aug2025 17:30:27.047] [Server thread/INFO] [net.bettercombat.logic.WeaponRegistry/]: Encoded Weapon Attribute registry size (with package overhead): 128022 bytes (in 13 string chunks with the size of 10000)
[30Aug2025 17:30:27.052] [Server thread/INFO] [patchouli/]: Sending reload packet to clients
[30Aug2025 17:30:27.154] [Server thread/DEBUG] [net.minecraftforge.coremod.transformer.CoreModBaseTransformer/COREMOD]: Transforming net/minecraft/world/level/NaturalSpawner
[30Aug2025 17:30:27.214] [Server thread/DEBUG] [mixin/]: Mixing item.wearable.NaturalSpawnerMixin from mixins.artifacts.common.json into net.minecraft.world.level.NaturalSpawner
[30Aug2025 17:30:27.214] [Server thread/DEBUG] [mixin/]: Renaming synthetic method lambda$spawnCategoryForPosition$0(Lnet/minecraft/world/entity/Mob;Lnet/minecraft/world/item/ItemStack;)V to md915be7$lambda$spawnCategoryForPosition$0$0 in mixins.artifacts.common.json:item.wearable.NaturalSpawnerMixin
[30Aug2025 17:30:27.273] [Server thread/DEBUG] [mixin/]: Mixing TrackedEntityAccessorInvoker from skinrestorer.mixins.json into net.minecraft.server.level.ChunkMap$TrackedEntity
[30Aug2025 17:30:27.276] [Server thread/DEBUG] [mixin/]: Mixing ServerEntityMixin from l2tabs.mixins.json into net.minecraft.server.level.ServerEntity
[30Aug2025 17:30:27.368] [Server thread/DEBUG] [artifacts.Artifacts/]: Loaded artifacts.forge.platform.ForgePlatformHelper@7f4dea50 for service interface artifacts.platform.PlatformHelper
[30Aug2025 17:30:27.388] [Server thread/DEBUG] [mixin/]: Mixing item.wearable.charmofsinking.EnchantmentHelperMixin from mixins.artifacts.common.json into net.minecraft.world.item.enchantment.EnchantmentHelper
[30Aug2025 17:30:27.389] [Server thread/DEBUG] [mixin/]: Mixing item.wearable.pendant.EnchantmentHelperMixin from mixins.artifacts.common.json into net.minecraft.world.item.enchantment.EnchantmentHelper
[30Aug2025 17:30:27.390] [Server thread/INFO] [mixin/]: Mixing MixinEnchantmentHelper from enigmaticlegacy.mixins.json into net.minecraft.world.item.enchantment.EnchantmentHelper
[30Aug2025 17:30:27.564] [Server thread/DEBUG] [mixin/]: Mixing ClientboundSetEntityMotionPacketMixin from mixins.cofhcore.json into net.minecraft.network.protocol.game.ClientboundSetEntityMotionPacket
[30Aug2025 17:30:27.598] [Server thread/DEBUG] [mixin/]: Mixing common.chunk.EmptyLevelChunkMixin from starlight.mixins.json into net.minecraft.world.level.chunk.EmptyLevelChunk
[30Aug2025 17:30:32.786] [Netty Epoll Server IO #1/DEBUG] [net.minecraftforge.coremod.transformer.CoreModBaseTransformer/COREMOD]: Transforming net/minecraft/network/protocol/game/ClientboundSectionBlocksUpdatePacket
[30Aug2025 17:30:33.167] [Netty Epoll Server IO #1/DEBUG] [io.netty.util.Recycler/]: -Dio.netty.recycler.maxCapacityPerThread: 4096
[30Aug2025 17:30:33.167] [Netty Epoll Server IO #1/DEBUG] [io.netty.util.Recycler/]: -Dio.netty.recycler.ratio: 8
[30Aug2025 17:30:33.169] [Netty Epoll Server IO #1/DEBUG] [io.netty.util.Recycler/]: -Dio.netty.recycler.chunkSize: 32
[30Aug2025 17:30:33.169] [Netty Epoll Server IO #1/DEBUG] [io.netty.util.Recycler/]: -Dio.netty.recycler.blocking: false
[30Aug2025 17:30:37.825] [Netty Epoll Server IO #2/DEBUG] [net.minecraftforge.network.HandshakeHandler/FMLHANDSHAKE]: Starting new modded impl connection. Found 42 messages to dispatch.
[30Aug2025 17:30:37.827] [Netty Epoll Server IO #2/DEBUG] [mixin/]: Mixing ServerLoginPacketListenerImplMixin from skinrestorer.mixins.json into net.minecraft.server.network.ServerLoginPacketListenerImpl
[30Aug2025 17:30:37.828] [Netty Epoll Server IO #2/DEBUG] [mixin/]: Renaming synthetic method lambda$skinrestorer$fetchSkin$2(Lnet/lionarius/skinrestorer/skin/provider/SkinProviderContext;)Lnet/lionarius/skinrestorer/util/Result; to md915be7$lambda$skinrestorer$fetchSkin$2$0 in skinrestorer.mixins.json:ServerLoginPacketListenerImplMixin
[30Aug2025 17:30:37.828] [Netty Epoll Server IO #2/DEBUG] [mixin/]: Renaming synthetic method lambda$skinrestorer$fetchSkin$1(Lnet/lionarius/skinrestorer/skin/provider/SkinProviderContext;Lnet/lionarius/skinrestorer/skin/provider/SkinProvider;)Lnet/lionarius/skinrestorer/util/Result; to md915be7$lambda$skinrestorer$fetchSkin$1$1 in skinrestorer.mixins.json:ServerLoginPacketListenerImplMixin
[30Aug2025 17:30:37.828] [Netty Epoll Server IO #2/DEBUG] [mixin/]: Renaming synthetic method lambda$waitForSkin$0()Ljava/lang/Void; to md915be7$lambda$waitForSkin$0$2 in skinrestorer.mixins.json:ServerLoginPacketListenerImplMixin
[30Aug2025 17:30:37.865] [Server thread/DEBUG] [net.minecraftforge.network.HandshakeHandler/FMLHANDSHAKE]: Sending ticking packet info 'net.minecraftforge.network.HandshakeMessages$S2CModData' to 'fml:handshake' sequence 0
[30Aug2025 17:30:37.918] [Server thread/DEBUG] [net.minecraftforge.network.HandshakeHandler/FMLHANDSHAKE]: Sending ticking packet info 'net.minecraftforge.network.HandshakeMessages$S2CModList' to 'fml:handshake' sequence 1
[30Aug2025 17:30:37.967] [Server thread/DEBUG] [net.minecraftforge.network.HandshakeHandler/FMLHANDSHAKE]: Sending ticking packet info 'Registry minecraft:command_argument_type' to 'fml:handshake' sequence 2
[30Aug2025 17:30:38.019] [Server thread/DEBUG] [net.minecraftforge.network.HandshakeHandler/FMLHANDSHAKE]: Sending ticking packet info 'Registry irons_spellbooks:schools' to 'fml:handshake' sequence 3
[30Aug2025 17:30:38.068] [Server thread/DEBUG] [net.minecraftforge.network.HandshakeHandler/FMLHANDSHAKE]: Sending ticking packet info 'Registry minecraft:villager_profession' to 'fml:handshake' sequence 4
[30Aug2025 17:30:38.103] [Netty Epoll Server IO #2/DEBUG] [net.minecraftforge.network.LoginWrapper/FMLHANDSHAKE]: Recieved login wrapper packet event for channel fml:handshake with index 1
[30Aug2025 17:30:38.107] [Netty Epoll Server IO #2/DEBUG] [net.minecraftforge.network.HandshakeHandler/FMLHANDSHAKE]: Received client indexed reply 1 of type net.minecraftforge.network.HandshakeMessages$C2SModListReply
[30Aug2025 17:30:38.108] [Netty Epoll Server IO #2/DEBUG] [net.minecraftforge.network.HandshakeHandler/FMLHANDSHAKE]: Received client connection with modlist [fabric_renderer_api_v1, playeranimator, fabric_item_api_v1, darkfeather, fabric_rendering_fluids_v1, fabric_models_v0, sophisticatedcore, nyfsquiver, fabric_convention_tags_v1, citadel, fabric_command_api_v1, fabric_block_view_api_v2, fabric_command_api_v2, fabric_data_attachment_api_v1, mixinextras, bookshelf, sophisticatedbackpacks, relics, fabric_screen_api_v1, darktimer, jeresources, cloth_config, darkflight, fabric_api, fabric_content_registries_v0, sodiumdynamiclights, embeddium, rubidium, darksmithing, darkglint, immersiveui, fabric_game_rule_api_v1, darkwooly, fabric_api_lookup_api_v1, treasure2, mutated_items, eeeabsmobs, lionfishapi, curiouslanterns, bonfires, cataclysm, curios, patchouli, oculus, connectormod, gottschcore, darkdeath, fabric_entity_events_v1, enigmaticlegacy, architectury, aiimprovements, fabric_loot_api_v2, lategamegolems, nether_armory, darksmelting, fabric_rendering_data_attachment_v1, nemos_inventory_sorting, monolib, disenchanting_table, darkcap, fabric_networking_api_v1, framework, fallingtree, l2library, l2damagetracker, darkspawn, fabric_lifecycle_events_v1, nebs, fabric_key_binding_api_v1, fabric_client_tags_api_v1, fabric_transfer_api_v1, fabric_dimensions_v1, mowziesmobs, geckolib, darkbread, l2tabs, octolib, fabric_model_loading_api_v1, ancore, jei, darksleep, attributefix, fabric_screen_handler_api_v1, fabric_resource_loader_v0, caelus, obscure_api, geckoanimfix, fabric_rendering_v1, fabric_renderer_indigo, clumps, darkzoom, comforts, fabric_mining_level_api_v1, artifacts, configured, l2screentracker, myserveriscompatible, badmobs, starlight, creature_compendium, iceandfire, davespotioneering, fabric_particles_v1, forge, fabric_transitive_access_wideners_v1, logbegone, nvidium, minecraft, chest_golems, mutant_addition_mod, wolm, netherite_fusion, cofh_core, ensorcellation, curioscompat, radiantgear, fabric_api_base, bettercombat, toolbelt, fabric_blockrenderlayer_v1, justenoughbreeding, darkheads, spectrelib, fabric_block_api_v1, modulargolems, fabric_resource_conditions_api_v1, darkrtp, reliquary, xaerominimap, fabric_item_group_api_v1, experienceobelisk, polymorph, legendary_monsters, irons_spellbooks, ice_and_fire_spellbooks, entityculling, fabric_biome_api_v1, mob_weapon_api, fabric_registry_sync_v0, extrasounds, appleskin, fabric_recipe_api_v1, lootr, ferritecore, ancient_golems, fabric_object_builder_api_v1, embeddium_extra, charmofundying, l2itemselector, fabric_sound_api_v1, fabric_message_api_v1, expandability, explosiveenhancement, charms_and_medallions, fabric_data_generation_api_v1, fabric_events_interaction_v0, aquamirae, iceandfire_curios]
[30Aug2025 17:30:38.109] [Netty Epoll Server IO #2/DEBUG] [net.minecraftforge.network.NetworkRegistry/NETREGISTRY]: Channel 'skinshuffle:skin_refresh' : Version test of 'ABSENT 🤔' from client : ACCEPTED
[30Aug2025 17:30:38.109] [Netty Epoll Server IO #2/DEBUG] [net.minecraftforge.network.NetworkRegistry/NETREGISTRY]: Channel 'ancient_golems:ancient_golems' : Version test of '1' from client : ACCEPTED
[30Aug2025 17:30:38.109] [Netty Epoll Server IO #2/DEBUG] [net.minecraftforge.network.NetworkRegistry/NETREGISTRY]: Channel 'eeeabsmobs:net' : Version test of '1.0' from client : ACCEPTED
[30Aug2025 17:30:38.109] [Netty Epoll Server IO #2/DEBUG] [net.minecraftforge.network.NetworkRegistry/NETREGISTRY]: Channel 'jei:channel' : Version test of '1.0.0' from client : ACCEPTED
[30Aug2025 17:30:38.110] [Netty Epoll Server IO #2/DEBUG] [net.minecraftforge.network.NetworkRegistry/NETREGISTRY]: Channel 'legendary_monsters:main_channel' : Version test of '1' from client : ACCEPTED
[30Aug2025 17:30:38.110] [Netty Epoll Server IO #2/DEBUG] [net.minecraftforge.network.NetworkRegistry/NETREGISTRY]: Channel 'minecraft:unregister' : Version test of 'FML3' from client : ACCEPTED
[30Aug2025 17:30:38.110] [Netty Epoll Server IO #2/DEBUG] [net.minecraftforge.network.NetworkRegistry/NETREGISTRY]: Channel 'chest_golems:chest_golems' : Version test of '1' from client : ACCEPTED
[30Aug2025 17:30:38.110] [Netty Epoll Server IO #2/DEBUG] [net.minecraftforge.network.NetworkRegistry/NETREGISTRY]: Channel 'xaerominimap:main' : Version test of '1.0' from client : ACCEPTED
[30Aug2025 17:30:38.110] [Netty Epoll Server IO #2/DEBUG] [net.minecraftforge.network.NetworkRegistry/NETREGISTRY]: Channel 'l2itemselector:main' : Version test of '1' from client : ACCEPTED
[30Aug2025 17:30:38.110] [Netty Epoll Server IO #2/DEBUG] [net.minecraftforge.network.NetworkRegistry/NETREGISTRY]: Channel 'sophisticatedbackpacks:channel' : Version test of '1' from client : ACCEPTED
[30Aug2025 17:30:38.111] [Netty Epoll Server IO #2/DEBUG] [net.minecraftforge.network.NetworkRegistry/NETREGISTRY]: Channel 'l2library:main' : Version test of '1' from client : ACCEPTED
[30Aug2025 17:30:38.111] [Netty Epoll Server IO #2/DEBUG] [net.minecraftforge.network.NetworkRegistry/NETREGISTRY]: Channel 'framework:play' : Version test of '1' from client : ACCEPTED
[30Aug2025 17:30:38.111] [Netty Epoll Server IO #2/DEBUG] [net.minecraftforge.network.NetworkRegistry/NETREGISTRY]: Channel 'explosiveenhancement:main_channel' : Version test of '1' from client : ACCEPTED
[30Aug2025 17:30:38.111] [Netty Epoll Server IO #2/DEBUG] [net.minecraftforge.network.NetworkRegistry/NETREGISTRY]: Channel 'fallingtree:main' : Version test of '1' from client : ACCEPTED
[30Aug2025 17:30:38.111] [Netty Epoll Server IO #2/DEBUG] [net.minecraftforge.network.NetworkRegistry/NETREGISTRY]: Channel 'cofh_core:general' : Version test of '1' from client : ACCEPTED
[30Aug2025 17:30:38.111] [Netty Epoll Server IO #2/DEBUG] [net.minecraftforge.network.NetworkRegistry/NETREGISTRY]: Channel 'bonfires:main_channel' : Version test of '1' from client : ACCEPTED
[30Aug2025 17:30:38.111] [Netty Epoll Server IO #2/DEBUG] [net.minecraftforge.network.NetworkRegistry/NETREGISTRY]: Channel 'cataclysm:main_channel' : Version test of '1' from client : ACCEPTED
[30Aug2025 17:30:38.112] [Netty Epoll Server IO #2/DEBUG] [net.minecraftforge.network.NetworkRegistry/NETREGISTRY]: Channel 'enigmaticlegacy:main' : Version test of '1' from client : ACCEPTED
[30Aug2025 17:30:38.112] [Netty Epoll Server IO #2/DEBUG] [net.minecraftforge.network.NetworkRegistry/NETREGISTRY]: Channel 'lategamegolems:packets' : Version test of '1' from client : ACCEPTED
[30Aug2025 17:30:38.112] [Netty Epoll Server IO #2/DEBUG] [net.minecraftforge.network.NetworkRegistry/NETREGISTRY]: Channel 'lionfishapi:main_channel' : Version test of '1' from client : ACCEPTED
[30Aug2025 17:30:38.112] [Netty Epoll Server IO #2/DEBUG] [net.minecraftforge.network.NetworkRegistry/NETREGISTRY]: Channel 'irons_spellbooks:messages' : Version test of '1.0' from client : ACCEPTED
[30Aug2025 17:30:38.112] [Netty Epoll Server IO #2/DEBUG] [net.minecraftforge.network.NetworkRegistry/NETREGISTRY]: Channel 'forge:tier_sorting' : Version test of '1.0' from client : ACCEPTED
[30Aug2025 17:30:38.112] [Netty Epoll Server IO #2/DEBUG] [net.minecraftforge.network.NetworkRegistry/NETREGISTRY]: Channel 'spectrelib:main' : Version test of '1' from client : ACCEPTED
[30Aug2025 17:30:38.113] [Netty Epoll Server IO #2/DEBUG] [net.minecraftforge.network.NetworkRegistry/NETREGISTRY]: Channel 'bettercombat:network' : Version test of '1.0' from client : ACCEPTED
[30Aug2025 17:30:38.113] [Netty Epoll Server IO #2/DEBUG] [net.minecraftforge.network.NetworkRegistry/NETREGISTRY]: Channel 'mowziesmobs:net' : Version test of '1' from client : ACCEPTED
[30Aug2025 17:30:38.113] [Netty Epoll Server IO #2/DEBUG] [net.minecraftforge.network.NetworkRegistry/NETREGISTRY]: Channel 'relics:network' : Version test of '1.0' from client : ACCEPTED
[30Aug2025 17:30:38.113] [Netty Epoll Server IO #2/DEBUG] [net.minecraftforge.network.NetworkRegistry/NETREGISTRY]: Channel 'fml:play' : Version test of 'FML3' from client : ACCEPTED
[30Aug2025 17:30:38.113] [Netty Epoll Server IO #2/DEBUG] [net.minecraftforge.network.NetworkRegistry/NETREGISTRY]: Channel 'disenchanting_table:disenchanting_table' : Version test of '1' from client : ACCEPTED
[30Aug2025 17:30:38.113] [Netty Epoll Server IO #2/DEBUG] [net.minecraftforge.network.NetworkRegistry/NETREGISTRY]: Channel 'reliquary:channel' : Version test of '1' from client : ACCEPTED
[30Aug2025 17:30:38.114] [Netty Epoll Server IO #2/DEBUG] [net.minecraftforge.network.NetworkRegistry/NETREGISTRY]: Channel 'modulargolems:main' : Version test of '2' from client : ACCEPTED
[30Aug2025 17:30:38.114] [Netty Epoll Server IO #2/DEBUG] [net.minecraftforge.network.NetworkRegistry/NETREGISTRY]: Channel 'caelus:main' : Version test of '1' from client : ACCEPTED
[30Aug2025 17:30:38.114] [Netty Epoll Server IO #2/DEBUG] [net.minecraftforge.network.NetworkRegistry/NETREGISTRY]: Channel 'toolbelt:general' : Version test of '1.0' from client : ACCEPTED
[30Aug2025 17:30:38.114] [Netty Epoll Server IO #2/DEBUG] [net.minecraftforge.network.NetworkRegistry/NETREGISTRY]: Channel 'experienceobelisk:main' : Version test of '1' from client : ACCEPTED
[30Aug2025 17:30:38.114] [Netty Epoll Server IO #2/DEBUG] [net.minecraftforge.network.NetworkRegistry/NETREGISTRY]: Channel 'lootr:main_network_channel' : Version test of '2' from client : ACCEPTED
[30Aug2025 17:30:38.114] [Netty Epoll Server IO #2/DEBUG] [net.minecraftforge.network.NetworkRegistry/NETREGISTRY]: Channel 'mutant_addition_mod:mutant_addition_mod' : Version test of '1' from client : ACCEPTED
[30Aug2025 17:30:38.115] [Netty Epoll Server IO #2/DEBUG] [net.minecraftforge.network.NetworkRegistry/NETREGISTRY]: Channel 'minecraft:register' : Version test of 'FML3' from client : ACCEPTED
[30Aug2025 17:30:38.115] [Netty Epoll Server IO #2/DEBUG] [net.minecraftforge.network.NetworkRegistry/NETREGISTRY]: Channel 'nyfsquiver:main' : Version test of '1' from client : ACCEPTED
[30Aug2025 17:30:38.115] [Netty Epoll Server IO #2/DEBUG] [net.minecraftforge.network.NetworkRegistry/NETREGISTRY]: Channel 'geckolib:main' : Version test of '1' from client : ACCEPTED
[30Aug2025 17:30:38.115] [Netty Epoll Server IO #2/DEBUG] [net.minecraftforge.network.NetworkRegistry/NETREGISTRY]: Channel 'treasure2:treasure_channel' : Version test of '1.0' from client : ACCEPTED
[30Aug2025 17:30:38.115] [Netty Epoll Server IO #2/DEBUG] [net.minecraftforge.network.NetworkRegistry/NETREGISTRY]: Channel 'skinshuffle:refresh' : Version test of 'ABSENT 🤔' from client : ACCEPTED
[30Aug2025 17:30:38.115] [Netty Epoll Server IO #2/DEBUG] [net.minecraftforge.network.NetworkRegistry/NETREGISTRY]: Channel 'davespotioneering:davespotioneering' : Version test of '1.0' from client : ACCEPTED
[30Aug2025 17:30:38.116] [Netty Epoll Server IO #2/DEBUG] [net.minecraftforge.network.NetworkRegistry/NETREGISTRY]: Channel 'comforts:main' : Version test of '1' from client : ACCEPTED
[30Aug2025 17:30:38.116] [Netty Epoll Server IO #2/DEBUG] [net.minecraftforge.network.NetworkRegistry/NETREGISTRY]: Channel 'configured:play' : Version test of '1' from client : ACCEPTED
[30Aug2025 17:30:38.116] [Netty Epoll Server IO #2/DEBUG] [net.minecraftforge.network.NetworkRegistry/NETREGISTRY]: Channel 'l2tabs:main' : Version test of '1' from client : ACCEPTED
[30Aug2025 17:30:38.116] [Netty Epoll Server IO #2/DEBUG] [net.minecraftforge.network.NetworkRegistry/NETREGISTRY]: Channel 'darkfeather:darkfeather' : Version test of '1' from client : ACCEPTED
[30Aug2025 17:30:38.116] [Netty Epoll Server IO #2/DEBUG] [net.minecraftforge.network.NetworkRegistry/NETREGISTRY]: Channel 'architectury:network' : Version test of '1' from client : ACCEPTED
[30Aug2025 17:30:38.117] [Netty Epoll Server IO #2/DEBUG] [net.minecraftforge.network.NetworkRegistry/NETREGISTRY]: Channel 'charms_and_medallions:charms_and_medallions' : Version test of '1' from client : ACCEPTED
[30Aug2025 17:30:38.117] [Netty Epoll Server IO #2/DEBUG] [net.minecraftforge.network.NetworkRegistry/NETREGISTRY]: Channel 'l2damagetracker:main' : Version test of '2' from client : ACCEPTED
[30Aug2025 17:30:38.117] [Netty Epoll Server IO #2/DEBUG] [net.minecraftforge.network.NetworkRegistry/NETREGISTRY]: Channel 'charmofundying:main' : Version test of '1' from client : ACCEPTED
[30Aug2025 17:30:38.117] [Netty Epoll Server IO #2/DEBUG] [net.minecraftforge.network.NetworkRegistry/NETREGISTRY]: Channel 'citadel:main_channel' : Version test of '1' from client : ACCEPTED
[30Aug2025 17:30:38.117] [Netty Epoll Server IO #2/DEBUG] [net.minecraftforge.network.NetworkRegistry/NETREGISTRY]: Channel 'netherite_fusion:netherite_fusion' : Version test of '1' from client : ACCEPTED
[30Aug2025 17:30:38.118] [Netty Epoll Server IO #2/DEBUG] [net.minecraftforge.network.NetworkRegistry/NETREGISTRY]: Channel 'iceandfire:main_channel' : Version test of '1' from client : ACCEPTED
[30Aug2025 17:30:38.118] [Netty Epoll Server IO #2/DEBUG] [net.minecraftforge.network.NetworkRegistry/NETREGISTRY]: Channel 'obscure_api:obscure_api' : Version test of '1' from client : ACCEPTED
[30Aug2025 17:30:38.118] [Netty Epoll Server IO #2/DEBUG] [net.minecraftforge.network.NetworkRegistry/NETREGISTRY]: Channel 'nether_armory:nether_armory' : Version test of '1' from client : ACCEPTED
[30Aug2025 17:30:38.118] [Netty Epoll Server IO #2/DEBUG] [net.minecraftforge.network.NetworkRegistry/NETREGISTRY]: Channel 'creature_compendium:messages' : Version test of '1.0' from client : ACCEPTED
[30Aug2025 17:30:38.118] [Netty Epoll Server IO #2/DEBUG] [net.minecraftforge.network.NetworkRegistry/NETREGISTRY]: Channel 'mutated_items:mutated_items' : Version test of '1' from client : ACCEPTED
[30Aug2025 17:30:38.118] [Netty Epoll Server IO #2/DEBUG] [net.minecraftforge.network.NetworkRegistry/NETREGISTRY]: Channel 'darkbread:darkbread' : Version test of '1' from client : ACCEPTED
[30Aug2025 17:30:38.119] [Netty Epoll Server IO #2/DEBUG] [net.minecraftforge.network.NetworkRegistry/NETREGISTRY]: Channel 'curios:main' : Version test of '1' from client : ACCEPTED
[30Aug2025 17:30:38.119] [Netty Epoll Server IO #2/DEBUG] [net.minecraftforge.network.NetworkRegistry/NETREGISTRY]: Channel 'wolm:wolm' : Version test of '1' from client : ACCEPTED
[30Aug2025 17:30:38.119] [Netty Epoll Server IO #2/DEBUG] [net.minecraftforge.network.NetworkRegistry/NETREGISTRY]: Channel 'ancore:ancore' : Version test of '1' from client : ACCEPTED
[30Aug2025 17:30:38.119] [Netty Epoll Server IO #2/DEBUG] [net.minecraftforge.network.NetworkRegistry/NETREGISTRY]: Channel 'appleskin:sync' : Version test of '1' from client : ACCEPTED
[30Aug2025 17:30:38.119] [Netty Epoll Server IO #2/DEBUG] [net.minecraftforge.network.NetworkRegistry/NETREGISTRY]: Channel 'skinshuffle:handshake' : Version test of 'ABSENT 🤔' from client : ACCEPTED
[30Aug2025 17:30:38.119] [Netty Epoll Server IO #2/DEBUG] [net.minecraftforge.network.NetworkRegistry/NETREGISTRY]: Channel 'polymorph:main' : Version test of '1' from client : ACCEPTED
[30Aug2025 17:30:38.120] [Netty Epoll Server IO #2/DEBUG] [net.minecraftforge.network.NetworkRegistry/NETREGISTRY]: Channel 'framework:handshake' : Version test of '1' from client : ACCEPTED
[30Aug2025 17:30:38.120] [Netty Epoll Server IO #2/DEBUG] [net.minecraftforge.network.NetworkRegistry/NETREGISTRY]: Channel 'fml:loginwrapper' : Version test of 'FML3' from client : ACCEPTED
[30Aug2025 17:30:38.120] [Netty Epoll Server IO #2/DEBUG] [net.minecraftforge.network.NetworkRegistry/NETREGISTRY]: Channel 'aquamirae:main' : Version test of '1' from client : ACCEPTED
[30Aug2025 17:30:38.120] [Netty Epoll Server IO #2/DEBUG] [net.minecraftforge.network.NetworkRegistry/NETREGISTRY]: Channel 'l2screentracker:main' : Version test of '1' from client : ACCEPTED
[30Aug2025 17:30:38.120] [Netty Epoll Server IO #2/DEBUG] [net.minecraftforge.network.NetworkRegistry/NETREGISTRY]: Channel 'iceandfire_curios:iceandfire_curios' : Version test of '1' from client : ACCEPTED
[30Aug2025 17:30:38.120] [Netty Epoll Server IO #2/DEBUG] [net.minecraftforge.network.NetworkRegistry/NETREGISTRY]: Channel 'sophisticatedcore:channel' : Version test of '1' from client : ACCEPTED
[30Aug2025 17:30:38.120] [Netty Epoll Server IO #2/DEBUG] [net.minecraftforge.network.NetworkRegistry/NETREGISTRY]: Channel 'patchouli:main' : Version test of '1' from client : ACCEPTED
[30Aug2025 17:30:38.121] [Netty Epoll Server IO #2/DEBUG] [net.minecraftforge.network.NetworkRegistry/NETREGISTRY]: Channel 'fml:handshake' : Version test of 'FML3' from client : ACCEPTED
[30Aug2025 17:30:38.121] [Netty Epoll Server IO #2/DEBUG] [net.minecraftforge.network.NetworkRegistry/NETREGISTRY]: Channel 'curioscompat:curioscompat' : Version test of '1' from client : ACCEPTED
[30Aug2025 17:30:38.121] [Netty Epoll Server IO #2/DEBUG] [net.minecraftforge.network.NetworkRegistry/NETREGISTRY]: Channel 'forge:split' : Version test of '1.1' from client : ACCEPTED
[30Aug2025 17:30:38.121] [Netty Epoll Server IO #2/DEBUG] [net.minecraftforge.network.NetworkRegistry/NETREGISTRY]: Accepting channel list from client
[30Aug2025 17:30:38.122] [Netty Epoll Server IO #2/DEBUG] [net.minecraftforge.network.HandshakeHandler/FMLHANDSHAKE]: Accepted client connection mod list
[30Aug2025 17:30:38.125] [Server thread/DEBUG] [net.minecraftforge.network.HandshakeHandler/FMLHANDSHAKE]: Sending ticking packet info 'Registry minecraft:item' to 'fml:handshake' sequence 5
[30Aug2025 17:30:38.149] [Netty Epoll Server IO #2/DEBUG] [net.minecraftforge.network.LoginWrapper/FMLHANDSHAKE]: Recieved login wrapper packet event for channel fml:handshake with index 2
[30Aug2025 17:30:38.150] [Netty Epoll Server IO #2/DEBUG] [net.minecraftforge.network.HandshakeHandler/FMLHANDSHAKE]: Received client indexed reply 2 of type net.minecraftforge.network.HandshakeMessages$C2SAcknowledge
[30Aug2025 17:30:38.150] [Netty Epoll Server IO #2/DEBUG] [net.minecraftforge.network.HandshakeHandler/FMLHANDSHAKE]: Received acknowledgement from client
[30Aug2025 17:30:38.169] [Server thread/DEBUG] [net.minecraftforge.network.HandshakeHandler/FMLHANDSHAKE]: Sending ticking packet info 'Registry minecraft:potion' to 'fml:handshake' sequence 6
[30Aug2025 17:30:38.217] [Server thread/DEBUG] [net.minecraftforge.network.HandshakeHandler/FMLHANDSHAKE]: Sending ticking packet info 'Registry minecraft:block_entity_type' to 'fml:handshake' sequence 7
[30Aug2025 17:30:38.257] [Netty Epoll Server IO #2/DEBUG] [net.minecraftforge.network.LoginWrapper/FMLHANDSHAKE]: Recieved login wrapper packet event for channel fml:handshake with index 3
[30Aug2025 17:30:38.257] [Netty Epoll Server IO #2/DEBUG] [net.minecraftforge.network.HandshakeHandler/FMLHANDSHAKE]: Received client indexed reply 3 of type net.minecraftforge.network.HandshakeMessages$C2SAcknowledge
[30Aug2025 17:30:38.257] [Netty Epoll Server IO #2/DEBUG] [net.minecraftforge.network.HandshakeHandler/FMLHANDSHAKE]: Received acknowledgement from client
[30Aug2025 17:30:38.267] [Server thread/DEBUG] [net.minecraftforge.network.HandshakeHandler/FMLHANDSHAKE]: Sending ticking packet info 'Registry forge:display_contexts' to 'fml:handshake' sequence 8
[30Aug2025 17:30:38.269] [Netty Epoll Server IO #2/DEBUG] [net.minecraftforge.network.LoginWrapper/FMLHANDSHAKE]: Recieved login wrapper packet event for channel fml:handshake with index 4
[30Aug2025 17:30:38.269] [Netty Epoll Server IO #2/DEBUG] [net.minecraftforge.network.HandshakeHandler/FMLHANDSHAKE]: Received client indexed reply 4 of type net.minecraftforge.network.HandshakeMessages$C2SAcknowledge
[30Aug2025 17:30:38.269] [Netty Epoll Server IO #2/DEBUG] [net.minecraftforge.network.HandshakeHandler/FMLHANDSHAKE]: Received acknowledgement from client
[30Aug2025 17:30:38.315] [Server thread/DEBUG] [net.minecraftforge.network.HandshakeHandler/FMLHANDSHAKE]: Sending ticking packet info 'Registry irons_spellbooks:spells' to 'fml:handshake' sequence 9
[30Aug2025 17:30:38.365] [Server thread/DEBUG] [net.minecraftforge.network.HandshakeHandler/FMLHANDSHAKE]: Sending ticking packet info 'Registry minecraft:stat_type' to 'fml:handshake' sequence 10
[30Aug2025 17:30:38.415] [Server thread/DEBUG] [net.minecraftforge.network.HandshakeHandler/FMLHANDSHAKE]: Sending ticking packet info 'Registry l2screentracker:tracked_entry_type' to 'fml:handshake' sequence 11
[30Aug2025 17:30:38.471] [Server thread/DEBUG] [net.minecraftforge.network.HandshakeHandler/FMLHANDSHAKE]: Sending ticking packet info 'Registry minecraft:menu' to 'fml:handshake' sequence 12
[30Aug2025 17:30:38.520] [Server thread/DEBUG] [net.minecraftforge.network.HandshakeHandler/FMLHANDSHAKE]: Sending ticking packet info 'Registry l2screentracker:item_source' to 'fml:handshake' sequence 13
[30Aug2025 17:30:38.525] [Netty Epoll Server IO #2/DEBUG] [net.minecraftforge.network.LoginWrapper/FMLHANDSHAKE]: Recieved login wrapper packet event for channel fml:handshake with index 5
[30Aug2025 17:30:38.526] [Netty Epoll Server IO #2/DEBUG] [net.minecraftforge.network.HandshakeHandler/FMLHANDSHAKE]: Received client indexed reply 5 of type net.minecraftforge.network.HandshakeMessages$C2SAcknowledge
[30Aug2025 17:30:38.526] [Netty Epoll Server IO #2/DEBUG] [net.minecraftforge.network.HandshakeHandler/FMLHANDSHAKE]: Received acknowledgement from client
[30Aug2025 17:30:38.527] [Netty Epoll Server IO #2/DEBUG] [net.minecraftforge.network.LoginWrapper/FMLHANDSHAKE]: Recieved login wrapper packet event for channel fml:handshake with index 6
[30Aug2025 17:30:38.527] [Netty Epoll Server IO #2/DEBUG] [net.minecraftforge.network.HandshakeHandler/FMLHANDSHAKE]: Received client indexed reply 6 of type net.minecraftforge.network.HandshakeMessages$C2SAcknowledge
[30Aug2025 17:30:38.528] [Netty Epoll Server IO #2/DEBUG] [net.minecraftforge.network.HandshakeHandler/FMLHANDSHAKE]: Received acknowledgement from client
[30Aug2025 17:30:38.528] [Netty Epoll Server IO #2/DEBUG] [net.minecraftforge.network.LoginWrapper/FMLHANDSHAKE]: Recieved login wrapper packet event for channel fml:handshake with index 7
[30Aug2025 17:30:38.528] [Netty Epoll Server IO #2/DEBUG] [net.minecraftforge.network.HandshakeHandler/FMLHANDSHAKE]: Received client indexed reply 7 of type net.minecraftforge.network.HandshakeMessages$C2SAcknowledge
[30Aug2025 17:30:38.528] [Netty Epoll Server IO #2/DEBUG] [net.minecraftforge.network.HandshakeHandler/FMLHANDSHAKE]: Received acknowledgement from client
[30Aug2025 17:30:38.529] [Netty Epoll Server IO #2/DEBUG] [net.minecraftforge.network.LoginWrapper/FMLHANDSHAKE]: Recieved login wrapper packet event for channel fml:handshake with index 8
[30Aug2025 17:30:38.529] [Netty Epoll Server IO #2/DEBUG] [net.minecraftforge.network.HandshakeHandler/FMLHANDSHAKE]: Received client indexed reply 8 of type net.minecraftforge.network.HandshakeMessages$C2SAcknowledge
[30Aug2025 17:30:38.529] [Netty Epoll Server IO #2/DEBUG] [net.minecraftforge.network.HandshakeHandler/FMLHANDSHAKE]: Received acknowledgement from client
[30Aug2025 17:30:38.530] [Netty Epoll Server IO #2/DEBUG] [net.minecraftforge.network.LoginWrapper/FMLHANDSHAKE]: Recieved login wrapper packet event for channel fml:handshake with index 9
[30Aug2025 17:30:38.530] [Netty Epoll Server IO #2/DEBUG] [net.minecraftforge.network.HandshakeHandler/FMLHANDSHAKE]: Received client indexed reply 9 of type net.minecraftforge.network.HandshakeMessages$C2SAcknowledge
[30Aug2025 17:30:38.531] [Netty Epoll Server IO #2/DEBUG] [net.minecraftforge.network.HandshakeHandler/FMLHANDSHAKE]: Received acknowledgement from client
[30Aug2025 17:30:38.531] [Netty Epoll Server IO #2/DEBUG] [net.minecraftforge.network.LoginWrapper/FMLHANDSHAKE]: Recieved login wrapper packet event for channel fml:handshake with index 10
[30Aug2025 17:30:38.531] [Netty Epoll Server IO #2/DEBUG] [net.minecraftforge.network.HandshakeHandler/FMLHANDSHAKE]: Received client indexed reply 10 of type net.minecraftforge.network.HandshakeMessages$C2SAcknowledge
[30Aug2025 17:30:38.531] [Netty Epoll Server IO #2/DEBUG] [net.minecraftforge.network.HandshakeHandler/FMLHANDSHAKE]: Received acknowledgement from client
[30Aug2025 17:30:38.567] [Server thread/DEBUG] [net.minecraftforge.network.HandshakeHandler/FMLHANDSHAKE]: Sending ticking packet info 'Registry minecraft:fluid' to 'fml:handshake' sequence 14
[30Aug2025 17:30:38.604] [Netty Epoll Server IO #2/DEBUG] [net.minecraftforge.network.LoginWrapper/FMLHANDSHAKE]: Recieved login wrapper packet event for channel fml:handshake with index 11
[30Aug2025 17:30:38.604] [Netty Epoll Server IO #2/DEBUG] [net.minecraftforge.network.HandshakeHandler/FMLHANDSHAKE]: Received client indexed reply 11 of type net.minecraftforge.network.HandshakeMessages$C2SAcknowledge
[30Aug2025 17:30:38.604] [Netty Epoll Server IO #2/DEBUG] [net.minecraftforge.network.HandshakeHandler/FMLHANDSHAKE]: Received acknowledgement from client
[30Aug2025 17:30:38.618] [Server thread/DEBUG] [net.minecraftforge.network.HandshakeHandler/FMLHANDSHAKE]: Sending ticking packet info 'Registry minecraft:recipe_serializer' to 'fml:handshake' sequence 15
[30Aug2025 17:30:38.649] [Netty Epoll Server IO #2/DEBUG] [net.minecraftforge.network.LoginWrapper/FMLHANDSHAKE]: Recieved login wrapper packet event for channel fml:handshake with index 12
[30Aug2025 17:30:38.649] [Netty Epoll Server IO #2/DEBUG] [net.minecraftforge.network.HandshakeHandler/FMLHANDSHAKE]: Received client indexed reply 12 of type net.minecraftforge.network.HandshakeMessages$C2SAcknowledge
[30Aug2025 17:30:38.649] [Netty Epoll Server IO #2/DEBUG] [net.minecraftforge.network.HandshakeHandler/FMLHANDSHAKE]: Received acknowledgement from client
[30Aug2025 17:30:38.663] [Server thread/DEBUG] [net.minecraftforge.network.HandshakeHandler/FMLHANDSHAKE]: Sending ticking packet info 'Registry minecraft:sound_event' to 'fml:handshake' sequence 16
[30Aug2025 17:30:38.713] [Server thread/DEBUG] [net.minecraftforge.network.HandshakeHandler/FMLHANDSHAKE]: Sending ticking packet info 'Registry minecraft:particle_type' to 'fml:handshake' sequence 17
[30Aug2025 17:30:38.749] [Netty Epoll Server IO #2/DEBUG] [net.minecraftforge.network.LoginWrapper/FMLHANDSHAKE]: Recieved login wrapper packet event for channel fml:handshake with index 13
[30Aug2025 17:30:38.749] [Netty Epoll Server IO #2/DEBUG] [net.minecraftforge.network.HandshakeHandler/FMLHANDSHAKE]: Received client indexed reply 13 of type net.minecraftforge.network.HandshakeMessages$C2SAcknowledge
[30Aug2025 17:30:38.749] [Netty Epoll Server IO #2/DEBUG] [net.minecraftforge.network.HandshakeHandler/FMLHANDSHAKE]: Received acknowledgement from client
[30Aug2025 17:30:38.764] [Server thread/DEBUG] [net.minecraftforge.network.HandshakeHandler/FMLHANDSHAKE]: Sending ticking packet info 'Registry minecraft:painting_variant' to 'fml:handshake' sequence 18
[30Aug2025 17:30:38.765] [Netty Epoll Server IO #2/DEBUG] [net.minecraftforge.network.LoginWrapper/FMLHANDSHAKE]: Recieved login wrapper packet event for channel fml:handshake with index 14
[30Aug2025 17:30:38.765] [Netty Epoll Server IO #2/DEBUG] [net.minecraftforge.network.HandshakeHandler/FMLHANDSHAKE]: Received client indexed reply 14 of type net.minecraftforge.network.HandshakeMessages$C2SAcknowledge
[30Aug2025 17:30:38.765] [Netty Epoll Server IO #2/DEBUG] [net.minecraftforge.network.HandshakeHandler/FMLHANDSHAKE]: Received acknowledgement from client
[30Aug2025 17:30:38.805] [Netty Epoll Server IO #2/DEBUG] [net.minecraftforge.network.LoginWrapper/FMLHANDSHAKE]: Recieved login wrapper packet event for channel fml:handshake with index 15
[30Aug2025 17:30:38.805] [Netty Epoll Server IO #2/DEBUG] [net.minecraftforge.network.HandshakeHandler/FMLHANDSHAKE]: Received client indexed reply 15 of type net.minecraftforge.network.HandshakeMessages$C2SAcknowledge
[30Aug2025 17:30:38.805] [Netty Epoll Server IO #2/DEBUG] [net.minecraftforge.network.HandshakeHandler/FMLHANDSHAKE]: Received acknowledgement from client
[30Aug2025 17:30:38.814] [Server thread/DEBUG] [net.minecraftforge.network.HandshakeHandler/FMLHANDSHAKE]: Sending ticking packet info 'Registry forge:fluid_type' to 'fml:handshake' sequence 19
[30Aug2025 17:30:38.846] [Netty Epoll Server IO #2/DEBUG] [net.minecraftforge.network.LoginWrapper/FMLHANDSHAKE]: Recieved login wrapper packet event for channel fml:handshake with index 16
[30Aug2025 17:30:38.846] [Netty Epoll Server IO #2/DEBUG] [net.minecraftforge.network.HandshakeHandler/FMLHANDSHAKE]: Received client indexed reply 16 of type net.minecraftforge.network.HandshakeMessages$C2SAcknowledge
[30Aug2025 17:30:38.847] [Netty Epoll Server IO #2/DEBUG] [net.minecraftforge.network.HandshakeHandler/FMLHANDSHAKE]: Received acknowledgement from client
[30Aug2025 17:30:38.866] [Server thread/DEBUG] [net.minecraftforge.network.HandshakeHandler/FMLHANDSHAKE]: Sending ticking packet info 'Registry minecraft:block' to 'fml:handshake' sequence 20
[30Aug2025 17:30:38.906] [Netty Epoll Server IO #2/DEBUG] [net.minecraftforge.network.LoginWrapper/FMLHANDSHAKE]: Recieved login wrapper packet event for channel fml:handshake with index 17
[30Aug2025 17:30:38.906] [Netty Epoll Server IO #2/DEBUG] [net.minecraftforge.network.HandshakeHandler/FMLHANDSHAKE]: Received client indexed reply 17 of type net.minecraftforge.network.HandshakeMessages$C2SAcknowledge
[30Aug2025 17:30:38.906] [Netty Epoll Server IO #2/DEBUG] [net.minecraftforge.network.HandshakeHandler/FMLHANDSHAKE]: Received acknowledgement from client
[30Aug2025 17:30:38.907] [Netty Epoll Server IO #2/DEBUG] [net.minecraftforge.network.LoginWrapper/FMLHANDSHAKE]: Recieved login wrapper packet event for channel fml:handshake with index 18
[30Aug2025 17:30:38.907] [Netty Epoll Server IO #2/DEBUG] [net.minecraftforge.network.HandshakeHandler/FMLHANDSHAKE]: Received client indexed reply 18 of type net.minecraftforge.network.HandshakeMessages$C2SAcknowledge
[30Aug2025 17:30:38.907] [Netty Epoll Server IO #2/DEBUG] [net.minecraftforge.network.HandshakeHandler/FMLHANDSHAKE]: Received acknowledgement from client
[30Aug2025 17:30:38.914] [Server thread/DEBUG] [net.minecraftforge.network.HandshakeHandler/FMLHANDSHAKE]: Sending ticking packet info 'Registry forge:entity_data_serializers' to 'fml:handshake' sequence 21
[30Aug2025 17:30:38.964] [Server thread/DEBUG] [net.minecraftforge.network.HandshakeHandler/FMLHANDSHAKE]: Sending ticking packet info 'Registry minecraft:mob_effect' to 'fml:handshake' sequence 22
[30Aug2025 17:30:38.995] [Netty Epoll Server IO #2/DEBUG] [net.minecraftforge.network.LoginWrapper/FMLHANDSHAKE]: Recieved login wrapper packet event for channel fml:handshake with index 19
[30Aug2025 17:30:38.996] [Netty Epoll Server IO #2/DEBUG] [net.minecraftforge.network.HandshakeHandler/FMLHANDSHAKE]: Received client indexed reply 19 of type net.minecraftforge.network.HandshakeMessages$C2SAcknowledge
[30Aug2025 17:30:38.996] [Netty Epoll Server IO #2/DEBUG] [net.minecraftforge.network.HandshakeHandler/FMLHANDSHAKE]: Received acknowledgement from client
[30Aug2025 17:30:39.014] [Server thread/DEBUG] [net.minecraftforge.network.HandshakeHandler/FMLHANDSHAKE]: Sending ticking packet info 'Registry modulargolems:modifier' to 'fml:handshake' sequence 23
[30Aug2025 17:30:39.034] [Netty Epoll Server IO #2/DEBUG] [net.minecraftforge.network.LoginWrapper/FMLHANDSHAKE]: Recieved login wrapper packet event for channel fml:handshake with index 20
[30Aug2025 17:30:39.034] [Netty Epoll Server IO #2/DEBUG] [net.minecraftforge.network.HandshakeHandler/FMLHANDSHAKE]: Received client indexed reply 20 of type net.minecraftforge.network.HandshakeMessages$C2SAcknowledge
[30Aug2025 17:30:39.034] [Netty Epoll Server IO #2/DEBUG] [net.minecraftforge.network.HandshakeHandler/FMLHANDSHAKE]: Received acknowledgement from client
[30Aug2025 17:30:39.070] [Server thread/DEBUG] [net.minecraftforge.network.HandshakeHandler/FMLHANDSHAKE]: Sending ticking packet info 'Registry minecraft:enchantment' to 'fml:handshake' sequence 24
[30Aug2025 17:30:39.098] [Netty Epoll Server IO #2/DEBUG] [net.minecraftforge.network.LoginWrapper/FMLHANDSHAKE]: Recieved login wrapper packet event for channel fml:handshake with index 21
[30Aug2025 17:30:39.099] [Netty Epoll Server IO #2/DEBUG] [net.minecraftforge.network.HandshakeHandler/FMLHANDSHAKE]: Received client indexed reply 21 of type net.minecraftforge.network.HandshakeMessages$C2SAcknowledge
[30Aug2025 17:30:39.099] [Netty Epoll Server IO #2/DEBUG] [net.minecraftforge.network.HandshakeHandler/FMLHANDSHAKE]: Received acknowledgement from client
[30Aug2025 17:30:39.113] [Server thread/DEBUG] [net.minecraftforge.network.HandshakeHandler/FMLHANDSHAKE]: Sending ticking packet info 'Registry modulargolems:stat_type' to 'fml:handshake' sequence 25
[30Aug2025 17:30:39.142] [Netty Epoll Server IO #2/DEBUG] [net.minecraftforge.network.LoginWrapper/FMLHANDSHAKE]: Recieved login wrapper packet event for channel fml:handshake with index 22
[30Aug2025 17:30:39.142] [Netty Epoll Server IO #2/DEBUG] [net.minecraftforge.network.HandshakeHandler/FMLHANDSHAKE]: Received client indexed reply 22 of type net.minecraftforge.network.HandshakeMessages$C2SAcknowledge
[30Aug2025 17:30:39.142] [Netty Epoll Server IO #2/DEBUG] [net.minecraftforge.network.HandshakeHandler/FMLHANDSHAKE]: Received acknowledgement from client
[30Aug2025 17:30:39.164] [Server thread/DEBUG] [net.minecraftforge.network.HandshakeHandler/FMLHANDSHAKE]: Sending ticking packet info 'Registry modulargolems:golem_type' to 'fml:handshake' sequence 26
[30Aug2025 17:30:39.165] [Netty Epoll Server IO #2/DEBUG] [net.minecraftforge.network.LoginWrapper/FMLHANDSHAKE]: Recieved login wrapper packet event for channel fml:handshake with index 23
[30Aug2025 17:30:39.165] [Netty Epoll Server IO #2/DEBUG] [net.minecraftforge.network.HandshakeHandler/FMLHANDSHAKE]: Received client indexed reply 23 of type net.minecraftforge.network.HandshakeMessages$C2SAcknowledge
[30Aug2025 17:30:39.165] [Netty Epoll Server IO #2/DEBUG] [net.minecraftforge.network.HandshakeHandler/FMLHANDSHAKE]: Received acknowledgement from client
[30Aug2025 17:30:39.217] [Server thread/DEBUG] [net.minecraftforge.network.HandshakeHandler/FMLHANDSHAKE]: Sending ticking packet info 'Registry minecraft:entity_type' to 'fml:handshake' sequence 27
[30Aug2025 17:30:39.264] [Server thread/DEBUG] [net.minecraftforge.network.HandshakeHandler/FMLHANDSHAKE]: Sending ticking packet info 'Config treasure2-server.toml' to 'fml:handshake' sequence 28
[30Aug2025 17:30:39.295] [Netty Epoll Server IO #2/DEBUG] [net.minecraftforge.network.LoginWrapper/FMLHANDSHAKE]: Recieved login wrapper packet event for channel fml:handshake with index 24
[30Aug2025 17:30:39.295] [Netty Epoll Server IO #2/DEBUG] [net.minecraftforge.network.HandshakeHandler/FMLHANDSHAKE]: Received client indexed reply 24 of type net.minecraftforge.network.HandshakeMessages$C2SAcknowledge
[30Aug2025 17:30:39.295] [Netty Epoll Server IO #2/DEBUG] [net.minecraftforge.network.HandshakeHandler/FMLHANDSHAKE]: Received acknowledgement from client
[30Aug2025 17:30:39.296] [Netty Epoll Server IO #2/DEBUG] [net.minecraftforge.network.LoginWrapper/FMLHANDSHAKE]: Recieved login wrapper packet event for channel fml:handshake with index 25
[30Aug2025 17:30:39.296] [Netty Epoll Server IO #2/DEBUG] [net.minecraftforge.network.HandshakeHandler/FMLHANDSHAKE]: Received client indexed reply 25 of type net.minecraftforge.network.HandshakeMessages$C2SAcknowledge
[30Aug2025 17:30:39.296] [Netty Epoll Server IO #2/DEBUG] [net.minecraftforge.network.HandshakeHandler/FMLHANDSHAKE]: Received acknowledgement from client
[30Aug2025 17:30:39.317] [Server thread/DEBUG] [net.minecraftforge.network.HandshakeHandler/FMLHANDSHAKE]: Sending ticking packet info 'Config treasure2-mobs-1.20.1-v2.toml' to 'fml:handshake' sequence 29
[30Aug2025 17:30:39.348] [Netty Epoll Server IO #2/DEBUG] [net.minecraftforge.network.LoginWrapper/FMLHANDSHAKE]: Recieved login wrapper packet event for channel fml:handshake with index 26
[30Aug2025 17:30:39.348] [Netty Epoll Server IO #2/DEBUG] [net.minecraftforge.network.HandshakeHandler/FMLHANDSHAKE]: Received client indexed reply 26 of type net.minecraftforge.network.HandshakeMessages$C2SAcknowledge
[30Aug2025 17:30:39.349] [Netty Epoll Server IO #2/DEBUG] [net.minecraftforge.network.HandshakeHandler/FMLHANDSHAKE]: Received acknowledgement from client
[30Aug2025 17:30:39.366] [Server thread/DEBUG] [net.minecraftforge.network.HandshakeHandler/FMLHANDSHAKE]: Sending ticking packet info 'Config jei-server.toml' to 'fml:handshake' sequence 30
[30Aug2025 17:30:39.418] [Server thread/DEBUG] [net.minecraftforge.network.HandshakeHandler/FMLHANDSHAKE]: Sending ticking packet info 'Config curios-server.toml' to 'fml:handshake' sequence 31
[30Aug2025 17:30:39.469] [Server thread/DEBUG] [net.minecraftforge.network.HandshakeHandler/FMLHANDSHAKE]: Sending ticking packet info 'Config toolbelt-server.toml' to 'fml:handshake' sequence 32
[30Aug2025 17:30:39.516] [Server thread/DEBUG] [net.minecraftforge.network.HandshakeHandler/FMLHANDSHAKE]: Sending ticking packet info 'Config irons_spellbooks-server.toml' to 'fml:handshake' sequence 33
[30Aug2025 17:30:39.566] [Server thread/DEBUG] [net.minecraftforge.network.HandshakeHandler/FMLHANDSHAKE]: Sending ticking packet info 'Config treasure2-structures-1.20.1-v4.toml' to 'fml:handshake' sequence 34
[30Aug2025 17:30:39.615] [Server thread/DEBUG] [net.minecraftforge.network.HandshakeHandler/FMLHANDSHAKE]: Sending ticking packet info 'Config ensorcellation-server.toml' to 'fml:handshake' sequence 35
[30Aug2025 17:30:39.663] [Server thread/DEBUG] [net.minecraftforge.network.HandshakeHandler/FMLHANDSHAKE]: Sending ticking packet info 'Config sophisticatedbackpacks-server.toml' to 'fml:handshake' sequence 36
[30Aug2025 17:30:39.713] [Server thread/DEBUG] [net.minecraftforge.network.HandshakeHandler/FMLHANDSHAKE]: Sending ticking packet info 'Config treasure2-chests-1.20.1-v3.toml' to 'fml:handshake' sequence 37
[30Aug2025 17:30:39.752] [Netty Epoll Server IO #2/DEBUG] [net.minecraftforge.network.LoginWrapper/FMLHANDSHAKE]: Recieved login wrapper packet event for channel fml:handshake with index 27
[30Aug2025 17:30:39.752] [Netty Epoll Server IO #2/DEBUG] [net.minecraftforge.network.HandshakeHandler/FMLHANDSHAKE]: Received client indexed reply 27 of type net.minecraftforge.network.HandshakeMessages$C2SAcknowledge
[30Aug2025 17:30:39.752] [Netty Epoll Server IO #2/DEBUG] [net.minecraftforge.network.HandshakeHandler/FMLHANDSHAKE]: Received acknowledgement from client
[30Aug2025 17:30:39.763] [Server thread/DEBUG] [net.minecraftforge.network.HandshakeHandler/FMLHANDSHAKE]: Sending ticking packet info 'Config davespotioneering-server.toml' to 'fml:handshake' sequence 38
[30Aug2025 17:30:39.763] [Netty Epoll Server IO #2/DEBUG] [net.minecraftforge.network.LoginWrapper/FMLHANDSHAKE]: Recieved login wrapper packet event for channel fml:handshake with index 28
[30Aug2025 17:30:39.763] [Netty Epoll Server IO #2/DEBUG] [net.minecraftforge.network.HandshakeHandler/FMLHANDSHAKE]: Received client indexed reply 28 of type net.minecraftforge.network.HandshakeMessages$C2SAcknowledge
[30Aug2025 17:30:39.763] [Netty Epoll Server IO #2/DEBUG] [net.minecraftforge.network.HandshakeHandler/FMLHANDSHAKE]: Received acknowledgement from client
[30Aug2025 17:30:39.764] [Netty Epoll Server IO #2/DEBUG] [net.minecraftforge.network.LoginWrapper/FMLHANDSHAKE]: Recieved login wrapper packet event for channel fml:handshake with index 29
[30Aug2025 17:30:39.764] [Netty Epoll Server IO #2/DEBUG] [net.minecraftforge.network.HandshakeHandler/FMLHANDSHAKE]: Received client indexed reply 29 of type net.minecraftforge.network.HandshakeMessages$C2SAcknowledge
[30Aug2025 17:30:39.764] [Netty Epoll Server IO #2/DEBUG] [net.minecraftforge.network.HandshakeHandler/FMLHANDSHAKE]: Received acknowledgement from client
[30Aug2025 17:30:39.764] [Netty Epoll Server IO #2/DEBUG] [net.minecraftforge.network.LoginWrapper/FMLHANDSHAKE]: Recieved login wrapper packet event for channel fml:handshake with index 30
[30Aug2025 17:30:39.764] [Netty Epoll Server IO #2/DEBUG] [net.minecraftforge.network.HandshakeHandler/FMLHANDSHAKE]: Received client indexed reply 30 of type net.minecraftforge.network.HandshakeMessages$C2SAcknowledge
[30Aug2025 17:30:39.764] [Netty Epoll Server IO #2/DEBUG] [net.minecraftforge.network.HandshakeHandler/FMLHANDSHAKE]: Received acknowledgement from client
[30Aug2025 17:30:39.764] [Netty Epoll Server IO #2/DEBUG] [net.minecraftforge.network.LoginWrapper/FMLHANDSHAKE]: Recieved login wrapper packet event for channel fml:handshake with index 31
[30Aug2025 17:30:39.766] [Netty Epoll Server IO #2/DEBUG] [net.minecraftforge.network.HandshakeHandler/FMLHANDSHAKE]: Received client indexed reply 31 of type net.minecraftforge.network.HandshakeMessages$C2SAcknowledge
[30Aug2025 17:30:39.767] [Netty Epoll Server IO #2/DEBUG] [net.minecraftforge.network.HandshakeHandler/FMLHANDSHAKE]: Received acknowledgement from client
[30Aug2025 17:30:39.767] [Netty Epoll Server IO #2/DEBUG] [net.minecraftforge.network.LoginWrapper/FMLHANDSHAKE]: Recieved login wrapper packet event for channel fml:handshake with index 32
[30Aug2025 17:30:39.767] [Netty Epoll Server IO #2/DEBUG] [net.minecraftforge.network.HandshakeHandler/FMLHANDSHAKE]: Received client indexed reply 32 of type net.minecraftforge.network.HandshakeMessages$C2SAcknowledge
[30Aug2025 17:30:39.767] [Netty Epoll Server IO #2/DEBUG] [net.minecraftforge.network.HandshakeHandler/FMLHANDSHAKE]: Received acknowledgement from client
[30Aug2025 17:30:39.768] [Netty Epoll Server IO #2/DEBUG] [net.minecraftforge.network.LoginWrapper/FMLHANDSHAKE]: Recieved login wrapper packet event for channel fml:handshake with index 33
[30Aug2025 17:30:39.768] [Netty Epoll Server IO #2/DEBUG] [net.minecraftforge.network.HandshakeHandler/FMLHANDSHAKE]: Received client indexed reply 33 of type net.minecraftforge.network.HandshakeMessages$C2SAcknowledge
[30Aug2025 17:30:39.768] [Netty Epoll Server IO #2/DEBUG] [net.minecraftforge.network.HandshakeHandler/FMLHANDSHAKE]: Received acknowledgement from client
[30Aug2025 17:30:39.769] [Netty Epoll Server IO #2/DEBUG] [net.minecraftforge.network.LoginWrapper/FMLHANDSHAKE]: Recieved login wrapper packet event for channel fml:handshake with index 34
[30Aug2025 17:30:39.769] [Netty Epoll Server IO #2/DEBUG] [net.minecraftforge.network.HandshakeHandler/FMLHANDSHAKE]: Received client indexed reply 34 of type net.minecraftforge.network.HandshakeMessages$C2SAcknowledge
[30Aug2025 17:30:39.769] [Netty Epoll Server IO #2/DEBUG] [net.minecraftforge.network.HandshakeHandler/FMLHANDSHAKE]: Received acknowledgement from client
[30Aug2025 17:30:39.805] [Netty Epoll Server IO #2/DEBUG] [net.minecraftforge.network.LoginWrapper/FMLHANDSHAKE]: Recieved login wrapper packet event for channel fml:handshake with index 35
[30Aug2025 17:30:39.805] [Netty Epoll Server IO #2/DEBUG] [net.minecraftforge.network.HandshakeHandler/FMLHANDSHAKE]: Received client indexed reply 35 of type net.minecraftforge.network.HandshakeMessages$C2SAcknowledge
[30Aug2025 17:30:39.805] [Netty Epoll Server IO #2/DEBUG] [net.minecraftforge.network.HandshakeHandler/FMLHANDSHAKE]: Received acknowledgement from client
[30Aug2025 17:30:39.816] [Server thread/DEBUG] [net.minecraftforge.network.HandshakeHandler/FMLHANDSHAKE]: Sending ticking packet info 'Config bonfires-server.toml' to 'fml:handshake' sequence 39
[30Aug2025 17:30:39.845] [Netty Epoll Server IO #2/DEBUG] [net.minecraftforge.network.LoginWrapper/FMLHANDSHAKE]: Recieved login wrapper packet event for channel fml:handshake with index 36
[30Aug2025 17:30:39.845] [Netty Epoll Server IO #2/DEBUG] [net.minecraftforge.network.HandshakeHandler/FMLHANDSHAKE]: Received client indexed reply 36 of type net.minecraftforge.network.HandshakeMessages$C2SAcknowledge
[30Aug2025 17:30:39.845] [Netty Epoll Server IO #2/DEBUG] [net.minecraftforge.network.HandshakeHandler/FMLHANDSHAKE]: Received acknowledgement from client
[30Aug2025 17:30:39.871] [Server thread/DEBUG] [net.minecraftforge.network.HandshakeHandler/FMLHANDSHAKE]: Sending ticking packet info 'Config cofh_core-server.toml' to 'fml:handshake' sequence 40
[30Aug2025 17:30:39.880] [Netty Epoll Server IO #2/DEBUG] [net.minecraftforge.network.LoginWrapper/FMLHANDSHAKE]: Recieved login wrapper packet event for channel fml:handshake with index 37
[30Aug2025 17:30:39.880] [Netty Epoll Server IO #2/DEBUG] [net.minecraftforge.network.HandshakeHandler/FMLHANDSHAKE]: Received client indexed reply 37 of type net.minecraftforge.network.HandshakeMessages$C2SAcknowledge
[30Aug2025 17:30:39.880] [Netty Epoll Server IO #2/DEBUG] [net.minecraftforge.network.HandshakeHandler/FMLHANDSHAKE]: Received acknowledgement from client
[30Aug2025 17:30:39.913] [Server thread/DEBUG] [net.minecraftforge.network.HandshakeHandler/FMLHANDSHAKE]: Sending ticking packet info 'Config forge-server.toml' to 'fml:handshake' sequence 41
[30Aug2025 17:30:40.002] [Netty Epoll Server IO #2/DEBUG] [net.minecraftforge.network.LoginWrapper/FMLHANDSHAKE]: Recieved login wrapper packet event for channel fml:handshake with index 38
[30Aug2025 17:30:40.002] [Netty Epoll Server IO #2/DEBUG] [net.minecraftforge.network.HandshakeHandler/FMLHANDSHAKE]: Received client indexed reply 38 of type net.minecraftforge.network.HandshakeMessages$C2SAcknowledge
[30Aug2025 17:30:40.002] [Netty Epoll Server IO #2/DEBUG] [net.minecraftforge.network.HandshakeHandler/FMLHANDSHAKE]: Received acknowledgement from client
[30Aug2025 17:30:40.043] [Netty Epoll Server IO #2/DEBUG] [net.minecraftforge.network.LoginWrapper/FMLHANDSHAKE]: Recieved login wrapper packet event for channel fml:handshake with index 39
[30Aug2025 17:30:40.043] [Netty Epoll Server IO #2/DEBUG] [net.minecraftforge.network.HandshakeHandler/FMLHANDSHAKE]: Received client indexed reply 39 of type net.minecraftforge.network.HandshakeMessages$C2SAcknowledge
[30Aug2025 17:30:40.043] [Netty Epoll Server IO #2/DEBUG] [net.minecraftforge.network.HandshakeHandler/FMLHANDSHAKE]: Received acknowledgement from client
[30Aug2025 17:30:40.043] [Netty Epoll Server IO #2/DEBUG] [net.minecraftforge.network.LoginWrapper/FMLHANDSHAKE]: Recieved login wrapper packet event for channel fml:handshake with index 40
[30Aug2025 17:30:40.043] [Netty Epoll Server IO #2/DEBUG] [net.minecraftforge.network.HandshakeHandler/FMLHANDSHAKE]: Received client indexed reply 40 of type net.minecraftforge.network.HandshakeMessages$C2SAcknowledge
[30Aug2025 17:30:40.043] [Netty Epoll Server IO #2/DEBUG] [net.minecraftforge.network.HandshakeHandler/FMLHANDSHAKE]: Received acknowledgement from client
[30Aug2025 17:30:40.140] [Netty Epoll Server IO #2/DEBUG] [net.minecraftforge.network.LoginWrapper/FMLHANDSHAKE]: Recieved login wrapper packet event for channel fml:handshake with index 41
[30Aug2025 17:30:40.140] [Netty Epoll Server IO #2/DEBUG] [net.minecraftforge.network.HandshakeHandler/FMLHANDSHAKE]: Received client indexed reply 41 of type net.minecraftforge.network.HandshakeMessages$C2SAcknowledge
[30Aug2025 17:30:40.140] [Netty Epoll Server IO #2/DEBUG] [net.minecraftforge.network.HandshakeHandler/FMLHANDSHAKE]: Received acknowledgement from client
[30Aug2025 17:30:40.162] [Server thread/DEBUG] [net.minecraftforge.network.HandshakeHandler/FMLHANDSHAKE]: Handshake complete!
[30Aug2025 17:30:40.217] [Thread-16/DEBUG] [SkinRestorer/]: Fetching Zehkro's skin
[30Aug2025 17:30:40.424] [Server thread/DEBUG] [mixin/]: Mixing accessors.item.AccessorItemCooldowns from bookshelf.common.mixins.json into net.minecraft.world.item.ItemCooldowns
[30Aug2025 17:30:40.481] [Server thread/DEBUG] [mixin/]: Mixing accessors.inventory.AccessorTransientCraftingContainer from bookshelf.common.mixins.json into net.minecraft.world.inventory.TransientCraftingContainer
[30Aug2025 17:30:40.766] [Server thread/INFO] [net.minecraft.server.players.PlayerList/]: Zehkro[/127.212.24.107:40563] logged in with entity id 107 at (-510.68772175156977, 68.0, -346.7684453718006)
[30Aug2025 17:30:40.785] [Server thread/DEBUG] [net.minecraftforge.network.filters.NetworkFilters/]: Injected net.minecraftforge.network.filters.ForgeConnectionNetworkFilter@354a228a into net.minecraft.network.Connection@2938b7d0
[30Aug2025 17:30:41.178] [Server thread/INFO] [net.minecraft.server.MinecraftServer/]: Zehkro joined the game
[30Aug2025 17:30:41.599] [Server thread/INFO] [Enigmatic Legacy/INFO]: Synchronizing omniconfig files to Zehkro...
[30Aug2025 17:30:41.600] [Server thread/INFO] [Enigmatic Legacy/INFO]: Sending data for enigmaticlegacy-common.omniconf
[30Aug2025 17:30:41.602] [Server thread/INFO] [Enigmatic Legacy/INFO]: Granting starter gear to Zehkro
[30Aug2025 17:30:42.037] [Server thread/INFO] [Enigmatic Legacy/INFO]: Blue Skies detected: false
[30Aug2025 17:30:45.234] [Server thread/WARN] [net.minecraft.server.MinecraftServer/]: Can't keep up! Is the server overloaded? Running 4726ms or 94 ticks behind
[30Aug2025 17:30:55.350] [Server thread/DEBUG] [mixin/]: Mixing swimming.FallLocationMixin from expandability-common.mixins.json into net.minecraft.world.damagesource.FallLocation
[30Aug2025 17:31:03.047] [Server thread/WARN] [net.minecraft.server.MinecraftServer/]: Can't keep up! Is the server overloaded? Running 2840ms or 56 ticks behind
[30Aug2025 17:31:28.094] [Server thread/DEBUG] [mixin/]: Mixing PiglinAiMixin from relics.mixins.json into net.minecraft.world.entity.monster.piglin.PiglinAi
[30Aug2025 17:31:28.094] [Server thread/DEBUG] [mixin/]: relics.mixins.json:PiglinAiMixin: Class version 61 required is higher than the class version supported by the current version of Mixin (JAVA_8 supports class version 52)
[30Aug2025 17:31:28.102] [Server thread/DEBUG] [mixin/]: Mixing MixinPiglinAi from curios.mixins.json into net.minecraft.world.entity.monster.piglin.PiglinAi
[30Aug2025 17:31:28.103] [Server thread/INFO] [mixin/]: Mixing MixinPiglinTasks from enigmaticlegacy.mixins.json into net.minecraft.world.entity.monster.piglin.PiglinAi
[30Aug2025 17:31:28.104] [Server thread/INFO] [mixin/]: Renaming synthetic method lambda$onPiglinBarter$0(Ljava/util/List;Lnet/minecraft/world/item/ItemStack;)V to md915be7$lambda$onPiglinBarter$0$0 in enigmaticlegacy.mixins.json:MixinPiglinTasks
[30Aug2025 17:31:53.219] [Server thread/DEBUG] [Framework/]: Stopping config watcher
[30Aug2025 17:31:53.219] [Server thread/INFO] [net.minecraft.server.MinecraftServer/]: Stopping server
[30Aug2025 17:31:53.222] [Server thread/INFO] [net.minecraft.server.MinecraftServer/]: Saving players
[30Aug2025 17:31:53.391] [Server thread/INFO] [net.minecraft.server.network.ServerGamePacketListenerImpl/]: Zehkro lost connection: Server closed
[30Aug2025 17:31:53.392] [Server thread/INFO] [net.minecraft.server.MinecraftServer/]: Zehkro left the game
[30Aug2025 17:31:53.453] [Server thread/INFO] [net.minecraft.server.MinecraftServer/]: Saving worlds
[30Aug2025 17:31:54.533] [Server thread/INFO] [net.minecraft.server.MinecraftServer/]: Saving chunks for level 'ServerLevel[world]'/minecraft:overworld
[30Aug2025 17:31:55.948] [Server thread/INFO] [net.minecraft.server.MinecraftServer/]: Saving chunks for level 'ServerLevel[world]'/minecraft:the_nether
[30Aug2025 17:31:55.950] [Server thread/INFO] [net.minecraft.server.MinecraftServer/]: Saving chunks for level 'ServerLevel[world]'/minecraft:the_end
[30Aug2025 17:31:55.957] [Server thread/DEBUG] [net.minecraftforge.common.ForgeHooks/WP]: Gathering id map for writing to world save world
[30Aug2025 17:31:55.968] [Server thread/DEBUG] [net.minecraftforge.common.ForgeHooks/WP]: ID Map collection complete world
[30Aug2025 17:31:56.009] [Server thread/INFO] [net.minecraft.server.MinecraftServer/]: ThreadedAnvilChunkStorage (world): All chunks are saved
[30Aug2025 17:31:56.010] [Server thread/INFO] [net.minecraft.server.MinecraftServer/]: ThreadedAnvilChunkStorage (DIM-1): All chunks are saved
[30Aug2025 17:31:56.011] [Server thread/INFO] [net.minecraft.server.MinecraftServer/]: ThreadedAnvilChunkStorage (DIM1): All chunks are saved
[30Aug2025 17:31:56.012] [Server thread/INFO] [net.minecraft.server.MinecraftServer/]: ThreadedAnvilChunkStorage: All dimensions are saved
[30Aug2025 17:31:56.171] [Server thread/INFO] [Framework/]: Unloading server configs...
[30Aug2025 17:31:56.172] [Server thread/INFO] [Framework/]: Finished unloading server configs
[30Aug2025 17:31:56.172] [Server thread/DEBUG] [SpectreLib/CONFIG]: Unloading server configs
[30Aug2025 17:31:56.173] [Server thread/DEBUG] [net.minecraftforge.fml.config.ConfigTracker/CONFIG]: Unloading configs type SERVER
