[30Aug2025 20:25:54.082] [main/INFO] [cpw.mods.modlauncher.Launcher/MODLAUNCHER]: ModLauncher running: args [--launchTarget, forgeserver, --fml.forgeVersion, 47.4.2, --fml.mcVersion, 1.20.1, --fml.forgeGroup, net.minecraftforge, --fml.mcpVersion, 20230612.114412, nogui]
[30Aug2025 20:25:54.086] [main/INFO] [cpw.mods.modlauncher.Launcher/MODLAUNCHER]: ModLauncher 10.0.9+10.0.9+main.dcd20f30 starting: java version 17.0.15 by Ubuntu; OS Linux arch amd64 version 6.8.0-1030-azure
[30Aug2025 20:26:01.940] [main/INFO] [net.minecraftforge.fml.loading.ImmediateWindowHandler/]: ImmediateWindowProvider not loading because launch target is forgeserver
[30Aug2025 20:26:02.146] [main/INFO] [mixin/]: SpongePowered MIXIN Subsystem Version=0.8.5 Source=union:/workspaces/server-mc-1.20.1/servidor_minecraft/libraries/org/spongepowered/mixin/0.8.5/mixin-0.8.5.jar%2365!/ Service=ModLauncher Env=SERVER
[30Aug2025 20:26:02.542] [main/WARN] [net.minecraftforge.fml.loading.moddiscovery.ModDiscoverer/SCAN]: Locator {mods folder locator at /workspaces/server-mc-1.20.1/servidor_minecraft/mods} returned 2 files which are client-side-only mods, but we're on a dedicated server. They will be skipped!
[30Aug2025 20:26:02.888] [main/WARN] [net.minecraftforge.fml.loading.moddiscovery.ModFileParser/LOADING]: Mod file /workspaces/server-mc-1.20.1/servidor_minecraft/libraries/net/minecraftforge/fmlcore/1.20.1-47.4.2/fmlcore-1.20.1-47.4.2.jar is missing mods.toml file
[30Aug2025 20:26:02.889] [main/WARN] [net.minecraftforge.fml.loading.moddiscovery.ModFileParser/LOADING]: Mod file /workspaces/server-mc-1.20.1/servidor_minecraft/libraries/net/minecraftforge/javafmllanguage/1.20.1-47.4.2/javafmllanguage-1.20.1-47.4.2.jar is missing mods.toml file
[30Aug2025 20:26:02.894] [main/WARN] [net.minecraftforge.fml.loading.moddiscovery.ModFileParser/LOADING]: Mod file /workspaces/server-mc-1.20.1/servidor_minecraft/libraries/net/minecraftforge/lowcodelanguage/1.20.1-47.4.2/lowcodelanguage-1.20.1-47.4.2.jar is missing mods.toml file
[30Aug2025 20:26:02.895] [main/WARN] [net.minecraftforge.fml.loading.moddiscovery.ModFileParser/LOADING]: Mod file /workspaces/server-mc-1.20.1/servidor_minecraft/libraries/net/minecraftforge/mclanguage/1.20.1-47.4.2/mclanguage-1.20.1-47.4.2.jar is missing mods.toml file
[30Aug2025 20:26:03.562] [main/WARN] [net.minecraftforge.jarjar.selection.JarSelector/]: Attempted to select two dependency jars from JarJar which have the same identification: Mod File:  and Mod File: . Using Mod File: 
[30Aug2025 20:26:03.564] [main/INFO] [net.minecraftforge.fml.loading.moddiscovery.JarInJarDependencyLocator/]: Found 15 dependencies adding them to mods collection
[30Aug2025 20:26:08.821] [main/INFO] [mixin/]: Compatibility level set to JAVA_17
[30Aug2025 20:26:09.005] [main/ERROR] [mixin/]: Mixin config geckoanimfix.forge.mixins.json does not specify "minVersion" property
[30Aug2025 20:26:09.354] [main/INFO] [mixin/]: Successfully loaded Mixin Connector [com.aizistral.enigmaticlegacy.MixinConnector]
[30Aug2025 20:26:09.356] [main/INFO] [mixin/]: Successfully loaded Mixin Connector [ca.spottedleaf.starlight.mixin.MixinConnector]
[30Aug2025 20:26:09.365] [main/INFO] [cpw.mods.modlauncher.LaunchServiceHandler/MODLAUNCHER]: Launching target 'forgeserver' with arguments [nogui]
[30Aug2025 20:26:09.726] [main/WARN] [mixin/]: Reference map 'mixins.mutated_items.refmap.json' for mixins.mutated_items.json could not be read. If this is a development environment you can ignore this message
[30Aug2025 20:26:10.025] [main/WARN] [mixin/]: Reference map 'mob_weapon_api.refmap.json' for mob_weapon_api.mixins.json could not be read. If this is a development environment you can ignore this message
[30Aug2025 20:26:10.193] [main/WARN] [mixin/]: Reference map 'itemselector.refmap.json' for l2itemselector.mixins.json could not be read. If this is a development environment you can ignore this message
[30Aug2025 20:26:10.225] [main/WARN] [mixin/]: Reference map 'Aquamirae.refmap.json' for aquamirae.mixins.json could not be read. If this is a development environment you can ignore this message
[30Aug2025 20:26:11.461] [main/ERROR] [net.minecraftforge.fml.loading.RuntimeDistCleaner/DISTXFORM]: Attempted to load class net/minecraft/client/gui/screens/Screen for invalid dist DEDICATED_SERVER
[30Aug2025 20:26:11.465] [main/WARN] [mixin/]: Error loading class: net/minecraft/client/gui/screens/Screen (java.lang.RuntimeException: Attempted to load class net/minecraft/client/gui/screens/Screen for invalid dist DEDICATED_SERVER)
[30Aug2025 20:26:11.466] [main/WARN] [mixin/]: @Mixin target net.minecraft.client.gui.screens.Screen was not found relics.mixins.json:ScreenMixin
[30Aug2025 20:26:13.331] [main/ERROR] [net.minecraftforge.fml.loading.RuntimeDistCleaner/DISTXFORM]: Attempted to load class net/minecraft/client/multiplayer/MultiPlayerGameMode for invalid dist DEDICATED_SERVER
[30Aug2025 20:26:13.333] [main/WARN] [mixin/]: Error loading class: net/minecraft/client/multiplayer/MultiPlayerGameMode (java.lang.RuntimeException: Attempted to load class net/minecraft/client/multiplayer/MultiPlayerGameMode for invalid dist DEDICATED_SERVER)
[30Aug2025 20:26:13.334] [main/WARN] [mixin/]: @Mixin target net.minecraft.client.multiplayer.MultiPlayerGameMode was not found mixins.cofhcore.json:MultiPlayerGameModeMixin
[30Aug2025 20:26:13.367] [main/WARN] [mixin/]: Error loading class: com/simibubi/create/content/kinetics/deployer/BeltDeployerCallbacks (java.lang.ClassNotFoundException: com.simibubi.create.content.kinetics.deployer.BeltDeployerCallbacks)
[30Aug2025 20:26:13.547] [main/WARN] [mixin/]: Error loading class: net/darkhax/darkutils/features/charms/CharmEffects (java.lang.ClassNotFoundException: net.darkhax.darkutils.features.charms.CharmEffects)
[30Aug2025 20:26:13.553] [main/WARN] [mixin/]: Error loading class: com/brandon3055/csg/ModEventHandler (java.lang.ClassNotFoundException: com.brandon3055.csg.ModEventHandler)
[30Aug2025 20:26:13.574] [main/WARN] [mixin/]: Error loading class: vazkii/quark/content/tweaks/module/AutomaticRecipeUnlockModule (java.lang.ClassNotFoundException: vazkii.quark.content.tweaks.module.AutomaticRecipeUnlockModule)
[30Aug2025 20:26:14.033] [main/INFO] [MixinExtras|Service/]: Initializing MixinExtras via com.llamalad7.mixinextras.service.MixinExtrasServiceImpl(version=0.4.1).
[30Aug2025 20:26:16.410] [main/INFO] [mixin/]: Mixing MixinLivingEntity from enigmaticlegacy.mixins.json into net.minecraft.world.entity.LivingEntity
[30Aug2025 20:26:17.218] [main/INFO] [mixin/]: Mixing MixinPlayer from enigmaticlegacy.mixins.json into net.minecraft.world.entity.player.Player
[30Aug2025 20:26:17.714] [main/INFO] [mixin/]: Mixing MixinMobEffect from enigmaticlegacy.mixins.json into net.minecraft.world.effect.MobEffect
[30Aug2025 20:26:19.235] [main/INFO] [mixin/]: Mixing AccessorAbstractArrowEntity from enigmaticlegacy.mixins.json into net.minecraft.world.entity.projectile.AbstractArrow
[30Aug2025 20:26:19.411] [main/INFO] [mixin/]: Mixing MixinEnchantmentContainer from enigmaticlegacy.mixins.json into net.minecraft.world.inventory.EnchantmentMenu
[30Aug2025 20:26:19.412] [main/INFO] [mixin/]: Renaming synthetic method lambda$onEnchantedItem$0(Lnet/minecraft/world/item/ItemStack;Lnet/minecraft/world/inventory/EnchantmentMenu;ILnet/minecraft/world/entity/player/Player;ILnet/minecraft/world/level/Level;Lnet/minecraft/core/BlockPos;)V to md207244$lambda$onEnchantedItem$0$0 in enigmaticlegacy.mixins.json:MixinEnchantmentContainer
[30Aug2025 20:26:19.469] [main/INFO] [mixin/]: Mixing MixinItemStack from enigmaticlegacy.mixins.json into net.minecraft.world.item.ItemStack
[30Aug2025 20:26:20.622] [main/INFO] [mixin/]: Mixing MixinEnderEyeItem from enigmaticlegacy.mixins.json into net.minecraft.world.item.EnderEyeItem
[30Aug2025 20:26:20.654] [main/INFO] [mixin/]: Mixing MixinCrossbowItem from enigmaticlegacy.mixins.json into net.minecraft.world.item.CrossbowItem
[30Aug2025 20:26:22.132] [main/INFO] [mixin/]: Mixing MixinEnderDragon from enigmaticlegacy.mixins.json into net.minecraft.world.entity.boss.enderdragon.EnderDragon
[30Aug2025 20:26:22.133] [main/INFO] [mixin/]: Renaming synthetic method lambda$onTickDeath$0(Lnet/minecraft/server/level/ServerPlayer;)V to md207244$lambda$onTickDeath$0$0 in enigmaticlegacy.mixins.json:MixinEnderDragon
[30Aug2025 20:26:22.301] [main/INFO] [mixin/]: Mixing MixinShulker from enigmaticlegacy.mixins.json into net.minecraft.world.entity.monster.Shulker
[30Aug2025 20:26:22.790] [main/INFO] [mixin/]: Mixing MixinVillagerEntity from enigmaticlegacy.mixins.json into net.minecraft.world.entity.npc.Villager
[30Aug2025 20:26:22.792] [main/INFO] [mixin/]: Mixing MixinVillager from enigmaticlegacy.mixins.json into net.minecraft.world.entity.npc.Villager
[30Aug2025 20:26:23.020] [main/INFO] [mixin/]: Mixing MixinBindingCurseEnchantment from enigmaticlegacy.mixins.json into net.minecraft.world.item.enchantment.BindingCurseEnchantment
[30Aug2025 20:26:24.897] [modloading-worker-0/INFO] [mixin/]: Mixing MixinPlayerList from enigmaticlegacy.mixins.json into net.minecraft.server.players.PlayerList
[30Aug2025 20:26:25.113] [modloading-worker-0/INFO] [Bookshelf/]: Fixing MC-151457. Crafting remainder for minecraft:pufferfish_bucket is now minecraft:bucket.
[30Aug2025 20:26:25.116] [modloading-worker-0/INFO] [Bookshelf/]: Fixing MC-151457. Crafting remainder for minecraft:salmon_bucket is now minecraft:bucket.
[30Aug2025 20:26:25.119] [modloading-worker-0/INFO] [Bookshelf/]: Fixing MC-151457. Crafting remainder for minecraft:cod_bucket is now minecraft:bucket.
[30Aug2025 20:26:25.119] [modloading-worker-0/INFO] [Bookshelf/]: Fixing MC-151457. Crafting remainder for minecraft:tropical_fish_bucket is now minecraft:bucket.
[30Aug2025 20:26:25.119] [modloading-worker-0/INFO] [Bookshelf/]: Fixing MC-151457. Crafting remainder for minecraft:axolotl_bucket is now minecraft:bucket.
[30Aug2025 20:26:25.119] [modloading-worker-0/INFO] [Bookshelf/]: Fixing MC-151457. Crafting remainder for minecraft:powder_snow_bucket is now minecraft:bucket.
[30Aug2025 20:26:25.120] [modloading-worker-0/INFO] [Bookshelf/]: Fixing MC-151457. Crafting remainder for minecraft:tadpole_bucket is now minecraft:bucket.
[30Aug2025 20:26:26.063] [modloading-worker-0/INFO] [Enigmatic Legacy/INFO]: Constructing mod instance...
[30Aug2025 20:26:26.831] [modloading-worker-0/INFO] [dev.architectury.networking.forge.NetworkManagerImpl/]: Registering C2S receiver with id architectury:sync_ids
[30Aug2025 20:26:26.989] [modloading-worker-0/INFO] [Enigmatic Legacy/INFO]: Mod instance constructed successfully.
[30Aug2025 20:26:27.590] [modloading-worker-0/ERROR] [net.minecraftforge.eventbus.EventSubclassTransformer/EVENTBUS]: Could not find parent net/minecraft/client/renderer/entity/layers/RenderLayer for class com/obscuria/obscureapi/client/renderer/PatreonLayer in classloader cpw.mods.modlauncher.TransformingClassLoader@4f081b5d on thread Thread[modloading-worker-0,5,main]
[30Aug2025 20:26:27.591] [modloading-worker-0/ERROR] [net.minecraftforge.eventbus.EventSubclassTransformer/EVENTBUS]: An error occurred building event handler
java.lang.ClassNotFoundException: net.minecraft.client.renderer.entity.layers.RenderLayer
	at cpw.mods.cl.ModuleClassLoader.loadClass(ModuleClassLoader.java:141) ~[securejarhandler-2.1.10.jar:?]
	at java.lang.ClassLoader.loadClass(ClassLoader.java:525) ~[?:?]
	at net.minecraftforge.eventbus.EventSubclassTransformer.buildEvents(EventSubclassTransformer.java:97) ~[eventbus-6.0.5.jar%2352!/:?]
	at net.minecraftforge.eventbus.EventSubclassTransformer.transform(EventSubclassTransformer.java:48) ~[eventbus-6.0.5.jar%2352!/:?]
	at net.minecraftforge.eventbus.EventBusEngine.processClass(EventBusEngine.java:26) ~[eventbus-6.0.5.jar%2352!/:?]
	at net.minecraftforge.eventbus.service.ModLauncherService.processClassWithFlags(ModLauncherService.java:32) ~[eventbus-6.0.5.jar%2352!/:6.0.5+6.0.5+master.eb8e549b]
	at cpw.mods.modlauncher.LaunchPluginHandler.offerClassNodeToPlugins(LaunchPluginHandler.java:88) ~[modlauncher-10.0.9.jar%2355!/:?]
	at cpw.mods.modlauncher.ClassTransformer.transform(ClassTransformer.java:120) ~[modlauncher-10.0.9.jar%2355!/:?]
	at cpw.mods.modlauncher.TransformingClassLoader.maybeTransformClassBytes(TransformingClassLoader.java:50) ~[modlauncher-10.0.9.jar%2355!/:?]
	at cpw.mods.cl.ModuleClassLoader.readerToClass(ModuleClassLoader.java:113) ~[securejarhandler-2.1.10.jar:?]
	at cpw.mods.cl.ModuleClassLoader.lambda$findClass$15(ModuleClassLoader.java:219) ~[securejarhandler-2.1.10.jar:?]
	at cpw.mods.cl.ModuleClassLoader.loadFromModule(ModuleClassLoader.java:229) ~[securejarhandler-2.1.10.jar:?]
	at cpw.mods.cl.ModuleClassLoader.findClass(ModuleClassLoader.java:219) ~[securejarhandler-2.1.10.jar:?]
	at cpw.mods.cl.ModuleClassLoader.loadClass(ModuleClassLoader.java:135) ~[securejarhandler-2.1.10.jar:?]
	at java.lang.ClassLoader.loadClass(ClassLoader.java:525) ~[?:?]
	at java.lang.ClassLoader.defineClass0(Native Method) ~[?:?]
	at java.lang.System$2.defineClass(System.java:2324) ~[?:?]
	at java.lang.invoke.MethodHandles$Lookup$ClassDefiner.defineClass(MethodHandles.java:2439) ~[?:?]
	at java.lang.invoke.MethodHandles$Lookup$ClassDefiner.defineClassAsLookup(MethodHandles.java:2420) ~[?:?]
	at java.lang.invoke.MethodHandles$Lookup.defineHiddenClass(MethodHandles.java:2127) ~[?:?]
	at java.lang.invoke.InnerClassLambdaMetafactory.generateInnerClass(InnerClassLambdaMetafactory.java:407) ~[?:?]
	at java.lang.invoke.InnerClassLambdaMetafactory.spinInnerClass(InnerClassLambdaMetafactory.java:315) ~[?:?]
	at java.lang.invoke.InnerClassLambdaMetafactory.buildCallSite(InnerClassLambdaMetafactory.java:228) ~[?:?]
	at java.lang.invoke.LambdaMetafactory.metafactory(LambdaMetafactory.java:341) ~[?:?]
	at java.lang.invoke.BootstrapMethodInvoker.invoke(BootstrapMethodInvoker.java:134) ~[?:?]
	at java.lang.invoke.CallSite.makeSite(CallSite.java:315) ~[?:?]
	at java.lang.invoke.MethodHandleNatives.linkCallSiteImpl(MethodHandleNatives.java:281) ~[?:?]
	at java.lang.invoke.MethodHandleNatives.linkCallSite(MethodHandleNatives.java:271) ~[?:?]
	at com.obscuria.obscureapi.client.renderer.PatreonLayer$Mode.<clinit>(PatreonLayer.java:55) ~[obscure_api-15.jar%23284!/:com.obscuria]
	at com.obscuria.obscureapi.ObscureAPIConfig$Client.<clinit>(ObscureAPIConfig.java:28) ~[obscure_api-15.jar%23284!/:com.obscuria]
	at com.obscuria.obscureapi.ObscureAPIConfig.register(ObscureAPIConfig.java:46) ~[obscure_api-15.jar%23284!/:com.obscuria]
	at com.obscuria.obscureapi.ObscureAPI.<init>(ObscureAPI.java:69) ~[obscure_api-15.jar%23284!/:com.obscuria]
	at jdk.internal.reflect.NativeConstructorAccessorImpl.newInstance0(Native Method) ~[?:?]
	at jdk.internal.reflect.NativeConstructorAccessorImpl.newInstance(NativeConstructorAccessorImpl.java:77) ~[?:?]
	at jdk.internal.reflect.DelegatingConstructorAccessorImpl.newInstance(DelegatingConstructorAccessorImpl.java:45) ~[?:?]
	at java.lang.reflect.Constructor.newInstanceWithCaller(Constructor.java:500) ~[?:?]
	at java.lang.reflect.Constructor.newInstance(Constructor.java:481) ~[?:?]
	at net.minecraftforge.fml.javafmlmod.FMLModContainer.constructMod(FMLModContainer.java:77) ~[javafmllanguage-1.20.1-47.4.2.jar%23303!/:?]
	at net.minecraftforge.fml.ModContainer.lambda$buildTransitionHandler$5(ModContainer.java:126) ~[fmlcore-1.20.1-47.4.2.jar%23302!/:?]
	at java.util.concurrent.CompletableFuture$AsyncRun.run(CompletableFuture.java:1804) ~[?:?]
	at java.util.concurrent.CompletableFuture$AsyncRun.exec(CompletableFuture.java:1796) ~[?:?]
	at java.util.concurrent.ForkJoinTask.doExec(ForkJoinTask.java:373) ~[?:?]
	at java.util.concurrent.ForkJoinPool$WorkQueue.topLevelExec(ForkJoinPool.java:1182) ~[?:?]
	at java.util.concurrent.ForkJoinPool.scan(ForkJoinPool.java:1655) ~[?:?]
	at java.util.concurrent.ForkJoinPool.runWorker(ForkJoinPool.java:1622) ~[?:?]
	at java.util.concurrent.ForkJoinWorkerThread.run(ForkJoinWorkerThread.java:165) ~[?:?]
[30Aug2025 20:26:27.596] [modloading-worker-0/ERROR] [net.minecraftforge.fml.loading.RuntimeDistCleaner/DISTXFORM]: Attempted to load class com/obscuria/obscureapi/client/renderer/PatreonLayer for invalid dist DEDICATED_SERVER
[30Aug2025 20:26:27.855] [modloading-worker-0/INFO] [mixin/]: Mixing MixinEnterBlockTrigger from enigmaticlegacy.mixins.json into net.minecraft.advancements.critereon.EnterBlockTrigger
[30Aug2025 20:26:27.862] [modloading-worker-0/INFO] [mixin/]: Mixing MixinInventoryChangeTrigger from enigmaticlegacy.mixins.json into net.minecraft.advancements.critereon.InventoryChangeTrigger
[30Aug2025 20:26:27.885] [modloading-worker-0/INFO] [mixin/]: Mixing MixinSummonedEntityTrigger from enigmaticlegacy.mixins.json into net.minecraft.advancements.critereon.SummonedEntityTrigger
[30Aug2025 20:26:27.937] [modloading-worker-0/INFO] [dev.architectury.networking.forge.NetworkManagerImpl/]: Registering C2S receiver with id artifacts:networking_channel/42a7ad70b1cc371599a0eff744096b8a
[30Aug2025 20:26:27.942] [modloading-worker-0/INFO] [dev.architectury.networking.forge.NetworkManagerImpl/]: Registering C2S receiver with id artifacts:networking_channel/74a5e841822a3a87854ae896a33430d6
[30Aug2025 20:26:27.952] [modloading-worker-0/INFO] [dev.architectury.networking.forge.NetworkManagerImpl/]: Registering C2S receiver with id artifacts:networking_channel/eb3d1e2748533430848cadf0f37c7e9c
[30Aug2025 20:26:27.958] [modloading-worker-0/INFO] [dev.architectury.networking.forge.NetworkManagerImpl/]: Registering C2S receiver with id artifacts:networking_channel/91c8520f19f93b3e8b6a727568e194ab
[30Aug2025 20:26:27.962] [modloading-worker-0/INFO] [dev.architectury.networking.forge.NetworkManagerImpl/]: Registering C2S receiver with id artifacts:networking_channel/8c2784d778293fd482ed84b8aa5fedb9
[30Aug2025 20:26:27.964] [modloading-worker-0/INFO] [dev.architectury.networking.forge.NetworkManagerImpl/]: Registering C2S receiver with id artifacts:networking_channel/ea038224ea783d40b2863f52239e2604
[30Aug2025 20:26:27.968] [modloading-worker-0/INFO] [dev.architectury.networking.forge.NetworkManagerImpl/]: Registering C2S receiver with id artifacts:networking_channel/97ad64b7ecaf33209991c4f031501a58
[30Aug2025 20:26:29.348] [modloading-worker-0/INFO] [net.minecraftforge.common.ForgeMod/FORGEMOD]: Forge mod loading, version 47.4.2, for MC 1.20.1 with MCP 20230612.114412
[30Aug2025 20:26:29.348] [modloading-worker-0/INFO] [net.minecraftforge.common.MinecraftForge/FORGE]: MinecraftForge v47.4.2 Initialized
[30Aug2025 20:26:32.212] [modloading-worker-0/INFO] [be.florens.expandability.ExpandAbility/]: ExpandAbility here, who dis?
[30Aug2025 20:26:33.165] [main/ERROR] [treasure2/]: java.lang.reflect.InvocationTargetException
[30Aug2025 20:26:33.167] [main/ERROR] [treasure2/]: java.lang.reflect.InvocationTargetException
[30Aug2025 20:26:33.170] [main/ERROR] [treasure2/]: java.lang.reflect.InvocationTargetException
[30Aug2025 20:26:33.173] [main/ERROR] [treasure2/]: java.lang.reflect.InvocationTargetException
[30Aug2025 20:26:33.179] [main/ERROR] [treasure2/]: java.lang.reflect.InvocationTargetException
[30Aug2025 20:26:33.182] [main/ERROR] [treasure2/]: java.lang.reflect.InvocationTargetException
[30Aug2025 20:26:33.187] [main/ERROR] [treasure2/]: java.lang.reflect.InvocationTargetException
[30Aug2025 20:26:33.187] [main/ERROR] [treasure2/]: java.lang.reflect.InvocationTargetException
[30Aug2025 20:26:33.190] [main/ERROR] [treasure2/]: java.lang.reflect.InvocationTargetException
[30Aug2025 20:26:33.194] [main/ERROR] [treasure2/]: java.lang.reflect.InvocationTargetException
[30Aug2025 20:26:33.200] [main/ERROR] [treasure2/]: java.lang.reflect.InvocationTargetException
[30Aug2025 20:26:33.202] [main/ERROR] [treasure2/]: java.lang.reflect.InvocationTargetException
[30Aug2025 20:26:33.205] [main/ERROR] [treasure2/]: java.lang.reflect.InvocationTargetException
[30Aug2025 20:26:33.208] [main/ERROR] [treasure2/]: java.lang.reflect.InvocationTargetException
[30Aug2025 20:26:33.214] [main/ERROR] [treasure2/]: java.lang.reflect.InvocationTargetException
[30Aug2025 20:26:33.220] [main/ERROR] [treasure2/]: java.lang.reflect.InvocationTargetException
[30Aug2025 20:26:33.224] [main/ERROR] [treasure2/]: java.lang.reflect.InvocationTargetException
[30Aug2025 20:26:33.227] [main/ERROR] [treasure2/]: java.lang.reflect.InvocationTargetException
[30Aug2025 20:26:33.231] [main/ERROR] [treasure2/]: java.lang.reflect.InvocationTargetException
[30Aug2025 20:26:33.231] [main/ERROR] [treasure2/]: java.lang.reflect.InvocationTargetException
[30Aug2025 20:26:33.237] [main/ERROR] [treasure2/]: java.lang.reflect.InvocationTargetException
[30Aug2025 20:26:33.646] [main/INFO] [treasure2/]: colliding particle data creating from coords, deserializer...
[30Aug2025 20:26:33.647] [main/INFO] [treasure2/]: colliding particle data creating from coords, deserializer...
[30Aug2025 20:26:36.152] [main/INFO] [mixin/]: Mixing MixinForgeHooks from enigmaticlegacy.mixins.json into net.minecraftforge.common.ForgeHooks
[30Aug2025 20:26:36.227] [main/WARN] [net.minecraft.network.syncher.SynchedEntityData/]: defineId called for: class mod.gottsch.forge.treasure2.core.entity.monster.PirateChestMimic from class mod.gottsch.forge.treasure2.core.entity.monster.Mimic
[30Aug2025 20:26:36.229] [main/WARN] [net.minecraft.network.syncher.SynchedEntityData/]: defineId called for: class mod.gottsch.forge.treasure2.core.entity.monster.PirateChestMimic from class mod.gottsch.forge.treasure2.core.entity.monster.Mimic
[30Aug2025 20:26:36.229] [main/WARN] [net.minecraft.network.syncher.SynchedEntityData/]: defineId called for: class mod.gottsch.forge.treasure2.core.entity.monster.PirateChestMimic from class mod.gottsch.forge.treasure2.core.entity.monster.Mimic
[30Aug2025 20:26:37.990] [modloading-worker-0/INFO] [Enigmatic Legacy/INFO]: Initializing common setup phase...
[30Aug2025 20:26:37.993] [modloading-worker-0/INFO] [Enigmatic Legacy/INFO]: Registering packets...
[30Aug2025 20:26:38.099] [modloading-worker-0/INFO] [Enigmatic Legacy/INFO]: Registering triggers...
[30Aug2025 20:26:38.117] [modloading-worker-0/INFO] [Enigmatic Legacy/INFO]: Registering stats...
[30Aug2025 20:26:38.119] [modloading-worker-0/INFO] [Enigmatic Legacy/INFO]: Common setup phase finished successfully.
[30Aug2025 20:26:38.226] [Forge Version Check/INFO] [net.minecraftforge.fml.VersionChecker/]: [bookshelf] Starting version check at https://updates.blamejared.com/get?n=bookshelf&gv=1.20.1
[30Aug2025 20:26:38.688] [main/INFO] [com.eeeab.eeeabsmobs.EEEABMobs/]: Starting to register Curios item...
[30Aug2025 20:26:38.832] [Forge Version Check/INFO] [net.minecraftforge.fml.VersionChecker/]: [bookshelf] Found status: BETA Current: 20.2.13 Target: 20.2.13
[30Aug2025 20:26:38.835] [Forge Version Check/INFO] [net.minecraftforge.fml.VersionChecker/]: [treasure2] Starting version check at https://raw.githubusercontent.com/gottsch/gottsch-minecraft-Treasure/1.20.1-main/update.json
[30Aug2025 20:26:38.888] [Forge Version Check/INFO] [net.minecraftforge.fml.VersionChecker/]: [treasure2] Found status: OUTDATED Current: 3.12.0 Target: 3.12.1
[30Aug2025 20:26:38.891] [Forge Version Check/INFO] [net.minecraftforge.fml.VersionChecker/]: [bonfires] Starting version check at https://raw.githubusercontent.com/Wehavecookies56/Bonfires/master/update.json
[30Aug2025 20:26:38.905] [Forge Version Check/INFO] [net.minecraftforge.fml.VersionChecker/]: [bonfires] Found status: BETA Current: 1.2.19 Target: 1.2.17
[30Aug2025 20:26:38.905] [Forge Version Check/INFO] [net.minecraftforge.fml.VersionChecker/]: [gottschcore] Starting version check at https://raw.githubusercontent.com/gottsch/gottsch-minecraft-GottschCore/1.20.1-main/update.json
[30Aug2025 20:26:38.926] [Forge Version Check/INFO] [net.minecraftforge.fml.VersionChecker/]: [gottschcore] Found status: OUTDATED Current: 2.3.0 Target: 2.5.0
[30Aug2025 20:26:38.928] [Forge Version Check/INFO] [net.minecraftforge.fml.VersionChecker/]: [framework] Starting version check at https://mrcrayfish.com/modupdatejson?id=framework
[30Aug2025 20:26:38.940] [modloading-worker-0/INFO] [xaero.minimap.XaeroMinimap/]: Loading Xaero's Minimap - Stage 1/2 (Server)
[30Aug2025 20:26:38.943] [main/INFO] [xaero.minimap.XaeroMinimap/]: Loading Xaero's Minimap - Stage 2/2 (Server)
[30Aug2025 20:26:38.951] [modloading-worker-0/INFO] [Enigmatic Legacy/INFO]: Sending messages to Curios API...
[30Aug2025 20:26:38.983] [modloading-worker-0/INFO] [io.redspace.ironsspellbooks.IronsSpellbooks/]: Got IMC []
[30Aug2025 20:26:38.990] [modloading-worker-0/INFO] [com.eeeab.eeeabsmobs.EEEABMobs/]: Registering custom criteria trigger...
[30Aug2025 20:26:38.991] [modloading-worker-0/INFO] [Enigmatic Legacy/INFO]: Initializing load completion phase...
[30Aug2025 20:26:38.994] [modloading-worker-0/INFO] [Enigmatic Legacy/INFO]: Registering brewing recipes...
[30Aug2025 20:26:39.018] [modloading-worker-0/INFO] [AttributeFix/]: Loaded values for 73 compatible attributes.
[30Aug2025 20:26:39.023] [modloading-worker-0/INFO] [AttributeFix/]: Loaded 73 values from config.
[30Aug2025 20:26:39.046] [modloading-worker-0/INFO] [AttributeFix/]: Saving config file. 73 entries.
[30Aug2025 20:26:39.052] [modloading-worker-0/INFO] [AttributeFix/]: Applying changes for 73 attributes.
[30Aug2025 20:26:39.171] [Forge Version Check/WARN] [net.minecraftforge.fml.VersionChecker/]: Failed to process update information
com.google.gson.JsonSyntaxException: java.lang.IllegalStateException: Expected BEGIN_OBJECT but was STRING at line 1 column 1 path $
	at com.google.gson.Gson.fromJson(Gson.java:1226) ~[gson-2.10.jar%2372!/:?]
	at com.google.gson.Gson.fromJson(Gson.java:1124) ~[gson-2.10.jar%2372!/:?]
	at com.google.gson.Gson.fromJson(Gson.java:1034) ~[gson-2.10.jar%2372!/:?]
	at com.google.gson.Gson.fromJson(Gson.java:969) ~[gson-2.10.jar%2372!/:?]
	at net.minecraftforge.fml.VersionChecker$1.process(VersionChecker.java:186) ~[fmlcore-1.20.1-47.4.2.jar%23302!/:?]
	at java.lang.Iterable.forEach(Iterable.java:75) ~[?:?]
	at net.minecraftforge.fml.VersionChecker$1.run(VersionChecker.java:117) ~[fmlcore-1.20.1-47.4.2.jar%23302!/:?]
Caused by: java.lang.IllegalStateException: Expected BEGIN_OBJECT but was STRING at line 1 column 1 path $
	at com.google.gson.stream.JsonReader.beginObject(JsonReader.java:393) ~[gson-2.10.jar%2372!/:?]
	at com.google.gson.internal.bind.MapTypeAdapterFactory$Adapter.read(MapTypeAdapterFactory.java:182) ~[gson-2.10.jar%2372!/:?]
	at com.google.gson.internal.bind.MapTypeAdapterFactory$Adapter.read(MapTypeAdapterFactory.java:144) ~[gson-2.10.jar%2372!/:?]
	at com.google.gson.Gson.fromJson(Gson.java:1214) ~[gson-2.10.jar%2372!/:?]
	... 6 more
[30Aug2025 20:26:39.172] [Forge Version Check/INFO] [net.minecraftforge.fml.VersionChecker/]: [attributefix] Starting version check at https://updates.blamejared.com/get?n=attributefix&gv=1.20.1
[30Aug2025 20:26:39.251] [modloading-worker-0/INFO] [Enigmatic Legacy/INFO]: Successfully fetched the list of devoted believers from Enigmatic Legacy's repository.
[30Aug2025 20:26:39.255] [modloading-worker-0/INFO] [Enigmatic Legacy/INFO]: Successfully backed up the list of devoted believers.
[30Aug2025 20:26:39.257] [modloading-worker-0/INFO] [Enigmatic Legacy/]: Believer: ObsidianFlight, UUID: 0cf25168-1b5a-4ac9-90eb-45bb20b0afab
[30Aug2025 20:26:39.260] [modloading-worker-0/INFO] [Enigmatic Legacy/]: Believer: Alexsist, UUID: b77d12d4-627f-47d3-965a-74e4f41854cc
[30Aug2025 20:26:39.260] [modloading-worker-0/INFO] [Enigmatic Legacy/]: Believer: Volsarex, UUID: e9907457-0251-42de-86b7-32289c19a6c4
[30Aug2025 20:26:39.261] [modloading-worker-0/INFO] [Enigmatic Legacy/]: Believer: Tar, UUID: 64d64b70-fde8-467e-ad70-271d5ddf26f6
[30Aug2025 20:26:39.262] [modloading-worker-0/INFO] [Enigmatic Legacy/]: Believer: Strgnv, UUID: 93f46b5e-3f96-4bde-9de9-96e7210441f9
[30Aug2025 20:26:39.262] [modloading-worker-0/INFO] [Enigmatic Legacy/]: Believer: SoulRacer65, UUID: a9ca1491-c6b2-4502-a585-94336fb07e75
[30Aug2025 20:26:39.263] [modloading-worker-0/INFO] [Enigmatic Legacy/]: Believer: legitch, UUID: 64906813-adac-4aa9-8ac9-f25dbb677102
[30Aug2025 20:26:39.263] [modloading-worker-0/INFO] [Enigmatic Legacy/]: Believer: TheOutlander, UUID: 9c22cd32-4dff-42b9-946c-69548781f894
[30Aug2025 20:26:39.265] [modloading-worker-0/INFO] [Enigmatic Legacy/]: Believer: Crobee, UUID: ed207d6d-0bec-4e0b-9674-d8455f017441
[30Aug2025 20:26:39.265] [modloading-worker-0/INFO] [Enigmatic Legacy/]: Believer: Exlor, UUID: d45f7a78-513c-43ed-b2f7-6447a92ddaf2
[30Aug2025 20:26:39.266] [modloading-worker-0/INFO] [Enigmatic Legacy/]: Believer: IaruEmbyr, UUID: 97b38aa9-8c8b-4b50-8b69-f71db9a5c2d3
[30Aug2025 20:26:39.266] [modloading-worker-0/INFO] [Enigmatic Legacy/]: Believer: HunterPhantom, UUID: b818e7a3-997e-4456-a7f0-dc7c97c42892
[30Aug2025 20:26:39.267] [modloading-worker-0/INFO] [Enigmatic Legacy/]: Believer: Azure, UUID: 4aeb4bcc-e4b3-4851-9c1f-13d41ad7f37c
[30Aug2025 20:26:39.271] [modloading-worker-0/INFO] [Enigmatic Legacy/]: Believer: PixelVoxel, UUID: f9e9d0d6-eb43-46db-ae6e-b0950668c06d
[30Aug2025 20:26:39.271] [modloading-worker-0/INFO] [Enigmatic Legacy/]: Believer: Izures, UUID: 4c2145c9-be1a-4ae4-bb9f-0003bd221a98
[30Aug2025 20:26:39.272] [modloading-worker-0/INFO] [Enigmatic Legacy/]: Believer: 0thLaw, UUID: a4ef9810-6c0b-45a6-9895-6bbebc70e001
[30Aug2025 20:26:39.274] [modloading-worker-0/INFO] [Enigmatic Legacy/]: Believer: Nexus, UUID: 08e81c68-0a2f-4625-882b-ddcf3c86e351
[30Aug2025 20:26:39.276] [Forge Version Check/INFO] [net.minecraftforge.fml.VersionChecker/]: [attributefix] Found status: BETA Current: 21.0.4 Target: 21.0.4
[30Aug2025 20:26:39.275] [modloading-worker-0/INFO] [Enigmatic Legacy/]: Believer: Fetrex, UUID: d7d73994-0fa5-4690-a8dd-4dc850563f4e
[30Aug2025 20:26:39.277] [modloading-worker-0/INFO] [Enigmatic Legacy/]: Believer: MasterGentar, UUID: 86a110be-dc85-4d2c-82d3-3669cb61db8f
[30Aug2025 20:26:39.276] [Forge Version Check/INFO] [net.minecraftforge.fml.VersionChecker/]: [obscure_api] Starting version check at https://raw.githubusercontent.com/ObscuriaLithium/Home/main/obscure_api/versions.json
[30Aug2025 20:26:39.277] [modloading-worker-0/INFO] [Enigmatic Legacy/]: Believer: Dimagic, UUID: 34128f78-ad16-4ef3-a647-bb13f0aea775
[30Aug2025 20:26:39.278] [modloading-worker-0/INFO] [Enigmatic Legacy/]: Believer: probablyastar, UUID: 8f0f3658-5644-4f21-b5ea-324153338d87
[30Aug2025 20:26:39.280] [modloading-worker-0/INFO] [Enigmatic Legacy/]: Believer: Toastr125, UUID: 5cd5f647-d3bb-412e-b60c-0aaae21bcddd
[30Aug2025 20:26:39.281] [modloading-worker-0/INFO] [Enigmatic Legacy/]: Believer: YesPyro, UUID: 82a617a0-56fe-4ead-82d4-9d968ca7c777
[30Aug2025 20:26:39.282] [modloading-worker-0/INFO] [Enigmatic Legacy/]: Believer: Amadhe, UUID: 8bdb26a8-7687-49e5-829b-f298cfc10508
[30Aug2025 20:26:39.282] [modloading-worker-0/INFO] [Enigmatic Legacy/]: Believer: BAN30x, UUID: 4822d847-93c1-4efd-bd9f-b2d56ba1608d
[30Aug2025 20:26:39.283] [modloading-worker-0/INFO] [Enigmatic Legacy/]: Believer: Hyperion, UUID: 143e257c-b945-4700-85d2-ebcf63c1811f
[30Aug2025 20:26:39.284] [modloading-worker-0/INFO] [Enigmatic Legacy/]: Believer: prism182, UUID: f9048245-89cb-456c-aa2b-cc8e9d8b8c76
[30Aug2025 20:26:39.286] [modloading-worker-0/INFO] [Enigmatic Legacy/]: Believer: Celeste-ialGamer, UUID: 4822d847-93c1-4efd-bd9f-b2d56ba1608d
[30Aug2025 20:26:39.287] [modloading-worker-0/INFO] [Enigmatic Legacy/]: Believer: Snow_guy864335, UUID: a4fa93e5-c243-4b7b-b69a-6943152a5d2d
[30Aug2025 20:26:39.287] [modloading-worker-0/INFO] [Enigmatic Legacy/]: Believer: Dvyant, UUID: f75e74cb-d289-459f-8d28-ea3668541e32
[30Aug2025 20:26:39.288] [modloading-worker-0/INFO] [Enigmatic Legacy/]: Believer: Naoro, UUID: 7a195143-a6cd-4efb-8e57-deac4b7636d7
[30Aug2025 20:26:39.288] [modloading-worker-0/INFO] [Enigmatic Legacy/]: Believer: millie, UUID: f4fac73a-0ada-4e50-bbed-61b06f1a4d18
[30Aug2025 20:26:39.288] [modloading-worker-0/INFO] [Enigmatic Legacy/]: Believer: NinjaFox, UUID: 834a2387-6dec-4d57-8bd3-72be2a54ed54
[30Aug2025 20:26:39.289] [modloading-worker-0/INFO] [Enigmatic Legacy/]: Believer: ProstoChel, UUID: 1fd0b74a-536b-4a65-a849-5c607c950396
[30Aug2025 20:26:39.290] [modloading-worker-0/INFO] [Enigmatic Legacy/]: Believer: (Ne)TyMVS, UUID: ac159e63-a757-4f7d-8c2c-73469a715ff3
[30Aug2025 20:26:39.290] [modloading-worker-0/INFO] [Enigmatic Legacy/]: Believer: TheMuffinMan, UUID: 20f48143-1e09-4c89-9c85-085b70c76953
[30Aug2025 20:26:39.292] [modloading-worker-0/INFO] [Enigmatic Legacy/]: Believer: solmortis, UUID: f6dbd5e9-701c-4c76-8a48-0ba4b687c76d
[30Aug2025 20:26:39.293] [modloading-worker-0/INFO] [Enigmatic Legacy/]: Believer: Eternal_Banisher, UUID: 387aa6d4-f388-400f-b9c5-1514f238ceae
[30Aug2025 20:26:39.294] [modloading-worker-0/INFO] [Enigmatic Legacy/]: Believer: AbsorbingSafe11, UUID: 343ad979-87b7-4dfa-88b8-3f3fdc2e00ab
[30Aug2025 20:26:39.295] [modloading-worker-0/INFO] [Enigmatic Legacy/]: Believer: Stygian, UUID: f6c7001f-4ce8-43f7-b4a1-a9d9d5fadb93
[30Aug2025 20:26:39.296] [modloading-worker-0/INFO] [Enigmatic Legacy/]: Believer: PikachuGabe0, UUID: ca7b21a6-76a5-4ea6-af48-b90f66e4f2b1
[30Aug2025 20:26:39.296] [modloading-worker-0/INFO] [Enigmatic Legacy/]: Believer: Purifier, UUID: 58c97c29-2c25-4320-a1d2-8e5651de506b
[30Aug2025 20:26:39.297] [modloading-worker-0/INFO] [Enigmatic Legacy/]: Believer: Sam/Barker, UUID: 0179c9aa-12c8-423c-bf96-d53c9ed479dd
[30Aug2025 20:26:39.299] [modloading-worker-0/INFO] [Enigmatic Legacy/]: Believer: Ciege, UUID: 48b866bf-a574-4a10-b7bd-2d83d056452d
[30Aug2025 20:26:39.301] [modloading-worker-0/INFO] [Enigmatic Legacy/]: Believer: Solbaify, UUID: 5679a7e1-29f4-4bdc-bd60-5f642d95ad68
[30Aug2025 20:26:39.303] [modloading-worker-0/INFO] [Enigmatic Legacy/]: Believer: Samola345, UUID: b657c54f-3174-4434-bed8-14d7be8634b3
[30Aug2025 20:26:39.304] [modloading-worker-0/INFO] [Enigmatic Legacy/]: Believer: Ozzi, UUID: 7d52df8b-963d-45c2-9c8a-aa7f20ae0659
[30Aug2025 20:26:39.304] [modloading-worker-0/INFO] [Enigmatic Legacy/]: Believer: Arix, UUID: c13feccd-e582-4ae1-aee7-35e8acf7e9e1
[30Aug2025 20:26:39.303] [Forge Version Check/WARN] [net.minecraftforge.fml.VersionChecker/]: Failed to process update information
com.google.gson.JsonSyntaxException: java.lang.IllegalStateException: Expected BEGIN_OBJECT but was NUMBER at line 1 column 4 path $
	at com.google.gson.Gson.fromJson(Gson.java:1226) ~[gson-2.10.jar%2372!/:?]
	at com.google.gson.Gson.fromJson(Gson.java:1124) ~[gson-2.10.jar%2372!/:?]
	at com.google.gson.Gson.fromJson(Gson.java:1034) ~[gson-2.10.jar%2372!/:?]
	at com.google.gson.Gson.fromJson(Gson.java:969) ~[gson-2.10.jar%2372!/:?]
	at net.minecraftforge.fml.VersionChecker$1.process(VersionChecker.java:186) ~[fmlcore-1.20.1-47.4.2.jar%23302!/:?]
	at java.lang.Iterable.forEach(Iterable.java:75) ~[?:?]
	at net.minecraftforge.fml.VersionChecker$1.run(VersionChecker.java:117) ~[fmlcore-1.20.1-47.4.2.jar%23302!/:?]
Caused by: java.lang.IllegalStateException: Expected BEGIN_OBJECT but was NUMBER at line 1 column 4 path $
	at com.google.gson.stream.JsonReader.beginObject(JsonReader.java:393) ~[gson-2.10.jar%2372!/:?]
	at com.google.gson.internal.bind.MapTypeAdapterFactory$Adapter.read(MapTypeAdapterFactory.java:182) ~[gson-2.10.jar%2372!/:?]
	at com.google.gson.internal.bind.MapTypeAdapterFactory$Adapter.read(MapTypeAdapterFactory.java:144) ~[gson-2.10.jar%2372!/:?]
	at com.google.gson.Gson.fromJson(Gson.java:1214) ~[gson-2.10.jar%2372!/:?]
	... 6 more
[30Aug2025 20:26:39.306] [Forge Version Check/INFO] [net.minecraftforge.fml.VersionChecker/]: [clumps] Starting version check at https://updates.blamejared.com/get?n=clumps&gv=1.20.1
[30Aug2025 20:26:39.305] [modloading-worker-0/INFO] [Enigmatic Legacy/]: Believer: Nechronom, UUID: 84b933b8-9688-4021-a039-eed55c985548
[30Aug2025 20:26:39.307] [modloading-worker-0/INFO] [Enigmatic Legacy/]: Believer: Thauma, UUID: facc8bc4-a623-47dc-af89-ba979ac159b5
[30Aug2025 20:26:39.307] [modloading-worker-0/INFO] [Enigmatic Legacy/]: Believer: GrekvarZikurah, UUID: f251c109-8214-4882-b0b4-332441843a50
[30Aug2025 20:26:39.307] [modloading-worker-0/INFO] [Enigmatic Legacy/]: Believer: Sebaty5, UUID: c6dd33f1-e851-40b4-840d-6af5ebe4ea3b
[30Aug2025 20:26:39.308] [modloading-worker-0/INFO] [Enigmatic Legacy/]: Believer: MarceDev, UUID: 24b26788-1ce6-44a6-a4df-45202850a9ef
[30Aug2025 20:26:39.308] [modloading-worker-0/INFO] [Enigmatic Legacy/]: Believer: Xathanon, UUID: 806dc0b8-7d90-4776-b870-37fda466a13f
[30Aug2025 20:26:39.309] [modloading-worker-0/INFO] [Enigmatic Legacy/]: Believer: Jusey1, UUID: 5f311b1c-8557-42cc-9c33-3605ea8f524f
[30Aug2025 20:26:39.309] [modloading-worker-0/INFO] [Enigmatic Legacy/]: Believer: swagfredbear27, UUID: c98b3962-3ea9-47f8-820d-134ce2691af0
[30Aug2025 20:26:39.310] [modloading-worker-0/INFO] [Enigmatic Legacy/]: Believer: CrazyHamburger, UUID: 57282a53-522e-4f8c-9f44-19d2068668d7
[30Aug2025 20:26:39.311] [modloading-worker-0/INFO] [Enigmatic Legacy/]: Believer: UwUent, UUID: 43124493-b135-4467-8460-f04e7e845b63
[30Aug2025 20:26:39.312] [modloading-worker-0/INFO] [Enigmatic Legacy/]: Believer: angelman, UUID: 85efda35-7bc1-48c5-a392-f3c23047212f
[30Aug2025 20:26:39.312] [modloading-worker-0/INFO] [Enigmatic Legacy/]: Believer: Madis0, UUID: 581a3f25-db2c-4e52-9823-62e9e4730daa
[30Aug2025 20:26:39.313] [modloading-worker-0/INFO] [Enigmatic Legacy/]: Believer: Destiny, UUID: 38edb8bc-816f-47b7-95d9-f67af6017f2f
[30Aug2025 20:26:39.314] [modloading-worker-0/INFO] [Enigmatic Legacy/INFO]: Load completion phase finished successfully
[30Aug2025 20:26:39.406] [Forge Version Check/INFO] [net.minecraftforge.fml.VersionChecker/]: [clumps] Found status: BETA Current: 12.0.0.4 Target: 12.0.0.4
[30Aug2025 20:26:39.406] [Forge Version Check/INFO] [net.minecraftforge.fml.VersionChecker/]: [configured] Starting version check at https://mrcrayfish.com/modupdatejson?id=configured
[30Aug2025 20:26:39.445] [Forge Version Check/WARN] [net.minecraftforge.fml.VersionChecker/]: Failed to process update information
com.google.gson.JsonSyntaxException: java.lang.IllegalStateException: Expected BEGIN_OBJECT but was STRING at line 1 column 1 path $
	at com.google.gson.Gson.fromJson(Gson.java:1226) ~[gson-2.10.jar%2372!/:?]
	at com.google.gson.Gson.fromJson(Gson.java:1124) ~[gson-2.10.jar%2372!/:?]
	at com.google.gson.Gson.fromJson(Gson.java:1034) ~[gson-2.10.jar%2372!/:?]
	at com.google.gson.Gson.fromJson(Gson.java:969) ~[gson-2.10.jar%2372!/:?]
	at net.minecraftforge.fml.VersionChecker$1.process(VersionChecker.java:186) ~[fmlcore-1.20.1-47.4.2.jar%23302!/:?]
	at java.lang.Iterable.forEach(Iterable.java:75) ~[?:?]
	at net.minecraftforge.fml.VersionChecker$1.run(VersionChecker.java:117) ~[fmlcore-1.20.1-47.4.2.jar%23302!/:?]
Caused by: java.lang.IllegalStateException: Expected BEGIN_OBJECT but was STRING at line 1 column 1 path $
	at com.google.gson.stream.JsonReader.beginObject(JsonReader.java:393) ~[gson-2.10.jar%2372!/:?]
	at com.google.gson.internal.bind.MapTypeAdapterFactory$Adapter.read(MapTypeAdapterFactory.java:182) ~[gson-2.10.jar%2372!/:?]
	at com.google.gson.internal.bind.MapTypeAdapterFactory$Adapter.read(MapTypeAdapterFactory.java:144) ~[gson-2.10.jar%2372!/:?]
	at com.google.gson.Gson.fromJson(Gson.java:1214) ~[gson-2.10.jar%2372!/:?]
	... 6 more
[30Aug2025 20:26:39.446] [Forge Version Check/INFO] [net.minecraftforge.fml.VersionChecker/]: [badmobs] Starting version check at https://updates.blamejared.com/get?n=badmobs&gv=1.20.1
[30Aug2025 20:26:39.548] [Forge Version Check/INFO] [net.minecraftforge.fml.VersionChecker/]: [badmobs] Found status: BETA Current: 19.0.4 Target: 19.0.4
[30Aug2025 20:26:39.548] [Forge Version Check/INFO] [net.minecraftforge.fml.VersionChecker/]: [forge] Starting version check at https://files.minecraftforge.net/net/minecraftforge/forge/promotions_slim.json
[30Aug2025 20:26:39.576] [main/ERROR] [net.minecraft.Util/]: Entity lategamegolems:lgg_flame_entity has no attributes
[30Aug2025 20:26:39.577] [main/ERROR] [net.minecraft.Util/]: Entity lategamegolems:lgg_bullet_entity has no attributes
[30Aug2025 20:26:39.578] [main/ERROR] [net.minecraft.Util/]: Entity lategamegolems:lgg_plasma_entity has no attributes
[30Aug2025 20:26:39.579] [main/ERROR] [net.minecraft.Util/]: Entity lategamegolems:lgg_flame_entity has no attributes
[30Aug2025 20:26:39.580] [main/ERROR] [net.minecraft.Util/]: Entity lategamegolems:lgg_bullet_entity has no attributes
[30Aug2025 20:26:39.580] [main/ERROR] [net.minecraft.Util/]: Entity lategamegolems:lgg_plasma_entity has no attributes
[30Aug2025 20:26:39.581] [main/ERROR] [net.minecraft.Util/]: Entity lategamegolems:lgg_flame_entity has no attributes
[30Aug2025 20:26:39.581] [main/ERROR] [net.minecraft.Util/]: Entity lategamegolems:lgg_bullet_entity has no attributes
[30Aug2025 20:26:39.581] [main/ERROR] [net.minecraft.Util/]: Entity lategamegolems:lgg_plasma_entity has no attributes
[30Aug2025 20:26:39.581] [main/ERROR] [net.minecraft.Util/]: Entity lategamegolems:lgg_flame_entity has no attributes
[30Aug2025 20:26:39.584] [main/ERROR] [net.minecraft.Util/]: Entity lategamegolems:lgg_bullet_entity has no attributes
[30Aug2025 20:26:39.585] [main/ERROR] [net.minecraft.Util/]: Entity lategamegolems:lgg_plasma_entity has no attributes
[30Aug2025 20:26:39.586] [main/ERROR] [net.minecraft.Util/]: Entity lategamegolems:lgg_flame_entity has no attributes
[30Aug2025 20:26:39.587] [main/ERROR] [net.minecraft.Util/]: Entity lategamegolems:lgg_bullet_entity has no attributes
[30Aug2025 20:26:39.588] [main/ERROR] [net.minecraft.Util/]: Entity lategamegolems:lgg_plasma_entity has no attributes
[30Aug2025 20:26:39.589] [main/ERROR] [net.minecraft.Util/]: Entity lategamegolems:lgg_flame_entity has no attributes
[30Aug2025 20:26:39.590] [main/ERROR] [net.minecraft.Util/]: Entity lategamegolems:lgg_bullet_entity has no attributes
[30Aug2025 20:26:39.592] [main/ERROR] [net.minecraft.Util/]: Entity lategamegolems:lgg_plasma_entity has no attributes
[30Aug2025 20:26:39.592] [main/ERROR] [net.minecraft.Util/]: Entity lategamegolems:lgg_flame_entity has no attributes
[30Aug2025 20:26:39.592] [main/ERROR] [net.minecraft.Util/]: Entity lategamegolems:lgg_bullet_entity has no attributes
[30Aug2025 20:26:39.592] [main/ERROR] [net.minecraft.Util/]: Entity lategamegolems:lgg_plasma_entity has no attributes
[30Aug2025 20:26:39.594] [main/ERROR] [net.minecraft.Util/]: Entity lategamegolems:lgg_flame_entity has no attributes
[30Aug2025 20:26:39.594] [main/ERROR] [net.minecraft.Util/]: Entity lategamegolems:lgg_bullet_entity has no attributes
[30Aug2025 20:26:39.595] [main/ERROR] [net.minecraft.Util/]: Entity lategamegolems:lgg_plasma_entity has no attributes
[30Aug2025 20:26:39.597] [main/ERROR] [net.minecraft.Util/]: Entity lategamegolems:lgg_flame_entity has no attributes
[30Aug2025 20:26:39.597] [main/ERROR] [net.minecraft.Util/]: Entity lategamegolems:lgg_bullet_entity has no attributes
[30Aug2025 20:26:39.597] [main/ERROR] [net.minecraft.Util/]: Entity lategamegolems:lgg_plasma_entity has no attributes
[30Aug2025 20:26:39.597] [main/ERROR] [net.minecraft.Util/]: Entity lategamegolems:lgg_flame_entity has no attributes
[30Aug2025 20:26:39.597] [main/ERROR] [net.minecraft.Util/]: Entity lategamegolems:lgg_bullet_entity has no attributes
[30Aug2025 20:26:39.599] [main/ERROR] [net.minecraft.Util/]: Entity lategamegolems:lgg_plasma_entity has no attributes
[30Aug2025 20:26:39.600] [main/ERROR] [net.minecraft.Util/]: Entity lategamegolems:lgg_flame_entity has no attributes
[30Aug2025 20:26:39.600] [main/ERROR] [net.minecraft.Util/]: Entity lategamegolems:lgg_bullet_entity has no attributes
[30Aug2025 20:26:39.600] [main/ERROR] [net.minecraft.Util/]: Entity lategamegolems:lgg_plasma_entity has no attributes
[30Aug2025 20:26:39.601] [main/ERROR] [net.minecraft.Util/]: Entity lategamegolems:lgg_flame_entity has no attributes
[30Aug2025 20:26:39.601] [main/ERROR] [net.minecraft.Util/]: Entity lategamegolems:lgg_bullet_entity has no attributes
[30Aug2025 20:26:39.602] [main/ERROR] [net.minecraft.Util/]: Entity lategamegolems:lgg_plasma_entity has no attributes
[30Aug2025 20:26:39.602] [main/ERROR] [net.minecraft.Util/]: Entity lategamegolems:lgg_flame_entity has no attributes
[30Aug2025 20:26:39.602] [main/ERROR] [net.minecraft.Util/]: Entity lategamegolems:lgg_bullet_entity has no attributes
[30Aug2025 20:26:39.602] [main/ERROR] [net.minecraft.Util/]: Entity lategamegolems:lgg_plasma_entity has no attributes
[30Aug2025 20:26:39.602] [main/ERROR] [net.minecraft.Util/]: Entity lategamegolems:lgg_flame_entity has no attributes
[30Aug2025 20:26:39.603] [main/ERROR] [net.minecraft.Util/]: Entity lategamegolems:lgg_bullet_entity has no attributes
[30Aug2025 20:26:39.603] [main/ERROR] [net.minecraft.Util/]: Entity lategamegolems:lgg_plasma_entity has no attributes
[30Aug2025 20:26:39.603] [main/ERROR] [net.minecraft.Util/]: Entity lategamegolems:lgg_flame_entity has no attributes
[30Aug2025 20:26:39.603] [main/ERROR] [net.minecraft.Util/]: Entity lategamegolems:lgg_bullet_entity has no attributes
[30Aug2025 20:26:39.603] [main/ERROR] [net.minecraft.Util/]: Entity lategamegolems:lgg_plasma_entity has no attributes
[30Aug2025 20:26:39.605] [main/ERROR] [net.minecraft.Util/]: Entity lategamegolems:lgg_flame_entity has no attributes
[30Aug2025 20:26:39.605] [main/ERROR] [net.minecraft.Util/]: Entity lategamegolems:lgg_bullet_entity has no attributes
[30Aug2025 20:26:39.606] [main/ERROR] [net.minecraft.Util/]: Entity lategamegolems:lgg_plasma_entity has no attributes
[30Aug2025 20:26:39.607] [main/ERROR] [net.minecraft.Util/]: Entity lategamegolems:lgg_flame_entity has no attributes
[30Aug2025 20:26:39.608] [main/ERROR] [net.minecraft.Util/]: Entity lategamegolems:lgg_bullet_entity has no attributes
[30Aug2025 20:26:39.609] [main/ERROR] [net.minecraft.Util/]: Entity lategamegolems:lgg_plasma_entity has no attributes
[30Aug2025 20:26:39.611] [main/ERROR] [net.minecraft.Util/]: Entity lategamegolems:lgg_flame_entity has no attributes
[30Aug2025 20:26:39.611] [main/ERROR] [net.minecraft.Util/]: Entity lategamegolems:lgg_bullet_entity has no attributes
[30Aug2025 20:26:39.611] [main/ERROR] [net.minecraft.Util/]: Entity lategamegolems:lgg_plasma_entity has no attributes
[30Aug2025 20:26:39.612] [main/ERROR] [net.minecraft.Util/]: Entity lategamegolems:lgg_flame_entity has no attributes
[30Aug2025 20:26:39.613] [main/ERROR] [net.minecraft.Util/]: Entity lategamegolems:lgg_bullet_entity has no attributes
[30Aug2025 20:26:39.613] [main/ERROR] [net.minecraft.Util/]: Entity lategamegolems:lgg_plasma_entity has no attributes
[30Aug2025 20:26:39.614] [main/ERROR] [net.minecraft.Util/]: Entity lategamegolems:lgg_flame_entity has no attributes
[30Aug2025 20:26:39.614] [main/ERROR] [net.minecraft.Util/]: Entity lategamegolems:lgg_bullet_entity has no attributes
[30Aug2025 20:26:39.615] [main/ERROR] [net.minecraft.Util/]: Entity lategamegolems:lgg_plasma_entity has no attributes
[30Aug2025 20:26:39.616] [main/ERROR] [net.minecraft.Util/]: Entity lategamegolems:lgg_flame_entity has no attributes
[30Aug2025 20:26:39.617] [main/ERROR] [net.minecraft.Util/]: Entity lategamegolems:lgg_bullet_entity has no attributes
[30Aug2025 20:26:39.617] [main/ERROR] [net.minecraft.Util/]: Entity lategamegolems:lgg_plasma_entity has no attributes
[30Aug2025 20:26:39.618] [main/ERROR] [net.minecraft.Util/]: Entity lategamegolems:lgg_flame_entity has no attributes
[30Aug2025 20:26:39.618] [main/ERROR] [net.minecraft.Util/]: Entity lategamegolems:lgg_bullet_entity has no attributes
[30Aug2025 20:26:39.619] [main/ERROR] [net.minecraft.Util/]: Entity lategamegolems:lgg_plasma_entity has no attributes
[30Aug2025 20:26:39.620] [main/ERROR] [net.minecraft.Util/]: Entity lategamegolems:lgg_flame_entity has no attributes
[30Aug2025 20:26:39.620] [main/ERROR] [net.minecraft.Util/]: Entity lategamegolems:lgg_bullet_entity has no attributes
[30Aug2025 20:26:39.621] [main/ERROR] [net.minecraft.Util/]: Entity lategamegolems:lgg_plasma_entity has no attributes
[30Aug2025 20:26:39.621] [main/ERROR] [net.minecraft.Util/]: Entity lategamegolems:lgg_flame_entity has no attributes
[30Aug2025 20:26:39.622] [main/ERROR] [net.minecraft.Util/]: Entity lategamegolems:lgg_bullet_entity has no attributes
[30Aug2025 20:26:39.622] [main/ERROR] [net.minecraft.Util/]: Entity lategamegolems:lgg_plasma_entity has no attributes
[30Aug2025 20:26:39.622] [main/ERROR] [net.minecraft.Util/]: Entity lategamegolems:lgg_flame_entity has no attributes
[30Aug2025 20:26:39.623] [main/ERROR] [net.minecraft.Util/]: Entity lategamegolems:lgg_bullet_entity has no attributes
[30Aug2025 20:26:39.623] [main/ERROR] [net.minecraft.Util/]: Entity lategamegolems:lgg_plasma_entity has no attributes
[30Aug2025 20:26:39.624] [main/ERROR] [net.minecraft.Util/]: Entity lategamegolems:lgg_flame_entity has no attributes
[30Aug2025 20:26:39.624] [main/ERROR] [net.minecraft.Util/]: Entity lategamegolems:lgg_bullet_entity has no attributes
[30Aug2025 20:26:39.625] [main/ERROR] [net.minecraft.Util/]: Entity lategamegolems:lgg_plasma_entity has no attributes
[30Aug2025 20:26:39.626] [main/ERROR] [net.minecraft.Util/]: Entity lategamegolems:lgg_flame_entity has no attributes
[30Aug2025 20:26:39.626] [main/ERROR] [net.minecraft.Util/]: Entity lategamegolems:lgg_bullet_entity has no attributes
[30Aug2025 20:26:39.626] [main/ERROR] [net.minecraft.Util/]: Entity lategamegolems:lgg_plasma_entity has no attributes
[30Aug2025 20:26:39.627] [main/ERROR] [net.minecraft.Util/]: Entity lategamegolems:lgg_flame_entity has no attributes
[30Aug2025 20:26:39.627] [main/ERROR] [net.minecraft.Util/]: Entity lategamegolems:lgg_bullet_entity has no attributes
[30Aug2025 20:26:39.627] [main/ERROR] [net.minecraft.Util/]: Entity lategamegolems:lgg_plasma_entity has no attributes
[30Aug2025 20:26:39.628] [main/ERROR] [net.minecraft.Util/]: Entity lategamegolems:lgg_flame_entity has no attributes
[30Aug2025 20:26:39.628] [main/ERROR] [net.minecraft.Util/]: Entity lategamegolems:lgg_bullet_entity has no attributes
[30Aug2025 20:26:39.628] [main/ERROR] [net.minecraft.Util/]: Entity lategamegolems:lgg_plasma_entity has no attributes
[30Aug2025 20:26:39.628] [main/ERROR] [net.minecraft.Util/]: Entity lategamegolems:lgg_flame_entity has no attributes
[30Aug2025 20:26:39.628] [main/ERROR] [net.minecraft.Util/]: Entity lategamegolems:lgg_bullet_entity has no attributes
[30Aug2025 20:26:39.628] [main/ERROR] [net.minecraft.Util/]: Entity lategamegolems:lgg_plasma_entity has no attributes
[30Aug2025 20:26:39.629] [main/ERROR] [net.minecraft.Util/]: Entity lategamegolems:lgg_flame_entity has no attributes
[30Aug2025 20:26:39.629] [main/ERROR] [net.minecraft.Util/]: Entity lategamegolems:lgg_bullet_entity has no attributes
[30Aug2025 20:26:39.629] [main/ERROR] [net.minecraft.Util/]: Entity lategamegolems:lgg_plasma_entity has no attributes
[30Aug2025 20:26:39.629] [main/ERROR] [net.minecraft.Util/]: Entity lategamegolems:lgg_flame_entity has no attributes
[30Aug2025 20:26:39.630] [main/ERROR] [net.minecraft.Util/]: Entity lategamegolems:lgg_bullet_entity has no attributes
[30Aug2025 20:26:39.631] [main/ERROR] [net.minecraft.Util/]: Entity lategamegolems:lgg_plasma_entity has no attributes
[30Aug2025 20:26:39.632] [main/ERROR] [net.minecraft.Util/]: Entity lategamegolems:lgg_flame_entity has no attributes
[30Aug2025 20:26:39.632] [main/ERROR] [net.minecraft.Util/]: Entity lategamegolems:lgg_bullet_entity has no attributes
[30Aug2025 20:26:39.633] [main/ERROR] [net.minecraft.Util/]: Entity lategamegolems:lgg_plasma_entity has no attributes
[30Aug2025 20:26:39.634] [main/ERROR] [net.minecraft.Util/]: Entity lategamegolems:lgg_flame_entity has no attributes
[30Aug2025 20:26:39.634] [main/ERROR] [net.minecraft.Util/]: Entity lategamegolems:lgg_bullet_entity has no attributes
[30Aug2025 20:26:39.634] [main/ERROR] [net.minecraft.Util/]: Entity lategamegolems:lgg_plasma_entity has no attributes
[30Aug2025 20:26:39.635] [main/ERROR] [net.minecraft.Util/]: Entity lategamegolems:lgg_flame_entity has no attributes
[30Aug2025 20:26:39.635] [main/ERROR] [net.minecraft.Util/]: Entity lategamegolems:lgg_bullet_entity has no attributes
[30Aug2025 20:26:39.635] [main/ERROR] [net.minecraft.Util/]: Entity lategamegolems:lgg_plasma_entity has no attributes
[30Aug2025 20:26:39.636] [main/ERROR] [net.minecraft.Util/]: Entity lategamegolems:lgg_flame_entity has no attributes
[30Aug2025 20:26:39.637] [main/ERROR] [net.minecraft.Util/]: Entity lategamegolems:lgg_bullet_entity has no attributes
[30Aug2025 20:26:39.637] [main/ERROR] [net.minecraft.Util/]: Entity lategamegolems:lgg_plasma_entity has no attributes
[30Aug2025 20:26:39.638] [main/ERROR] [net.minecraft.Util/]: Entity lategamegolems:lgg_flame_entity has no attributes
[30Aug2025 20:26:39.639] [main/ERROR] [net.minecraft.Util/]: Entity lategamegolems:lgg_bullet_entity has no attributes
[30Aug2025 20:26:39.639] [main/ERROR] [net.minecraft.Util/]: Entity lategamegolems:lgg_plasma_entity has no attributes
[30Aug2025 20:26:39.640] [main/ERROR] [net.minecraft.Util/]: Entity lategamegolems:lgg_flame_entity has no attributes
[30Aug2025 20:26:39.640] [main/ERROR] [net.minecraft.Util/]: Entity lategamegolems:lgg_bullet_entity has no attributes
[30Aug2025 20:26:39.641] [main/ERROR] [net.minecraft.Util/]: Entity lategamegolems:lgg_plasma_entity has no attributes
[30Aug2025 20:26:39.641] [main/ERROR] [net.minecraft.Util/]: Entity lategamegolems:lgg_flame_entity has no attributes
[30Aug2025 20:26:39.642] [main/ERROR] [net.minecraft.Util/]: Entity lategamegolems:lgg_bullet_entity has no attributes
[30Aug2025 20:26:39.642] [main/ERROR] [net.minecraft.Util/]: Entity lategamegolems:lgg_plasma_entity has no attributes
[30Aug2025 20:26:39.643] [main/ERROR] [net.minecraft.Util/]: Entity lategamegolems:lgg_flame_entity has no attributes
[30Aug2025 20:26:39.643] [main/ERROR] [net.minecraft.Util/]: Entity lategamegolems:lgg_bullet_entity has no attributes
[30Aug2025 20:26:39.644] [main/ERROR] [net.minecraft.Util/]: Entity lategamegolems:lgg_plasma_entity has no attributes
[30Aug2025 20:26:39.645] [main/ERROR] [net.minecraft.Util/]: Entity lategamegolems:lgg_flame_entity has no attributes
[30Aug2025 20:26:39.645] [main/ERROR] [net.minecraft.Util/]: Entity lategamegolems:lgg_bullet_entity has no attributes
[30Aug2025 20:26:39.645] [main/ERROR] [net.minecraft.Util/]: Entity lategamegolems:lgg_plasma_entity has no attributes
[30Aug2025 20:26:39.647] [main/ERROR] [net.minecraft.Util/]: Entity lategamegolems:lgg_flame_entity has no attributes
[30Aug2025 20:26:39.648] [main/ERROR] [net.minecraft.Util/]: Entity lategamegolems:lgg_bullet_entity has no attributes
[30Aug2025 20:26:39.648] [main/ERROR] [net.minecraft.Util/]: Entity lategamegolems:lgg_plasma_entity has no attributes
[30Aug2025 20:26:39.648] [main/ERROR] [net.minecraft.Util/]: Entity lategamegolems:lgg_flame_entity has no attributes
[30Aug2025 20:26:39.648] [main/ERROR] [net.minecraft.Util/]: Entity lategamegolems:lgg_bullet_entity has no attributes
[30Aug2025 20:26:39.649] [main/ERROR] [net.minecraft.Util/]: Entity lategamegolems:lgg_plasma_entity has no attributes
[30Aug2025 20:26:39.649] [main/ERROR] [net.minecraft.Util/]: Entity lategamegolems:lgg_flame_entity has no attributes
[30Aug2025 20:26:39.649] [main/ERROR] [net.minecraft.Util/]: Entity lategamegolems:lgg_bullet_entity has no attributes
[30Aug2025 20:26:39.649] [main/ERROR] [net.minecraft.Util/]: Entity lategamegolems:lgg_plasma_entity has no attributes
[30Aug2025 20:26:39.649] [main/ERROR] [net.minecraft.Util/]: Entity lategamegolems:lgg_flame_entity has no attributes
[30Aug2025 20:26:39.649] [main/ERROR] [net.minecraft.Util/]: Entity lategamegolems:lgg_bullet_entity has no attributes
[30Aug2025 20:26:39.650] [main/ERROR] [net.minecraft.Util/]: Entity lategamegolems:lgg_plasma_entity has no attributes
[30Aug2025 20:26:39.652] [main/ERROR] [net.minecraft.Util/]: Entity lategamegolems:lgg_flame_entity has no attributes
[30Aug2025 20:26:39.653] [main/ERROR] [net.minecraft.Util/]: Entity lategamegolems:lgg_bullet_entity has no attributes
[30Aug2025 20:26:39.653] [main/ERROR] [net.minecraft.Util/]: Entity lategamegolems:lgg_plasma_entity has no attributes
[30Aug2025 20:26:39.654] [main/ERROR] [net.minecraft.Util/]: Entity lategamegolems:lgg_flame_entity has no attributes
[30Aug2025 20:26:39.655] [main/ERROR] [net.minecraft.Util/]: Entity lategamegolems:lgg_bullet_entity has no attributes
[30Aug2025 20:26:39.655] [main/ERROR] [net.minecraft.Util/]: Entity lategamegolems:lgg_plasma_entity has no attributes
[30Aug2025 20:26:39.655] [main/ERROR] [net.minecraft.Util/]: Entity lategamegolems:lgg_flame_entity has no attributes
[30Aug2025 20:26:39.656] [main/ERROR] [net.minecraft.Util/]: Entity lategamegolems:lgg_bullet_entity has no attributes
[30Aug2025 20:26:39.656] [main/ERROR] [net.minecraft.Util/]: Entity lategamegolems:lgg_plasma_entity has no attributes
[30Aug2025 20:26:39.657] [main/ERROR] [net.minecraft.Util/]: Entity lategamegolems:lgg_flame_entity has no attributes
[30Aug2025 20:26:39.657] [main/ERROR] [net.minecraft.Util/]: Entity lategamegolems:lgg_bullet_entity has no attributes
[30Aug2025 20:26:39.657] [main/ERROR] [net.minecraft.Util/]: Entity lategamegolems:lgg_plasma_entity has no attributes
[30Aug2025 20:26:39.658] [main/ERROR] [net.minecraft.Util/]: Entity lategamegolems:lgg_flame_entity has no attributes
[30Aug2025 20:26:39.658] [main/ERROR] [net.minecraft.Util/]: Entity lategamegolems:lgg_bullet_entity has no attributes
[30Aug2025 20:26:39.658] [main/ERROR] [net.minecraft.Util/]: Entity lategamegolems:lgg_plasma_entity has no attributes
[30Aug2025 20:26:39.659] [main/ERROR] [net.minecraft.Util/]: Entity lategamegolems:lgg_flame_entity has no attributes
[30Aug2025 20:26:39.659] [main/ERROR] [net.minecraft.Util/]: Entity lategamegolems:lgg_bullet_entity has no attributes
[30Aug2025 20:26:39.661] [main/ERROR] [net.minecraft.Util/]: Entity lategamegolems:lgg_plasma_entity has no attributes
[30Aug2025 20:26:39.662] [main/ERROR] [net.minecraft.Util/]: Entity lategamegolems:lgg_flame_entity has no attributes
[30Aug2025 20:26:39.663] [main/ERROR] [net.minecraft.Util/]: Entity lategamegolems:lgg_bullet_entity has no attributes
[30Aug2025 20:26:39.663] [main/ERROR] [net.minecraft.Util/]: Entity lategamegolems:lgg_plasma_entity has no attributes
[30Aug2025 20:26:39.664] [main/ERROR] [net.minecraft.Util/]: Entity lategamegolems:lgg_flame_entity has no attributes
[30Aug2025 20:26:39.664] [main/ERROR] [net.minecraft.Util/]: Entity lategamegolems:lgg_bullet_entity has no attributes
[30Aug2025 20:26:39.664] [main/ERROR] [net.minecraft.Util/]: Entity lategamegolems:lgg_plasma_entity has no attributes
[30Aug2025 20:26:39.664] [main/ERROR] [net.minecraft.Util/]: Entity lategamegolems:lgg_flame_entity has no attributes
[30Aug2025 20:26:39.665] [main/ERROR] [net.minecraft.Util/]: Entity lategamegolems:lgg_bullet_entity has no attributes
[30Aug2025 20:26:39.665] [main/ERROR] [net.minecraft.Util/]: Entity lategamegolems:lgg_plasma_entity has no attributes
[30Aug2025 20:26:39.665] [main/ERROR] [net.minecraft.Util/]: Entity lategamegolems:lgg_flame_entity has no attributes
[30Aug2025 20:26:39.666] [main/ERROR] [net.minecraft.Util/]: Entity lategamegolems:lgg_bullet_entity has no attributes
[30Aug2025 20:26:39.667] [main/ERROR] [net.minecraft.Util/]: Entity lategamegolems:lgg_plasma_entity has no attributes
[30Aug2025 20:26:39.667] [main/ERROR] [net.minecraft.Util/]: Entity lategamegolems:lgg_flame_entity has no attributes
[30Aug2025 20:26:39.667] [main/ERROR] [net.minecraft.Util/]: Entity lategamegolems:lgg_bullet_entity has no attributes
[30Aug2025 20:26:39.668] [main/ERROR] [net.minecraft.Util/]: Entity lategamegolems:lgg_plasma_entity has no attributes
[30Aug2025 20:26:39.669] [main/ERROR] [net.minecraft.Util/]: Entity lategamegolems:lgg_flame_entity has no attributes
[30Aug2025 20:26:39.669] [main/ERROR] [net.minecraft.Util/]: Entity lategamegolems:lgg_bullet_entity has no attributes
[30Aug2025 20:26:39.670] [main/ERROR] [net.minecraft.Util/]: Entity lategamegolems:lgg_plasma_entity has no attributes
[30Aug2025 20:26:39.670] [main/ERROR] [net.minecraft.Util/]: Entity lategamegolems:lgg_flame_entity has no attributes
[30Aug2025 20:26:39.670] [main/ERROR] [net.minecraft.Util/]: Entity lategamegolems:lgg_bullet_entity has no attributes
[30Aug2025 20:26:39.671] [main/ERROR] [net.minecraft.Util/]: Entity lategamegolems:lgg_plasma_entity has no attributes
[30Aug2025 20:26:39.672] [main/ERROR] [net.minecraft.Util/]: Entity lategamegolems:lgg_flame_entity has no attributes
[30Aug2025 20:26:39.672] [main/ERROR] [net.minecraft.Util/]: Entity lategamegolems:lgg_bullet_entity has no attributes
[30Aug2025 20:26:39.672] [main/ERROR] [net.minecraft.Util/]: Entity lategamegolems:lgg_plasma_entity has no attributes
[30Aug2025 20:26:39.674] [main/ERROR] [net.minecraft.Util/]: Entity lategamegolems:lgg_flame_entity has no attributes
[30Aug2025 20:26:39.675] [main/ERROR] [net.minecraft.Util/]: Entity lategamegolems:lgg_bullet_entity has no attributes
[30Aug2025 20:26:39.675] [main/ERROR] [net.minecraft.Util/]: Entity lategamegolems:lgg_plasma_entity has no attributes
[30Aug2025 20:26:39.676] [main/ERROR] [net.minecraft.Util/]: Entity lategamegolems:lgg_flame_entity has no attributes
[30Aug2025 20:26:39.676] [main/ERROR] [net.minecraft.Util/]: Entity lategamegolems:lgg_bullet_entity has no attributes
[30Aug2025 20:26:39.677] [main/ERROR] [net.minecraft.Util/]: Entity lategamegolems:lgg_plasma_entity has no attributes
[30Aug2025 20:26:39.679] [main/ERROR] [net.minecraft.Util/]: Entity lategamegolems:lgg_flame_entity has no attributes
[30Aug2025 20:26:39.680] [main/ERROR] [net.minecraft.Util/]: Entity lategamegolems:lgg_bullet_entity has no attributes
[30Aug2025 20:26:39.680] [main/ERROR] [net.minecraft.Util/]: Entity lategamegolems:lgg_plasma_entity has no attributes
[30Aug2025 20:26:39.680] [main/ERROR] [net.minecraft.Util/]: Entity lategamegolems:lgg_flame_entity has no attributes
[30Aug2025 20:26:39.680] [main/ERROR] [net.minecraft.Util/]: Entity lategamegolems:lgg_bullet_entity has no attributes
[30Aug2025 20:26:39.680] [main/ERROR] [net.minecraft.Util/]: Entity lategamegolems:lgg_plasma_entity has no attributes
[30Aug2025 20:26:39.681] [main/ERROR] [net.minecraft.Util/]: Entity lategamegolems:lgg_flame_entity has no attributes
[30Aug2025 20:26:39.681] [main/ERROR] [net.minecraft.Util/]: Entity lategamegolems:lgg_bullet_entity has no attributes
[30Aug2025 20:26:39.682] [main/ERROR] [net.minecraft.Util/]: Entity lategamegolems:lgg_plasma_entity has no attributes
[30Aug2025 20:26:39.684] [main/ERROR] [net.minecraft.Util/]: Entity lategamegolems:lgg_flame_entity has no attributes
[30Aug2025 20:26:39.684] [main/ERROR] [net.minecraft.Util/]: Entity lategamegolems:lgg_bullet_entity has no attributes
[30Aug2025 20:26:39.685] [main/ERROR] [net.minecraft.Util/]: Entity lategamegolems:lgg_plasma_entity has no attributes
[30Aug2025 20:26:39.685] [main/ERROR] [net.minecraft.Util/]: Entity lategamegolems:lgg_flame_entity has no attributes
[30Aug2025 20:26:39.685] [main/ERROR] [net.minecraft.Util/]: Entity lategamegolems:lgg_bullet_entity has no attributes
[30Aug2025 20:26:39.685] [main/ERROR] [net.minecraft.Util/]: Entity lategamegolems:lgg_plasma_entity has no attributes
[30Aug2025 20:26:39.685] [main/ERROR] [net.minecraft.Util/]: Entity lategamegolems:lgg_flame_entity has no attributes
[30Aug2025 20:26:39.685] [main/ERROR] [net.minecraft.Util/]: Entity lategamegolems:lgg_bullet_entity has no attributes
[30Aug2025 20:26:39.685] [main/ERROR] [net.minecraft.Util/]: Entity lategamegolems:lgg_plasma_entity has no attributes
[30Aug2025 20:26:39.686] [main/ERROR] [net.minecraft.Util/]: Entity lategamegolems:lgg_flame_entity has no attributes
[30Aug2025 20:26:39.686] [main/ERROR] [net.minecraft.Util/]: Entity lategamegolems:lgg_bullet_entity has no attributes
[30Aug2025 20:26:39.686] [main/ERROR] [net.minecraft.Util/]: Entity lategamegolems:lgg_plasma_entity has no attributes
[30Aug2025 20:26:39.686] [main/ERROR] [net.minecraft.Util/]: Entity lategamegolems:lgg_flame_entity has no attributes
[30Aug2025 20:26:39.686] [main/ERROR] [net.minecraft.Util/]: Entity lategamegolems:lgg_bullet_entity has no attributes
[30Aug2025 20:26:39.686] [main/ERROR] [net.minecraft.Util/]: Entity lategamegolems:lgg_plasma_entity has no attributes
[30Aug2025 20:26:39.686] [main/ERROR] [net.minecraft.Util/]: Entity lategamegolems:lgg_flame_entity has no attributes
[30Aug2025 20:26:39.686] [main/ERROR] [net.minecraft.Util/]: Entity lategamegolems:lgg_bullet_entity has no attributes
[30Aug2025 20:26:39.686] [main/ERROR] [net.minecraft.Util/]: Entity lategamegolems:lgg_plasma_entity has no attributes
[30Aug2025 20:26:39.691] [main/ERROR] [net.minecraft.Util/]: Entity lategamegolems:lgg_flame_entity has no attributes
[30Aug2025 20:26:39.693] [main/ERROR] [net.minecraft.Util/]: Entity lategamegolems:lgg_bullet_entity has no attributes
[30Aug2025 20:26:39.694] [main/ERROR] [net.minecraft.Util/]: Entity lategamegolems:lgg_plasma_entity has no attributes
[30Aug2025 20:26:39.695] [main/ERROR] [net.minecraft.Util/]: Entity lategamegolems:lgg_flame_entity has no attributes
[30Aug2025 20:26:39.695] [main/ERROR] [net.minecraft.Util/]: Entity lategamegolems:lgg_bullet_entity has no attributes
[30Aug2025 20:26:39.696] [main/ERROR] [net.minecraft.Util/]: Entity lategamegolems:lgg_plasma_entity has no attributes
[30Aug2025 20:26:39.697] [main/ERROR] [net.minecraft.Util/]: Entity lategamegolems:lgg_flame_entity has no attributes
[30Aug2025 20:26:39.699] [main/ERROR] [net.minecraft.Util/]: Entity lategamegolems:lgg_bullet_entity has no attributes
[30Aug2025 20:26:39.699] [main/ERROR] [net.minecraft.Util/]: Entity lategamegolems:lgg_plasma_entity has no attributes
[30Aug2025 20:26:39.778] [Forge Version Check/INFO] [net.minecraftforge.fml.VersionChecker/]: [forge] Found status: OUTDATED Current: 47.4.2 Target: 47.4.6
[30Aug2025 20:26:39.779] [Forge Version Check/INFO] [net.minecraftforge.fml.VersionChecker/]: [cofh_core] Starting version check at https://raw.github.com/cofh/version/main/cofh_core/update.json
[30Aug2025 20:26:39.859] [Forge Version Check/INFO] [net.minecraftforge.fml.VersionChecker/]: [cofh_core] Found status: AHEAD Current: 11.0.2 Target: null
[30Aug2025 20:26:39.861] [Forge Version Check/INFO] [net.minecraftforge.fml.VersionChecker/]: [ensorcellation] Starting version check at https://raw.github.com/cofh/version/main/ensorcellation/update.json
[30Aug2025 20:26:39.896] [Forge Version Check/INFO] [net.minecraftforge.fml.VersionChecker/]: [ensorcellation] Found status: AHEAD Current: 5.0.2 Target: null
[30Aug2025 20:26:39.897] [Forge Version Check/INFO] [net.minecraftforge.fml.VersionChecker/]: [aquamirae] Starting version check at https://raw.githubusercontent.com/ObscuriaLithium/Home/main/aquamirae/versions.json
[30Aug2025 20:26:39.912] [Forge Version Check/WARN] [net.minecraftforge.fml.VersionChecker/]: Failed to process update information
com.google.gson.JsonSyntaxException: java.lang.IllegalStateException: Expected BEGIN_OBJECT but was NUMBER at line 1 column 4 path $
	at com.google.gson.Gson.fromJson(Gson.java:1226) ~[gson-2.10.jar%2372!/:?]
	at com.google.gson.Gson.fromJson(Gson.java:1124) ~[gson-2.10.jar%2372!/:?]
	at com.google.gson.Gson.fromJson(Gson.java:1034) ~[gson-2.10.jar%2372!/:?]
	at com.google.gson.Gson.fromJson(Gson.java:969) ~[gson-2.10.jar%2372!/:?]
	at net.minecraftforge.fml.VersionChecker$1.process(VersionChecker.java:186) ~[fmlcore-1.20.1-47.4.2.jar%23302!/:?]
	at java.lang.Iterable.forEach(Iterable.java:75) ~[?:?]
	at net.minecraftforge.fml.VersionChecker$1.run(VersionChecker.java:117) ~[fmlcore-1.20.1-47.4.2.jar%23302!/:?]
Caused by: java.lang.IllegalStateException: Expected BEGIN_OBJECT but was NUMBER at line 1 column 4 path $
	at com.google.gson.stream.JsonReader.beginObject(JsonReader.java:393) ~[gson-2.10.jar%2372!/:?]
	at com.google.gson.internal.bind.MapTypeAdapterFactory$Adapter.read(MapTypeAdapterFactory.java:182) ~[gson-2.10.jar%2372!/:?]
	at com.google.gson.internal.bind.MapTypeAdapterFactory$Adapter.read(MapTypeAdapterFactory.java:144) ~[gson-2.10.jar%2372!/:?]
	at com.google.gson.Gson.fromJson(Gson.java:1214) ~[gson-2.10.jar%2372!/:?]
	... 6 more
[30Aug2025 20:26:43.686] [main/INFO] [com.mojang.authlib.yggdrasil.YggdrasilAuthenticationService/]: Environment: authHost='https://authserver.mojang.com', accountsHost='https://api.mojang.com', sessionHost='https://sessionserver.mojang.com', servicesHost='https://api.minecraftservices.com', name='PROD'
[30Aug2025 20:26:44.088] [main/ERROR] [net.minecraft.Util/]: Entity lategamegolems:lgg_flame_entity has no attributes
[30Aug2025 20:26:44.089] [main/ERROR] [net.minecraft.Util/]: Entity lategamegolems:lgg_bullet_entity has no attributes
[30Aug2025 20:26:44.090] [main/ERROR] [net.minecraft.Util/]: Entity lategamegolems:lgg_plasma_entity has no attributes
[30Aug2025 20:26:44.090] [main/ERROR] [net.minecraft.Util/]: Entity lategamegolems:lgg_flame_entity has no attributes
[30Aug2025 20:26:44.091] [main/ERROR] [net.minecraft.Util/]: Entity lategamegolems:lgg_bullet_entity has no attributes
[30Aug2025 20:26:44.091] [main/ERROR] [net.minecraft.Util/]: Entity lategamegolems:lgg_plasma_entity has no attributes
[30Aug2025 20:26:44.091] [main/ERROR] [net.minecraft.Util/]: Entity lategamegolems:lgg_flame_entity has no attributes
[30Aug2025 20:26:44.092] [main/ERROR] [net.minecraft.Util/]: Entity lategamegolems:lgg_bullet_entity has no attributes
[30Aug2025 20:26:44.092] [main/ERROR] [net.minecraft.Util/]: Entity lategamegolems:lgg_plasma_entity has no attributes
[30Aug2025 20:26:44.092] [main/ERROR] [net.minecraft.Util/]: Entity lategamegolems:lgg_flame_entity has no attributes
[30Aug2025 20:26:44.093] [main/ERROR] [net.minecraft.Util/]: Entity lategamegolems:lgg_bullet_entity has no attributes
[30Aug2025 20:26:44.093] [main/ERROR] [net.minecraft.Util/]: Entity lategamegolems:lgg_plasma_entity has no attributes
[30Aug2025 20:26:44.093] [main/ERROR] [net.minecraft.Util/]: Entity lategamegolems:lgg_flame_entity has no attributes
[30Aug2025 20:26:44.094] [main/ERROR] [net.minecraft.Util/]: Entity lategamegolems:lgg_bullet_entity has no attributes
[30Aug2025 20:26:44.094] [main/ERROR] [net.minecraft.Util/]: Entity lategamegolems:lgg_plasma_entity has no attributes
[30Aug2025 20:26:44.095] [main/ERROR] [net.minecraft.Util/]: Entity lategamegolems:lgg_flame_entity has no attributes
[30Aug2025 20:26:44.095] [main/ERROR] [net.minecraft.Util/]: Entity lategamegolems:lgg_bullet_entity has no attributes
[30Aug2025 20:26:44.096] [main/ERROR] [net.minecraft.Util/]: Entity lategamegolems:lgg_plasma_entity has no attributes
[30Aug2025 20:26:44.098] [main/ERROR] [net.minecraft.Util/]: Entity lategamegolems:lgg_flame_entity has no attributes
[30Aug2025 20:26:44.098] [main/ERROR] [net.minecraft.Util/]: Entity lategamegolems:lgg_bullet_entity has no attributes
[30Aug2025 20:26:44.098] [main/ERROR] [net.minecraft.Util/]: Entity lategamegolems:lgg_plasma_entity has no attributes
[30Aug2025 20:26:44.099] [main/ERROR] [net.minecraft.Util/]: Entity lategamegolems:lgg_flame_entity has no attributes
[30Aug2025 20:26:44.100] [main/ERROR] [net.minecraft.Util/]: Entity lategamegolems:lgg_bullet_entity has no attributes
[30Aug2025 20:26:44.100] [main/ERROR] [net.minecraft.Util/]: Entity lategamegolems:lgg_plasma_entity has no attributes
[30Aug2025 20:26:44.100] [main/ERROR] [net.minecraft.Util/]: Entity lategamegolems:lgg_flame_entity has no attributes
[30Aug2025 20:26:44.100] [main/ERROR] [net.minecraft.Util/]: Entity lategamegolems:lgg_bullet_entity has no attributes
[30Aug2025 20:26:44.102] [main/ERROR] [net.minecraft.Util/]: Entity lategamegolems:lgg_plasma_entity has no attributes
[30Aug2025 20:26:44.103] [main/ERROR] [net.minecraft.Util/]: Entity lategamegolems:lgg_flame_entity has no attributes
[30Aug2025 20:26:44.103] [main/ERROR] [net.minecraft.Util/]: Entity lategamegolems:lgg_bullet_entity has no attributes
[30Aug2025 20:26:44.104] [main/ERROR] [net.minecraft.Util/]: Entity lategamegolems:lgg_plasma_entity has no attributes
[30Aug2025 20:26:44.104] [main/ERROR] [net.minecraft.Util/]: Entity lategamegolems:lgg_flame_entity has no attributes
[30Aug2025 20:26:44.104] [main/ERROR] [net.minecraft.Util/]: Entity lategamegolems:lgg_bullet_entity has no attributes
[30Aug2025 20:26:44.104] [main/ERROR] [net.minecraft.Util/]: Entity lategamegolems:lgg_plasma_entity has no attributes
[30Aug2025 20:26:44.105] [main/ERROR] [net.minecraft.Util/]: Entity lategamegolems:lgg_flame_entity has no attributes
[30Aug2025 20:26:44.105] [main/ERROR] [net.minecraft.Util/]: Entity lategamegolems:lgg_bullet_entity has no attributes
[30Aug2025 20:26:44.105] [main/ERROR] [net.minecraft.Util/]: Entity lategamegolems:lgg_plasma_entity has no attributes
[30Aug2025 20:26:44.105] [main/ERROR] [net.minecraft.Util/]: Entity lategamegolems:lgg_flame_entity has no attributes
[30Aug2025 20:26:44.106] [main/ERROR] [net.minecraft.Util/]: Entity lategamegolems:lgg_bullet_entity has no attributes
[30Aug2025 20:26:44.106] [main/ERROR] [net.minecraft.Util/]: Entity lategamegolems:lgg_plasma_entity has no attributes
[30Aug2025 20:26:44.107] [main/ERROR] [net.minecraft.Util/]: Entity lategamegolems:lgg_flame_entity has no attributes
[30Aug2025 20:26:44.107] [main/ERROR] [net.minecraft.Util/]: Entity lategamegolems:lgg_bullet_entity has no attributes
[30Aug2025 20:26:44.108] [main/ERROR] [net.minecraft.Util/]: Entity lategamegolems:lgg_plasma_entity has no attributes
[30Aug2025 20:26:44.110] [main/ERROR] [net.minecraft.Util/]: Entity lategamegolems:lgg_flame_entity has no attributes
[30Aug2025 20:26:44.110] [main/ERROR] [net.minecraft.Util/]: Entity lategamegolems:lgg_bullet_entity has no attributes
[30Aug2025 20:26:44.110] [main/ERROR] [net.minecraft.Util/]: Entity lategamegolems:lgg_plasma_entity has no attributes
[30Aug2025 20:26:44.111] [main/ERROR] [net.minecraft.Util/]: Entity lategamegolems:lgg_flame_entity has no attributes
[30Aug2025 20:26:44.111] [main/ERROR] [net.minecraft.Util/]: Entity lategamegolems:lgg_bullet_entity has no attributes
[30Aug2025 20:26:44.111] [main/ERROR] [net.minecraft.Util/]: Entity lategamegolems:lgg_plasma_entity has no attributes
[30Aug2025 20:26:44.112] [main/ERROR] [net.minecraft.Util/]: Entity lategamegolems:lgg_flame_entity has no attributes
[30Aug2025 20:26:44.112] [main/ERROR] [net.minecraft.Util/]: Entity lategamegolems:lgg_bullet_entity has no attributes
[30Aug2025 20:26:44.112] [main/ERROR] [net.minecraft.Util/]: Entity lategamegolems:lgg_plasma_entity has no attributes
[30Aug2025 20:26:44.113] [main/ERROR] [net.minecraft.Util/]: Entity lategamegolems:lgg_flame_entity has no attributes
[30Aug2025 20:26:44.113] [main/ERROR] [net.minecraft.Util/]: Entity lategamegolems:lgg_bullet_entity has no attributes
[30Aug2025 20:26:44.113] [main/ERROR] [net.minecraft.Util/]: Entity lategamegolems:lgg_plasma_entity has no attributes
[30Aug2025 20:26:44.113] [main/ERROR] [net.minecraft.Util/]: Entity lategamegolems:lgg_flame_entity has no attributes
[30Aug2025 20:26:44.113] [main/ERROR] [net.minecraft.Util/]: Entity lategamegolems:lgg_bullet_entity has no attributes
[30Aug2025 20:26:44.113] [main/ERROR] [net.minecraft.Util/]: Entity lategamegolems:lgg_plasma_entity has no attributes
[30Aug2025 20:26:44.113] [main/ERROR] [net.minecraft.Util/]: Entity lategamegolems:lgg_flame_entity has no attributes
[30Aug2025 20:26:44.114] [main/ERROR] [net.minecraft.Util/]: Entity lategamegolems:lgg_bullet_entity has no attributes
[30Aug2025 20:26:44.114] [main/ERROR] [net.minecraft.Util/]: Entity lategamegolems:lgg_plasma_entity has no attributes
[30Aug2025 20:26:44.114] [main/ERROR] [net.minecraft.Util/]: Entity lategamegolems:lgg_flame_entity has no attributes
[30Aug2025 20:26:44.114] [main/ERROR] [net.minecraft.Util/]: Entity lategamegolems:lgg_bullet_entity has no attributes
[30Aug2025 20:26:44.114] [main/ERROR] [net.minecraft.Util/]: Entity lategamegolems:lgg_plasma_entity has no attributes
[30Aug2025 20:26:44.115] [main/ERROR] [net.minecraft.Util/]: Entity lategamegolems:lgg_flame_entity has no attributes
[30Aug2025 20:26:44.115] [main/ERROR] [net.minecraft.Util/]: Entity lategamegolems:lgg_bullet_entity has no attributes
[30Aug2025 20:26:44.115] [main/ERROR] [net.minecraft.Util/]: Entity lategamegolems:lgg_plasma_entity has no attributes
[30Aug2025 20:26:44.115] [main/ERROR] [net.minecraft.Util/]: Entity lategamegolems:lgg_flame_entity has no attributes
[30Aug2025 20:26:44.116] [main/ERROR] [net.minecraft.Util/]: Entity lategamegolems:lgg_bullet_entity has no attributes
[30Aug2025 20:26:44.116] [main/ERROR] [net.minecraft.Util/]: Entity lategamegolems:lgg_plasma_entity has no attributes
[30Aug2025 20:26:44.116] [main/ERROR] [net.minecraft.Util/]: Entity lategamegolems:lgg_flame_entity has no attributes
[30Aug2025 20:26:44.116] [main/ERROR] [net.minecraft.Util/]: Entity lategamegolems:lgg_bullet_entity has no attributes
[30Aug2025 20:26:44.117] [main/ERROR] [net.minecraft.Util/]: Entity lategamegolems:lgg_plasma_entity has no attributes
[30Aug2025 20:26:44.118] [main/ERROR] [net.minecraft.Util/]: Entity lategamegolems:lgg_flame_entity has no attributes
[30Aug2025 20:26:44.119] [main/ERROR] [net.minecraft.Util/]: Entity lategamegolems:lgg_bullet_entity has no attributes
[30Aug2025 20:26:44.120] [main/ERROR] [net.minecraft.Util/]: Entity lategamegolems:lgg_plasma_entity has no attributes
[30Aug2025 20:26:44.120] [main/ERROR] [net.minecraft.Util/]: Entity lategamegolems:lgg_flame_entity has no attributes
[30Aug2025 20:26:44.121] [main/ERROR] [net.minecraft.Util/]: Entity lategamegolems:lgg_bullet_entity has no attributes
[30Aug2025 20:26:44.121] [main/ERROR] [net.minecraft.Util/]: Entity lategamegolems:lgg_plasma_entity has no attributes
[30Aug2025 20:26:44.121] [main/ERROR] [net.minecraft.Util/]: Entity lategamegolems:lgg_flame_entity has no attributes
[30Aug2025 20:26:44.121] [main/ERROR] [net.minecraft.Util/]: Entity lategamegolems:lgg_bullet_entity has no attributes
[30Aug2025 20:26:44.121] [main/ERROR] [net.minecraft.Util/]: Entity lategamegolems:lgg_plasma_entity has no attributes
[30Aug2025 20:26:44.122] [main/ERROR] [net.minecraft.Util/]: Entity lategamegolems:lgg_flame_entity has no attributes
[30Aug2025 20:26:44.126] [main/ERROR] [net.minecraft.Util/]: Entity lategamegolems:lgg_bullet_entity has no attributes
[30Aug2025 20:26:44.127] [main/ERROR] [net.minecraft.Util/]: Entity lategamegolems:lgg_plasma_entity has no attributes
[30Aug2025 20:26:44.127] [main/ERROR] [net.minecraft.Util/]: Entity lategamegolems:lgg_flame_entity has no attributes
[30Aug2025 20:26:44.127] [main/ERROR] [net.minecraft.Util/]: Entity lategamegolems:lgg_bullet_entity has no attributes
[30Aug2025 20:26:44.127] [main/ERROR] [net.minecraft.Util/]: Entity lategamegolems:lgg_plasma_entity has no attributes
[30Aug2025 20:26:44.127] [main/ERROR] [net.minecraft.Util/]: Entity lategamegolems:lgg_flame_entity has no attributes
[30Aug2025 20:26:44.128] [main/ERROR] [net.minecraft.Util/]: Entity lategamegolems:lgg_bullet_entity has no attributes
[30Aug2025 20:26:44.128] [main/ERROR] [net.minecraft.Util/]: Entity lategamegolems:lgg_plasma_entity has no attributes
[30Aug2025 20:26:44.128] [main/ERROR] [net.minecraft.Util/]: Entity lategamegolems:lgg_flame_entity has no attributes
[30Aug2025 20:26:44.129] [main/ERROR] [net.minecraft.Util/]: Entity lategamegolems:lgg_bullet_entity has no attributes
[30Aug2025 20:26:44.131] [main/ERROR] [net.minecraft.Util/]: Entity lategamegolems:lgg_plasma_entity has no attributes
[30Aug2025 20:26:44.132] [main/ERROR] [net.minecraft.Util/]: Entity lategamegolems:lgg_flame_entity has no attributes
[30Aug2025 20:26:44.132] [main/ERROR] [net.minecraft.Util/]: Entity lategamegolems:lgg_bullet_entity has no attributes
[30Aug2025 20:26:44.132] [main/ERROR] [net.minecraft.Util/]: Entity lategamegolems:lgg_plasma_entity has no attributes
[30Aug2025 20:26:44.132] [main/ERROR] [net.minecraft.Util/]: Entity lategamegolems:lgg_flame_entity has no attributes
[30Aug2025 20:26:44.133] [main/ERROR] [net.minecraft.Util/]: Entity lategamegolems:lgg_bullet_entity has no attributes
[30Aug2025 20:26:44.133] [main/ERROR] [net.minecraft.Util/]: Entity lategamegolems:lgg_plasma_entity has no attributes
[30Aug2025 20:26:44.133] [main/ERROR] [net.minecraft.Util/]: Entity lategamegolems:lgg_flame_entity has no attributes
[30Aug2025 20:26:44.134] [main/ERROR] [net.minecraft.Util/]: Entity lategamegolems:lgg_bullet_entity has no attributes
[30Aug2025 20:26:44.134] [main/ERROR] [net.minecraft.Util/]: Entity lategamegolems:lgg_plasma_entity has no attributes
[30Aug2025 20:26:44.136] [main/ERROR] [net.minecraft.Util/]: Entity lategamegolems:lgg_flame_entity has no attributes
[30Aug2025 20:26:44.137] [main/ERROR] [net.minecraft.Util/]: Entity lategamegolems:lgg_bullet_entity has no attributes
[30Aug2025 20:26:44.137] [main/ERROR] [net.minecraft.Util/]: Entity lategamegolems:lgg_plasma_entity has no attributes
[30Aug2025 20:26:44.137] [main/ERROR] [net.minecraft.Util/]: Entity lategamegolems:lgg_flame_entity has no attributes
[30Aug2025 20:26:44.137] [main/ERROR] [net.minecraft.Util/]: Entity lategamegolems:lgg_bullet_entity has no attributes
[30Aug2025 20:26:44.138] [main/ERROR] [net.minecraft.Util/]: Entity lategamegolems:lgg_plasma_entity has no attributes
[30Aug2025 20:26:44.138] [main/ERROR] [net.minecraft.Util/]: Entity lategamegolems:lgg_flame_entity has no attributes
[30Aug2025 20:26:44.139] [main/ERROR] [net.minecraft.Util/]: Entity lategamegolems:lgg_bullet_entity has no attributes
[30Aug2025 20:26:44.139] [main/ERROR] [net.minecraft.Util/]: Entity lategamegolems:lgg_plasma_entity has no attributes
[30Aug2025 20:26:44.140] [main/ERROR] [net.minecraft.Util/]: Entity lategamegolems:lgg_flame_entity has no attributes
[30Aug2025 20:26:44.141] [main/ERROR] [net.minecraft.Util/]: Entity lategamegolems:lgg_bullet_entity has no attributes
[30Aug2025 20:26:44.141] [main/ERROR] [net.minecraft.Util/]: Entity lategamegolems:lgg_plasma_entity has no attributes
[30Aug2025 20:26:44.142] [main/ERROR] [net.minecraft.Util/]: Entity lategamegolems:lgg_flame_entity has no attributes
[30Aug2025 20:26:44.142] [main/ERROR] [net.minecraft.Util/]: Entity lategamegolems:lgg_bullet_entity has no attributes
[30Aug2025 20:26:44.142] [main/ERROR] [net.minecraft.Util/]: Entity lategamegolems:lgg_plasma_entity has no attributes
[30Aug2025 20:26:44.143] [main/ERROR] [net.minecraft.Util/]: Entity lategamegolems:lgg_flame_entity has no attributes
[30Aug2025 20:26:44.143] [main/ERROR] [net.minecraft.Util/]: Entity lategamegolems:lgg_bullet_entity has no attributes
[30Aug2025 20:26:44.144] [main/ERROR] [net.minecraft.Util/]: Entity lategamegolems:lgg_plasma_entity has no attributes
[30Aug2025 20:26:44.144] [main/ERROR] [net.minecraft.Util/]: Entity lategamegolems:lgg_flame_entity has no attributes
[30Aug2025 20:26:44.145] [main/ERROR] [net.minecraft.Util/]: Entity lategamegolems:lgg_bullet_entity has no attributes
[30Aug2025 20:26:44.145] [main/ERROR] [net.minecraft.Util/]: Entity lategamegolems:lgg_plasma_entity has no attributes
[30Aug2025 20:26:44.146] [main/ERROR] [net.minecraft.Util/]: Entity lategamegolems:lgg_flame_entity has no attributes
[30Aug2025 20:26:44.146] [main/ERROR] [net.minecraft.Util/]: Entity lategamegolems:lgg_bullet_entity has no attributes
[30Aug2025 20:26:44.147] [main/ERROR] [net.minecraft.Util/]: Entity lategamegolems:lgg_plasma_entity has no attributes
[30Aug2025 20:26:44.147] [main/ERROR] [net.minecraft.Util/]: Entity lategamegolems:lgg_flame_entity has no attributes
[30Aug2025 20:26:44.148] [main/ERROR] [net.minecraft.Util/]: Entity lategamegolems:lgg_bullet_entity has no attributes
[30Aug2025 20:26:44.148] [main/ERROR] [net.minecraft.Util/]: Entity lategamegolems:lgg_plasma_entity has no attributes
[30Aug2025 20:26:44.148] [main/ERROR] [net.minecraft.Util/]: Entity lategamegolems:lgg_flame_entity has no attributes
[30Aug2025 20:26:44.149] [main/ERROR] [net.minecraft.Util/]: Entity lategamegolems:lgg_bullet_entity has no attributes
[30Aug2025 20:26:44.150] [main/ERROR] [net.minecraft.Util/]: Entity lategamegolems:lgg_plasma_entity has no attributes
[30Aug2025 20:26:44.150] [main/ERROR] [net.minecraft.Util/]: Entity lategamegolems:lgg_flame_entity has no attributes
[30Aug2025 20:26:44.151] [main/ERROR] [net.minecraft.Util/]: Entity lategamegolems:lgg_bullet_entity has no attributes
[30Aug2025 20:26:44.151] [main/ERROR] [net.minecraft.Util/]: Entity lategamegolems:lgg_plasma_entity has no attributes
[30Aug2025 20:26:44.152] [main/ERROR] [net.minecraft.Util/]: Entity lategamegolems:lgg_flame_entity has no attributes
[30Aug2025 20:26:44.153] [main/ERROR] [net.minecraft.Util/]: Entity lategamegolems:lgg_bullet_entity has no attributes
[30Aug2025 20:26:44.153] [main/ERROR] [net.minecraft.Util/]: Entity lategamegolems:lgg_plasma_entity has no attributes
[30Aug2025 20:26:44.154] [main/ERROR] [net.minecraft.Util/]: Entity lategamegolems:lgg_flame_entity has no attributes
[30Aug2025 20:26:44.157] [main/ERROR] [net.minecraft.Util/]: Entity lategamegolems:lgg_bullet_entity has no attributes
[30Aug2025 20:26:44.157] [main/ERROR] [net.minecraft.Util/]: Entity lategamegolems:lgg_plasma_entity has no attributes
[30Aug2025 20:26:44.157] [main/ERROR] [net.minecraft.Util/]: Entity lategamegolems:lgg_flame_entity has no attributes
[30Aug2025 20:26:44.157] [main/ERROR] [net.minecraft.Util/]: Entity lategamegolems:lgg_bullet_entity has no attributes
[30Aug2025 20:26:44.158] [main/ERROR] [net.minecraft.Util/]: Entity lategamegolems:lgg_plasma_entity has no attributes
[30Aug2025 20:26:44.158] [main/ERROR] [net.minecraft.Util/]: Entity lategamegolems:lgg_flame_entity has no attributes
[30Aug2025 20:26:44.161] [main/ERROR] [net.minecraft.Util/]: Entity lategamegolems:lgg_bullet_entity has no attributes
[30Aug2025 20:26:44.161] [main/ERROR] [net.minecraft.Util/]: Entity lategamegolems:lgg_plasma_entity has no attributes
[30Aug2025 20:26:44.161] [main/ERROR] [net.minecraft.Util/]: Entity lategamegolems:lgg_flame_entity has no attributes
[30Aug2025 20:26:44.163] [main/ERROR] [net.minecraft.Util/]: Entity lategamegolems:lgg_bullet_entity has no attributes
[30Aug2025 20:26:44.163] [main/ERROR] [net.minecraft.Util/]: Entity lategamegolems:lgg_plasma_entity has no attributes
[30Aug2025 20:26:44.165] [main/ERROR] [net.minecraft.Util/]: Entity lategamegolems:lgg_flame_entity has no attributes
[30Aug2025 20:26:44.166] [main/ERROR] [net.minecraft.Util/]: Entity lategamegolems:lgg_bullet_entity has no attributes
[30Aug2025 20:26:44.166] [main/ERROR] [net.minecraft.Util/]: Entity lategamegolems:lgg_plasma_entity has no attributes
[30Aug2025 20:26:44.167] [main/ERROR] [net.minecraft.Util/]: Entity lategamegolems:lgg_flame_entity has no attributes
[30Aug2025 20:26:44.167] [main/ERROR] [net.minecraft.Util/]: Entity lategamegolems:lgg_bullet_entity has no attributes
[30Aug2025 20:26:44.168] [main/ERROR] [net.minecraft.Util/]: Entity lategamegolems:lgg_plasma_entity has no attributes
[30Aug2025 20:26:44.168] [main/ERROR] [net.minecraft.Util/]: Entity lategamegolems:lgg_flame_entity has no attributes
[30Aug2025 20:26:44.170] [main/ERROR] [net.minecraft.Util/]: Entity lategamegolems:lgg_bullet_entity has no attributes
[30Aug2025 20:26:44.170] [main/ERROR] [net.minecraft.Util/]: Entity lategamegolems:lgg_plasma_entity has no attributes
[30Aug2025 20:26:44.170] [main/ERROR] [net.minecraft.Util/]: Entity lategamegolems:lgg_flame_entity has no attributes
[30Aug2025 20:26:44.171] [main/ERROR] [net.minecraft.Util/]: Entity lategamegolems:lgg_bullet_entity has no attributes
[30Aug2025 20:26:44.172] [main/ERROR] [net.minecraft.Util/]: Entity lategamegolems:lgg_plasma_entity has no attributes
[30Aug2025 20:26:44.174] [main/ERROR] [net.minecraft.Util/]: Entity lategamegolems:lgg_flame_entity has no attributes
[30Aug2025 20:26:44.174] [main/ERROR] [net.minecraft.Util/]: Entity lategamegolems:lgg_bullet_entity has no attributes
[30Aug2025 20:26:44.175] [main/ERROR] [net.minecraft.Util/]: Entity lategamegolems:lgg_plasma_entity has no attributes
[30Aug2025 20:26:44.175] [main/ERROR] [net.minecraft.Util/]: Entity lategamegolems:lgg_flame_entity has no attributes
[30Aug2025 20:26:44.176] [main/ERROR] [net.minecraft.Util/]: Entity lategamegolems:lgg_bullet_entity has no attributes
[30Aug2025 20:26:44.176] [main/ERROR] [net.minecraft.Util/]: Entity lategamegolems:lgg_plasma_entity has no attributes
[30Aug2025 20:26:44.177] [main/ERROR] [net.minecraft.Util/]: Entity lategamegolems:lgg_flame_entity has no attributes
[30Aug2025 20:26:44.178] [main/ERROR] [net.minecraft.Util/]: Entity lategamegolems:lgg_bullet_entity has no attributes
[30Aug2025 20:26:44.178] [main/ERROR] [net.minecraft.Util/]: Entity lategamegolems:lgg_plasma_entity has no attributes
[30Aug2025 20:26:44.178] [main/ERROR] [net.minecraft.Util/]: Entity lategamegolems:lgg_flame_entity has no attributes
[30Aug2025 20:26:44.179] [main/ERROR] [net.minecraft.Util/]: Entity lategamegolems:lgg_bullet_entity has no attributes
[30Aug2025 20:26:44.179] [main/ERROR] [net.minecraft.Util/]: Entity lategamegolems:lgg_plasma_entity has no attributes
[30Aug2025 20:26:44.180] [main/ERROR] [net.minecraft.Util/]: Entity lategamegolems:lgg_flame_entity has no attributes
[30Aug2025 20:26:44.181] [main/ERROR] [net.minecraft.Util/]: Entity lategamegolems:lgg_bullet_entity has no attributes
[30Aug2025 20:26:44.181] [main/ERROR] [net.minecraft.Util/]: Entity lategamegolems:lgg_plasma_entity has no attributes
[30Aug2025 20:26:44.182] [main/ERROR] [net.minecraft.Util/]: Entity lategamegolems:lgg_flame_entity has no attributes
[30Aug2025 20:26:44.182] [main/ERROR] [net.minecraft.Util/]: Entity lategamegolems:lgg_bullet_entity has no attributes
[30Aug2025 20:26:44.183] [main/ERROR] [net.minecraft.Util/]: Entity lategamegolems:lgg_plasma_entity has no attributes
[30Aug2025 20:26:44.183] [main/ERROR] [net.minecraft.Util/]: Entity lategamegolems:lgg_flame_entity has no attributes
[30Aug2025 20:26:44.183] [main/ERROR] [net.minecraft.Util/]: Entity lategamegolems:lgg_bullet_entity has no attributes
[30Aug2025 20:26:44.184] [main/ERROR] [net.minecraft.Util/]: Entity lategamegolems:lgg_plasma_entity has no attributes
[30Aug2025 20:26:44.184] [main/ERROR] [net.minecraft.Util/]: Entity lategamegolems:lgg_flame_entity has no attributes
[30Aug2025 20:26:44.185] [main/ERROR] [net.minecraft.Util/]: Entity lategamegolems:lgg_bullet_entity has no attributes
[30Aug2025 20:26:44.185] [main/ERROR] [net.minecraft.Util/]: Entity lategamegolems:lgg_plasma_entity has no attributes
[30Aug2025 20:26:44.186] [main/ERROR] [net.minecraft.Util/]: Entity lategamegolems:lgg_flame_entity has no attributes
[30Aug2025 20:26:44.186] [main/ERROR] [net.minecraft.Util/]: Entity lategamegolems:lgg_bullet_entity has no attributes
[30Aug2025 20:26:44.187] [main/ERROR] [net.minecraft.Util/]: Entity lategamegolems:lgg_plasma_entity has no attributes
[30Aug2025 20:26:44.187] [main/ERROR] [net.minecraft.Util/]: Entity lategamegolems:lgg_flame_entity has no attributes
[30Aug2025 20:26:44.188] [main/ERROR] [net.minecraft.Util/]: Entity lategamegolems:lgg_bullet_entity has no attributes
[30Aug2025 20:26:44.188] [main/ERROR] [net.minecraft.Util/]: Entity lategamegolems:lgg_plasma_entity has no attributes
[30Aug2025 20:26:44.189] [main/ERROR] [net.minecraft.Util/]: Entity lategamegolems:lgg_flame_entity has no attributes
[30Aug2025 20:26:44.189] [main/ERROR] [net.minecraft.Util/]: Entity lategamegolems:lgg_bullet_entity has no attributes
[30Aug2025 20:26:44.189] [main/ERROR] [net.minecraft.Util/]: Entity lategamegolems:lgg_plasma_entity has no attributes
[30Aug2025 20:26:44.190] [main/ERROR] [net.minecraft.Util/]: Entity lategamegolems:lgg_flame_entity has no attributes
[30Aug2025 20:26:44.190] [main/ERROR] [net.minecraft.Util/]: Entity lategamegolems:lgg_bullet_entity has no attributes
[30Aug2025 20:26:44.190] [main/ERROR] [net.minecraft.Util/]: Entity lategamegolems:lgg_plasma_entity has no attributes
[30Aug2025 20:26:44.191] [main/ERROR] [net.minecraft.Util/]: Entity lategamegolems:lgg_flame_entity has no attributes
[30Aug2025 20:26:44.192] [main/ERROR] [net.minecraft.Util/]: Entity lategamegolems:lgg_bullet_entity has no attributes
[30Aug2025 20:26:44.192] [main/ERROR] [net.minecraft.Util/]: Entity lategamegolems:lgg_plasma_entity has no attributes
[30Aug2025 20:26:44.193] [main/ERROR] [net.minecraft.Util/]: Entity lategamegolems:lgg_flame_entity has no attributes
[30Aug2025 20:26:44.194] [main/ERROR] [net.minecraft.Util/]: Entity lategamegolems:lgg_bullet_entity has no attributes
[30Aug2025 20:26:44.194] [main/ERROR] [net.minecraft.Util/]: Entity lategamegolems:lgg_plasma_entity has no attributes
[30Aug2025 20:26:44.195] [main/ERROR] [net.minecraft.Util/]: Entity lategamegolems:lgg_flame_entity has no attributes
[30Aug2025 20:26:44.195] [main/ERROR] [net.minecraft.Util/]: Entity lategamegolems:lgg_bullet_entity has no attributes
[30Aug2025 20:26:44.195] [main/ERROR] [net.minecraft.Util/]: Entity lategamegolems:lgg_plasma_entity has no attributes
[30Aug2025 20:26:44.196] [main/ERROR] [net.minecraft.Util/]: Entity lategamegolems:lgg_flame_entity has no attributes
[30Aug2025 20:26:44.196] [main/ERROR] [net.minecraft.Util/]: Entity lategamegolems:lgg_bullet_entity has no attributes
[30Aug2025 20:26:44.197] [main/ERROR] [net.minecraft.Util/]: Entity lategamegolems:lgg_plasma_entity has no attributes
[30Aug2025 20:26:44.197] [main/ERROR] [net.minecraft.Util/]: Entity lategamegolems:lgg_flame_entity has no attributes
[30Aug2025 20:26:44.198] [main/ERROR] [net.minecraft.Util/]: Entity lategamegolems:lgg_bullet_entity has no attributes
[30Aug2025 20:26:44.198] [main/ERROR] [net.minecraft.Util/]: Entity lategamegolems:lgg_plasma_entity has no attributes
[30Aug2025 20:26:44.199] [main/ERROR] [net.minecraft.Util/]: Entity lategamegolems:lgg_flame_entity has no attributes
[30Aug2025 20:26:44.199] [main/ERROR] [net.minecraft.Util/]: Entity lategamegolems:lgg_bullet_entity has no attributes
[30Aug2025 20:26:44.199] [main/ERROR] [net.minecraft.Util/]: Entity lategamegolems:lgg_plasma_entity has no attributes
[30Aug2025 20:26:44.200] [main/ERROR] [net.minecraft.Util/]: Entity lategamegolems:lgg_flame_entity has no attributes
[30Aug2025 20:26:44.200] [main/ERROR] [net.minecraft.Util/]: Entity lategamegolems:lgg_bullet_entity has no attributes
[30Aug2025 20:26:44.201] [main/ERROR] [net.minecraft.Util/]: Entity lategamegolems:lgg_plasma_entity has no attributes
[30Aug2025 20:26:44.312] [main/ERROR] [net.minecraft.Util/]: Entity lategamegolems:lgg_flame_entity has no attributes
[30Aug2025 20:26:44.312] [main/ERROR] [net.minecraft.Util/]: Entity lategamegolems:lgg_bullet_entity has no attributes
[30Aug2025 20:26:44.312] [main/ERROR] [net.minecraft.Util/]: Entity lategamegolems:lgg_plasma_entity has no attributes
[30Aug2025 20:26:44.313] [main/ERROR] [net.minecraft.Util/]: Entity lategamegolems:lgg_flame_entity has no attributes
[30Aug2025 20:26:44.313] [main/ERROR] [net.minecraft.Util/]: Entity lategamegolems:lgg_bullet_entity has no attributes
[30Aug2025 20:26:44.313] [main/ERROR] [net.minecraft.Util/]: Entity lategamegolems:lgg_plasma_entity has no attributes
[30Aug2025 20:26:44.313] [main/ERROR] [net.minecraft.Util/]: Entity lategamegolems:lgg_flame_entity has no attributes
[30Aug2025 20:26:44.314] [main/ERROR] [net.minecraft.Util/]: Entity lategamegolems:lgg_bullet_entity has no attributes
[30Aug2025 20:26:44.314] [main/ERROR] [net.minecraft.Util/]: Entity lategamegolems:lgg_plasma_entity has no attributes
[30Aug2025 20:26:44.314] [main/ERROR] [net.minecraft.Util/]: Entity lategamegolems:lgg_flame_entity has no attributes
[30Aug2025 20:26:44.314] [main/ERROR] [net.minecraft.Util/]: Entity lategamegolems:lgg_bullet_entity has no attributes
[30Aug2025 20:26:44.315] [main/ERROR] [net.minecraft.Util/]: Entity lategamegolems:lgg_plasma_entity has no attributes
[30Aug2025 20:26:44.315] [main/ERROR] [net.minecraft.Util/]: Entity lategamegolems:lgg_flame_entity has no attributes
[30Aug2025 20:26:44.315] [main/ERROR] [net.minecraft.Util/]: Entity lategamegolems:lgg_bullet_entity has no attributes
[30Aug2025 20:26:44.315] [main/ERROR] [net.minecraft.Util/]: Entity lategamegolems:lgg_plasma_entity has no attributes
[30Aug2025 20:26:44.316] [main/ERROR] [net.minecraft.Util/]: Entity lategamegolems:lgg_flame_entity has no attributes
[30Aug2025 20:26:44.316] [main/ERROR] [net.minecraft.Util/]: Entity lategamegolems:lgg_bullet_entity has no attributes
[30Aug2025 20:26:44.316] [main/ERROR] [net.minecraft.Util/]: Entity lategamegolems:lgg_plasma_entity has no attributes
[30Aug2025 20:26:44.316] [main/ERROR] [net.minecraft.Util/]: Entity lategamegolems:lgg_flame_entity has no attributes
[30Aug2025 20:26:44.316] [main/ERROR] [net.minecraft.Util/]: Entity lategamegolems:lgg_bullet_entity has no attributes
[30Aug2025 20:26:44.317] [main/ERROR] [net.minecraft.Util/]: Entity lategamegolems:lgg_plasma_entity has no attributes
[30Aug2025 20:26:44.317] [main/ERROR] [net.minecraft.Util/]: Entity lategamegolems:lgg_flame_entity has no attributes
[30Aug2025 20:26:44.317] [main/ERROR] [net.minecraft.Util/]: Entity lategamegolems:lgg_bullet_entity has no attributes
[30Aug2025 20:26:44.317] [main/ERROR] [net.minecraft.Util/]: Entity lategamegolems:lgg_plasma_entity has no attributes
[30Aug2025 20:26:44.317] [main/ERROR] [net.minecraft.Util/]: Entity lategamegolems:lgg_flame_entity has no attributes
[30Aug2025 20:26:44.318] [main/ERROR] [net.minecraft.Util/]: Entity lategamegolems:lgg_bullet_entity has no attributes
[30Aug2025 20:26:44.318] [main/ERROR] [net.minecraft.Util/]: Entity lategamegolems:lgg_plasma_entity has no attributes
[30Aug2025 20:26:44.318] [main/ERROR] [net.minecraft.Util/]: Entity lategamegolems:lgg_flame_entity has no attributes
[30Aug2025 20:26:44.318] [main/ERROR] [net.minecraft.Util/]: Entity lategamegolems:lgg_bullet_entity has no attributes
[30Aug2025 20:26:44.318] [main/ERROR] [net.minecraft.Util/]: Entity lategamegolems:lgg_plasma_entity has no attributes
[30Aug2025 20:26:44.319] [main/ERROR] [net.minecraft.Util/]: Entity lategamegolems:lgg_flame_entity has no attributes
[30Aug2025 20:26:44.319] [main/ERROR] [net.minecraft.Util/]: Entity lategamegolems:lgg_bullet_entity has no attributes
[30Aug2025 20:26:44.319] [main/ERROR] [net.minecraft.Util/]: Entity lategamegolems:lgg_plasma_entity has no attributes
[30Aug2025 20:26:44.319] [main/ERROR] [net.minecraft.Util/]: Entity lategamegolems:lgg_flame_entity has no attributes
[30Aug2025 20:26:44.320] [main/ERROR] [net.minecraft.Util/]: Entity lategamegolems:lgg_bullet_entity has no attributes
[30Aug2025 20:26:44.320] [main/ERROR] [net.minecraft.Util/]: Entity lategamegolems:lgg_plasma_entity has no attributes
[30Aug2025 20:26:44.321] [main/ERROR] [net.minecraft.Util/]: Entity lategamegolems:lgg_flame_entity has no attributes
[30Aug2025 20:26:44.321] [main/ERROR] [net.minecraft.Util/]: Entity lategamegolems:lgg_bullet_entity has no attributes
[30Aug2025 20:26:44.322] [main/ERROR] [net.minecraft.Util/]: Entity lategamegolems:lgg_plasma_entity has no attributes
[30Aug2025 20:26:44.322] [main/ERROR] [net.minecraft.Util/]: Entity lategamegolems:lgg_flame_entity has no attributes
[30Aug2025 20:26:44.322] [main/ERROR] [net.minecraft.Util/]: Entity lategamegolems:lgg_bullet_entity has no attributes
[30Aug2025 20:26:44.322] [main/ERROR] [net.minecraft.Util/]: Entity lategamegolems:lgg_plasma_entity has no attributes
[30Aug2025 20:26:44.322] [main/ERROR] [net.minecraft.Util/]: Entity lategamegolems:lgg_flame_entity has no attributes
[30Aug2025 20:26:44.322] [main/ERROR] [net.minecraft.Util/]: Entity lategamegolems:lgg_bullet_entity has no attributes
[30Aug2025 20:26:44.322] [main/ERROR] [net.minecraft.Util/]: Entity lategamegolems:lgg_plasma_entity has no attributes
[30Aug2025 20:26:44.324] [main/ERROR] [net.minecraft.Util/]: Entity lategamegolems:lgg_flame_entity has no attributes
[30Aug2025 20:26:44.324] [main/ERROR] [net.minecraft.Util/]: Entity lategamegolems:lgg_bullet_entity has no attributes
[30Aug2025 20:26:44.325] [main/ERROR] [net.minecraft.Util/]: Entity lategamegolems:lgg_plasma_entity has no attributes
[30Aug2025 20:26:44.325] [main/ERROR] [net.minecraft.Util/]: Entity lategamegolems:lgg_flame_entity has no attributes
[30Aug2025 20:26:44.325] [main/ERROR] [net.minecraft.Util/]: Entity lategamegolems:lgg_bullet_entity has no attributes
[30Aug2025 20:26:44.325] [main/ERROR] [net.minecraft.Util/]: Entity lategamegolems:lgg_plasma_entity has no attributes
[30Aug2025 20:26:44.325] [main/ERROR] [net.minecraft.Util/]: Entity lategamegolems:lgg_flame_entity has no attributes
[30Aug2025 20:26:44.326] [main/ERROR] [net.minecraft.Util/]: Entity lategamegolems:lgg_bullet_entity has no attributes
[30Aug2025 20:26:44.326] [main/ERROR] [net.minecraft.Util/]: Entity lategamegolems:lgg_plasma_entity has no attributes
[30Aug2025 20:26:44.328] [main/ERROR] [net.minecraft.Util/]: Entity lategamegolems:lgg_flame_entity has no attributes
[30Aug2025 20:26:44.328] [main/ERROR] [net.minecraft.Util/]: Entity lategamegolems:lgg_bullet_entity has no attributes
[30Aug2025 20:26:44.329] [main/ERROR] [net.minecraft.Util/]: Entity lategamegolems:lgg_plasma_entity has no attributes
[30Aug2025 20:26:44.329] [main/ERROR] [net.minecraft.Util/]: Entity lategamegolems:lgg_flame_entity has no attributes
[30Aug2025 20:26:44.329] [main/ERROR] [net.minecraft.Util/]: Entity lategamegolems:lgg_bullet_entity has no attributes
[30Aug2025 20:26:44.330] [main/ERROR] [net.minecraft.Util/]: Entity lategamegolems:lgg_plasma_entity has no attributes
[30Aug2025 20:26:44.330] [main/ERROR] [net.minecraft.Util/]: Entity lategamegolems:lgg_flame_entity has no attributes
[30Aug2025 20:26:44.331] [main/ERROR] [net.minecraft.Util/]: Entity lategamegolems:lgg_bullet_entity has no attributes
[30Aug2025 20:26:44.331] [main/ERROR] [net.minecraft.Util/]: Entity lategamegolems:lgg_plasma_entity has no attributes
[30Aug2025 20:26:44.331] [main/ERROR] [net.minecraft.Util/]: Entity lategamegolems:lgg_flame_entity has no attributes
[30Aug2025 20:26:44.333] [main/ERROR] [net.minecraft.Util/]: Entity lategamegolems:lgg_bullet_entity has no attributes
[30Aug2025 20:26:44.334] [main/ERROR] [net.minecraft.Util/]: Entity lategamegolems:lgg_plasma_entity has no attributes
[30Aug2025 20:26:44.335] [main/ERROR] [net.minecraft.Util/]: Entity lategamegolems:lgg_flame_entity has no attributes
[30Aug2025 20:26:44.335] [main/ERROR] [net.minecraft.Util/]: Entity lategamegolems:lgg_bullet_entity has no attributes
[30Aug2025 20:26:44.335] [main/ERROR] [net.minecraft.Util/]: Entity lategamegolems:lgg_plasma_entity has no attributes
[30Aug2025 20:26:44.336] [main/ERROR] [net.minecraft.Util/]: Entity lategamegolems:lgg_flame_entity has no attributes
[30Aug2025 20:26:44.336] [main/ERROR] [net.minecraft.Util/]: Entity lategamegolems:lgg_bullet_entity has no attributes
[30Aug2025 20:26:44.336] [main/ERROR] [net.minecraft.Util/]: Entity lategamegolems:lgg_plasma_entity has no attributes
[30Aug2025 20:26:44.336] [main/ERROR] [net.minecraft.Util/]: Entity lategamegolems:lgg_flame_entity has no attributes
[30Aug2025 20:26:44.337] [main/ERROR] [net.minecraft.Util/]: Entity lategamegolems:lgg_bullet_entity has no attributes
[30Aug2025 20:26:44.337] [main/ERROR] [net.minecraft.Util/]: Entity lategamegolems:lgg_plasma_entity has no attributes
[30Aug2025 20:26:44.337] [main/ERROR] [net.minecraft.Util/]: Entity lategamegolems:lgg_flame_entity has no attributes
[30Aug2025 20:26:44.337] [main/ERROR] [net.minecraft.Util/]: Entity lategamegolems:lgg_bullet_entity has no attributes
[30Aug2025 20:26:44.338] [main/ERROR] [net.minecraft.Util/]: Entity lategamegolems:lgg_plasma_entity has no attributes
[30Aug2025 20:26:44.338] [main/ERROR] [net.minecraft.Util/]: Entity lategamegolems:lgg_flame_entity has no attributes
[30Aug2025 20:26:44.338] [main/ERROR] [net.minecraft.Util/]: Entity lategamegolems:lgg_bullet_entity has no attributes
[30Aug2025 20:26:44.338] [main/ERROR] [net.minecraft.Util/]: Entity lategamegolems:lgg_plasma_entity has no attributes
[30Aug2025 20:26:44.338] [main/ERROR] [net.minecraft.Util/]: Entity lategamegolems:lgg_flame_entity has no attributes
[30Aug2025 20:26:44.338] [main/ERROR] [net.minecraft.Util/]: Entity lategamegolems:lgg_bullet_entity has no attributes
[30Aug2025 20:26:44.341] [main/ERROR] [net.minecraft.Util/]: Entity lategamegolems:lgg_plasma_entity has no attributes
[30Aug2025 20:26:44.341] [main/ERROR] [net.minecraft.Util/]: Entity lategamegolems:lgg_flame_entity has no attributes
[30Aug2025 20:26:44.343] [main/ERROR] [net.minecraft.Util/]: Entity lategamegolems:lgg_bullet_entity has no attributes
[30Aug2025 20:26:44.343] [main/ERROR] [net.minecraft.Util/]: Entity lategamegolems:lgg_plasma_entity has no attributes
[30Aug2025 20:26:44.343] [main/ERROR] [net.minecraft.Util/]: Entity lategamegolems:lgg_flame_entity has no attributes
[30Aug2025 20:26:44.343] [main/ERROR] [net.minecraft.Util/]: Entity lategamegolems:lgg_bullet_entity has no attributes
[30Aug2025 20:26:44.344] [main/ERROR] [net.minecraft.Util/]: Entity lategamegolems:lgg_plasma_entity has no attributes
[30Aug2025 20:26:44.344] [main/ERROR] [net.minecraft.Util/]: Entity lategamegolems:lgg_flame_entity has no attributes
[30Aug2025 20:26:44.344] [main/ERROR] [net.minecraft.Util/]: Entity lategamegolems:lgg_bullet_entity has no attributes
[30Aug2025 20:26:44.344] [main/ERROR] [net.minecraft.Util/]: Entity lategamegolems:lgg_plasma_entity has no attributes
[30Aug2025 20:26:44.345] [main/ERROR] [net.minecraft.Util/]: Entity lategamegolems:lgg_flame_entity has no attributes
[30Aug2025 20:26:44.345] [main/ERROR] [net.minecraft.Util/]: Entity lategamegolems:lgg_bullet_entity has no attributes
[30Aug2025 20:26:44.345] [main/ERROR] [net.minecraft.Util/]: Entity lategamegolems:lgg_plasma_entity has no attributes
[30Aug2025 20:26:44.345] [main/ERROR] [net.minecraft.Util/]: Entity lategamegolems:lgg_flame_entity has no attributes
[30Aug2025 20:26:44.345] [main/ERROR] [net.minecraft.Util/]: Entity lategamegolems:lgg_bullet_entity has no attributes
[30Aug2025 20:26:44.346] [main/ERROR] [net.minecraft.Util/]: Entity lategamegolems:lgg_plasma_entity has no attributes
[30Aug2025 20:26:44.346] [main/ERROR] [net.minecraft.Util/]: Entity lategamegolems:lgg_flame_entity has no attributes
[30Aug2025 20:26:44.346] [main/ERROR] [net.minecraft.Util/]: Entity lategamegolems:lgg_bullet_entity has no attributes
[30Aug2025 20:26:44.346] [main/ERROR] [net.minecraft.Util/]: Entity lategamegolems:lgg_plasma_entity has no attributes
[30Aug2025 20:26:44.346] [main/ERROR] [net.minecraft.Util/]: Entity lategamegolems:lgg_flame_entity has no attributes
[30Aug2025 20:26:44.347] [main/ERROR] [net.minecraft.Util/]: Entity lategamegolems:lgg_bullet_entity has no attributes
[30Aug2025 20:26:44.347] [main/ERROR] [net.minecraft.Util/]: Entity lategamegolems:lgg_plasma_entity has no attributes
[30Aug2025 20:26:44.347] [main/ERROR] [net.minecraft.Util/]: Entity lategamegolems:lgg_flame_entity has no attributes
[30Aug2025 20:26:44.347] [main/ERROR] [net.minecraft.Util/]: Entity lategamegolems:lgg_bullet_entity has no attributes
[30Aug2025 20:26:44.347] [main/ERROR] [net.minecraft.Util/]: Entity lategamegolems:lgg_plasma_entity has no attributes
[30Aug2025 20:26:44.347] [main/ERROR] [net.minecraft.Util/]: Entity lategamegolems:lgg_flame_entity has no attributes
[30Aug2025 20:26:44.347] [main/ERROR] [net.minecraft.Util/]: Entity lategamegolems:lgg_bullet_entity has no attributes
[30Aug2025 20:26:44.348] [main/ERROR] [net.minecraft.Util/]: Entity lategamegolems:lgg_plasma_entity has no attributes
[30Aug2025 20:26:44.348] [main/ERROR] [net.minecraft.Util/]: Entity lategamegolems:lgg_flame_entity has no attributes
[30Aug2025 20:26:44.349] [main/ERROR] [net.minecraft.Util/]: Entity lategamegolems:lgg_bullet_entity has no attributes
[30Aug2025 20:26:44.350] [main/ERROR] [net.minecraft.Util/]: Entity lategamegolems:lgg_plasma_entity has no attributes
[30Aug2025 20:26:44.351] [main/ERROR] [net.minecraft.Util/]: Entity lategamegolems:lgg_flame_entity has no attributes
[30Aug2025 20:26:44.352] [main/ERROR] [net.minecraft.Util/]: Entity lategamegolems:lgg_bullet_entity has no attributes
[30Aug2025 20:26:44.352] [main/ERROR] [net.minecraft.Util/]: Entity lategamegolems:lgg_plasma_entity has no attributes
[30Aug2025 20:26:44.352] [main/ERROR] [net.minecraft.Util/]: Entity lategamegolems:lgg_flame_entity has no attributes
[30Aug2025 20:26:44.352] [main/ERROR] [net.minecraft.Util/]: Entity lategamegolems:lgg_bullet_entity has no attributes
[30Aug2025 20:26:44.352] [main/ERROR] [net.minecraft.Util/]: Entity lategamegolems:lgg_plasma_entity has no attributes
[30Aug2025 20:26:44.352] [main/ERROR] [net.minecraft.Util/]: Entity lategamegolems:lgg_flame_entity has no attributes
[30Aug2025 20:26:44.355] [main/ERROR] [net.minecraft.Util/]: Entity lategamegolems:lgg_bullet_entity has no attributes
[30Aug2025 20:26:44.355] [main/ERROR] [net.minecraft.Util/]: Entity lategamegolems:lgg_plasma_entity has no attributes
[30Aug2025 20:26:44.355] [main/ERROR] [net.minecraft.Util/]: Entity lategamegolems:lgg_flame_entity has no attributes
[30Aug2025 20:26:44.355] [main/ERROR] [net.minecraft.Util/]: Entity lategamegolems:lgg_bullet_entity has no attributes
[30Aug2025 20:26:44.355] [main/ERROR] [net.minecraft.Util/]: Entity lategamegolems:lgg_plasma_entity has no attributes
[30Aug2025 20:26:44.356] [main/ERROR] [net.minecraft.Util/]: Entity lategamegolems:lgg_flame_entity has no attributes
[30Aug2025 20:26:44.356] [main/ERROR] [net.minecraft.Util/]: Entity lategamegolems:lgg_bullet_entity has no attributes
[30Aug2025 20:26:44.356] [main/ERROR] [net.minecraft.Util/]: Entity lategamegolems:lgg_plasma_entity has no attributes
[30Aug2025 20:26:44.356] [main/ERROR] [net.minecraft.Util/]: Entity lategamegolems:lgg_flame_entity has no attributes
[30Aug2025 20:26:44.356] [main/ERROR] [net.minecraft.Util/]: Entity lategamegolems:lgg_bullet_entity has no attributes
[30Aug2025 20:26:44.356] [main/ERROR] [net.minecraft.Util/]: Entity lategamegolems:lgg_plasma_entity has no attributes
[30Aug2025 20:26:44.356] [main/ERROR] [net.minecraft.Util/]: Entity lategamegolems:lgg_flame_entity has no attributes
[30Aug2025 20:26:44.358] [main/ERROR] [net.minecraft.Util/]: Entity lategamegolems:lgg_bullet_entity has no attributes
[30Aug2025 20:26:44.358] [main/ERROR] [net.minecraft.Util/]: Entity lategamegolems:lgg_plasma_entity has no attributes
[30Aug2025 20:26:44.358] [main/ERROR] [net.minecraft.Util/]: Entity lategamegolems:lgg_flame_entity has no attributes
[30Aug2025 20:26:44.359] [main/ERROR] [net.minecraft.Util/]: Entity lategamegolems:lgg_bullet_entity has no attributes
[30Aug2025 20:26:44.359] [main/ERROR] [net.minecraft.Util/]: Entity lategamegolems:lgg_plasma_entity has no attributes
[30Aug2025 20:26:44.359] [main/ERROR] [net.minecraft.Util/]: Entity lategamegolems:lgg_flame_entity has no attributes
[30Aug2025 20:26:44.359] [main/ERROR] [net.minecraft.Util/]: Entity lategamegolems:lgg_bullet_entity has no attributes
[30Aug2025 20:26:44.359] [main/ERROR] [net.minecraft.Util/]: Entity lategamegolems:lgg_plasma_entity has no attributes
[30Aug2025 20:26:44.359] [main/ERROR] [net.minecraft.Util/]: Entity lategamegolems:lgg_flame_entity has no attributes
[30Aug2025 20:26:44.359] [main/ERROR] [net.minecraft.Util/]: Entity lategamegolems:lgg_bullet_entity has no attributes
[30Aug2025 20:26:44.359] [main/ERROR] [net.minecraft.Util/]: Entity lategamegolems:lgg_plasma_entity has no attributes
[30Aug2025 20:26:44.360] [main/ERROR] [net.minecraft.Util/]: Entity lategamegolems:lgg_flame_entity has no attributes
[30Aug2025 20:26:44.360] [main/ERROR] [net.minecraft.Util/]: Entity lategamegolems:lgg_bullet_entity has no attributes
[30Aug2025 20:26:44.360] [main/ERROR] [net.minecraft.Util/]: Entity lategamegolems:lgg_plasma_entity has no attributes
[30Aug2025 20:26:44.360] [main/ERROR] [net.minecraft.Util/]: Entity lategamegolems:lgg_flame_entity has no attributes
[30Aug2025 20:26:44.360] [main/ERROR] [net.minecraft.Util/]: Entity lategamegolems:lgg_bullet_entity has no attributes
[30Aug2025 20:26:44.360] [main/ERROR] [net.minecraft.Util/]: Entity lategamegolems:lgg_plasma_entity has no attributes
[30Aug2025 20:26:44.360] [main/ERROR] [net.minecraft.Util/]: Entity lategamegolems:lgg_flame_entity has no attributes
[30Aug2025 20:26:44.360] [main/ERROR] [net.minecraft.Util/]: Entity lategamegolems:lgg_bullet_entity has no attributes
[30Aug2025 20:26:44.361] [main/ERROR] [net.minecraft.Util/]: Entity lategamegolems:lgg_plasma_entity has no attributes
[30Aug2025 20:26:44.361] [main/ERROR] [net.minecraft.Util/]: Entity lategamegolems:lgg_flame_entity has no attributes
[30Aug2025 20:26:44.361] [main/ERROR] [net.minecraft.Util/]: Entity lategamegolems:lgg_bullet_entity has no attributes
[30Aug2025 20:26:44.361] [main/ERROR] [net.minecraft.Util/]: Entity lategamegolems:lgg_plasma_entity has no attributes
[30Aug2025 20:26:44.361] [main/ERROR] [net.minecraft.Util/]: Entity lategamegolems:lgg_flame_entity has no attributes
[30Aug2025 20:26:44.361] [main/ERROR] [net.minecraft.Util/]: Entity lategamegolems:lgg_bullet_entity has no attributes
[30Aug2025 20:26:44.362] [main/ERROR] [net.minecraft.Util/]: Entity lategamegolems:lgg_plasma_entity has no attributes
[30Aug2025 20:26:44.362] [main/ERROR] [net.minecraft.Util/]: Entity lategamegolems:lgg_flame_entity has no attributes
[30Aug2025 20:26:44.362] [main/ERROR] [net.minecraft.Util/]: Entity lategamegolems:lgg_bullet_entity has no attributes
[30Aug2025 20:26:44.362] [main/ERROR] [net.minecraft.Util/]: Entity lategamegolems:lgg_plasma_entity has no attributes
[30Aug2025 20:26:44.364] [main/ERROR] [net.minecraft.Util/]: Entity lategamegolems:lgg_flame_entity has no attributes
[30Aug2025 20:26:44.365] [main/ERROR] [net.minecraft.Util/]: Entity lategamegolems:lgg_bullet_entity has no attributes
[30Aug2025 20:26:44.365] [main/ERROR] [net.minecraft.Util/]: Entity lategamegolems:lgg_plasma_entity has no attributes
[30Aug2025 20:26:44.365] [main/ERROR] [net.minecraft.Util/]: Entity lategamegolems:lgg_flame_entity has no attributes
[30Aug2025 20:26:44.365] [main/ERROR] [net.minecraft.Util/]: Entity lategamegolems:lgg_bullet_entity has no attributes
[30Aug2025 20:26:44.365] [main/ERROR] [net.minecraft.Util/]: Entity lategamegolems:lgg_plasma_entity has no attributes
[30Aug2025 20:26:44.365] [main/ERROR] [net.minecraft.Util/]: Entity lategamegolems:lgg_flame_entity has no attributes
[30Aug2025 20:26:44.365] [main/ERROR] [net.minecraft.Util/]: Entity lategamegolems:lgg_bullet_entity has no attributes
[30Aug2025 20:26:44.365] [main/ERROR] [net.minecraft.Util/]: Entity lategamegolems:lgg_plasma_entity has no attributes
[30Aug2025 20:26:44.366] [main/ERROR] [net.minecraft.Util/]: Entity lategamegolems:lgg_flame_entity has no attributes
[30Aug2025 20:26:44.366] [main/ERROR] [net.minecraft.Util/]: Entity lategamegolems:lgg_bullet_entity has no attributes
[30Aug2025 20:26:44.366] [main/ERROR] [net.minecraft.Util/]: Entity lategamegolems:lgg_plasma_entity has no attributes
[30Aug2025 20:26:44.366] [main/ERROR] [net.minecraft.Util/]: Entity lategamegolems:lgg_flame_entity has no attributes
[30Aug2025 20:26:44.366] [main/ERROR] [net.minecraft.Util/]: Entity lategamegolems:lgg_bullet_entity has no attributes
[30Aug2025 20:26:44.366] [main/ERROR] [net.minecraft.Util/]: Entity lategamegolems:lgg_plasma_entity has no attributes
[30Aug2025 20:26:44.366] [main/ERROR] [net.minecraft.Util/]: Entity lategamegolems:lgg_flame_entity has no attributes
[30Aug2025 20:26:44.367] [main/ERROR] [net.minecraft.Util/]: Entity lategamegolems:lgg_bullet_entity has no attributes
[30Aug2025 20:26:44.367] [main/ERROR] [net.minecraft.Util/]: Entity lategamegolems:lgg_plasma_entity has no attributes
[30Aug2025 20:26:44.367] [main/ERROR] [net.minecraft.Util/]: Entity lategamegolems:lgg_flame_entity has no attributes
[30Aug2025 20:26:44.367] [main/ERROR] [net.minecraft.Util/]: Entity lategamegolems:lgg_bullet_entity has no attributes
[30Aug2025 20:26:44.370] [main/ERROR] [net.minecraft.Util/]: Entity lategamegolems:lgg_plasma_entity has no attributes
[30Aug2025 20:26:44.370] [main/ERROR] [net.minecraft.Util/]: Entity lategamegolems:lgg_flame_entity has no attributes
[30Aug2025 20:26:44.370] [main/ERROR] [net.minecraft.Util/]: Entity lategamegolems:lgg_bullet_entity has no attributes
[30Aug2025 20:26:44.370] [main/ERROR] [net.minecraft.Util/]: Entity lategamegolems:lgg_plasma_entity has no attributes
[30Aug2025 20:26:44.370] [main/ERROR] [net.minecraft.Util/]: Entity lategamegolems:lgg_flame_entity has no attributes
[30Aug2025 20:26:44.370] [main/ERROR] [net.minecraft.Util/]: Entity lategamegolems:lgg_bullet_entity has no attributes
[30Aug2025 20:26:44.370] [main/ERROR] [net.minecraft.Util/]: Entity lategamegolems:lgg_plasma_entity has no attributes
[30Aug2025 20:26:44.371] [main/ERROR] [net.minecraft.Util/]: Entity lategamegolems:lgg_flame_entity has no attributes
[30Aug2025 20:26:44.371] [main/ERROR] [net.minecraft.Util/]: Entity lategamegolems:lgg_bullet_entity has no attributes
[30Aug2025 20:26:44.371] [main/ERROR] [net.minecraft.Util/]: Entity lategamegolems:lgg_plasma_entity has no attributes
[30Aug2025 20:26:44.371] [main/ERROR] [net.minecraft.Util/]: Entity lategamegolems:lgg_flame_entity has no attributes
[30Aug2025 20:26:44.371] [main/ERROR] [net.minecraft.Util/]: Entity lategamegolems:lgg_bullet_entity has no attributes
[30Aug2025 20:26:44.371] [main/ERROR] [net.minecraft.Util/]: Entity lategamegolems:lgg_plasma_entity has no attributes
[30Aug2025 20:26:44.371] [main/ERROR] [net.minecraft.Util/]: Entity lategamegolems:lgg_flame_entity has no attributes
[30Aug2025 20:26:44.371] [main/ERROR] [net.minecraft.Util/]: Entity lategamegolems:lgg_bullet_entity has no attributes
[30Aug2025 20:26:44.372] [main/ERROR] [net.minecraft.Util/]: Entity lategamegolems:lgg_plasma_entity has no attributes
[30Aug2025 20:26:44.372] [main/ERROR] [net.minecraft.Util/]: Entity lategamegolems:lgg_flame_entity has no attributes
[30Aug2025 20:26:44.372] [main/ERROR] [net.minecraft.Util/]: Entity lategamegolems:lgg_bullet_entity has no attributes
[30Aug2025 20:26:44.372] [main/ERROR] [net.minecraft.Util/]: Entity lategamegolems:lgg_plasma_entity has no attributes
[30Aug2025 20:26:44.372] [main/ERROR] [net.minecraft.Util/]: Entity lategamegolems:lgg_flame_entity has no attributes
[30Aug2025 20:26:44.372] [main/ERROR] [net.minecraft.Util/]: Entity lategamegolems:lgg_bullet_entity has no attributes
[30Aug2025 20:26:44.372] [main/ERROR] [net.minecraft.Util/]: Entity lategamegolems:lgg_plasma_entity has no attributes
[30Aug2025 20:26:44.372] [main/ERROR] [net.minecraft.Util/]: Entity lategamegolems:lgg_flame_entity has no attributes
[30Aug2025 20:26:44.373] [main/ERROR] [net.minecraft.Util/]: Entity lategamegolems:lgg_bullet_entity has no attributes
[30Aug2025 20:26:44.373] [main/ERROR] [net.minecraft.Util/]: Entity lategamegolems:lgg_plasma_entity has no attributes
[30Aug2025 20:26:44.373] [main/ERROR] [net.minecraft.Util/]: Entity lategamegolems:lgg_flame_entity has no attributes
[30Aug2025 20:26:44.373] [main/ERROR] [net.minecraft.Util/]: Entity lategamegolems:lgg_bullet_entity has no attributes
[30Aug2025 20:26:44.373] [main/ERROR] [net.minecraft.Util/]: Entity lategamegolems:lgg_plasma_entity has no attributes
[30Aug2025 20:26:44.373] [main/ERROR] [net.minecraft.Util/]: Entity lategamegolems:lgg_flame_entity has no attributes
[30Aug2025 20:26:44.373] [main/ERROR] [net.minecraft.Util/]: Entity lategamegolems:lgg_bullet_entity has no attributes
[30Aug2025 20:26:44.373] [main/ERROR] [net.minecraft.Util/]: Entity lategamegolems:lgg_plasma_entity has no attributes
[30Aug2025 20:26:44.374] [main/ERROR] [net.minecraft.Util/]: Entity lategamegolems:lgg_flame_entity has no attributes
[30Aug2025 20:26:44.375] [main/ERROR] [net.minecraft.Util/]: Entity lategamegolems:lgg_bullet_entity has no attributes
[30Aug2025 20:26:44.375] [main/ERROR] [net.minecraft.Util/]: Entity lategamegolems:lgg_plasma_entity has no attributes
[30Aug2025 20:26:44.376] [main/ERROR] [net.minecraft.Util/]: Entity lategamegolems:lgg_flame_entity has no attributes
[30Aug2025 20:26:44.376] [main/ERROR] [net.minecraft.Util/]: Entity lategamegolems:lgg_bullet_entity has no attributes
[30Aug2025 20:26:44.376] [main/ERROR] [net.minecraft.Util/]: Entity lategamegolems:lgg_plasma_entity has no attributes
[30Aug2025 20:26:45.722] [main/WARN] [net.minecraft.server.packs.VanillaPackResourcesBuilder/]: Assets URL 'union:/workspaces/server-mc-1.20.1/servidor_minecraft/libraries/net/minecraft/server/1.20.1-20230612.114412/server-1.20.1-20230612.114412-srg.jar%23301!/assets/.mcassetsroot' uses unexpected schema
[30Aug2025 20:26:45.722] [main/WARN] [net.minecraft.server.packs.VanillaPackResourcesBuilder/]: Assets URL 'union:/workspaces/server-mc-1.20.1/servidor_minecraft/libraries/net/minecraft/server/1.20.1-20230612.114412/server-1.20.1-20230612.114412-srg.jar%23301!/data/.mcassetsroot' uses unexpected schema
[30Aug2025 20:26:47.465] [main/INFO] [mixin/]: Mixing AccessorAdvancementCommands from enigmaticlegacy.mixins.json into net.minecraft.server.commands.AdvancementCommands
[30Aug2025 20:26:47.465] [main/INFO] [mixin/]: Renaming @Accessor method getAdvancementSuggestions()Lcom/mojang/brigadier/suggestion/SuggestionProvider; to getAdvancementSuggestions_$md$207244$0 in enigmaticlegacy.mixins.json:AccessorAdvancementCommands
[30Aug2025 20:26:48.417] [Worker-Main-1/ERROR] [net.minecraft.tags.TagLoader/]: Couldn't load tag legendary_monsters:ancient_stronghold_biomes as it is missing following references: minecraft:spruce_forest (from legendarymonsters-1.8.1 MC 1.20.1.jar)
[30Aug2025 20:26:51.106] [main/INFO] [net.minecraft.world.item.crafting.RecipeManager/]: Skipping loading recipe reliquary:squid_beak as it's serializer returned null
[30Aug2025 20:26:51.153] [main/INFO] [net.minecraft.world.item.crafting.RecipeManager/]: Skipping loading recipe reliquary:molten_core as it's serializer returned null
[30Aug2025 20:26:51.224] [main/ERROR] [net.minecraft.world.item.crafting.RecipeManager/]: Parsing error loading recipe irons_spellbooks:curios/concentration_amulet
com.google.gson.JsonSyntaxException: Unknown item 'irons_spellbooks:mithril_ingot'
	at net.minecraft.world.item.crafting.ShapedRecipe.m_151280_(ShapedRecipe.java:292) ~[server-1.20.1-20230612.114412-srg.jar%23301!/:?]
	at java.util.Optional.orElseThrow(Optional.java:403) ~[?:?]
	at net.minecraft.world.item.crafting.ShapedRecipe.m_151278_(ShapedRecipe.java:291) ~[server-1.20.1-20230612.114412-srg.jar%23301!/:?]
	at net.minecraft.world.item.crafting.Ingredient.m_43919_(Ingredient.java:219) ~[server-1.20.1-20230612.114412-srg.jar%23301!/:?]
	at net.minecraftforge.common.crafting.VanillaIngredientSerializer.parse(VanillaIngredientSerializer.java:27) ~[forge-1.20.1-47.4.2-universal.jar%23306!/:?]
	at net.minecraftforge.common.crafting.CraftingHelper.getIngredient(CraftingHelper.java:148) ~[forge-1.20.1-47.4.2-universal.jar%23306!/:?]
	at net.minecraft.world.item.crafting.Ingredient.m_288218_(Ingredient.java:194) ~[server-1.20.1-20230612.114412-srg.jar%23301!/:?]
	at net.minecraft.world.item.crafting.ShapedRecipe.m_44210_(ShapedRecipe.java:278) ~[server-1.20.1-20230612.114412-srg.jar%23301!/:?]
	at net.minecraft.world.item.crafting.ShapedRecipe$Serializer.m_6729_(ShapedRecipe.java:306) ~[server-1.20.1-20230612.114412-srg.jar%23301!/:?]
	at net.minecraft.world.item.crafting.ShapedRecipe$Serializer.m_6729_(ShapedRecipe.java:301) ~[server-1.20.1-20230612.114412-srg.jar%23301!/:?]
	at net.minecraftforge.common.extensions.IForgeRecipeSerializer.fromJson(IForgeRecipeSerializer.java:23) ~[forge-1.20.1-47.4.2-universal.jar%23306!/:?]
	at net.minecraft.world.item.crafting.RecipeManager.fromJson(RecipeManager.java:171) ~[server-1.20.1-20230612.114412-srg.jar%23301!/:?]
	at net.minecraft.world.item.crafting.RecipeManager.m_5787_(RecipeManager.java:67) ~[server-1.20.1-20230612.114412-srg.jar%23301!/:?]
	at net.minecraft.world.item.crafting.RecipeManager.m_5787_(RecipeManager.java:34) ~[server-1.20.1-20230612.114412-srg.jar%23301!/:?]
	at net.minecraft.server.packs.resources.SimplePreparableReloadListener.m_10789_(SimplePreparableReloadListener.java:13) ~[server-1.20.1-20230612.114412-srg.jar%23301!/:?]
	at java.util.concurrent.CompletableFuture$UniAccept.tryFire(CompletableFuture.java:718) ~[?:?]
	at java.util.concurrent.CompletableFuture$Completion.run(CompletableFuture.java:482) ~[?:?]
	at net.minecraft.server.packs.resources.SimpleReloadInstance.m_143940_(SimpleReloadInstance.java:69) ~[server-1.20.1-20230612.114412-srg.jar%23301!/:?]
	at net.minecraft.Util.m_214652_(Util.java:783) ~[server-1.20.1-20230612.114412-srg.jar%23301!/:?]
	at net.minecraft.Util.m_214679_(Util.java:772) ~[server-1.20.1-20230612.114412-srg.jar%23301!/:?]
	at net.minecraft.server.Main.main(Main.java:166) ~[server-1.20.1-20230612.114412-srg.jar%23301!/:?]
	at jdk.internal.reflect.NativeMethodAccessorImpl.invoke0(Native Method) ~[?:?]
	at jdk.internal.reflect.NativeMethodAccessorImpl.invoke(NativeMethodAccessorImpl.java:77) ~[?:?]
	at jdk.internal.reflect.DelegatingMethodAccessorImpl.invoke(DelegatingMethodAccessorImpl.java:43) ~[?:?]
	at java.lang.reflect.Method.invoke(Method.java:569) ~[?:?]
	at net.minecraftforge.fml.loading.targets.CommonLaunchHandler.runTarget(CommonLaunchHandler.java:111) ~[fmlloader-1.20.1-47.4.2.jar%2369!/:?]
	at net.minecraftforge.fml.loading.targets.CommonLaunchHandler.serverService(CommonLaunchHandler.java:103) ~[fmlloader-1.20.1-47.4.2.jar%2369!/:?]
	at net.minecraftforge.fml.loading.targets.CommonServerLaunchHandler.lambda$makeService$0(CommonServerLaunchHandler.java:27) ~[fmlloader-1.20.1-47.4.2.jar%2369!/:?]
	at cpw.mods.modlauncher.LaunchServiceHandlerDecorator.launch(LaunchServiceHandlerDecorator.java:30) ~[modlauncher-10.0.9.jar%2355!/:?]
	at cpw.mods.modlauncher.LaunchServiceHandler.launch(LaunchServiceHandler.java:53) ~[modlauncher-10.0.9.jar%2355!/:?]
	at cpw.mods.modlauncher.LaunchServiceHandler.launch(LaunchServiceHandler.java:71) ~[modlauncher-10.0.9.jar%2355!/:?]
	at cpw.mods.modlauncher.Launcher.run(Launcher.java:108) ~[modlauncher-10.0.9.jar%2355!/:?]
	at cpw.mods.modlauncher.Launcher.main(Launcher.java:78) ~[modlauncher-10.0.9.jar%2355!/:?]
	at cpw.mods.modlauncher.BootstrapLaunchConsumer.accept(BootstrapLaunchConsumer.java:26) ~[modlauncher-10.0.9.jar%2355!/:?]
	at cpw.mods.modlauncher.BootstrapLaunchConsumer.accept(BootstrapLaunchConsumer.java:23) ~[modlauncher-10.0.9.jar%2355!/:?]
	at cpw.mods.bootstraplauncher.BootstrapLauncher.main(BootstrapLauncher.java:141) ~[bootstraplauncher-1.1.2.jar:?]
[30Aug2025 20:26:51.263] [main/ERROR] [net.minecraft.world.item.crafting.RecipeManager/]: Parsing error loading recipe iceandfire_curios:ring_of_bartering_recipe_2
com.google.gson.JsonSyntaxException: Unknown item 'minecraft:silver_block'
	at net.minecraft.world.item.crafting.ShapedRecipe.m_151280_(ShapedRecipe.java:292) ~[server-1.20.1-20230612.114412-srg.jar%23301!/:?]
	at java.util.Optional.orElseThrow(Optional.java:403) ~[?:?]
	at net.minecraft.world.item.crafting.ShapedRecipe.m_151278_(ShapedRecipe.java:291) ~[server-1.20.1-20230612.114412-srg.jar%23301!/:?]
	at net.minecraft.world.item.crafting.Ingredient.m_43919_(Ingredient.java:219) ~[server-1.20.1-20230612.114412-srg.jar%23301!/:?]
	at net.minecraftforge.common.crafting.VanillaIngredientSerializer.parse(VanillaIngredientSerializer.java:27) ~[forge-1.20.1-47.4.2-universal.jar%23306!/:?]
	at net.minecraftforge.common.crafting.CraftingHelper.getIngredient(CraftingHelper.java:148) ~[forge-1.20.1-47.4.2-universal.jar%23306!/:?]
	at net.minecraft.world.item.crafting.Ingredient.m_288218_(Ingredient.java:194) ~[server-1.20.1-20230612.114412-srg.jar%23301!/:?]
	at net.minecraft.world.item.crafting.ShapedRecipe.m_44210_(ShapedRecipe.java:278) ~[server-1.20.1-20230612.114412-srg.jar%23301!/:?]
	at net.minecraft.world.item.crafting.ShapedRecipe$Serializer.m_6729_(ShapedRecipe.java:306) ~[server-1.20.1-20230612.114412-srg.jar%23301!/:?]
	at net.minecraft.world.item.crafting.ShapedRecipe$Serializer.m_6729_(ShapedRecipe.java:301) ~[server-1.20.1-20230612.114412-srg.jar%23301!/:?]
	at net.minecraftforge.common.extensions.IForgeRecipeSerializer.fromJson(IForgeRecipeSerializer.java:23) ~[forge-1.20.1-47.4.2-universal.jar%23306!/:?]
	at net.minecraft.world.item.crafting.RecipeManager.fromJson(RecipeManager.java:171) ~[server-1.20.1-20230612.114412-srg.jar%23301!/:?]
	at net.minecraft.world.item.crafting.RecipeManager.m_5787_(RecipeManager.java:67) ~[server-1.20.1-20230612.114412-srg.jar%23301!/:?]
	at net.minecraft.world.item.crafting.RecipeManager.m_5787_(RecipeManager.java:34) ~[server-1.20.1-20230612.114412-srg.jar%23301!/:?]
	at net.minecraft.server.packs.resources.SimplePreparableReloadListener.m_10789_(SimplePreparableReloadListener.java:13) ~[server-1.20.1-20230612.114412-srg.jar%23301!/:?]
	at java.util.concurrent.CompletableFuture$UniAccept.tryFire(CompletableFuture.java:718) ~[?:?]
	at java.util.concurrent.CompletableFuture$Completion.run(CompletableFuture.java:482) ~[?:?]
	at net.minecraft.server.packs.resources.SimpleReloadInstance.m_143940_(SimpleReloadInstance.java:69) ~[server-1.20.1-20230612.114412-srg.jar%23301!/:?]
	at net.minecraft.Util.m_214652_(Util.java:783) ~[server-1.20.1-20230612.114412-srg.jar%23301!/:?]
	at net.minecraft.Util.m_214679_(Util.java:772) ~[server-1.20.1-20230612.114412-srg.jar%23301!/:?]
	at net.minecraft.server.Main.main(Main.java:166) ~[server-1.20.1-20230612.114412-srg.jar%23301!/:?]
	at jdk.internal.reflect.NativeMethodAccessorImpl.invoke0(Native Method) ~[?:?]
	at jdk.internal.reflect.NativeMethodAccessorImpl.invoke(NativeMethodAccessorImpl.java:77) ~[?:?]
	at jdk.internal.reflect.DelegatingMethodAccessorImpl.invoke(DelegatingMethodAccessorImpl.java:43) ~[?:?]
	at java.lang.reflect.Method.invoke(Method.java:569) ~[?:?]
	at net.minecraftforge.fml.loading.targets.CommonLaunchHandler.runTarget(CommonLaunchHandler.java:111) ~[fmlloader-1.20.1-47.4.2.jar%2369!/:?]
	at net.minecraftforge.fml.loading.targets.CommonLaunchHandler.serverService(CommonLaunchHandler.java:103) ~[fmlloader-1.20.1-47.4.2.jar%2369!/:?]
	at net.minecraftforge.fml.loading.targets.CommonServerLaunchHandler.lambda$makeService$0(CommonServerLaunchHandler.java:27) ~[fmlloader-1.20.1-47.4.2.jar%2369!/:?]
	at cpw.mods.modlauncher.LaunchServiceHandlerDecorator.launch(LaunchServiceHandlerDecorator.java:30) ~[modlauncher-10.0.9.jar%2355!/:?]
	at cpw.mods.modlauncher.LaunchServiceHandler.launch(LaunchServiceHandler.java:53) ~[modlauncher-10.0.9.jar%2355!/:?]
	at cpw.mods.modlauncher.LaunchServiceHandler.launch(LaunchServiceHandler.java:71) ~[modlauncher-10.0.9.jar%2355!/:?]
	at cpw.mods.modlauncher.Launcher.run(Launcher.java:108) ~[modlauncher-10.0.9.jar%2355!/:?]
	at cpw.mods.modlauncher.Launcher.main(Launcher.java:78) ~[modlauncher-10.0.9.jar%2355!/:?]
	at cpw.mods.modlauncher.BootstrapLaunchConsumer.accept(BootstrapLaunchConsumer.java:26) ~[modlauncher-10.0.9.jar%2355!/:?]
	at cpw.mods.modlauncher.BootstrapLaunchConsumer.accept(BootstrapLaunchConsumer.java:23) ~[modlauncher-10.0.9.jar%2355!/:?]
	at cpw.mods.bootstraplauncher.BootstrapLauncher.main(BootstrapLauncher.java:141) ~[bootstraplauncher-1.1.2.jar:?]
[30Aug2025 20:26:51.271] [main/INFO] [net.minecraft.world.item.crafting.RecipeManager/]: Skipping loading recipe reliquary:withered_rib as it's serializer returned null
[30Aug2025 20:26:51.278] [main/INFO] [net.minecraft.world.item.crafting.RecipeManager/]: Skipping loading recipe reliquary:bat_wing as it's serializer returned null
[30Aug2025 20:26:51.285] [main/INFO] [net.minecraft.world.item.crafting.RecipeManager/]: Skipping loading recipe toolbelt:pouch_upgrade_1_via_sewing as it's serializer returned null
[30Aug2025 20:26:51.299] [main/INFO] [net.minecraft.world.item.crafting.RecipeManager/]: Skipping loading recipe reliquary:rib_bone as it's serializer returned null
[30Aug2025 20:26:51.318] [main/INFO] [net.minecraft.world.item.crafting.RecipeManager/]: Skipping loading recipe reliquary:nebulous_heart as it's serializer returned null
[30Aug2025 20:26:51.326] [main/INFO] [net.minecraft.world.item.crafting.RecipeManager/]: Skipping loading recipe toolbelt:pouch_upgrade_3_via_sewing as it's serializer returned null
[30Aug2025 20:26:51.335] [main/INFO] [net.minecraft.world.item.crafting.RecipeManager/]: Skipping loading recipe toolbelt:pouch_upgrade_5_via_sewing as it's serializer returned null
[30Aug2025 20:26:51.336] [main/INFO] [net.minecraft.world.item.crafting.RecipeManager/]: Skipping loading recipe reliquary:alkahestry/crafting/steel_ingot as it's serializer returned null
[30Aug2025 20:26:51.340] [main/INFO] [net.minecraft.world.item.crafting.RecipeManager/]: Skipping loading recipe toolbelt:pouch_upgrade_4_via_sewing as it's serializer returned null
[30Aug2025 20:26:51.340] [main/INFO] [net.minecraft.world.item.crafting.RecipeManager/]: Skipping loading recipe reliquary:catalyzing_gland as it's serializer returned null
[30Aug2025 20:26:51.344] [main/ERROR] [net.minecraft.world.item.crafting.RecipeManager/]: Parsing error loading recipe legendary_monsters:ancient_dripstone_brick_stairs_left
com.google.gson.JsonSyntaxException: Unknown item 'legendary_monsters:ancient_dripstone_brick'
	at net.minecraft.world.item.crafting.ShapedRecipe.m_151280_(ShapedRecipe.java:292) ~[server-1.20.1-20230612.114412-srg.jar%23301!/:?]
	at java.util.Optional.orElseThrow(Optional.java:403) ~[?:?]
	at net.minecraft.world.item.crafting.ShapedRecipe.m_151278_(ShapedRecipe.java:291) ~[server-1.20.1-20230612.114412-srg.jar%23301!/:?]
	at net.minecraft.world.item.crafting.Ingredient.m_43919_(Ingredient.java:219) ~[server-1.20.1-20230612.114412-srg.jar%23301!/:?]
	at net.minecraftforge.common.crafting.VanillaIngredientSerializer.parse(VanillaIngredientSerializer.java:27) ~[forge-1.20.1-47.4.2-universal.jar%23306!/:?]
	at net.minecraftforge.common.crafting.CraftingHelper.getIngredient(CraftingHelper.java:148) ~[forge-1.20.1-47.4.2-universal.jar%23306!/:?]
	at net.minecraft.world.item.crafting.Ingredient.m_288218_(Ingredient.java:194) ~[server-1.20.1-20230612.114412-srg.jar%23301!/:?]
	at net.minecraft.world.item.crafting.ShapedRecipe.m_44210_(ShapedRecipe.java:278) ~[server-1.20.1-20230612.114412-srg.jar%23301!/:?]
	at net.minecraft.world.item.crafting.ShapedRecipe$Serializer.m_6729_(ShapedRecipe.java:306) ~[server-1.20.1-20230612.114412-srg.jar%23301!/:?]
	at net.minecraft.world.item.crafting.ShapedRecipe$Serializer.m_6729_(ShapedRecipe.java:301) ~[server-1.20.1-20230612.114412-srg.jar%23301!/:?]
	at net.minecraftforge.common.extensions.IForgeRecipeSerializer.fromJson(IForgeRecipeSerializer.java:23) ~[forge-1.20.1-47.4.2-universal.jar%23306!/:?]
	at net.minecraft.world.item.crafting.RecipeManager.fromJson(RecipeManager.java:171) ~[server-1.20.1-20230612.114412-srg.jar%23301!/:?]
	at net.minecraft.world.item.crafting.RecipeManager.m_5787_(RecipeManager.java:67) ~[server-1.20.1-20230612.114412-srg.jar%23301!/:?]
	at net.minecraft.world.item.crafting.RecipeManager.m_5787_(RecipeManager.java:34) ~[server-1.20.1-20230612.114412-srg.jar%23301!/:?]
	at net.minecraft.server.packs.resources.SimplePreparableReloadListener.m_10789_(SimplePreparableReloadListener.java:13) ~[server-1.20.1-20230612.114412-srg.jar%23301!/:?]
	at java.util.concurrent.CompletableFuture$UniAccept.tryFire(CompletableFuture.java:718) ~[?:?]
	at java.util.concurrent.CompletableFuture$Completion.run(CompletableFuture.java:482) ~[?:?]
	at net.minecraft.server.packs.resources.SimpleReloadInstance.m_143940_(SimpleReloadInstance.java:69) ~[server-1.20.1-20230612.114412-srg.jar%23301!/:?]
	at net.minecraft.Util.m_214652_(Util.java:783) ~[server-1.20.1-20230612.114412-srg.jar%23301!/:?]
	at net.minecraft.Util.m_214679_(Util.java:772) ~[server-1.20.1-20230612.114412-srg.jar%23301!/:?]
	at net.minecraft.server.Main.main(Main.java:166) ~[server-1.20.1-20230612.114412-srg.jar%23301!/:?]
	at jdk.internal.reflect.NativeMethodAccessorImpl.invoke0(Native Method) ~[?:?]
	at jdk.internal.reflect.NativeMethodAccessorImpl.invoke(NativeMethodAccessorImpl.java:77) ~[?:?]
	at jdk.internal.reflect.DelegatingMethodAccessorImpl.invoke(DelegatingMethodAccessorImpl.java:43) ~[?:?]
	at java.lang.reflect.Method.invoke(Method.java:569) ~[?:?]
	at net.minecraftforge.fml.loading.targets.CommonLaunchHandler.runTarget(CommonLaunchHandler.java:111) ~[fmlloader-1.20.1-47.4.2.jar%2369!/:?]
	at net.minecraftforge.fml.loading.targets.CommonLaunchHandler.serverService(CommonLaunchHandler.java:103) ~[fmlloader-1.20.1-47.4.2.jar%2369!/:?]
	at net.minecraftforge.fml.loading.targets.CommonServerLaunchHandler.lambda$makeService$0(CommonServerLaunchHandler.java:27) ~[fmlloader-1.20.1-47.4.2.jar%2369!/:?]
	at cpw.mods.modlauncher.LaunchServiceHandlerDecorator.launch(LaunchServiceHandlerDecorator.java:30) ~[modlauncher-10.0.9.jar%2355!/:?]
	at cpw.mods.modlauncher.LaunchServiceHandler.launch(LaunchServiceHandler.java:53) ~[modlauncher-10.0.9.jar%2355!/:?]
	at cpw.mods.modlauncher.LaunchServiceHandler.launch(LaunchServiceHandler.java:71) ~[modlauncher-10.0.9.jar%2355!/:?]
	at cpw.mods.modlauncher.Launcher.run(Launcher.java:108) ~[modlauncher-10.0.9.jar%2355!/:?]
	at cpw.mods.modlauncher.Launcher.main(Launcher.java:78) ~[modlauncher-10.0.9.jar%2355!/:?]
	at cpw.mods.modlauncher.BootstrapLaunchConsumer.accept(BootstrapLaunchConsumer.java:26) ~[modlauncher-10.0.9.jar%2355!/:?]
	at cpw.mods.modlauncher.BootstrapLaunchConsumer.accept(BootstrapLaunchConsumer.java:23) ~[modlauncher-10.0.9.jar%2355!/:?]
	at cpw.mods.bootstraplauncher.BootstrapLauncher.main(BootstrapLauncher.java:141) ~[bootstraplauncher-1.1.2.jar:?]
[30Aug2025 20:26:51.349] [main/INFO] [net.minecraft.world.item.crafting.RecipeManager/]: Skipping loading recipe toolbelt:belt_via_sewing as it's serializer returned null
[30Aug2025 20:26:51.350] [main/INFO] [net.minecraft.world.item.crafting.RecipeManager/]: Skipping loading recipe toolbelt:pouch_upgrade_6_via_sewing as it's serializer returned null
[30Aug2025 20:26:51.351] [main/ERROR] [net.minecraft.world.item.crafting.RecipeManager/]: Parsing error loading recipe legendary_monsters:purified_soul
com.google.gson.JsonSyntaxException: Invalid or unsupported recipe type 'minecraft:brewing'
	at net.minecraft.world.item.crafting.RecipeManager.m_220253_(RecipeManager.java:170) ~[server-1.20.1-20230612.114412-srg.jar%23301!/:?]
	at java.util.Optional.orElseThrow(Optional.java:403) ~[?:?]
	at net.minecraft.world.item.crafting.RecipeManager.fromJson(RecipeManager.java:169) ~[server-1.20.1-20230612.114412-srg.jar%23301!/:?]
	at net.minecraft.world.item.crafting.RecipeManager.m_5787_(RecipeManager.java:67) ~[server-1.20.1-20230612.114412-srg.jar%23301!/:?]
	at net.minecraft.world.item.crafting.RecipeManager.m_5787_(RecipeManager.java:34) ~[server-1.20.1-20230612.114412-srg.jar%23301!/:?]
	at net.minecraft.server.packs.resources.SimplePreparableReloadListener.m_10789_(SimplePreparableReloadListener.java:13) ~[server-1.20.1-20230612.114412-srg.jar%23301!/:?]
	at java.util.concurrent.CompletableFuture$UniAccept.tryFire(CompletableFuture.java:718) ~[?:?]
	at java.util.concurrent.CompletableFuture$Completion.run(CompletableFuture.java:482) ~[?:?]
	at net.minecraft.server.packs.resources.SimpleReloadInstance.m_143940_(SimpleReloadInstance.java:69) ~[server-1.20.1-20230612.114412-srg.jar%23301!/:?]
	at net.minecraft.Util.m_214652_(Util.java:783) ~[server-1.20.1-20230612.114412-srg.jar%23301!/:?]
	at net.minecraft.Util.m_214679_(Util.java:772) ~[server-1.20.1-20230612.114412-srg.jar%23301!/:?]
	at net.minecraft.server.Main.main(Main.java:166) ~[server-1.20.1-20230612.114412-srg.jar%23301!/:?]
	at jdk.internal.reflect.NativeMethodAccessorImpl.invoke0(Native Method) ~[?:?]
	at jdk.internal.reflect.NativeMethodAccessorImpl.invoke(NativeMethodAccessorImpl.java:77) ~[?:?]
	at jdk.internal.reflect.DelegatingMethodAccessorImpl.invoke(DelegatingMethodAccessorImpl.java:43) ~[?:?]
	at java.lang.reflect.Method.invoke(Method.java:569) ~[?:?]
	at net.minecraftforge.fml.loading.targets.CommonLaunchHandler.runTarget(CommonLaunchHandler.java:111) ~[fmlloader-1.20.1-47.4.2.jar%2369!/:?]
	at net.minecraftforge.fml.loading.targets.CommonLaunchHandler.serverService(CommonLaunchHandler.java:103) ~[fmlloader-1.20.1-47.4.2.jar%2369!/:?]
	at net.minecraftforge.fml.loading.targets.CommonServerLaunchHandler.lambda$makeService$0(CommonServerLaunchHandler.java:27) ~[fmlloader-1.20.1-47.4.2.jar%2369!/:?]
	at cpw.mods.modlauncher.LaunchServiceHandlerDecorator.launch(LaunchServiceHandlerDecorator.java:30) ~[modlauncher-10.0.9.jar%2355!/:?]
	at cpw.mods.modlauncher.LaunchServiceHandler.launch(LaunchServiceHandler.java:53) ~[modlauncher-10.0.9.jar%2355!/:?]
	at cpw.mods.modlauncher.LaunchServiceHandler.launch(LaunchServiceHandler.java:71) ~[modlauncher-10.0.9.jar%2355!/:?]
	at cpw.mods.modlauncher.Launcher.run(Launcher.java:108) ~[modlauncher-10.0.9.jar%2355!/:?]
	at cpw.mods.modlauncher.Launcher.main(Launcher.java:78) ~[modlauncher-10.0.9.jar%2355!/:?]
	at cpw.mods.modlauncher.BootstrapLaunchConsumer.accept(BootstrapLaunchConsumer.java:26) ~[modlauncher-10.0.9.jar%2355!/:?]
	at cpw.mods.modlauncher.BootstrapLaunchConsumer.accept(BootstrapLaunchConsumer.java:23) ~[modlauncher-10.0.9.jar%2355!/:?]
	at cpw.mods.bootstraplauncher.BootstrapLauncher.main(BootstrapLauncher.java:141) ~[bootstraplauncher-1.1.2.jar:?]
[30Aug2025 20:26:51.354] [main/INFO] [net.minecraft.world.item.crafting.RecipeManager/]: Skipping loading recipe reliquary:frozen_core as it's serializer returned null
[30Aug2025 20:26:51.356] [main/INFO] [net.minecraft.world.item.crafting.RecipeManager/]: Skipping loading recipe reliquary:slime_pearl as it's serializer returned null
[30Aug2025 20:26:51.367] [main/INFO] [net.minecraft.world.item.crafting.RecipeManager/]: Skipping loading recipe reliquary:alkahestry/crafting/tin_ingot as it's serializer returned null
[30Aug2025 20:26:51.370] [main/INFO] [net.minecraft.world.item.crafting.RecipeManager/]: Skipping loading recipe toolbelt:pouch_via_sewing as it's serializer returned null
[30Aug2025 20:26:51.372] [main/ERROR] [net.minecraft.world.item.crafting.RecipeManager/]: Parsing error loading recipe legendary_monsters:dinosaur_bone_meal
com.google.gson.JsonSyntaxException: Unknown item 'legendary_monsters:dinosaur_bone_meal'
	at net.minecraftforge.common.crafting.CraftingHelper.getItem(CraftingHelper.java:160) ~[forge-1.20.1-47.4.2-universal.jar%23306!/:?]
	at net.minecraftforge.common.crafting.CraftingHelper.getItemStack(CraftingHelper.java:186) ~[forge-1.20.1-47.4.2-universal.jar%23306!/:?]
	at net.minecraft.world.item.crafting.ShapedRecipe.m_151274_(ShapedRecipe.java:286) ~[server-1.20.1-20230612.114412-srg.jar%23301!/:?]
	at net.minecraft.world.item.crafting.ShapedRecipe$Serializer.m_6729_(ShapedRecipe.java:311) ~[server-1.20.1-20230612.114412-srg.jar%23301!/:?]
	at net.minecraft.world.item.crafting.ShapedRecipe$Serializer.m_6729_(ShapedRecipe.java:301) ~[server-1.20.1-20230612.114412-srg.jar%23301!/:?]
	at net.minecraftforge.common.extensions.IForgeRecipeSerializer.fromJson(IForgeRecipeSerializer.java:23) ~[forge-1.20.1-47.4.2-universal.jar%23306!/:?]
	at net.minecraft.world.item.crafting.RecipeManager.fromJson(RecipeManager.java:171) ~[server-1.20.1-20230612.114412-srg.jar%23301!/:?]
	at net.minecraft.world.item.crafting.RecipeManager.m_5787_(RecipeManager.java:67) ~[server-1.20.1-20230612.114412-srg.jar%23301!/:?]
	at net.minecraft.world.item.crafting.RecipeManager.m_5787_(RecipeManager.java:34) ~[server-1.20.1-20230612.114412-srg.jar%23301!/:?]
	at net.minecraft.server.packs.resources.SimplePreparableReloadListener.m_10789_(SimplePreparableReloadListener.java:13) ~[server-1.20.1-20230612.114412-srg.jar%23301!/:?]
	at java.util.concurrent.CompletableFuture$UniAccept.tryFire(CompletableFuture.java:718) ~[?:?]
	at java.util.concurrent.CompletableFuture$Completion.run(CompletableFuture.java:482) ~[?:?]
	at net.minecraft.server.packs.resources.SimpleReloadInstance.m_143940_(SimpleReloadInstance.java:69) ~[server-1.20.1-20230612.114412-srg.jar%23301!/:?]
	at net.minecraft.Util.m_214652_(Util.java:783) ~[server-1.20.1-20230612.114412-srg.jar%23301!/:?]
	at net.minecraft.Util.m_214679_(Util.java:772) ~[server-1.20.1-20230612.114412-srg.jar%23301!/:?]
	at net.minecraft.server.Main.main(Main.java:166) ~[server-1.20.1-20230612.114412-srg.jar%23301!/:?]
	at jdk.internal.reflect.NativeMethodAccessorImpl.invoke0(Native Method) ~[?:?]
	at jdk.internal.reflect.NativeMethodAccessorImpl.invoke(NativeMethodAccessorImpl.java:77) ~[?:?]
	at jdk.internal.reflect.DelegatingMethodAccessorImpl.invoke(DelegatingMethodAccessorImpl.java:43) ~[?:?]
	at java.lang.reflect.Method.invoke(Method.java:569) ~[?:?]
	at net.minecraftforge.fml.loading.targets.CommonLaunchHandler.runTarget(CommonLaunchHandler.java:111) ~[fmlloader-1.20.1-47.4.2.jar%2369!/:?]
	at net.minecraftforge.fml.loading.targets.CommonLaunchHandler.serverService(CommonLaunchHandler.java:103) ~[fmlloader-1.20.1-47.4.2.jar%2369!/:?]
	at net.minecraftforge.fml.loading.targets.CommonServerLaunchHandler.lambda$makeService$0(CommonServerLaunchHandler.java:27) ~[fmlloader-1.20.1-47.4.2.jar%2369!/:?]
	at cpw.mods.modlauncher.LaunchServiceHandlerDecorator.launch(LaunchServiceHandlerDecorator.java:30) ~[modlauncher-10.0.9.jar%2355!/:?]
	at cpw.mods.modlauncher.LaunchServiceHandler.launch(LaunchServiceHandler.java:53) ~[modlauncher-10.0.9.jar%2355!/:?]
	at cpw.mods.modlauncher.LaunchServiceHandler.launch(LaunchServiceHandler.java:71) ~[modlauncher-10.0.9.jar%2355!/:?]
	at cpw.mods.modlauncher.Launcher.run(Launcher.java:108) ~[modlauncher-10.0.9.jar%2355!/:?]
	at cpw.mods.modlauncher.Launcher.main(Launcher.java:78) ~[modlauncher-10.0.9.jar%2355!/:?]
	at cpw.mods.modlauncher.BootstrapLaunchConsumer.accept(BootstrapLaunchConsumer.java:26) ~[modlauncher-10.0.9.jar%2355!/:?]
	at cpw.mods.modlauncher.BootstrapLaunchConsumer.accept(BootstrapLaunchConsumer.java:23) ~[modlauncher-10.0.9.jar%2355!/:?]
	at cpw.mods.bootstraplauncher.BootstrapLauncher.main(BootstrapLauncher.java:141) ~[bootstraplauncher-1.1.2.jar:?]
[30Aug2025 20:26:51.407] [main/INFO] [net.minecraft.world.item.crafting.RecipeManager/]: Skipping loading recipe toolbelt:pouch_upgrade_7_via_sewing as it's serializer returned null
[30Aug2025 20:26:51.409] [main/INFO] [net.minecraft.world.item.crafting.RecipeManager/]: Skipping loading recipe toolbelt:pouch_upgrade_2_via_sewing as it's serializer returned null
[30Aug2025 20:26:51.411] [main/INFO] [net.minecraft.world.item.crafting.RecipeManager/]: Skipping loading recipe reliquary:guardian_spike as it's serializer returned null
[30Aug2025 20:26:51.419] [main/INFO] [net.minecraft.world.item.crafting.RecipeManager/]: Skipping loading recipe reliquary:zombie_heart as it's serializer returned null
[30Aug2025 20:26:51.420] [main/INFO] [net.minecraft.world.item.crafting.RecipeManager/]: Skipping loading recipe reliquary:chelicerae as it's serializer returned null
[30Aug2025 20:26:51.429] [main/INFO] [net.minecraft.world.item.crafting.RecipeManager/]: Skipping loading recipe reliquary:eye_of_the_storm as it's serializer returned null
[30Aug2025 20:26:51.449] [main/INFO] [net.minecraft.world.item.crafting.RecipeManager/]: Loaded 12 recipes
[30Aug2025 20:26:51.723] [main/INFO] [net.minecraft.advancements.AdvancementList/]: Loaded 2483 advancements
[30Aug2025 20:26:51.751] [main/INFO] [top.theillusivec4.curios.Curios/]: Loaded 19 curio slots
[30Aug2025 20:26:51.766] [main/ERROR] [top.theillusivec4.curios.Curios/]: talisman is not a registered slot type!
[30Aug2025 20:26:51.771] [main/INFO] [top.theillusivec4.curios.Curios/]: Loaded 14 curio entities
[30Aug2025 20:26:52.541] [main/INFO] [Dave's Potioneering/]: Took 16.2408 ms to reload cauldron interactions
[30Aug2025 20:26:52.738] [Server thread/INFO] [net.minecraft.server.dedicated.DedicatedServer/]: Starting minecraft server version 1.20.1
[30Aug2025 20:26:52.739] [Server thread/INFO] [net.minecraft.server.dedicated.DedicatedServer/]: Loading properties
[30Aug2025 20:26:52.740] [Server thread/INFO] [net.minecraft.server.dedicated.DedicatedServer/]: Default game type: SURVIVAL
[30Aug2025 20:26:52.741] [Server thread/INFO] [net.minecraft.server.MinecraftServer/]: Generating keypair
[30Aug2025 20:26:52.891] [Server thread/INFO] [net.minecraft.server.dedicated.DedicatedServer/]: Starting Minecraft server on *:25565
[30Aug2025 20:26:52.967] [Server thread/INFO] [net.minecraft.server.network.ServerConnectionListener/]: Using epoll channel type
[30Aug2025 20:26:53.105] [Server thread/WARN] [net.minecraft.server.dedicated.DedicatedServer/]: **** SERVER IS RUNNING IN OFFLINE/INSECURE MODE!
[30Aug2025 20:26:53.106] [Server thread/WARN] [net.minecraft.server.dedicated.DedicatedServer/]: The server will make no attempt to authenticate usernames. Beware.
[30Aug2025 20:26:53.106] [Server thread/WARN] [net.minecraft.server.dedicated.DedicatedServer/]: While this makes the game possible to play without internet access, it also opens up the ability for hackers to connect with any username they choose.
[30Aug2025 20:26:53.107] [Server thread/WARN] [net.minecraft.server.dedicated.DedicatedServer/]: To change this, set "online-mode" to "true" in the server.properties file.
[30Aug2025 20:26:53.385] [Server thread/INFO] [Framework/]: Loading server configs...
[30Aug2025 20:26:53.427] [Server thread/INFO] [net.minecraft.server.dedicated.DedicatedServer/]: Preparing level "world"
[30Aug2025 20:26:53.459] [Server thread/INFO] [mixin/]: Mixing MixinPhantomSpawner from enigmaticlegacy.mixins.json into net.minecraft.world.level.levelgen.PhantomSpawner
[30Aug2025 20:27:00.988] [Server thread/INFO] [net.minecraft.server.MinecraftServer/]: Preparing start region for dimension minecraft:overworld
[30Aug2025 20:27:04.804] [Worker-Main-1/INFO] [net.minecraft.server.level.progress.LoggerChunkProgressListener/]: Preparing spawn area: 0%
[30Aug2025 20:27:04.877] [Worker-Main-1/INFO] [net.minecraft.server.level.progress.LoggerChunkProgressListener/]: Preparing spawn area: 0%
[30Aug2025 20:27:05.004] [Worker-Main-1/INFO] [net.minecraft.server.level.progress.LoggerChunkProgressListener/]: Preparing spawn area: 0%
[30Aug2025 20:27:05.169] [Worker-Main-1/INFO] [net.minecraft.server.level.progress.LoggerChunkProgressListener/]: Preparing spawn area: 0%
[30Aug2025 20:27:05.175] [Worker-Main-1/INFO] [net.minecraft.server.level.progress.LoggerChunkProgressListener/]: Preparing spawn area: 0%
[30Aug2025 20:27:05.189] [Worker-Main-1/INFO] [net.minecraft.server.level.progress.LoggerChunkProgressListener/]: Preparing spawn area: 0%
[30Aug2025 20:27:05.197] [Worker-Main-1/INFO] [net.minecraft.server.level.progress.LoggerChunkProgressListener/]: Preparing spawn area: 0%
[30Aug2025 20:27:05.202] [Worker-Main-1/INFO] [net.minecraft.server.level.progress.LoggerChunkProgressListener/]: Preparing spawn area: 0%
[30Aug2025 20:27:05.211] [Worker-Main-1/INFO] [net.minecraft.server.level.progress.LoggerChunkProgressListener/]: Preparing spawn area: 0%
[30Aug2025 20:27:07.267] [Worker-Main-1/INFO] [net.minecraft.server.level.progress.LoggerChunkProgressListener/]: Preparing spawn area: 0%
[30Aug2025 20:27:07.283] [Worker-Main-1/INFO] [net.minecraft.server.level.progress.LoggerChunkProgressListener/]: Preparing spawn area: 0%
[30Aug2025 20:27:07.302] [Worker-Main-1/INFO] [net.minecraft.server.level.progress.LoggerChunkProgressListener/]: Preparing spawn area: 0%
[30Aug2025 20:27:07.340] [Worker-Main-1/INFO] [net.minecraft.server.level.progress.LoggerChunkProgressListener/]: Preparing spawn area: 0%
[30Aug2025 20:27:07.844] [Worker-Main-1/INFO] [net.minecraft.server.level.progress.LoggerChunkProgressListener/]: Preparing spawn area: 0%
[30Aug2025 20:27:08.001] [Worker-Main-1/INFO] [net.minecraft.server.level.progress.LoggerChunkProgressListener/]: Preparing spawn area: 0%
[30Aug2025 20:27:08.498] [Worker-Main-1/INFO] [net.minecraft.server.level.progress.LoggerChunkProgressListener/]: Preparing spawn area: 0%
[30Aug2025 20:27:09.221] [Worker-Main-1/INFO] [net.minecraft.server.level.progress.LoggerChunkProgressListener/]: Preparing spawn area: 0%
[30Aug2025 20:27:10.252] [Worker-Main-1/INFO] [net.minecraft.server.level.progress.LoggerChunkProgressListener/]: Preparing spawn area: 0%
[30Aug2025 20:27:10.276] [Worker-Main-1/INFO] [net.minecraft.server.level.progress.LoggerChunkProgressListener/]: Preparing spawn area: 0%
[30Aug2025 20:27:10.492] [Worker-Main-1/INFO] [net.minecraft.server.level.progress.LoggerChunkProgressListener/]: Preparing spawn area: 0%
[30Aug2025 20:27:10.990] [Worker-Main-1/INFO] [net.minecraft.server.level.progress.LoggerChunkProgressListener/]: Preparing spawn area: 0%
[30Aug2025 20:27:11.490] [Worker-Main-1/INFO] [net.minecraft.server.level.progress.LoggerChunkProgressListener/]: Preparing spawn area: 0%
[30Aug2025 20:27:11.995] [Worker-Main-1/INFO] [net.minecraft.server.level.progress.LoggerChunkProgressListener/]: Preparing spawn area: 0%
[30Aug2025 20:27:12.490] [Worker-Main-1/INFO] [net.minecraft.server.level.progress.LoggerChunkProgressListener/]: Preparing spawn area: 0%
[30Aug2025 20:27:14.357] [Worker-Main-1/INFO] [net.minecraft.server.level.progress.LoggerChunkProgressListener/]: Preparing spawn area: 0%
[30Aug2025 20:27:14.359] [Worker-Main-1/INFO] [net.minecraft.server.level.progress.LoggerChunkProgressListener/]: Preparing spawn area: 0%
[30Aug2025 20:27:14.359] [Worker-Main-1/INFO] [net.minecraft.server.level.progress.LoggerChunkProgressListener/]: Preparing spawn area: 0%
[30Aug2025 20:27:15.323] [Server thread/INFO] [net.minecraft.server.level.progress.LoggerChunkProgressListener/]: Time elapsed: 14334 ms
[30Aug2025 20:27:15.325] [Server thread/INFO] [net.minecraft.server.dedicated.DedicatedServer/]: Done (22.199s)! For help, type "help"
[30Aug2025 20:27:15.512] [Server thread/INFO] [net.minecraftforge.server.permission.PermissionAPI/]: Successfully initialized permission handler forge:default_handler
[30Aug2025 20:27:15.528] [Server thread/INFO] [com.github.alexthe666.iceandfire.IceAndFire/]: {iceandfire:fire_dragon_roost=true, iceandfire:fire_lily=true, iceandfire:spawn_dragon_skeleton_fire=true, iceandfire:lightning_dragon_roost=true, iceandfire:spawn_dragon_skeleton_lightning=true, iceandfire:ice_dragon_roost=true, iceandfire:ice_dragon_cave=true, iceandfire:lightning_dragon_cave=true, iceandfire:cyclops_cave=true, iceandfire:spawn_wandering_cyclops=true, iceandfire:spawn_sea_serpent=true, iceandfire:frost_lily=true, iceandfire:hydra_cave=true, iceandfire:lightning_lily=true, iceandfire:pixie_village=true, iceandfire:myrmex_hive_jungle=true, iceandfire:myrmex_hive_desert=true, iceandfire:silver_ore=true, iceandfire:siren_island=true, iceandfire:spawn_dragon_skeleton_ice=true, iceandfire:spawn_stymphalian_bird=true, iceandfire:fire_dragon_cave=true, iceandfire:sapphire_ore=true, iceandfire:spawn_hippocampus=true, iceandfire:spawn_death_worm=true}
[30Aug2025 20:27:15.529] [Server thread/INFO] [com.github.alexthe666.iceandfire.IceAndFire/]: {TROLL_S=true, HIPPOGRYPH=true, AMPHITHERE=true, COCKATRICE=true, TROLL_M=true, DREAD_LICH=true, TROLL_F=true}
[30Aug2025 20:27:15.649] [Server thread/INFO] [net.bettercombat.logic.WeaponRegistry/]: Encoded Weapon Attribute registry size (with package overhead): 128022 bytes (in 13 string chunks with the size of 10000)
[30Aug2025 20:27:15.655] [Server thread/INFO] [patchouli/]: Sending reload packet to clients
[30Aug2025 20:27:16.035] [Server thread/INFO] [mixin/]: Mixing MixinEnchantmentHelper from enigmaticlegacy.mixins.json into net.minecraft.world.item.enchantment.EnchantmentHelper
[30Aug2025 20:28:35.398] [Server thread/INFO] [net.minecraft.server.players.PlayerList/]: Zehkro[/127.212.24.107:33121] logged in with entity id 143 at (-520.1172639011025, 68.0, -344.26726656152556)
[30Aug2025 20:28:35.624] [Server thread/INFO] [net.minecraft.server.MinecraftServer/]: Zehkro joined the game
[30Aug2025 20:28:35.867] [Server thread/INFO] [Enigmatic Legacy/INFO]: Synchronizing omniconfig files to Zehkro...
[30Aug2025 20:28:35.867] [Server thread/INFO] [Enigmatic Legacy/INFO]: Sending data for enigmaticlegacy-common.omniconf
[30Aug2025 20:28:35.873] [Server thread/INFO] [Enigmatic Legacy/INFO]: Granting starter gear to Zehkro
[30Aug2025 20:28:36.310] [Server thread/INFO] [Enigmatic Legacy/INFO]: Blue Skies detected: false
[30Aug2025 20:28:38.683] [Server thread/WARN] [net.minecraft.server.MinecraftServer/]: Can't keep up! Is the server overloaded? Running 3515ms or 70 ticks behind
[30Aug2025 20:29:01.373] [Server thread/WARN] [net.minecraft.server.MinecraftServer/]: Can't keep up! Is the server overloaded? Running 2006ms or 40 ticks behind
[30Aug2025 20:29:10.586] [Server thread/INFO] [mixin/]: Mixing MixinPiglinTasks from enigmaticlegacy.mixins.json into net.minecraft.world.entity.monster.piglin.PiglinAi
[30Aug2025 20:29:10.587] [Server thread/INFO] [mixin/]: Renaming synthetic method lambda$onPiglinBarter$0(Ljava/util/List;Lnet/minecraft/world/item/ItemStack;)V to md207244$lambda$onPiglinBarter$0$0 in enigmaticlegacy.mixins.json:MixinPiglinTasks
[30Aug2025 20:32:33.485] [Server thread/WARN] [net.minecraft.server.MinecraftServer/]: Can't keep up! Is the server overloaded? Running 2068ms or 41 ticks behind
[30Aug2025 20:47:40.881] [Server thread/INFO] [net.minecraft.server.MinecraftServer/]: [Zehkro: Teleported Zehkro to -1072.500000, 70.500000, 304.500000]
[30Aug2025 20:47:40.884] [Server thread/WARN] [net.minecraft.server.MinecraftServer/]: Can't keep up! Is the server overloaded? Running 4767ms or 95 ticks behind
[30Aug2025 20:47:45.537] [Server thread/ERROR] [net.minecraft.Util/]: POI data mismatch: already registered at BlockPos{x=-1017, y=-2, z=379}
[30Aug2025 20:47:50.514] [Worker-Main-35/WARN] [net.minecraft.world.level.levelgen.structure.pools.JigsawPlacement/]: Empty or non-existent pool: minecraft:
[30Aug2025 20:47:50.518] [Worker-Main-35/WARN] [net.minecraft.world.level.levelgen.structure.pools.JigsawPlacement/]: Empty or non-existent pool: minecraft:
[30Aug2025 20:50:08.275] [Server thread/ERROR] [net.minecraft.Util/]: POI data mismatch: already registered at BlockPos{x=-1161, y=-42, z=545}
[30Aug2025 20:52:07.682] [Server thread/INFO] [net.minecraft.server.MinecraftServer/]: Zehkro has completed the challenge [Premium!]
[30Aug2025 20:54:50.827] [Server thread/INFO] [net.minecraft.server.MinecraftServer/]: [Zehkro: Teleported Zehkro to -653.500000, 69.500000, -1160.500000]
[30Aug2025 20:54:50.831] [Server thread/WARN] [net.minecraft.server.MinecraftServer/]: Can't keep up! Is the server overloaded? Running 3064ms or 61 ticks behind
[30Aug2025 20:55:01.958] [Server thread/ERROR] [net.minecraft.Util/]: POI data mismatch: already registered at BlockPos{x=-687, y=-33, z=-1066}
[30Aug2025 20:55:21.925] [Server thread/ERROR] [net.minecraft.Util/]: POI data mismatch: already registered at BlockPos{x=-497, y=-30, z=-1260}
[30Aug2025 20:55:24.693] [Server thread/ERROR] [net.minecraft.Util/]: POI data mismatch: already registered at BlockPos{x=-817, y=-20, z=-1312}
[30Aug2025 20:55:28.046] [Server thread/ERROR] [net.minecraft.Util/]: POI data mismatch: already registered at BlockPos{x=-657, y=-8, z=-1347}
[30Aug2025 20:55:33.855] [Server thread/ERROR] [net.minecraft.Util/]: POI data mismatch: already registered at BlockPos{x=-461, y=32, z=-1165}
[30Aug2025 20:55:59.850] [Worker-Main-35/WARN] [net.minecraft.server.level.WorldGenRegion/]: Tried to access a block entity before it was created. BlockPos{x=-421, y=34, z=-1313}
[30Aug2025 20:56:01.359] [Server thread/ERROR] [net.minecraft.Util/]: POI data mismatch: already registered at BlockPos{x=-423, y=29, z=-1207}
[30Aug2025 20:56:13.396] [Server thread/ERROR] [net.minecraft.Util/]: POI data mismatch: already registered at BlockPos{x=-767, y=-51, z=-998}
[30Aug2025 20:56:52.787] [Server thread/INFO] [net.minecraft.server.MinecraftServer/]: Zehkro has made the advancement [Undead Guard]
[30Aug2025 20:57:36.294] [Server thread/WARN] [net.minecraft.server.network.ServerGamePacketListenerImpl/]: Zehkro moved too quickly! -9.808646671060501,0.0,-2.0377348913762034
[30Aug2025 20:57:36.308] [Server thread/WARN] [net.minecraft.server.MinecraftServer/]: Can't keep up! Is the server overloaded? Running 18941ms or 378 ticks behind
[30Aug2025 20:57:44.038] [Server thread/INFO] [net.minecraft.server.MinecraftServer/]: Zehkro has made the advancement [Living Armor]
[30Aug2025 20:57:47.045] [Server thread/INFO] [net.minecraft.server.MinecraftServer/]: Zehkro has completed the challenge [The Fallen Knight]
[30Aug2025 20:58:36.685] [Server thread/INFO] [net.minecraft.server.MinecraftServer/]: Zehkro has completed the challenge [Centennial]
[30Aug2025 21:01:11.745] [Server thread/ERROR] [net.minecraft.Util/]: POI data mismatch: already registered at BlockPos{x=-382, y=-44, z=-1263}
[30Aug2025 21:01:53.259] [Worker-Main-36/WARN] [net.minecraft.server.level.WorldGenRegion/]: Tried to access a block entity before it was created. BlockPos{x=-595, y=-53, z=-944}
[30Aug2025 21:02:07.485] [Server thread/INFO] [net.minecraft.server.MinecraftServer/]: [Zehkro: Teleported Zehkro to -516.500000, 68.500000, -332.500000]
[30Aug2025 21:11:57.331] [Server thread/INFO] [net.minecraft.server.network.ServerGamePacketListenerImpl/]: Zehkro lost connection: Disconnected
[30Aug2025 21:11:57.331] [Server thread/INFO] [net.minecraft.server.MinecraftServer/]: Zehkro left the game
[30Aug2025 21:12:05.021] [Server thread/INFO] [net.minecraft.server.MinecraftServer/]: Stopping the server
[30Aug2025 21:12:05.070] [Server thread/INFO] [net.minecraft.server.MinecraftServer/]: Stopping server
[30Aug2025 21:12:05.073] [Server thread/INFO] [net.minecraft.server.MinecraftServer/]: Saving players
[30Aug2025 21:12:05.073] [Server thread/INFO] [net.minecraft.server.MinecraftServer/]: Saving worlds
[30Aug2025 21:12:05.570] [Server thread/INFO] [net.minecraft.server.MinecraftServer/]: Saving chunks for level 'ServerLevel[world]'/minecraft:overworld
[30Aug2025 21:12:06.661] [Server thread/INFO] [net.minecraft.server.MinecraftServer/]: Saving chunks for level 'ServerLevel[world]'/minecraft:the_end
[30Aug2025 21:12:06.663] [Server thread/INFO] [net.minecraft.server.MinecraftServer/]: Saving chunks for level 'ServerLevel[world]'/minecraft:the_nether
[30Aug2025 21:12:06.694] [Server thread/INFO] [net.minecraft.server.MinecraftServer/]: ThreadedAnvilChunkStorage (world): All chunks are saved
[30Aug2025 21:12:06.694] [Server thread/INFO] [net.minecraft.server.MinecraftServer/]: ThreadedAnvilChunkStorage (DIM1): All chunks are saved
[30Aug2025 21:12:06.694] [Server thread/INFO] [net.minecraft.server.MinecraftServer/]: ThreadedAnvilChunkStorage (DIM-1): All chunks are saved
[30Aug2025 21:12:06.694] [Server thread/INFO] [net.minecraft.server.MinecraftServer/]: ThreadedAnvilChunkStorage: All dimensions are saved
[30Aug2025 21:12:06.850] [Server thread/INFO] [Framework/]: Unloading server configs...
[30Aug2025 21:12:06.850] [Server thread/INFO] [Framework/]: Finished unloading server configs
