2025-07-01 21:32:18,087 [modloading-worker-0] WARN treasure2 | TreasureLootTableRegistry.java:173 | unable to locate file in jar -> data/treasure2/loot_tables/injects
2025-07-01 21:32:26,926 [main] INFO treasure2 | TreasureTags.java:135 | in tags updated event
2025-07-01 21:32:26,927 [main] INFO treasure2 | TreasureTags.java:152 | registering key -> treasure2:stone_key by rarity -> COMMON
2025-07-01 21:32:26,927 [main] INFO treasure2 | TreasureTags.java:152 | registering key -> treasure2:leaf_key by rarity -> UNCOMMON
2025-07-01 21:32:26,927 [main] INFO treasure2 | TreasureTags.java:152 | registering key -> treasure2:gold_key by rarity -> SCARCE
2025-07-01 21:32:26,928 [main] INFO treasure2 | TreasureTags.java:152 | registering key -> treasure2:diamond_key by rarity -> RARE
2025-07-01 21:32:26,928 [main] INFO treasure2 | TreasureTags.java:152 | registering key -> treasure2:thiefs_lock_pick by rarity -> UNCOMMON
2025-07-01 21:32:26,928 [main] INFO treasure2 | TreasureTags.java:152 | registering key -> treasure2:ember_key by rarity -> SCARCE
2025-07-01 21:32:26,928 [main] INFO treasure2 | TreasureTags.java:152 | registering key -> treasure2:wood_key by rarity -> COMMON
2025-07-01 21:32:26,928 [main] INFO treasure2 | TreasureTags.java:152 | registering key -> treasure2:metallurgists_key by rarity -> RARE
2025-07-01 21:32:26,928 [main] INFO treasure2 | TreasureTags.java:152 | registering key -> treasure2:skeleton_key by rarity -> RARE
2025-07-01 21:32:26,928 [main] INFO treasure2 | TreasureTags.java:152 | registering key -> treasure2:jewelled_key by rarity -> EPIC
2025-07-01 21:32:26,928 [main] INFO treasure2 | TreasureTags.java:152 | registering key -> treasure2:ruby_key by rarity -> EPIC
2025-07-01 21:32:26,928 [main] INFO treasure2 | TreasureTags.java:152 | registering key -> treasure2:onyx_key by rarity -> SCARCE
2025-07-01 21:32:26,928 [main] INFO treasure2 | TreasureTags.java:152 | registering key -> treasure2:emerald_key by rarity -> RARE
2025-07-01 21:32:26,929 [main] INFO treasure2 | TreasureTags.java:152 | registering key -> treasure2:lightning_key by rarity -> SCARCE
2025-07-01 21:32:26,929 [main] INFO treasure2 | TreasureTags.java:152 | registering key -> treasure2:topaz_key by rarity -> SCARCE
2025-07-01 21:32:26,929 [main] INFO treasure2 | TreasureTags.java:152 | registering key -> treasure2:sapphire_key by rarity -> EPIC
2025-07-01 21:32:26,929 [main] INFO treasure2 | TreasureTags.java:152 | registering key -> treasure2:pilferers_lock_pick by rarity -> COMMON
2025-07-01 21:32:26,929 [main] INFO treasure2 | TreasureTags.java:152 | registering key -> treasure2:iron_key by rarity -> UNCOMMON
2025-07-01 21:32:26,929 [main] INFO treasure2 | TreasureTags.java:152 | registering key -> treasure2:wither_key by rarity -> RARE
2025-07-01 21:32:26,929 [main] INFO treasure2 | TreasureTags.java:152 | registering key -> treasure2:spider_key by rarity -> SCARCE
2025-07-01 21:32:26,929 [main] INFO treasure2 | TreasureTags.java:152 | registering key -> treasure2:one_key by rarity -> MYTHICAL
2025-07-01 21:32:26,929 [main] INFO treasure2 | TreasureTags.java:167 | registering lock -> treasure2:onyx_lock by rarity -> SCARCE
2025-07-01 21:32:26,930 [main] INFO treasure2 | TreasureTags.java:167 | registering lock -> treasure2:spider_lock by rarity -> SCARCE
2025-07-01 21:32:26,930 [main] INFO treasure2 | TreasureTags.java:167 | registering lock -> treasure2:emerald_lock by rarity -> RARE
2025-07-01 21:32:26,930 [main] INFO treasure2 | TreasureTags.java:167 | registering lock -> treasure2:ruby_lock by rarity -> EPIC
2025-07-01 21:32:26,930 [main] INFO treasure2 | TreasureTags.java:167 | registering lock -> treasure2:stone_lock by rarity -> COMMON
2025-07-01 21:32:26,930 [main] INFO treasure2 | TreasureTags.java:167 | registering lock -> treasure2:leaf_lock by rarity -> UNCOMMON
2025-07-01 21:32:26,930 [main] INFO treasure2 | TreasureTags.java:167 | registering lock -> treasure2:sapphire_lock by rarity -> EPIC
2025-07-01 21:32:26,930 [main] INFO treasure2 | TreasureTags.java:167 | registering lock -> treasure2:diamond_lock by rarity -> RARE
2025-07-01 21:32:26,930 [main] INFO treasure2 | TreasureTags.java:167 | registering lock -> treasure2:ember_lock by rarity -> SCARCE
2025-07-01 21:32:26,930 [main] INFO treasure2 | TreasureTags.java:167 | registering lock -> treasure2:gold_lock by rarity -> SCARCE
2025-07-01 21:32:26,930 [main] INFO treasure2 | TreasureTags.java:167 | registering lock -> treasure2:wood_lock by rarity -> COMMON
2025-07-01 21:32:26,930 [main] INFO treasure2 | TreasureTags.java:167 | registering lock -> treasure2:iron_lock by rarity -> UNCOMMON
2025-07-01 21:32:26,930 [main] INFO treasure2 | TreasureTags.java:167 | registering lock -> treasure2:topaz_lock by rarity -> SCARCE
2025-07-01 21:32:26,931 [main] INFO treasure2 | TreasureTags.java:184 | registering chest -> treasure2:barrel_chest by rarity -> UNCOMMON
2025-07-01 21:32:26,931 [main] INFO treasure2 | TreasureTags.java:184 | registering chest -> treasure2:viking_chest by rarity -> UNCOMMON
2025-07-01 21:32:26,931 [main] INFO treasure2 | TreasureTags.java:184 | registering chest -> treasure2:pirate_chest by rarity -> SCARCE
2025-07-01 21:32:26,931 [main] INFO treasure2 | TreasureTags.java:184 | registering chest -> treasure2:safe by rarity -> RARE
2025-07-01 21:32:26,931 [main] INFO treasure2 | TreasureTags.java:184 | registering chest -> treasure2:cauldron_chest by rarity -> CAULDRON
2025-07-01 21:32:26,931 [main] INFO treasure2 | TreasureTags.java:184 | registering chest -> treasure2:crate_chest by rarity -> UNCOMMON
2025-07-01 21:32:26,931 [main] INFO treasure2 | TreasureTags.java:184 | registering chest -> treasure2:crate_chest_moldy by rarity -> COMMON
2025-07-01 21:32:26,931 [main] INFO treasure2 | TreasureTags.java:184 | registering chest -> treasure2:dread_pirate_chest by rarity -> EPIC
2025-07-01 21:32:26,931 [main] INFO treasure2 | TreasureTags.java:184 | registering chest -> treasure2:spider_chest by rarity -> RARE
2025-07-01 21:32:26,931 [main] INFO treasure2 | TreasureTags.java:184 | registering chest -> treasure2:ironbound_chest by rarity -> UNCOMMON
2025-07-01 21:32:26,932 [main] INFO treasure2 | TreasureTags.java:184 | registering chest -> treasure2:skull_chest by rarity -> SKULL
2025-07-01 21:32:26,932 [main] INFO treasure2 | TreasureTags.java:184 | registering chest -> treasure2:milk_crate by rarity -> COMMON
2025-07-01 21:32:26,932 [main] INFO treasure2 | TreasureTags.java:184 | registering chest -> treasure2:vanilla_chest by rarity -> COMMON
2025-07-01 21:32:26,932 [main] INFO treasure2 | TreasureTags.java:184 | registering chest -> treasure2:gold_skull_chest by rarity -> GOLD_SKULL
2025-07-01 21:32:26,932 [main] INFO treasure2 | TreasureTags.java:184 | registering chest -> treasure2:gold_strongbox by rarity -> RARE
2025-07-01 21:32:26,932 [main] INFO treasure2 | TreasureTags.java:184 | registering chest -> treasure2:iron_strongbox by rarity -> SCARCE
2025-07-01 21:32:26,932 [main] INFO treasure2 | TreasureTags.java:184 | registering chest -> treasure2:crystal_skull_chest by rarity -> CRYSTAL_SKULL
2025-07-01 21:32:26,932 [main] INFO treasure2 | TreasureTags.java:184 | registering chest -> treasure2:wood_chest by rarity -> COMMON
2025-07-01 21:32:26,932 [main] INFO treasure2 | TreasureTags.java:184 | registering chest -> treasure2:wither_chest by rarity -> WITHER
2025-07-01 21:32:26,932 [main] INFO treasure2 | TreasureTags.java:184 | registering chest -> treasure2:compressor_chest by rarity -> EPIC
2025-07-01 21:32:26,932 [main] INFO treasure2 | TreasureTags.java:184 | registering chest -> treasure2:cardboard_box by rarity -> COMMON
2025-07-01 21:32:26,933 [main] INFO treasure2 | TreasureTags.java:201 | registering wishable -> treasure2:onyx by rarity -> RARE
2025-07-01 21:32:26,933 [main] INFO treasure2 | TreasureTags.java:201 | registering wishable -> treasure2:ruby by rarity -> RARE
2025-07-01 21:32:26,933 [main] INFO treasure2 | TreasureTags.java:201 | registering wishable -> treasure2:white_pearl by rarity -> RARE
2025-07-01 21:32:26,933 [main] INFO treasure2 | TreasureTags.java:201 | registering wishable -> treasure2:sapphire by rarity -> EPIC
2025-07-01 21:32:26,933 [main] INFO treasure2 | TreasureTags.java:201 | registering wishable -> treasure2:black_pearl by rarity -> EPIC
2025-07-01 21:32:26,933 [main] INFO treasure2 | TreasureTags.java:201 | registering wishable -> treasure2:gold_coin by rarity -> SCARCE
2025-07-01 21:32:26,934 [main] INFO treasure2 | TreasureTags.java:201 | registering wishable -> treasure2:topaz by rarity -> SCARCE
2025-07-01 21:32:26,934 [main] INFO treasure2 | TreasureTags.java:201 | registering wishable -> minecraft:diamond by rarity -> SCARCE
2025-07-01 21:32:26,934 [main] INFO treasure2 | TreasureTags.java:201 | registering wishable -> minecraft:emerald by rarity -> SCARCE
2025-07-01 21:32:26,934 [main] INFO treasure2 | TreasureTags.java:201 | registering wishable -> treasure2:silver_coin by rarity -> UNCOMMON
2025-07-01 21:32:26,934 [main] INFO treasure2 | TreasureTags.java:201 | registering wishable -> treasure2:copper_coin by rarity -> COMMON
2025-07-01 21:32:27,436 [Server thread] INFO treasure2 | Config.java:760 | transforming mob set config...
2025-07-01 21:32:27,436 [Thread-2] INFO treasure2 | Config.java:760 | transforming mob set config...
2025-07-01 21:32:27,444 [Thread-2] INFO treasure2 | Config.java:769 | adding mobset to map -> MobSet{name='treasure2:wishing_well_group', category='wishing_wells', biomeWhitelist=[], biomeBlacklist=[], count=IntegerRange [min=1, max=3], mobs=[WeightedMob{name='minecraft:zombie', weight=35}, WeightedMob{name='minecraft:zombie_villager', weight=10}, WeightedMob{name='minecraft:skeleton', weight=35}, WeightedMob{name='minecraft:vex', weight=20}, WeightedMob{name='minecraft:creeper', weight=15}, WeightedMob{name='minecraft:slime', weight=5}]}
2025-07-01 21:32:27,444 [Thread-2] INFO treasure2 | Config.java:769 | adding mobset to map -> MobSet{name='treasure2:wither_tree_group', category='wither_trees', biomeWhitelist=[], biomeBlacklist=[], count=IntegerRange [min=1, max=3], mobs=[WeightedMob{name='minecraft:wither_skeleton', weight=90}, WeightedMob{name='minecraft:skeleton', weight=10}]}
2025-07-01 21:32:27,445 [Thread-2] INFO treasure2 | Config.java:769 | adding mobset to map -> MobSet{name='treasure2:small_zombie_group', category='zombies', biomeWhitelist=[], biomeBlacklist=[], count=IntegerRange [min=1, max=3], mobs=[WeightedMob{name='minecraft:zombie', weight=90}, WeightedMob{name='minecraft:zombie_villager', weight=10}]}
2025-07-01 21:32:27,445 [Thread-2] INFO treasure2 | Config.java:769 | adding mobset to map -> MobSet{name='treasure2:medium_zombie_group', category='zombies', biomeWhitelist=[], biomeBlacklist=[], count=IntegerRange [min=2, max=5], mobs=[WeightedMob{name='minecraft:zombie', weight=90}, WeightedMob{name='minecraft:zombie_villager', weight=10}]}
2025-07-01 21:32:27,444 [Server thread] INFO treasure2 | Config.java:769 | adding mobset to map -> MobSet{name='treasure2:wishing_well_group', category='wishing_wells', biomeWhitelist=[], biomeBlacklist=[], count=IntegerRange [min=1, max=3], mobs=[WeightedMob{name='minecraft:zombie', weight=35}, WeightedMob{name='minecraft:zombie_villager', weight=10}, WeightedMob{name='minecraft:skeleton', weight=35}, WeightedMob{name='minecraft:vex', weight=20}, WeightedMob{name='minecraft:creeper', weight=15}, WeightedMob{name='minecraft:slime', weight=5}]}
2025-07-01 21:32:27,445 [Server thread] INFO treasure2 | Config.java:769 | adding mobset to map -> MobSet{name='treasure2:wither_tree_group', category='wither_trees', biomeWhitelist=[], biomeBlacklist=[], count=IntegerRange [min=1, max=3], mobs=[WeightedMob{name='minecraft:wither_skeleton', weight=90}, WeightedMob{name='minecraft:skeleton', weight=10}]}
2025-07-01 21:32:27,445 [Server thread] INFO treasure2 | Config.java:769 | adding mobset to map -> MobSet{name='treasure2:small_zombie_group', category='zombies', biomeWhitelist=[], biomeBlacklist=[], count=IntegerRange [min=1, max=3], mobs=[WeightedMob{name='minecraft:zombie', weight=90}, WeightedMob{name='minecraft:zombie_villager', weight=10}]}
2025-07-01 21:32:27,445 [Server thread] INFO treasure2 | Config.java:769 | adding mobset to map -> MobSet{name='treasure2:medium_zombie_group', category='zombies', biomeWhitelist=[], biomeBlacklist=[], count=IntegerRange [min=2, max=5], mobs=[WeightedMob{name='minecraft:zombie', weight=90}, WeightedMob{name='minecraft:zombie_villager', weight=10}]}
2025-07-01 21:32:27,446 [Thread-2] INFO treasure2 | Config.java:760 | transforming mob set config...
2025-07-01 21:32:27,447 [Thread-2] INFO treasure2 | Config.java:769 | adding mobset to map -> MobSet{name='treasure2:wishing_well_group', category='wishing_wells', biomeWhitelist=[], biomeBlacklist=[], count=IntegerRange [min=1, max=3], mobs=[WeightedMob{name='minecraft:zombie', weight=35}, WeightedMob{name='minecraft:zombie_villager', weight=10}, WeightedMob{name='minecraft:skeleton', weight=35}, WeightedMob{name='minecraft:vex', weight=20}, WeightedMob{name='minecraft:creeper', weight=15}, WeightedMob{name='minecraft:slime', weight=5}]}
2025-07-01 21:32:27,447 [Thread-2] INFO treasure2 | Config.java:769 | adding mobset to map -> MobSet{name='treasure2:wither_tree_group', category='wither_trees', biomeWhitelist=[], biomeBlacklist=[], count=IntegerRange [min=1, max=3], mobs=[WeightedMob{name='minecraft:wither_skeleton', weight=90}, WeightedMob{name='minecraft:skeleton', weight=10}]}
2025-07-01 21:32:27,447 [Thread-2] INFO treasure2 | Config.java:769 | adding mobset to map -> MobSet{name='treasure2:small_zombie_group', category='zombies', biomeWhitelist=[], biomeBlacklist=[], count=IntegerRange [min=1, max=3], mobs=[WeightedMob{name='minecraft:zombie', weight=90}, WeightedMob{name='minecraft:zombie_villager', weight=10}]}
2025-07-01 21:32:27,447 [Thread-2] INFO treasure2 | Config.java:769 | adding mobset to map -> MobSet{name='treasure2:medium_zombie_group', category='zombies', biomeWhitelist=[], biomeBlacklist=[], count=IntegerRange [min=2, max=5], mobs=[WeightedMob{name='minecraft:zombie', weight=90}, WeightedMob{name='minecraft:zombie_villager', weight=10}]}
2025-07-01 21:32:27,448 [Thread-2] INFO treasure2 | Config.java:760 | transforming mob set config...
2025-07-01 21:32:27,449 [Thread-2] INFO treasure2 | Config.java:769 | adding mobset to map -> MobSet{name='treasure2:wishing_well_group', category='wishing_wells', biomeWhitelist=[], biomeBlacklist=[], count=IntegerRange [min=1, max=3], mobs=[WeightedMob{name='minecraft:zombie', weight=35}, WeightedMob{name='minecraft:zombie_villager', weight=10}, WeightedMob{name='minecraft:skeleton', weight=35}, WeightedMob{name='minecraft:vex', weight=20}, WeightedMob{name='minecraft:creeper', weight=15}, WeightedMob{name='minecraft:slime', weight=5}]}
2025-07-01 21:32:27,449 [Thread-2] INFO treasure2 | Config.java:769 | adding mobset to map -> MobSet{name='treasure2:wither_tree_group', category='wither_trees', biomeWhitelist=[], biomeBlacklist=[], count=IntegerRange [min=1, max=3], mobs=[WeightedMob{name='minecraft:wither_skeleton', weight=90}, WeightedMob{name='minecraft:skeleton', weight=10}]}
2025-07-01 21:32:27,449 [Thread-2] INFO treasure2 | Config.java:769 | adding mobset to map -> MobSet{name='treasure2:small_zombie_group', category='zombies', biomeWhitelist=[], biomeBlacklist=[], count=IntegerRange [min=1, max=3], mobs=[WeightedMob{name='minecraft:zombie', weight=90}, WeightedMob{name='minecraft:zombie_villager', weight=10}]}
2025-07-01 21:32:27,449 [Thread-2] INFO treasure2 | Config.java:769 | adding mobset to map -> MobSet{name='treasure2:medium_zombie_group', category='zombies', biomeWhitelist=[], biomeBlacklist=[], count=IntegerRange [min=2, max=5], mobs=[WeightedMob{name='minecraft:zombie', weight=90}, WeightedMob{name='minecraft:zombie_villager', weight=10}]}
2025-07-01 21:32:28,373 [Server thread] INFO treasure2 | WorldEventHandler.java:54 | In world load event
2025-07-01 21:32:28,374 [Server thread] INFO treasure2 | WorldEventHandler.java:64 | In world load event for dimension minecraft:overworld
2025-07-01 21:32:28,390 [Server thread] INFO treasure2 | MobSetRegistry.java:37 | mobSetConfig optional ...
2025-07-01 21:32:28,393 [Server thread] INFO treasure2 | MobSetRegistry.java:39 | mobSetConfig is present
2025-07-01 21:32:28,874 [Server thread] WARN treasure2 | TreasureTemplateRegistry.java:791 | biome -> 'minecraft:desert' is not registgered
2025-07-01 21:32:28,874 [Server thread] WARN treasure2 | TreasureTemplateRegistry.java:791 | biome -> 'minecraft:desert' is not registgered
2025-07-01 21:32:28,874 [Server thread] WARN treasure2 | TreasureTemplateRegistry.java:791 | biome -> 'minecraft:desert' is not registgered
2025-07-01 21:32:28,874 [Server thread] WARN treasure2 | TreasureTemplateRegistry.java:791 | biome -> 'minecraft:desert' is not registgered
2025-07-01 21:32:28,874 [Server thread] WARN treasure2 | TreasureTemplateRegistry.java:791 | biome -> 'minecraft:desert' is not registgered
2025-07-01 21:32:28,874 [Server thread] WARN treasure2 | TreasureTemplateRegistry.java:791 | biome -> 'minecraft:desert' is not registgered
2025-07-01 21:32:28,874 [Server thread] WARN treasure2 | TreasureTemplateRegistry.java:791 | biome -> 'minecraft:desert' is not registgered
2025-07-01 21:32:28,876 [Server thread] WARN treasure2 | TreasureTemplateRegistry.java:791 | biome -> 'minecraft:desert' is not registgered
2025-07-01 21:32:30,831 [Server thread] INFO treasure2 | WorldEventHandler.java:54 | In world load event
2025-07-01 21:32:30,831 [Server thread] INFO treasure2 | WorldEventHandler.java:64 | In world load event for dimension minecraft:the_end
2025-07-01 21:32:30,838 [Server thread] INFO treasure2 | WorldEventHandler.java:54 | In world load event
2025-07-01 21:32:30,838 [Server thread] INFO treasure2 | WorldEventHandler.java:64 | In world load event for dimension minecraft:the_nether
2025-07-01 21:34:39,487 [Worker-Main-2] INFO treasure2 | WellGenerator.java:198 | CHEATER! Wishing Well at coords: 218 108 159
2025-07-01 21:35:18,502 [Server thread] INFO treasure2 | Config.java:760 | transforming mob set config...
2025-07-01 21:35:18,503 [Server thread] INFO treasure2 | Config.java:769 | adding mobset to map -> MobSet{name='treasure2:wishing_well_group', category='wishing_wells', biomeWhitelist=[], biomeBlacklist=[], count=IntegerRange [min=1, max=3], mobs=[WeightedMob{name='minecraft:zombie', weight=35}, WeightedMob{name='minecraft:zombie_villager', weight=10}, WeightedMob{name='minecraft:skeleton', weight=35}, WeightedMob{name='minecraft:vex', weight=20}, WeightedMob{name='minecraft:creeper', weight=15}, WeightedMob{name='minecraft:slime', weight=5}]}
2025-07-01 21:35:18,503 [Server thread] INFO treasure2 | Config.java:769 | adding mobset to map -> MobSet{name='treasure2:wither_tree_group', category='wither_trees', biomeWhitelist=[], biomeBlacklist=[], count=IntegerRange [min=1, max=3], mobs=[WeightedMob{name='minecraft:wither_skeleton', weight=90}, WeightedMob{name='minecraft:skeleton', weight=10}]}
2025-07-01 21:35:18,503 [Server thread] INFO treasure2 | Config.java:769 | adding mobset to map -> MobSet{name='treasure2:small_zombie_group', category='zombies', biomeWhitelist=[], biomeBlacklist=[], count=IntegerRange [min=1, max=3], mobs=[WeightedMob{name='minecraft:zombie', weight=90}, WeightedMob{name='minecraft:zombie_villager', weight=10}]}
2025-07-01 21:35:18,503 [Server thread] INFO treasure2 | Config.java:769 | adding mobset to map -> MobSet{name='treasure2:medium_zombie_group', category='zombies', biomeWhitelist=[], biomeBlacklist=[], count=IntegerRange [min=2, max=5], mobs=[WeightedMob{name='minecraft:zombie', weight=90}, WeightedMob{name='minecraft:zombie_villager', weight=10}]}
2025-07-01 21:37:05,985 [modloading-worker-0] WARN treasure2 | TreasureLootTableRegistry.java:173 | unable to locate file in jar -> data/treasure2/loot_tables/injects
2025-07-01 21:37:14,056 [main] INFO treasure2 | TreasureTags.java:135 | in tags updated event
2025-07-01 21:37:14,057 [main] INFO treasure2 | TreasureTags.java:152 | registering key -> treasure2:stone_key by rarity -> COMMON
2025-07-01 21:37:14,057 [main] INFO treasure2 | TreasureTags.java:152 | registering key -> treasure2:leaf_key by rarity -> UNCOMMON
2025-07-01 21:37:14,057 [main] INFO treasure2 | TreasureTags.java:152 | registering key -> treasure2:gold_key by rarity -> SCARCE
2025-07-01 21:37:14,057 [main] INFO treasure2 | TreasureTags.java:152 | registering key -> treasure2:diamond_key by rarity -> RARE
2025-07-01 21:37:14,057 [main] INFO treasure2 | TreasureTags.java:152 | registering key -> treasure2:thiefs_lock_pick by rarity -> UNCOMMON
2025-07-01 21:37:14,057 [main] INFO treasure2 | TreasureTags.java:152 | registering key -> treasure2:ember_key by rarity -> SCARCE
2025-07-01 21:37:14,057 [main] INFO treasure2 | TreasureTags.java:152 | registering key -> treasure2:wood_key by rarity -> COMMON
2025-07-01 21:37:14,058 [main] INFO treasure2 | TreasureTags.java:152 | registering key -> treasure2:metallurgists_key by rarity -> RARE
2025-07-01 21:37:14,058 [main] INFO treasure2 | TreasureTags.java:152 | registering key -> treasure2:skeleton_key by rarity -> RARE
2025-07-01 21:37:14,058 [main] INFO treasure2 | TreasureTags.java:152 | registering key -> treasure2:jewelled_key by rarity -> EPIC
2025-07-01 21:37:14,058 [main] INFO treasure2 | TreasureTags.java:152 | registering key -> treasure2:ruby_key by rarity -> EPIC
2025-07-01 21:37:14,058 [main] INFO treasure2 | TreasureTags.java:152 | registering key -> treasure2:onyx_key by rarity -> SCARCE
2025-07-01 21:37:14,058 [main] INFO treasure2 | TreasureTags.java:152 | registering key -> treasure2:emerald_key by rarity -> RARE
2025-07-01 21:37:14,058 [main] INFO treasure2 | TreasureTags.java:152 | registering key -> treasure2:lightning_key by rarity -> SCARCE
2025-07-01 21:37:14,058 [main] INFO treasure2 | TreasureTags.java:152 | registering key -> treasure2:topaz_key by rarity -> SCARCE
2025-07-01 21:37:14,058 [main] INFO treasure2 | TreasureTags.java:152 | registering key -> treasure2:sapphire_key by rarity -> EPIC
2025-07-01 21:37:14,059 [main] INFO treasure2 | TreasureTags.java:152 | registering key -> treasure2:pilferers_lock_pick by rarity -> COMMON
2025-07-01 21:37:14,059 [main] INFO treasure2 | TreasureTags.java:152 | registering key -> treasure2:iron_key by rarity -> UNCOMMON
2025-07-01 21:37:14,059 [main] INFO treasure2 | TreasureTags.java:152 | registering key -> treasure2:wither_key by rarity -> RARE
2025-07-01 21:37:14,059 [main] INFO treasure2 | TreasureTags.java:152 | registering key -> treasure2:spider_key by rarity -> SCARCE
2025-07-01 21:37:14,059 [main] INFO treasure2 | TreasureTags.java:152 | registering key -> treasure2:one_key by rarity -> MYTHICAL
2025-07-01 21:37:14,059 [main] INFO treasure2 | TreasureTags.java:167 | registering lock -> treasure2:onyx_lock by rarity -> SCARCE
2025-07-01 21:37:14,060 [main] INFO treasure2 | TreasureTags.java:167 | registering lock -> treasure2:spider_lock by rarity -> SCARCE
2025-07-01 21:37:14,060 [main] INFO treasure2 | TreasureTags.java:167 | registering lock -> treasure2:emerald_lock by rarity -> RARE
2025-07-01 21:37:14,060 [main] INFO treasure2 | TreasureTags.java:167 | registering lock -> treasure2:ruby_lock by rarity -> EPIC
2025-07-01 21:37:14,060 [main] INFO treasure2 | TreasureTags.java:167 | registering lock -> treasure2:stone_lock by rarity -> COMMON
2025-07-01 21:37:14,060 [main] INFO treasure2 | TreasureTags.java:167 | registering lock -> treasure2:leaf_lock by rarity -> UNCOMMON
2025-07-01 21:37:14,060 [main] INFO treasure2 | TreasureTags.java:167 | registering lock -> treasure2:sapphire_lock by rarity -> EPIC
2025-07-01 21:37:14,060 [main] INFO treasure2 | TreasureTags.java:167 | registering lock -> treasure2:diamond_lock by rarity -> RARE
2025-07-01 21:37:14,060 [main] INFO treasure2 | TreasureTags.java:167 | registering lock -> treasure2:ember_lock by rarity -> SCARCE
2025-07-01 21:37:14,060 [main] INFO treasure2 | TreasureTags.java:167 | registering lock -> treasure2:gold_lock by rarity -> SCARCE
2025-07-01 21:37:14,061 [main] INFO treasure2 | TreasureTags.java:167 | registering lock -> treasure2:wood_lock by rarity -> COMMON
2025-07-01 21:37:14,061 [main] INFO treasure2 | TreasureTags.java:167 | registering lock -> treasure2:iron_lock by rarity -> UNCOMMON
2025-07-01 21:37:14,061 [main] INFO treasure2 | TreasureTags.java:167 | registering lock -> treasure2:topaz_lock by rarity -> SCARCE
2025-07-01 21:37:14,061 [main] INFO treasure2 | TreasureTags.java:184 | registering chest -> treasure2:barrel_chest by rarity -> UNCOMMON
2025-07-01 21:37:14,061 [main] INFO treasure2 | TreasureTags.java:184 | registering chest -> treasure2:viking_chest by rarity -> UNCOMMON
2025-07-01 21:37:14,061 [main] INFO treasure2 | TreasureTags.java:184 | registering chest -> treasure2:pirate_chest by rarity -> SCARCE
2025-07-01 21:37:14,061 [main] INFO treasure2 | TreasureTags.java:184 | registering chest -> treasure2:safe by rarity -> RARE
2025-07-01 21:37:14,061 [main] INFO treasure2 | TreasureTags.java:184 | registering chest -> treasure2:cauldron_chest by rarity -> CAULDRON
2025-07-01 21:37:14,062 [main] INFO treasure2 | TreasureTags.java:184 | registering chest -> treasure2:crate_chest by rarity -> UNCOMMON
2025-07-01 21:37:14,062 [main] INFO treasure2 | TreasureTags.java:184 | registering chest -> treasure2:crate_chest_moldy by rarity -> COMMON
2025-07-01 21:37:14,062 [main] INFO treasure2 | TreasureTags.java:184 | registering chest -> treasure2:dread_pirate_chest by rarity -> EPIC
2025-07-01 21:37:14,062 [main] INFO treasure2 | TreasureTags.java:184 | registering chest -> treasure2:spider_chest by rarity -> RARE
2025-07-01 21:37:14,062 [main] INFO treasure2 | TreasureTags.java:184 | registering chest -> treasure2:ironbound_chest by rarity -> UNCOMMON
2025-07-01 21:37:14,062 [main] INFO treasure2 | TreasureTags.java:184 | registering chest -> treasure2:skull_chest by rarity -> SKULL
2025-07-01 21:37:14,062 [main] INFO treasure2 | TreasureTags.java:184 | registering chest -> treasure2:milk_crate by rarity -> COMMON
2025-07-01 21:37:14,062 [main] INFO treasure2 | TreasureTags.java:184 | registering chest -> treasure2:vanilla_chest by rarity -> COMMON
2025-07-01 21:37:14,062 [main] INFO treasure2 | TreasureTags.java:184 | registering chest -> treasure2:gold_skull_chest by rarity -> GOLD_SKULL
2025-07-01 21:37:14,062 [main] INFO treasure2 | TreasureTags.java:184 | registering chest -> treasure2:gold_strongbox by rarity -> RARE
2025-07-01 21:37:14,062 [main] INFO treasure2 | TreasureTags.java:184 | registering chest -> treasure2:iron_strongbox by rarity -> SCARCE
2025-07-01 21:37:14,062 [main] INFO treasure2 | TreasureTags.java:184 | registering chest -> treasure2:crystal_skull_chest by rarity -> CRYSTAL_SKULL
2025-07-01 21:37:14,063 [main] INFO treasure2 | TreasureTags.java:184 | registering chest -> treasure2:wood_chest by rarity -> COMMON
2025-07-01 21:37:14,063 [main] INFO treasure2 | TreasureTags.java:184 | registering chest -> treasure2:wither_chest by rarity -> WITHER
2025-07-01 21:37:14,063 [main] INFO treasure2 | TreasureTags.java:184 | registering chest -> treasure2:compressor_chest by rarity -> EPIC
2025-07-01 21:37:14,063 [main] INFO treasure2 | TreasureTags.java:184 | registering chest -> treasure2:cardboard_box by rarity -> COMMON
2025-07-01 21:37:14,063 [main] INFO treasure2 | TreasureTags.java:201 | registering wishable -> treasure2:onyx by rarity -> RARE
2025-07-01 21:37:14,063 [main] INFO treasure2 | TreasureTags.java:201 | registering wishable -> treasure2:ruby by rarity -> RARE
2025-07-01 21:37:14,063 [main] INFO treasure2 | TreasureTags.java:201 | registering wishable -> treasure2:white_pearl by rarity -> RARE
2025-07-01 21:37:14,063 [main] INFO treasure2 | TreasureTags.java:201 | registering wishable -> treasure2:sapphire by rarity -> EPIC
2025-07-01 21:37:14,064 [main] INFO treasure2 | TreasureTags.java:201 | registering wishable -> treasure2:black_pearl by rarity -> EPIC
2025-07-01 21:37:14,064 [main] INFO treasure2 | TreasureTags.java:201 | registering wishable -> treasure2:gold_coin by rarity -> SCARCE
2025-07-01 21:37:14,064 [main] INFO treasure2 | TreasureTags.java:201 | registering wishable -> treasure2:topaz by rarity -> SCARCE
2025-07-01 21:37:14,064 [main] INFO treasure2 | TreasureTags.java:201 | registering wishable -> minecraft:diamond by rarity -> SCARCE
2025-07-01 21:37:14,064 [main] INFO treasure2 | TreasureTags.java:201 | registering wishable -> minecraft:emerald by rarity -> SCARCE
2025-07-01 21:37:14,064 [main] INFO treasure2 | TreasureTags.java:201 | registering wishable -> treasure2:silver_coin by rarity -> UNCOMMON
2025-07-01 21:37:14,064 [main] INFO treasure2 | TreasureTags.java:201 | registering wishable -> treasure2:copper_coin by rarity -> COMMON
2025-07-01 21:37:14,503 [Server thread] INFO treasure2 | Config.java:760 | transforming mob set config...
2025-07-01 21:37:14,509 [Server thread] INFO treasure2 | Config.java:769 | adding mobset to map -> MobSet{name='treasure2:wishing_well_group', category='wishing_wells', biomeWhitelist=[], biomeBlacklist=[], count=IntegerRange [min=1, max=3], mobs=[WeightedMob{name='minecraft:zombie', weight=35}, WeightedMob{name='minecraft:zombie_villager', weight=10}, WeightedMob{name='minecraft:skeleton', weight=35}, WeightedMob{name='minecraft:vex', weight=20}, WeightedMob{name='minecraft:creeper', weight=15}, WeightedMob{name='minecraft:slime', weight=5}]}
2025-07-01 21:37:14,509 [Server thread] INFO treasure2 | Config.java:769 | adding mobset to map -> MobSet{name='treasure2:wither_tree_group', category='wither_trees', biomeWhitelist=[], biomeBlacklist=[], count=IntegerRange [min=1, max=3], mobs=[WeightedMob{name='minecraft:wither_skeleton', weight=90}, WeightedMob{name='minecraft:skeleton', weight=10}]}
2025-07-01 21:37:14,509 [Server thread] INFO treasure2 | Config.java:769 | adding mobset to map -> MobSet{name='treasure2:small_zombie_group', category='zombies', biomeWhitelist=[], biomeBlacklist=[], count=IntegerRange [min=1, max=3], mobs=[WeightedMob{name='minecraft:zombie', weight=90}, WeightedMob{name='minecraft:zombie_villager', weight=10}]}
2025-07-01 21:37:14,509 [Server thread] INFO treasure2 | Config.java:769 | adding mobset to map -> MobSet{name='treasure2:medium_zombie_group', category='zombies', biomeWhitelist=[], biomeBlacklist=[], count=IntegerRange [min=2, max=5], mobs=[WeightedMob{name='minecraft:zombie', weight=90}, WeightedMob{name='minecraft:zombie_villager', weight=10}]}
2025-07-01 21:37:14,510 [Thread-2] INFO treasure2 | Config.java:760 | transforming mob set config...
2025-07-01 21:37:14,513 [Thread-2] INFO treasure2 | Config.java:769 | adding mobset to map -> MobSet{name='treasure2:wishing_well_group', category='wishing_wells', biomeWhitelist=[], biomeBlacklist=[], count=IntegerRange [min=1, max=3], mobs=[WeightedMob{name='minecraft:zombie', weight=35}, WeightedMob{name='minecraft:zombie_villager', weight=10}, WeightedMob{name='minecraft:skeleton', weight=35}, WeightedMob{name='minecraft:vex', weight=20}, WeightedMob{name='minecraft:creeper', weight=15}, WeightedMob{name='minecraft:slime', weight=5}]}
2025-07-01 21:37:14,513 [Thread-2] INFO treasure2 | Config.java:769 | adding mobset to map -> MobSet{name='treasure2:wither_tree_group', category='wither_trees', biomeWhitelist=[], biomeBlacklist=[], count=IntegerRange [min=1, max=3], mobs=[WeightedMob{name='minecraft:wither_skeleton', weight=90}, WeightedMob{name='minecraft:skeleton', weight=10}]}
2025-07-01 21:37:14,513 [Thread-2] INFO treasure2 | Config.java:769 | adding mobset to map -> MobSet{name='treasure2:small_zombie_group', category='zombies', biomeWhitelist=[], biomeBlacklist=[], count=IntegerRange [min=1, max=3], mobs=[WeightedMob{name='minecraft:zombie', weight=90}, WeightedMob{name='minecraft:zombie_villager', weight=10}]}
2025-07-01 21:37:14,513 [Thread-2] INFO treasure2 | Config.java:769 | adding mobset to map -> MobSet{name='treasure2:medium_zombie_group', category='zombies', biomeWhitelist=[], biomeBlacklist=[], count=IntegerRange [min=2, max=5], mobs=[WeightedMob{name='minecraft:zombie', weight=90}, WeightedMob{name='minecraft:zombie_villager', weight=10}]}
2025-07-01 21:37:14,514 [Thread-2] INFO treasure2 | Config.java:760 | transforming mob set config...
2025-07-01 21:37:14,516 [Thread-2] INFO treasure2 | Config.java:769 | adding mobset to map -> MobSet{name='treasure2:wishing_well_group', category='wishing_wells', biomeWhitelist=[], biomeBlacklist=[], count=IntegerRange [min=1, max=3], mobs=[WeightedMob{name='minecraft:zombie', weight=35}, WeightedMob{name='minecraft:zombie_villager', weight=10}, WeightedMob{name='minecraft:skeleton', weight=35}, WeightedMob{name='minecraft:vex', weight=20}, WeightedMob{name='minecraft:creeper', weight=15}, WeightedMob{name='minecraft:slime', weight=5}]}
2025-07-01 21:37:14,516 [Thread-2] INFO treasure2 | Config.java:769 | adding mobset to map -> MobSet{name='treasure2:wither_tree_group', category='wither_trees', biomeWhitelist=[], biomeBlacklist=[], count=IntegerRange [min=1, max=3], mobs=[WeightedMob{name='minecraft:wither_skeleton', weight=90}, WeightedMob{name='minecraft:skeleton', weight=10}]}
2025-07-01 21:37:14,517 [Thread-2] INFO treasure2 | Config.java:769 | adding mobset to map -> MobSet{name='treasure2:small_zombie_group', category='zombies', biomeWhitelist=[], biomeBlacklist=[], count=IntegerRange [min=1, max=3], mobs=[WeightedMob{name='minecraft:zombie', weight=90}, WeightedMob{name='minecraft:zombie_villager', weight=10}]}
2025-07-01 21:37:14,517 [Thread-2] INFO treasure2 | Config.java:769 | adding mobset to map -> MobSet{name='treasure2:medium_zombie_group', category='zombies', biomeWhitelist=[], biomeBlacklist=[], count=IntegerRange [min=2, max=5], mobs=[WeightedMob{name='minecraft:zombie', weight=90}, WeightedMob{name='minecraft:zombie_villager', weight=10}]}
2025-07-01 21:37:15,070 [Server thread] INFO treasure2 | WorldEventHandler.java:54 | In world load event
2025-07-01 21:37:15,072 [Server thread] INFO treasure2 | WorldEventHandler.java:64 | In world load event for dimension minecraft:overworld
2025-07-01 21:37:15,091 [Server thread] INFO treasure2 | MobSetRegistry.java:37 | mobSetConfig optional ...
2025-07-01 21:37:15,091 [Server thread] INFO treasure2 | MobSetRegistry.java:39 | mobSetConfig is present
2025-07-01 21:37:15,589 [Server thread] WARN treasure2 | TreasureTemplateRegistry.java:791 | biome -> 'minecraft:desert' is not registgered
2025-07-01 21:37:15,592 [Server thread] WARN treasure2 | TreasureTemplateRegistry.java:791 | biome -> 'minecraft:desert' is not registgered
2025-07-01 21:37:15,593 [Server thread] WARN treasure2 | TreasureTemplateRegistry.java:791 | biome -> 'minecraft:desert' is not registgered
2025-07-01 21:37:15,593 [Server thread] WARN treasure2 | TreasureTemplateRegistry.java:791 | biome -> 'minecraft:desert' is not registgered
2025-07-01 21:37:15,593 [Server thread] WARN treasure2 | TreasureTemplateRegistry.java:791 | biome -> 'minecraft:desert' is not registgered
2025-07-01 21:37:15,593 [Server thread] WARN treasure2 | TreasureTemplateRegistry.java:791 | biome -> 'minecraft:desert' is not registgered
2025-07-01 21:37:15,593 [Server thread] WARN treasure2 | TreasureTemplateRegistry.java:791 | biome -> 'minecraft:desert' is not registgered
2025-07-01 21:37:15,593 [Server thread] WARN treasure2 | TreasureTemplateRegistry.java:791 | biome -> 'minecraft:desert' is not registgered
2025-07-01 21:37:17,787 [Server thread] INFO treasure2 | WorldEventHandler.java:54 | In world load event
2025-07-01 21:37:17,788 [Server thread] INFO treasure2 | WorldEventHandler.java:64 | In world load event for dimension minecraft:the_end
2025-07-01 21:37:17,795 [Server thread] INFO treasure2 | WorldEventHandler.java:54 | In world load event
2025-07-01 21:37:17,795 [Server thread] INFO treasure2 | WorldEventHandler.java:64 | In world load event for dimension minecraft:the_nether
2025-07-01 21:37:52,939 [Server thread] INFO treasure2 | Config.java:760 | transforming mob set config...
2025-07-01 21:37:52,941 [Server thread] INFO treasure2 | Config.java:769 | adding mobset to map -> MobSet{name='treasure2:wishing_well_group', category='wishing_wells', biomeWhitelist=[], biomeBlacklist=[], count=IntegerRange [min=1, max=3], mobs=[WeightedMob{name='minecraft:zombie', weight=35}, WeightedMob{name='minecraft:zombie_villager', weight=10}, WeightedMob{name='minecraft:skeleton', weight=35}, WeightedMob{name='minecraft:vex', weight=20}, WeightedMob{name='minecraft:creeper', weight=15}, WeightedMob{name='minecraft:slime', weight=5}]}
2025-07-01 21:37:52,942 [Server thread] INFO treasure2 | Config.java:769 | adding mobset to map -> MobSet{name='treasure2:wither_tree_group', category='wither_trees', biomeWhitelist=[], biomeBlacklist=[], count=IntegerRange [min=1, max=3], mobs=[WeightedMob{name='minecraft:wither_skeleton', weight=90}, WeightedMob{name='minecraft:skeleton', weight=10}]}
2025-07-01 21:37:52,942 [Server thread] INFO treasure2 | Config.java:769 | adding mobset to map -> MobSet{name='treasure2:small_zombie_group', category='zombies', biomeWhitelist=[], biomeBlacklist=[], count=IntegerRange [min=1, max=3], mobs=[WeightedMob{name='minecraft:zombie', weight=90}, WeightedMob{name='minecraft:zombie_villager', weight=10}]}
2025-07-01 21:37:52,942 [Server thread] INFO treasure2 | Config.java:769 | adding mobset to map -> MobSet{name='treasure2:medium_zombie_group', category='zombies', biomeWhitelist=[], biomeBlacklist=[], count=IntegerRange [min=2, max=5], mobs=[WeightedMob{name='minecraft:zombie', weight=90}, WeightedMob{name='minecraft:zombie_villager', weight=10}]}
2025-07-01 22:42:37,044 [modloading-worker-0] WARN treasure2 | TreasureLootTableRegistry.java:173 | unable to locate file in jar -> data/treasure2/loot_tables/injects
2025-07-01 22:42:44,421 [main] INFO treasure2 | TreasureTags.java:135 | in tags updated event
2025-07-01 22:42:44,422 [main] INFO treasure2 | TreasureTags.java:152 | registering key -> treasure2:stone_key by rarity -> COMMON
2025-07-01 22:42:44,422 [main] INFO treasure2 | TreasureTags.java:152 | registering key -> treasure2:leaf_key by rarity -> UNCOMMON
2025-07-01 22:42:44,422 [main] INFO treasure2 | TreasureTags.java:152 | registering key -> treasure2:gold_key by rarity -> SCARCE
2025-07-01 22:42:44,422 [main] INFO treasure2 | TreasureTags.java:152 | registering key -> treasure2:diamond_key by rarity -> RARE
2025-07-01 22:42:44,423 [main] INFO treasure2 | TreasureTags.java:152 | registering key -> treasure2:thiefs_lock_pick by rarity -> UNCOMMON
2025-07-01 22:42:44,423 [main] INFO treasure2 | TreasureTags.java:152 | registering key -> treasure2:ember_key by rarity -> SCARCE
2025-07-01 22:42:44,423 [main] INFO treasure2 | TreasureTags.java:152 | registering key -> treasure2:wood_key by rarity -> COMMON
2025-07-01 22:42:44,423 [main] INFO treasure2 | TreasureTags.java:152 | registering key -> treasure2:metallurgists_key by rarity -> RARE
2025-07-01 22:42:44,423 [main] INFO treasure2 | TreasureTags.java:152 | registering key -> treasure2:skeleton_key by rarity -> RARE
2025-07-01 22:42:44,423 [main] INFO treasure2 | TreasureTags.java:152 | registering key -> treasure2:jewelled_key by rarity -> EPIC
2025-07-01 22:42:44,423 [main] INFO treasure2 | TreasureTags.java:152 | registering key -> treasure2:ruby_key by rarity -> EPIC
2025-07-01 22:42:44,423 [main] INFO treasure2 | TreasureTags.java:152 | registering key -> treasure2:onyx_key by rarity -> SCARCE
2025-07-01 22:42:44,423 [main] INFO treasure2 | TreasureTags.java:152 | registering key -> treasure2:emerald_key by rarity -> RARE
2025-07-01 22:42:44,423 [main] INFO treasure2 | TreasureTags.java:152 | registering key -> treasure2:lightning_key by rarity -> SCARCE
2025-07-01 22:42:44,423 [main] INFO treasure2 | TreasureTags.java:152 | registering key -> treasure2:topaz_key by rarity -> SCARCE
2025-07-01 22:42:44,423 [main] INFO treasure2 | TreasureTags.java:152 | registering key -> treasure2:sapphire_key by rarity -> EPIC
2025-07-01 22:42:44,423 [main] INFO treasure2 | TreasureTags.java:152 | registering key -> treasure2:pilferers_lock_pick by rarity -> COMMON
2025-07-01 22:42:44,424 [main] INFO treasure2 | TreasureTags.java:152 | registering key -> treasure2:iron_key by rarity -> UNCOMMON
2025-07-01 22:42:44,424 [main] INFO treasure2 | TreasureTags.java:152 | registering key -> treasure2:wither_key by rarity -> RARE
2025-07-01 22:42:44,424 [main] INFO treasure2 | TreasureTags.java:152 | registering key -> treasure2:spider_key by rarity -> SCARCE
2025-07-01 22:42:44,424 [main] INFO treasure2 | TreasureTags.java:152 | registering key -> treasure2:one_key by rarity -> MYTHICAL
2025-07-01 22:42:44,424 [main] INFO treasure2 | TreasureTags.java:167 | registering lock -> treasure2:onyx_lock by rarity -> SCARCE
2025-07-01 22:42:44,424 [main] INFO treasure2 | TreasureTags.java:167 | registering lock -> treasure2:spider_lock by rarity -> SCARCE
2025-07-01 22:42:44,424 [main] INFO treasure2 | TreasureTags.java:167 | registering lock -> treasure2:emerald_lock by rarity -> RARE
2025-07-01 22:42:44,424 [main] INFO treasure2 | TreasureTags.java:167 | registering lock -> treasure2:ruby_lock by rarity -> EPIC
2025-07-01 22:42:44,424 [main] INFO treasure2 | TreasureTags.java:167 | registering lock -> treasure2:stone_lock by rarity -> COMMON
2025-07-01 22:42:44,424 [main] INFO treasure2 | TreasureTags.java:167 | registering lock -> treasure2:leaf_lock by rarity -> UNCOMMON
2025-07-01 22:42:44,424 [main] INFO treasure2 | TreasureTags.java:167 | registering lock -> treasure2:sapphire_lock by rarity -> EPIC
2025-07-01 22:42:44,425 [main] INFO treasure2 | TreasureTags.java:167 | registering lock -> treasure2:diamond_lock by rarity -> RARE
2025-07-01 22:42:44,425 [main] INFO treasure2 | TreasureTags.java:167 | registering lock -> treasure2:ember_lock by rarity -> SCARCE
2025-07-01 22:42:44,425 [main] INFO treasure2 | TreasureTags.java:167 | registering lock -> treasure2:gold_lock by rarity -> SCARCE
2025-07-01 22:42:44,425 [main] INFO treasure2 | TreasureTags.java:167 | registering lock -> treasure2:wood_lock by rarity -> COMMON
2025-07-01 22:42:44,425 [main] INFO treasure2 | TreasureTags.java:167 | registering lock -> treasure2:iron_lock by rarity -> UNCOMMON
2025-07-01 22:42:44,425 [main] INFO treasure2 | TreasureTags.java:167 | registering lock -> treasure2:topaz_lock by rarity -> SCARCE
2025-07-01 22:42:44,425 [main] INFO treasure2 | TreasureTags.java:184 | registering chest -> treasure2:barrel_chest by rarity -> UNCOMMON
2025-07-01 22:42:44,425 [main] INFO treasure2 | TreasureTags.java:184 | registering chest -> treasure2:viking_chest by rarity -> UNCOMMON
2025-07-01 22:42:44,426 [main] INFO treasure2 | TreasureTags.java:184 | registering chest -> treasure2:pirate_chest by rarity -> SCARCE
2025-07-01 22:42:44,426 [main] INFO treasure2 | TreasureTags.java:184 | registering chest -> treasure2:safe by rarity -> RARE
2025-07-01 22:42:44,426 [main] INFO treasure2 | TreasureTags.java:184 | registering chest -> treasure2:cauldron_chest by rarity -> CAULDRON
2025-07-01 22:42:44,426 [main] INFO treasure2 | TreasureTags.java:184 | registering chest -> treasure2:crate_chest by rarity -> UNCOMMON
2025-07-01 22:42:44,426 [main] INFO treasure2 | TreasureTags.java:184 | registering chest -> treasure2:crate_chest_moldy by rarity -> COMMON
2025-07-01 22:42:44,426 [main] INFO treasure2 | TreasureTags.java:184 | registering chest -> treasure2:dread_pirate_chest by rarity -> EPIC
2025-07-01 22:42:44,426 [main] INFO treasure2 | TreasureTags.java:184 | registering chest -> treasure2:spider_chest by rarity -> RARE
2025-07-01 22:42:44,426 [main] INFO treasure2 | TreasureTags.java:184 | registering chest -> treasure2:ironbound_chest by rarity -> UNCOMMON
2025-07-01 22:42:44,426 [main] INFO treasure2 | TreasureTags.java:184 | registering chest -> treasure2:skull_chest by rarity -> SKULL
2025-07-01 22:42:44,426 [main] INFO treasure2 | TreasureTags.java:184 | registering chest -> treasure2:milk_crate by rarity -> COMMON
2025-07-01 22:42:44,427 [main] INFO treasure2 | TreasureTags.java:184 | registering chest -> treasure2:vanilla_chest by rarity -> COMMON
2025-07-01 22:42:44,427 [main] INFO treasure2 | TreasureTags.java:184 | registering chest -> treasure2:gold_skull_chest by rarity -> GOLD_SKULL
2025-07-01 22:42:44,427 [main] INFO treasure2 | TreasureTags.java:184 | registering chest -> treasure2:gold_strongbox by rarity -> RARE
2025-07-01 22:42:44,427 [main] INFO treasure2 | TreasureTags.java:184 | registering chest -> treasure2:iron_strongbox by rarity -> SCARCE
2025-07-01 22:42:44,427 [main] INFO treasure2 | TreasureTags.java:184 | registering chest -> treasure2:crystal_skull_chest by rarity -> CRYSTAL_SKULL
2025-07-01 22:42:44,427 [main] INFO treasure2 | TreasureTags.java:184 | registering chest -> treasure2:wood_chest by rarity -> COMMON
2025-07-01 22:42:44,427 [main] INFO treasure2 | TreasureTags.java:184 | registering chest -> treasure2:wither_chest by rarity -> WITHER
2025-07-01 22:42:44,427 [main] INFO treasure2 | TreasureTags.java:184 | registering chest -> treasure2:compressor_chest by rarity -> EPIC
2025-07-01 22:42:44,427 [main] INFO treasure2 | TreasureTags.java:184 | registering chest -> treasure2:cardboard_box by rarity -> COMMON
2025-07-01 22:42:44,428 [main] INFO treasure2 | TreasureTags.java:201 | registering wishable -> treasure2:onyx by rarity -> RARE
2025-07-01 22:42:44,428 [main] INFO treasure2 | TreasureTags.java:201 | registering wishable -> treasure2:ruby by rarity -> RARE
2025-07-01 22:42:44,428 [main] INFO treasure2 | TreasureTags.java:201 | registering wishable -> treasure2:white_pearl by rarity -> RARE
2025-07-01 22:42:44,428 [main] INFO treasure2 | TreasureTags.java:201 | registering wishable -> treasure2:sapphire by rarity -> EPIC
2025-07-01 22:42:44,428 [main] INFO treasure2 | TreasureTags.java:201 | registering wishable -> treasure2:black_pearl by rarity -> EPIC
2025-07-01 22:42:44,428 [main] INFO treasure2 | TreasureTags.java:201 | registering wishable -> treasure2:gold_coin by rarity -> SCARCE
2025-07-01 22:42:44,428 [main] INFO treasure2 | TreasureTags.java:201 | registering wishable -> treasure2:topaz by rarity -> SCARCE
2025-07-01 22:42:44,428 [main] INFO treasure2 | TreasureTags.java:201 | registering wishable -> minecraft:diamond by rarity -> SCARCE
2025-07-01 22:42:44,428 [main] INFO treasure2 | TreasureTags.java:201 | registering wishable -> minecraft:emerald by rarity -> SCARCE
2025-07-01 22:42:44,428 [main] INFO treasure2 | TreasureTags.java:201 | registering wishable -> treasure2:silver_coin by rarity -> UNCOMMON
2025-07-01 22:42:44,428 [main] INFO treasure2 | TreasureTags.java:201 | registering wishable -> treasure2:copper_coin by rarity -> COMMON
2025-07-01 22:42:44,771 [Server thread] INFO treasure2 | Config.java:760 | transforming mob set config...
2025-07-01 22:42:44,777 [Server thread] INFO treasure2 | Config.java:769 | adding mobset to map -> MobSet{name='treasure2:wishing_well_group', category='wishing_wells', biomeWhitelist=[], biomeBlacklist=[], count=IntegerRange [min=1, max=3], mobs=[WeightedMob{name='minecraft:zombie', weight=35}, WeightedMob{name='minecraft:zombie_villager', weight=10}, WeightedMob{name='minecraft:skeleton', weight=35}, WeightedMob{name='minecraft:vex', weight=20}, WeightedMob{name='minecraft:creeper', weight=15}, WeightedMob{name='minecraft:slime', weight=5}]}
2025-07-01 22:42:44,777 [Server thread] INFO treasure2 | Config.java:769 | adding mobset to map -> MobSet{name='treasure2:wither_tree_group', category='wither_trees', biomeWhitelist=[], biomeBlacklist=[], count=IntegerRange [min=1, max=3], mobs=[WeightedMob{name='minecraft:wither_skeleton', weight=90}, WeightedMob{name='minecraft:skeleton', weight=10}]}
2025-07-01 22:42:44,777 [Server thread] INFO treasure2 | Config.java:769 | adding mobset to map -> MobSet{name='treasure2:small_zombie_group', category='zombies', biomeWhitelist=[], biomeBlacklist=[], count=IntegerRange [min=1, max=3], mobs=[WeightedMob{name='minecraft:zombie', weight=90}, WeightedMob{name='minecraft:zombie_villager', weight=10}]}
2025-07-01 22:42:44,777 [Server thread] INFO treasure2 | Config.java:769 | adding mobset to map -> MobSet{name='treasure2:medium_zombie_group', category='zombies', biomeWhitelist=[], biomeBlacklist=[], count=IntegerRange [min=2, max=5], mobs=[WeightedMob{name='minecraft:zombie', weight=90}, WeightedMob{name='minecraft:zombie_villager', weight=10}]}
2025-07-01 22:42:44,777 [Thread-2] INFO treasure2 | Config.java:760 | transforming mob set config...
2025-07-01 22:42:44,779 [Thread-2] INFO treasure2 | Config.java:769 | adding mobset to map -> MobSet{name='treasure2:wishing_well_group', category='wishing_wells', biomeWhitelist=[], biomeBlacklist=[], count=IntegerRange [min=1, max=3], mobs=[WeightedMob{name='minecraft:zombie', weight=35}, WeightedMob{name='minecraft:zombie_villager', weight=10}, WeightedMob{name='minecraft:skeleton', weight=35}, WeightedMob{name='minecraft:vex', weight=20}, WeightedMob{name='minecraft:creeper', weight=15}, WeightedMob{name='minecraft:slime', weight=5}]}
2025-07-01 22:42:44,779 [Thread-2] INFO treasure2 | Config.java:769 | adding mobset to map -> MobSet{name='treasure2:wither_tree_group', category='wither_trees', biomeWhitelist=[], biomeBlacklist=[], count=IntegerRange [min=1, max=3], mobs=[WeightedMob{name='minecraft:wither_skeleton', weight=90}, WeightedMob{name='minecraft:skeleton', weight=10}]}
2025-07-01 22:42:44,779 [Thread-2] INFO treasure2 | Config.java:769 | adding mobset to map -> MobSet{name='treasure2:small_zombie_group', category='zombies', biomeWhitelist=[], biomeBlacklist=[], count=IntegerRange [min=1, max=3], mobs=[WeightedMob{name='minecraft:zombie', weight=90}, WeightedMob{name='minecraft:zombie_villager', weight=10}]}
2025-07-01 22:42:44,779 [Thread-2] INFO treasure2 | Config.java:769 | adding mobset to map -> MobSet{name='treasure2:medium_zombie_group', category='zombies', biomeWhitelist=[], biomeBlacklist=[], count=IntegerRange [min=2, max=5], mobs=[WeightedMob{name='minecraft:zombie', weight=90}, WeightedMob{name='minecraft:zombie_villager', weight=10}]}
2025-07-01 22:42:44,781 [Thread-2] INFO treasure2 | Config.java:760 | transforming mob set config...
2025-07-01 22:42:44,782 [Thread-2] INFO treasure2 | Config.java:769 | adding mobset to map -> MobSet{name='treasure2:wishing_well_group', category='wishing_wells', biomeWhitelist=[], biomeBlacklist=[], count=IntegerRange [min=1, max=3], mobs=[WeightedMob{name='minecraft:zombie', weight=35}, WeightedMob{name='minecraft:zombie_villager', weight=10}, WeightedMob{name='minecraft:skeleton', weight=35}, WeightedMob{name='minecraft:vex', weight=20}, WeightedMob{name='minecraft:creeper', weight=15}, WeightedMob{name='minecraft:slime', weight=5}]}
2025-07-01 22:42:44,782 [Thread-2] INFO treasure2 | Config.java:769 | adding mobset to map -> MobSet{name='treasure2:wither_tree_group', category='wither_trees', biomeWhitelist=[], biomeBlacklist=[], count=IntegerRange [min=1, max=3], mobs=[WeightedMob{name='minecraft:wither_skeleton', weight=90}, WeightedMob{name='minecraft:skeleton', weight=10}]}
2025-07-01 22:42:44,782 [Thread-2] INFO treasure2 | Config.java:769 | adding mobset to map -> MobSet{name='treasure2:small_zombie_group', category='zombies', biomeWhitelist=[], biomeBlacklist=[], count=IntegerRange [min=1, max=3], mobs=[WeightedMob{name='minecraft:zombie', weight=90}, WeightedMob{name='minecraft:zombie_villager', weight=10}]}
2025-07-01 22:42:44,782 [Thread-2] INFO treasure2 | Config.java:769 | adding mobset to map -> MobSet{name='treasure2:medium_zombie_group', category='zombies', biomeWhitelist=[], biomeBlacklist=[], count=IntegerRange [min=2, max=5], mobs=[WeightedMob{name='minecraft:zombie', weight=90}, WeightedMob{name='minecraft:zombie_villager', weight=10}]}
2025-07-01 22:42:45,232 [Server thread] INFO treasure2 | WorldEventHandler.java:54 | In world load event
2025-07-01 22:42:45,234 [Server thread] INFO treasure2 | WorldEventHandler.java:64 | In world load event for dimension minecraft:overworld
2025-07-01 22:42:45,246 [Server thread] INFO treasure2 | MobSetRegistry.java:37 | mobSetConfig optional ...
2025-07-01 22:42:45,247 [Server thread] INFO treasure2 | MobSetRegistry.java:39 | mobSetConfig is present
2025-07-01 22:42:45,729 [Server thread] WARN treasure2 | TreasureTemplateRegistry.java:791 | biome -> 'minecraft:desert' is not registgered
2025-07-01 22:42:45,729 [Server thread] WARN treasure2 | TreasureTemplateRegistry.java:791 | biome -> 'minecraft:desert' is not registgered
2025-07-01 22:42:45,729 [Server thread] WARN treasure2 | TreasureTemplateRegistry.java:791 | biome -> 'minecraft:desert' is not registgered
2025-07-01 22:42:45,729 [Server thread] WARN treasure2 | TreasureTemplateRegistry.java:791 | biome -> 'minecraft:desert' is not registgered
2025-07-01 22:42:45,730 [Server thread] WARN treasure2 | TreasureTemplateRegistry.java:791 | biome -> 'minecraft:desert' is not registgered
2025-07-01 22:42:45,730 [Server thread] WARN treasure2 | TreasureTemplateRegistry.java:791 | biome -> 'minecraft:desert' is not registgered
2025-07-01 22:42:45,730 [Server thread] WARN treasure2 | TreasureTemplateRegistry.java:791 | biome -> 'minecraft:desert' is not registgered
2025-07-01 22:42:45,730 [Server thread] WARN treasure2 | TreasureTemplateRegistry.java:791 | biome -> 'minecraft:desert' is not registgered
2025-07-01 22:42:47,973 [Server thread] INFO treasure2 | WorldEventHandler.java:54 | In world load event
2025-07-01 22:42:47,974 [Server thread] INFO treasure2 | WorldEventHandler.java:64 | In world load event for dimension minecraft:the_end
2025-07-01 22:42:47,982 [Server thread] INFO treasure2 | WorldEventHandler.java:54 | In world load event
2025-07-01 22:42:47,982 [Server thread] INFO treasure2 | WorldEventHandler.java:64 | In world load event for dimension minecraft:the_nether
2025-07-01 22:50:23,166 [Server thread] INFO treasure2 | AbstractTreasureChestBlock.java:162 | AbstractTreasureChestBlock | newBlockEntity | lockStates -> [LockState [slot=LockSlot [index=0, face=NORTH, xOffset=0.5, yOffset=0.412, zOffset=0.15, rotation=0.0], lockItem=null]]
2025-07-01 22:50:23,166 [Server thread] INFO treasure2 | AbstractTreasureChestBlock.java:163 | AbstractTreasureChestBlock | newBlockEntity | tileEntity -> mod.gottsch.forge.treasure2.core.block.entity.MilkCrateBlockEntity@3224a142 @ BlockPos{x=-194, y=59, z=-10}
2025-07-01 22:50:23,287 [Server thread] INFO treasure2 | PitChestFeatureGenerator.java:130 | CHEATER! COMMON chest at coords: -194 69 -10
2025-07-01 23:02:25,498 [Server thread] INFO treasure2 | AbstractTreasureChestBlock.java:162 | AbstractTreasureChestBlock | newBlockEntity | lockStates -> [LockState [slot=LockSlot [index=0, face=NORTH, xOffset=0.5, yOffset=0.412, zOffset=0.15, rotation=0.0], lockItem=null]]
2025-07-01 23:02:25,498 [Server thread] INFO treasure2 | AbstractTreasureChestBlock.java:163 | AbstractTreasureChestBlock | newBlockEntity | tileEntity -> mod.gottsch.forge.treasure2.core.block.entity.MilkCrateBlockEntity@223ac8ba @ BlockPos{x=-201, y=91, z=205}
2025-07-01 23:02:25,532 [Server thread] INFO treasure2 | PitChestFeatureGenerator.java:130 | CHEATER! COMMON chest at coords: -201 104 205
2025-07-01 23:05:47,153 [Server thread] INFO treasure2 | AbstractTreasureChestBlock.java:162 | AbstractTreasureChestBlock | newBlockEntity | lockStates -> [LockState [slot=LockSlot [index=0, face=NORTH, xOffset=0.5, yOffset=0.5, zOffset=0.0, rotation=0.0], lockItem=null]]
2025-07-01 23:05:47,153 [Server thread] INFO treasure2 | AbstractTreasureChestBlock.java:163 | AbstractTreasureChestBlock | newBlockEntity | tileEntity -> mod.gottsch.forge.treasure2.core.block.entity.BarrelChestBlockEntity@2752b17e @ BlockPos{x=-49, y=100, z=-210}
2025-07-01 23:05:47,202 [Server thread] INFO treasure2 | PitChestFeatureGenerator.java:130 | CHEATER! UNCOMMON chest at coords: -49 110 -210
2025-07-01 23:08:07,984 [Server thread] INFO treasure2 | Config.java:760 | transforming mob set config...
2025-07-01 23:08:07,985 [Server thread] INFO treasure2 | Config.java:769 | adding mobset to map -> MobSet{name='treasure2:wishing_well_group', category='wishing_wells', biomeWhitelist=[], biomeBlacklist=[], count=IntegerRange [min=1, max=3], mobs=[WeightedMob{name='minecraft:zombie', weight=35}, WeightedMob{name='minecraft:zombie_villager', weight=10}, WeightedMob{name='minecraft:skeleton', weight=35}, WeightedMob{name='minecraft:vex', weight=20}, WeightedMob{name='minecraft:creeper', weight=15}, WeightedMob{name='minecraft:slime', weight=5}]}
2025-07-01 23:08:07,986 [Server thread] INFO treasure2 | Config.java:769 | adding mobset to map -> MobSet{name='treasure2:wither_tree_group', category='wither_trees', biomeWhitelist=[], biomeBlacklist=[], count=IntegerRange [min=1, max=3], mobs=[WeightedMob{name='minecraft:wither_skeleton', weight=90}, WeightedMob{name='minecraft:skeleton', weight=10}]}
2025-07-01 23:08:07,986 [Server thread] INFO treasure2 | Config.java:769 | adding mobset to map -> MobSet{name='treasure2:small_zombie_group', category='zombies', biomeWhitelist=[], biomeBlacklist=[], count=IntegerRange [min=1, max=3], mobs=[WeightedMob{name='minecraft:zombie', weight=90}, WeightedMob{name='minecraft:zombie_villager', weight=10}]}
2025-07-01 23:08:07,986 [Server thread] INFO treasure2 | Config.java:769 | adding mobset to map -> MobSet{name='treasure2:medium_zombie_group', category='zombies', biomeWhitelist=[], biomeBlacklist=[], count=IntegerRange [min=2, max=5], mobs=[WeightedMob{name='minecraft:zombie', weight=90}, WeightedMob{name='minecraft:zombie_villager', weight=10}]}
2025-07-18 02:59:38,547 [modloading-worker-0] WARN treasure2 | TreasureLootTableRegistry.java:173 | unable to locate file in jar -> data/treasure2/loot_tables/injects
2025-07-18 02:59:45,768 [main] INFO treasure2 | TreasureTags.java:135 | in tags updated event
2025-07-18 02:59:45,769 [main] INFO treasure2 | TreasureTags.java:152 | registering key -> treasure2:stone_key by rarity -> COMMON
2025-07-18 02:59:45,769 [main] INFO treasure2 | TreasureTags.java:152 | registering key -> treasure2:leaf_key by rarity -> UNCOMMON
2025-07-18 02:59:45,769 [main] INFO treasure2 | TreasureTags.java:152 | registering key -> treasure2:gold_key by rarity -> SCARCE
2025-07-18 02:59:45,769 [main] INFO treasure2 | TreasureTags.java:152 | registering key -> treasure2:diamond_key by rarity -> RARE
2025-07-18 02:59:45,769 [main] INFO treasure2 | TreasureTags.java:152 | registering key -> treasure2:thiefs_lock_pick by rarity -> UNCOMMON
2025-07-18 02:59:45,769 [main] INFO treasure2 | TreasureTags.java:152 | registering key -> treasure2:ember_key by rarity -> SCARCE
2025-07-18 02:59:45,769 [main] INFO treasure2 | TreasureTags.java:152 | registering key -> treasure2:wood_key by rarity -> COMMON
2025-07-18 02:59:45,770 [main] INFO treasure2 | TreasureTags.java:152 | registering key -> treasure2:metallurgists_key by rarity -> RARE
2025-07-18 02:59:45,770 [main] INFO treasure2 | TreasureTags.java:152 | registering key -> treasure2:skeleton_key by rarity -> RARE
2025-07-18 02:59:45,770 [main] INFO treasure2 | TreasureTags.java:152 | registering key -> treasure2:jewelled_key by rarity -> EPIC
2025-07-18 02:59:45,770 [main] INFO treasure2 | TreasureTags.java:152 | registering key -> treasure2:ruby_key by rarity -> EPIC
2025-07-18 02:59:45,770 [main] INFO treasure2 | TreasureTags.java:152 | registering key -> treasure2:onyx_key by rarity -> SCARCE
2025-07-18 02:59:45,770 [main] INFO treasure2 | TreasureTags.java:152 | registering key -> treasure2:emerald_key by rarity -> RARE
2025-07-18 02:59:45,770 [main] INFO treasure2 | TreasureTags.java:152 | registering key -> treasure2:lightning_key by rarity -> SCARCE
2025-07-18 02:59:45,770 [main] INFO treasure2 | TreasureTags.java:152 | registering key -> treasure2:topaz_key by rarity -> SCARCE
2025-07-18 02:59:45,770 [main] INFO treasure2 | TreasureTags.java:152 | registering key -> treasure2:sapphire_key by rarity -> EPIC
2025-07-18 02:59:45,770 [main] INFO treasure2 | TreasureTags.java:152 | registering key -> treasure2:pilferers_lock_pick by rarity -> COMMON
2025-07-18 02:59:45,771 [main] INFO treasure2 | TreasureTags.java:152 | registering key -> treasure2:iron_key by rarity -> UNCOMMON
2025-07-18 02:59:45,771 [main] INFO treasure2 | TreasureTags.java:152 | registering key -> treasure2:wither_key by rarity -> RARE
2025-07-18 02:59:45,771 [main] INFO treasure2 | TreasureTags.java:152 | registering key -> treasure2:spider_key by rarity -> SCARCE
2025-07-18 02:59:45,771 [main] INFO treasure2 | TreasureTags.java:152 | registering key -> treasure2:one_key by rarity -> MYTHICAL
2025-07-18 02:59:45,771 [main] INFO treasure2 | TreasureTags.java:167 | registering lock -> treasure2:onyx_lock by rarity -> SCARCE
2025-07-18 02:59:45,771 [main] INFO treasure2 | TreasureTags.java:167 | registering lock -> treasure2:spider_lock by rarity -> SCARCE
2025-07-18 02:59:45,771 [main] INFO treasure2 | TreasureTags.java:167 | registering lock -> treasure2:emerald_lock by rarity -> RARE
2025-07-18 02:59:45,771 [main] INFO treasure2 | TreasureTags.java:167 | registering lock -> treasure2:ruby_lock by rarity -> EPIC
2025-07-18 02:59:45,772 [main] INFO treasure2 | TreasureTags.java:167 | registering lock -> treasure2:stone_lock by rarity -> COMMON
2025-07-18 02:59:45,772 [main] INFO treasure2 | TreasureTags.java:167 | registering lock -> treasure2:leaf_lock by rarity -> UNCOMMON
2025-07-18 02:59:45,772 [main] INFO treasure2 | TreasureTags.java:167 | registering lock -> treasure2:sapphire_lock by rarity -> EPIC
2025-07-18 02:59:45,772 [main] INFO treasure2 | TreasureTags.java:167 | registering lock -> treasure2:diamond_lock by rarity -> RARE
2025-07-18 02:59:45,772 [main] INFO treasure2 | TreasureTags.java:167 | registering lock -> treasure2:ember_lock by rarity -> SCARCE
2025-07-18 02:59:45,772 [main] INFO treasure2 | TreasureTags.java:167 | registering lock -> treasure2:gold_lock by rarity -> SCARCE
2025-07-18 02:59:45,772 [main] INFO treasure2 | TreasureTags.java:167 | registering lock -> treasure2:wood_lock by rarity -> COMMON
2025-07-18 02:59:45,772 [main] INFO treasure2 | TreasureTags.java:167 | registering lock -> treasure2:iron_lock by rarity -> UNCOMMON
2025-07-18 02:59:45,772 [main] INFO treasure2 | TreasureTags.java:167 | registering lock -> treasure2:topaz_lock by rarity -> SCARCE
2025-07-18 02:59:45,772 [main] INFO treasure2 | TreasureTags.java:184 | registering chest -> treasure2:barrel_chest by rarity -> UNCOMMON
2025-07-18 02:59:45,773 [main] INFO treasure2 | TreasureTags.java:184 | registering chest -> treasure2:viking_chest by rarity -> UNCOMMON
2025-07-18 02:59:45,773 [main] INFO treasure2 | TreasureTags.java:184 | registering chest -> treasure2:pirate_chest by rarity -> SCARCE
2025-07-18 02:59:45,773 [main] INFO treasure2 | TreasureTags.java:184 | registering chest -> treasure2:safe by rarity -> RARE
2025-07-18 02:59:45,773 [main] INFO treasure2 | TreasureTags.java:184 | registering chest -> treasure2:cauldron_chest by rarity -> CAULDRON
2025-07-18 02:59:45,773 [main] INFO treasure2 | TreasureTags.java:184 | registering chest -> treasure2:crate_chest by rarity -> UNCOMMON
2025-07-18 02:59:45,773 [main] INFO treasure2 | TreasureTags.java:184 | registering chest -> treasure2:crate_chest_moldy by rarity -> COMMON
2025-07-18 02:59:45,773 [main] INFO treasure2 | TreasureTags.java:184 | registering chest -> treasure2:dread_pirate_chest by rarity -> EPIC
2025-07-18 02:59:45,773 [main] INFO treasure2 | TreasureTags.java:184 | registering chest -> treasure2:spider_chest by rarity -> RARE
2025-07-18 02:59:45,773 [main] INFO treasure2 | TreasureTags.java:184 | registering chest -> treasure2:ironbound_chest by rarity -> UNCOMMON
2025-07-18 02:59:45,773 [main] INFO treasure2 | TreasureTags.java:184 | registering chest -> treasure2:skull_chest by rarity -> SKULL
2025-07-18 02:59:45,773 [main] INFO treasure2 | TreasureTags.java:184 | registering chest -> treasure2:milk_crate by rarity -> COMMON
2025-07-18 02:59:45,774 [main] INFO treasure2 | TreasureTags.java:184 | registering chest -> treasure2:vanilla_chest by rarity -> COMMON
2025-07-18 02:59:45,774 [main] INFO treasure2 | TreasureTags.java:184 | registering chest -> treasure2:gold_skull_chest by rarity -> GOLD_SKULL
2025-07-18 02:59:45,774 [main] INFO treasure2 | TreasureTags.java:184 | registering chest -> treasure2:gold_strongbox by rarity -> RARE
2025-07-18 02:59:45,774 [main] INFO treasure2 | TreasureTags.java:184 | registering chest -> treasure2:iron_strongbox by rarity -> SCARCE
2025-07-18 02:59:45,774 [main] INFO treasure2 | TreasureTags.java:184 | registering chest -> treasure2:crystal_skull_chest by rarity -> CRYSTAL_SKULL
2025-07-18 02:59:45,774 [main] INFO treasure2 | TreasureTags.java:184 | registering chest -> treasure2:wood_chest by rarity -> COMMON
2025-07-18 02:59:45,774 [main] INFO treasure2 | TreasureTags.java:184 | registering chest -> treasure2:wither_chest by rarity -> WITHER
2025-07-18 02:59:45,774 [main] INFO treasure2 | TreasureTags.java:184 | registering chest -> treasure2:compressor_chest by rarity -> EPIC
2025-07-18 02:59:45,774 [main] INFO treasure2 | TreasureTags.java:184 | registering chest -> treasure2:cardboard_box by rarity -> COMMON
2025-07-18 02:59:45,775 [main] INFO treasure2 | TreasureTags.java:201 | registering wishable -> treasure2:onyx by rarity -> RARE
2025-07-18 02:59:45,775 [main] INFO treasure2 | TreasureTags.java:201 | registering wishable -> treasure2:ruby by rarity -> RARE
2025-07-18 02:59:45,775 [main] INFO treasure2 | TreasureTags.java:201 | registering wishable -> treasure2:white_pearl by rarity -> RARE
2025-07-18 02:59:45,775 [main] INFO treasure2 | TreasureTags.java:201 | registering wishable -> treasure2:sapphire by rarity -> EPIC
2025-07-18 02:59:45,775 [main] INFO treasure2 | TreasureTags.java:201 | registering wishable -> treasure2:black_pearl by rarity -> EPIC
2025-07-18 02:59:45,775 [main] INFO treasure2 | TreasureTags.java:201 | registering wishable -> treasure2:gold_coin by rarity -> SCARCE
2025-07-18 02:59:45,775 [main] INFO treasure2 | TreasureTags.java:201 | registering wishable -> treasure2:topaz by rarity -> SCARCE
2025-07-18 02:59:45,775 [main] INFO treasure2 | TreasureTags.java:201 | registering wishable -> minecraft:diamond by rarity -> SCARCE
2025-07-18 02:59:45,775 [main] INFO treasure2 | TreasureTags.java:201 | registering wishable -> minecraft:emerald by rarity -> SCARCE
2025-07-18 02:59:45,775 [main] INFO treasure2 | TreasureTags.java:201 | registering wishable -> treasure2:silver_coin by rarity -> UNCOMMON
2025-07-18 02:59:45,775 [main] INFO treasure2 | TreasureTags.java:201 | registering wishable -> treasure2:copper_coin by rarity -> COMMON
2025-07-18 02:59:46,130 [Server thread] INFO treasure2 | Config.java:760 | transforming mob set config...
2025-07-18 02:59:46,136 [Server thread] INFO treasure2 | Config.java:769 | adding mobset to map -> MobSet{name='treasure2:wishing_well_group', category='wishing_wells', biomeWhitelist=[], biomeBlacklist=[], count=IntegerRange [min=1, max=3], mobs=[WeightedMob{name='minecraft:zombie', weight=35}, WeightedMob{name='minecraft:zombie_villager', weight=10}, WeightedMob{name='minecraft:skeleton', weight=35}, WeightedMob{name='minecraft:vex', weight=20}, WeightedMob{name='minecraft:creeper', weight=15}, WeightedMob{name='minecraft:slime', weight=5}]}
2025-07-18 02:59:46,137 [Server thread] INFO treasure2 | Config.java:769 | adding mobset to map -> MobSet{name='treasure2:wither_tree_group', category='wither_trees', biomeWhitelist=[], biomeBlacklist=[], count=IntegerRange [min=1, max=3], mobs=[WeightedMob{name='minecraft:wither_skeleton', weight=90}, WeightedMob{name='minecraft:skeleton', weight=10}]}
2025-07-18 02:59:46,137 [Server thread] INFO treasure2 | Config.java:769 | adding mobset to map -> MobSet{name='treasure2:small_zombie_group', category='zombies', biomeWhitelist=[], biomeBlacklist=[], count=IntegerRange [min=1, max=3], mobs=[WeightedMob{name='minecraft:zombie', weight=90}, WeightedMob{name='minecraft:zombie_villager', weight=10}]}
2025-07-18 02:59:46,137 [Server thread] INFO treasure2 | Config.java:769 | adding mobset to map -> MobSet{name='treasure2:medium_zombie_group', category='zombies', biomeWhitelist=[], biomeBlacklist=[], count=IntegerRange [min=2, max=5], mobs=[WeightedMob{name='minecraft:zombie', weight=90}, WeightedMob{name='minecraft:zombie_villager', weight=10}]}
2025-07-18 02:59:46,602 [Server thread] INFO treasure2 | WorldEventHandler.java:54 | In world load event
2025-07-18 02:59:46,603 [Server thread] INFO treasure2 | WorldEventHandler.java:64 | In world load event for dimension minecraft:overworld
2025-07-18 02:59:46,613 [Server thread] INFO treasure2 | MobSetRegistry.java:37 | mobSetConfig optional ...
2025-07-18 02:59:46,614 [Server thread] INFO treasure2 | MobSetRegistry.java:39 | mobSetConfig is present
2025-07-18 02:59:47,061 [Server thread] WARN treasure2 | TreasureTemplateRegistry.java:791 | biome -> 'minecraft:desert' is not registgered
2025-07-18 02:59:47,061 [Server thread] WARN treasure2 | TreasureTemplateRegistry.java:791 | biome -> 'minecraft:desert' is not registgered
2025-07-18 02:59:47,062 [Server thread] WARN treasure2 | TreasureTemplateRegistry.java:791 | biome -> 'minecraft:desert' is not registgered
2025-07-18 02:59:47,062 [Server thread] WARN treasure2 | TreasureTemplateRegistry.java:791 | biome -> 'minecraft:desert' is not registgered
2025-07-18 02:59:47,062 [Server thread] WARN treasure2 | TreasureTemplateRegistry.java:791 | biome -> 'minecraft:desert' is not registgered
2025-07-18 02:59:47,062 [Server thread] WARN treasure2 | TreasureTemplateRegistry.java:791 | biome -> 'minecraft:desert' is not registgered
2025-07-18 02:59:47,062 [Server thread] WARN treasure2 | TreasureTemplateRegistry.java:791 | biome -> 'minecraft:desert' is not registgered
2025-07-18 02:59:47,062 [Server thread] WARN treasure2 | TreasureTemplateRegistry.java:791 | biome -> 'minecraft:desert' is not registgered
2025-07-18 02:59:49,241 [Server thread] INFO treasure2 | WorldEventHandler.java:54 | In world load event
2025-07-18 02:59:49,241 [Server thread] INFO treasure2 | WorldEventHandler.java:64 | In world load event for dimension minecraft:the_end
2025-07-18 02:59:49,253 [Server thread] INFO treasure2 | WorldEventHandler.java:54 | In world load event
2025-07-18 02:59:49,253 [Server thread] INFO treasure2 | WorldEventHandler.java:64 | In world load event for dimension minecraft:the_nether
2025-07-18 03:22:29,349 [Worker-Main-1] INFO treasure2 | WellGenerator.java:198 | CHEATER! Wishing Well at coords: -393 69 -6
2025-07-18 03:22:35,403 [Server thread] INFO treasure2 | AbstractTreasureChestBlock.java:162 | AbstractTreasureChestBlock | newBlockEntity | lockStates -> [LockState [slot=LockSlot [index=0, face=NORTH, xOffset=0.5, yOffset=0.5, zOffset=0.0, rotation=0.0], lockItem=null]]
2025-07-18 03:22:35,403 [Server thread] INFO treasure2 | AbstractTreasureChestBlock.java:163 | AbstractTreasureChestBlock | newBlockEntity | tileEntity -> mod.gottsch.forge.treasure2.core.block.entity.BarrelChestBlockEntity@5671480b @ BlockPos{x=-393, y=63, z=2}
2025-07-18 03:22:35,442 [Server thread] INFO treasure2 | PitChestFeatureGenerator.java:130 | CHEATER! UNCOMMON chest at coords: -393 76 2
2025-07-18 03:22:50,336 [Server thread] INFO treasure2 | AbstractTreasureChestBlock.java:162 | AbstractTreasureChestBlock | newBlockEntity | lockStates -> [LockState [slot=LockSlot [index=0, face=NORTH, xOffset=0.5, yOffset=0.412, zOffset=0.15, rotation=0.0], lockItem=null]]
2025-07-18 03:22:50,336 [Server thread] INFO treasure2 | AbstractTreasureChestBlock.java:163 | AbstractTreasureChestBlock | newBlockEntity | tileEntity -> mod.gottsch.forge.treasure2.core.block.entity.MilkCrateBlockEntity@737337b4 @ BlockPos{x=-437, y=64, z=-223}
2025-07-18 03:22:50,399 [Server thread] INFO treasure2 | PitChestFeatureGenerator.java:130 | CHEATER! COMMON chest at coords: -437 72 -223
2025-07-18 03:27:44,339 [Server thread] INFO treasure2 | AbstractTreasureChestBlock.java:162 | AbstractTreasureChestBlock | newBlockEntity | lockStates -> [LockState [slot=LockSlot [index=0, face=NORTH, xOffset=0.5, yOffset=0.95, zOffset=0.3, rotation=0.0], lockItem=null], LockState [slot=LockSlot [index=1, face=NORTH, xOffset=0.5, yOffset=0.95, zOffset=0.7, rotation=0.0], lockItem=null]]
2025-07-18 03:27:44,339 [Server thread] INFO treasure2 | AbstractTreasureChestBlock.java:163 | AbstractTreasureChestBlock | newBlockEntity | tileEntity -> mod.gottsch.forge.treasure2.core.block.entity.CauldronChestBlockEntity@60110686 @ BlockPos{x=-424, y=31, z=-417}
2025-07-18 03:27:44,368 [Server thread] INFO treasure2 | PitChestFeatureGenerator.java:130 | CHEATER! CAULDRON chest at coords: -424 67 -421
2025-07-18 03:29:27,789 [Server thread] INFO treasure2 | AbstractTreasureChestBlock.java:162 | AbstractTreasureChestBlock | newBlockEntity | lockStates -> [LockState [slot=LockSlot [index=0, face=NORTH, xOffset=0.5, yOffset=0.3, zOffset=0.05, rotation=0.0], lockItem=null]]
2025-07-18 03:29:27,790 [Server thread] INFO treasure2 | AbstractTreasureChestBlock.java:163 | AbstractTreasureChestBlock | newBlockEntity | tileEntity -> mod.gottsch.forge.treasure2.core.block.entity.VanillaChestBlockEntity@65ccfb88 @ BlockPos{x=-50, y=56, z=-424}
2025-07-18 03:29:27,817 [Server thread] INFO treasure2 | PitChestFeatureGenerator.java:130 | CHEATER! COMMON chest at coords: -50 63 -424
2025-07-18 04:19:57,487 [Server thread] INFO treasure2 | AbstractTreasureChestBlock.java:162 | AbstractTreasureChestBlock | newBlockEntity | lockStates -> [LockState [slot=LockSlot [index=0, face=NORTH, xOffset=0.5, yOffset=0.3, zOffset=0.05, rotation=0.0], lockItem=null], LockState [slot=LockSlot [index=1, face=EAST, xOffset=0.95, yOffset=0.3, zOffset=0.5, rotation=90.0], lockItem=null], LockState [slot=LockSlot [index=2, face=WEST, xOffset=0.05, yOffset=0.3, zOffset=0.5, rotation=-90.0], lockItem=null]]
2025-07-18 04:19:57,487 [Server thread] INFO treasure2 | AbstractTreasureChestBlock.java:163 | AbstractTreasureChestBlock | newBlockEntity | tileEntity -> mod.gottsch.forge.treasure2.core.block.entity.DreadPirateChestBlockEntity@6cb8cbfc @ BlockPos{x=-617, y=16, z=-523}
2025-07-18 04:19:57,515 [Server thread] INFO treasure2 | PitChestFeatureGenerator.java:130 | CHEATER! EPIC chest at coords: -617 65 -523
2025-07-18 04:22:36,503 [Server thread] INFO treasure2 | AbstractTreasureChestBlock.java:162 | AbstractTreasureChestBlock | newBlockEntity | lockStates -> [LockState [slot=LockSlot [index=0, face=NORTH, xOffset=0.5, yOffset=0.3, zOffset=0.05, rotation=0.0], lockItem=null], LockState [slot=LockSlot [index=1, face=EAST, xOffset=0.95, yOffset=0.3, zOffset=0.5, rotation=90.0], lockItem=null], LockState [slot=LockSlot [index=2, face=WEST, xOffset=0.05, yOffset=0.3, zOffset=0.5, rotation=-90.0], lockItem=null]]
2025-07-18 04:22:36,503 [Server thread] INFO treasure2 | AbstractTreasureChestBlock.java:163 | AbstractTreasureChestBlock | newBlockEntity | tileEntity -> mod.gottsch.forge.treasure2.core.block.entity.PirateChestBlockEntity@6eb21509 @ BlockPos{x=-632, y=44, z=-298}
2025-07-18 04:22:36,522 [Server thread] INFO treasure2 | PitChestFeatureGenerator.java:130 | CHEATER! SCARCE chest at coords: -632 70 -298
2025-07-18 04:32:10,326 [Server thread] INFO treasure2 | AbstractTreasureChestBlock.java:162 | AbstractTreasureChestBlock | newBlockEntity | lockStates -> [LockState [slot=LockSlot [index=0, face=NORTH, xOffset=0.5, yOffset=0.95, zOffset=0.05, rotation=0.0], lockItem=null], LockState [slot=LockSlot [index=1, face=NORTH, xOffset=0.5, yOffset=0.4, zOffset=0.05, rotation=0.0], lockItem=null]]
2025-07-18 04:32:10,326 [Server thread] INFO treasure2 | AbstractTreasureChestBlock.java:163 | AbstractTreasureChestBlock | newBlockEntity | tileEntity -> mod.gottsch.forge.treasure2.core.block.entity.WitherChestBlockEntity@127c5381 @ BlockPos{x=-830, y=30, z=-300}
2025-07-18 04:32:10,327 [Server thread] INFO treasure2 | WitherFeatureGenerator.java:154 | CHEATER! WITHER chest at coords: -830 64 -297
2025-07-18 04:32:10,369 [Server thread] WARN treasure2 | DeferredGeneratorBlockEntity.java:121 | unable to locate rarity config for rarity - >UNCOMMON
2025-07-18 04:32:27,552 [Server thread] INFO treasure2 | AbstractTreasureChestBlock.java:162 | AbstractTreasureChestBlock | newBlockEntity | lockStates -> [LockState [slot=LockSlot [index=0, face=NORTH, xOffset=0.5, yOffset=0.3, zOffset=0.05, rotation=0.0], lockItem=null], LockState [slot=LockSlot [index=1, face=EAST, xOffset=0.95, yOffset=0.3, zOffset=0.5, rotation=90.0], lockItem=null], LockState [slot=LockSlot [index=2, face=WEST, xOffset=0.05, yOffset=0.3, zOffset=0.5, rotation=-90.0], lockItem=null]]
2025-07-18 04:32:27,553 [Server thread] INFO treasure2 | AbstractTreasureChestBlock.java:163 | AbstractTreasureChestBlock | newBlockEntity | tileEntity -> mod.gottsch.forge.treasure2.core.block.entity.DreadPirateChestBlockEntity@2b8fa59e @ BlockPos{x=-873, y=5, z=-102}
2025-07-18 04:32:27,591 [Server thread] INFO treasure2 | PitChestFeatureGenerator.java:130 | CHEATER! LEGENDARY chest at coords: -873 63 -102
2025-07-18 04:41:38,968 [Server thread] INFO treasure2 | AbstractTreasureChestBlock.java:162 | AbstractTreasureChestBlock | newBlockEntity | lockStates -> [LockState [slot=LockSlot [index=0, face=NORTH, xOffset=0.5, yOffset=0.3, zOffset=0.05, rotation=0.0], lockItem=null], LockState [slot=LockSlot [index=1, face=EAST, xOffset=0.95, yOffset=0.3, zOffset=0.5, rotation=90.0], lockItem=null], LockState [slot=LockSlot [index=2, face=WEST, xOffset=0.05, yOffset=0.3, zOffset=0.5, rotation=-90.0], lockItem=null]]
2025-07-18 04:41:38,968 [Server thread] INFO treasure2 | AbstractTreasureChestBlock.java:163 | AbstractTreasureChestBlock | newBlockEntity | tileEntity -> mod.gottsch.forge.treasure2.core.block.entity.PirateChestBlockEntity@34358188 @ BlockPos{x=-600, y=38, z=117}
2025-07-18 04:41:38,991 [Server thread] INFO treasure2 | PitChestFeatureGenerator.java:130 | CHEATER! SCARCE chest at coords: -600 71 117
2025-07-18 04:42:29,898 [Server thread] INFO treasure2 | AbstractTreasureChestBlock.java:162 | AbstractTreasureChestBlock | newBlockEntity | lockStates -> [LockState [slot=LockSlot [index=0, face=NORTH, xOffset=0.5, yOffset=0.55, zOffset=0.17, rotation=0.0], lockItem=null]]
2025-07-18 04:42:29,898 [Server thread] INFO treasure2 | AbstractTreasureChestBlock.java:163 | AbstractTreasureChestBlock | newBlockEntity | tileEntity -> mod.gottsch.forge.treasure2.core.block.entity.VikingChestBlockEntity@52993e2f @ BlockPos{x=-793, y=49, z=172}
2025-07-18 04:42:29,947 [Server thread] INFO treasure2 | PitChestFeatureGenerator.java:130 | CHEATER! UNCOMMON chest at coords: -793 64 172
2025-07-18 04:44:34,535 [Server thread] INFO treasure2 | AbstractTreasureChestBlock.java:162 | AbstractTreasureChestBlock | newBlockEntity | lockStates -> [LockState [slot=LockSlot [index=0, face=NORTH, xOffset=0.5, yOffset=0.412, zOffset=0.15, rotation=0.0], lockItem=null]]
2025-07-18 04:44:34,535 [Server thread] INFO treasure2 | AbstractTreasureChestBlock.java:163 | AbstractTreasureChestBlock | newBlockEntity | tileEntity -> mod.gottsch.forge.treasure2.core.block.entity.MilkCrateBlockEntity@2e15a71 @ BlockPos{x=-410, y=125, z=429}
2025-07-18 04:44:34,556 [Server thread] INFO treasure2 | PitChestFeatureGenerator.java:130 | CHEATER! COMMON chest at coords: -410 132 429
2025-07-18 04:44:39,148 [Worker-Main-45] INFO treasure2 | WellGenerator.java:198 | CHEATER! Wishing Well at coords: -998 68 306
2025-07-18 04:44:44,214 [Worker-Main-89] INFO treasure2 | AbstractTreasureChestBlock.java:162 | AbstractTreasureChestBlock | newBlockEntity | lockStates -> [LockState [slot=LockSlot [index=0, face=NORTH, xOffset=0.5, yOffset=0.2, zOffset=0.2, rotation=0.0], lockItem=null], LockState [slot=LockSlot [index=1, face=EAST, xOffset=0.825, yOffset=0.2, zOffset=0.5, rotation=90.0], lockItem=null], LockState [slot=LockSlot [index=2, face=WEST, xOffset=0.175, yOffset=0.2, zOffset=0.5, rotation=-90.0], lockItem=null]]
2025-07-18 04:44:44,215 [Worker-Main-89] INFO treasure2 | AbstractTreasureChestBlock.java:163 | AbstractTreasureChestBlock | newBlockEntity | tileEntity -> mod.gottsch.forge.treasure2.core.block.entity.IronStrongboxBlockEntity@7fed6d2 @ BlockPos{x=-995, y=67, z=536}
2025-07-18 04:44:44,234 [Worker-Main-89] INFO treasure2 | SimpleSurfaceChestFeatureGenerator.java:87 | CHEATER! SCARCE chest at coords: -995 67 536
2025-07-18 04:44:52,882 [Server thread] INFO treasure2 | AbstractTreasureChestBlock.java:162 | AbstractTreasureChestBlock | newBlockEntity | lockStates -> [LockState [slot=LockSlot [index=0, face=NORTH, xOffset=0.5, yOffset=0.6, zOffset=0.05, rotation=0.0], lockItem=null]]
2025-07-18 04:44:52,882 [Server thread] INFO treasure2 | AbstractTreasureChestBlock.java:163 | AbstractTreasureChestBlock | newBlockEntity | tileEntity -> mod.gottsch.forge.treasure2.core.block.entity.MoldyCrateChestBlockEntity@603a6c20 @ BlockPos{x=-1001, y=60, z=340}
2025-07-18 04:44:52,898 [Server thread] INFO treasure2 | PitChestFeatureGenerator.java:130 | CHEATER! COMMON chest at coords: -1001 69 340
2025-07-18 04:45:55,235 [Server thread] INFO treasure2 | AbstractTreasureChestBlock.java:162 | AbstractTreasureChestBlock | newBlockEntity | lockStates -> [LockState [slot=LockSlot [index=0, face=EAST, xOffset=0.72, yOffset=0.18, zOffset=0.5, rotation=90.0], lockItem=null]]
2025-07-18 04:45:55,235 [Server thread] INFO treasure2 | AbstractTreasureChestBlock.java:163 | AbstractTreasureChestBlock | newBlockEntity | tileEntity -> mod.gottsch.forge.treasure2.core.block.entity.CrystalSkullChestBlockEntity@2561619e @ BlockPos{x=-641, y=75, z=565}
2025-07-18 04:45:55,270 [Server thread] INFO treasure2 | PitChestFeatureGenerator.java:130 | CHEATER! CRYSTAL_SKULL chest at coords: -641 113 565
2025-07-18 04:47:27,304 [Server thread] INFO treasure2 | AbstractTreasureChestBlock.java:162 | AbstractTreasureChestBlock | newBlockEntity | lockStates -> [LockState [slot=LockSlot [index=0, face=NORTH, xOffset=0.5, yOffset=0.3, zOffset=0.05, rotation=0.0], lockItem=null], LockState [slot=LockSlot [index=1, face=EAST, xOffset=0.95, yOffset=0.3, zOffset=0.5, rotation=90.0], lockItem=null], LockState [slot=LockSlot [index=2, face=WEST, xOffset=0.05, yOffset=0.3, zOffset=0.5, rotation=-90.0], lockItem=null]]
2025-07-18 04:47:27,304 [Server thread] INFO treasure2 | AbstractTreasureChestBlock.java:163 | AbstractTreasureChestBlock | newBlockEntity | tileEntity -> mod.gottsch.forge.treasure2.core.block.entity.PirateChestBlockEntity@34e5a164 @ BlockPos{x=-1079, y=48, z=135}
2025-07-18 04:47:27,304 [Server thread] INFO treasure2 | SubaquaticStructureFeatureGenerator.java:98 | CHEATER! SCARCE chest at coords: -1076 63 136
2025-07-18 04:48:20,582 [Server thread] INFO treasure2 | AbstractTreasureChestBlock.java:162 | AbstractTreasureChestBlock | newBlockEntity | lockStates -> [LockState [slot=LockSlot [index=0, face=EAST, xOffset=0.72, yOffset=0.18, zOffset=0.5, rotation=90.0], lockItem=null]]
2025-07-18 04:48:20,582 [Server thread] INFO treasure2 | AbstractTreasureChestBlock.java:163 | AbstractTreasureChestBlock | newBlockEntity | tileEntity -> mod.gottsch.forge.treasure2.core.block.entity.SkullChestBlockEntity@9aba8bc @ BlockPos{x=-838, y=44, z=735}
2025-07-18 04:48:20,611 [Server thread] INFO treasure2 | PitChestFeatureGenerator.java:130 | CHEATER! SKULL chest at coords: -838 73 735
2025-07-18 04:48:38,346 [Server thread] INFO treasure2 | AbstractTreasureChestBlock.java:162 | AbstractTreasureChestBlock | newBlockEntity | lockStates -> [LockState [slot=LockSlot [index=0, face=NORTH, xOffset=0.5, yOffset=0.6, zOffset=0.05, rotation=0.0], lockItem=null]]
2025-07-18 04:48:38,346 [Server thread] INFO treasure2 | AbstractTreasureChestBlock.java:163 | AbstractTreasureChestBlock | newBlockEntity | tileEntity -> mod.gottsch.forge.treasure2.core.block.entity.MoldyCrateChestBlockEntity@5613dc7f @ BlockPos{x=-1198, y=51, z=424}
2025-07-18 04:48:38,365 [Server thread] INFO treasure2 | PitChestFeatureGenerator.java:130 | CHEATER! COMMON chest at coords: -1198 65 424
2025-07-18 04:50:25,308 [Worker-Main-89] INFO treasure2 | AbstractTreasureChestBlock.java:162 | AbstractTreasureChestBlock | newBlockEntity | lockStates -> [LockState [slot=LockSlot [index=0, face=NORTH, xOffset=0.5, yOffset=0.2, zOffset=0.2, rotation=0.0], lockItem=null], LockState [slot=LockSlot [index=1, face=EAST, xOffset=0.825, yOffset=0.2, zOffset=0.5, rotation=90.0], lockItem=null], LockState [slot=LockSlot [index=2, face=WEST, xOffset=0.175, yOffset=0.2, zOffset=0.5, rotation=-90.0], lockItem=null]]
2025-07-18 04:50:25,309 [Worker-Main-89] INFO treasure2 | AbstractTreasureChestBlock.java:163 | AbstractTreasureChestBlock | newBlockEntity | tileEntity -> mod.gottsch.forge.treasure2.core.block.entity.IronStrongboxBlockEntity@4373fc04 @ BlockPos{x=-416, y=133, z=727}
2025-07-18 04:50:25,353 [Worker-Main-89] INFO treasure2 | SimpleSurfaceChestFeatureGenerator.java:87 | CHEATER! SCARCE chest at coords: -416 133 727
2025-07-18 04:50:28,398 [Worker-Main-1] INFO treasure2 | WellGenerator.java:198 | CHEATER! Wishing Well at coords: -394 120 842
2025-07-18 04:51:16,036 [Server thread] INFO treasure2 | AbstractTreasureChestBlock.java:162 | AbstractTreasureChestBlock | newBlockEntity | lockStates -> [LockState [slot=LockSlot [index=0, face=NORTH, xOffset=0.5, yOffset=0.95, zOffset=0.3, rotation=0.0], lockItem=null], LockState [slot=LockSlot [index=1, face=NORTH, xOffset=0.5, yOffset=0.95, zOffset=0.7, rotation=0.0], lockItem=null]]
2025-07-18 04:51:16,036 [Server thread] INFO treasure2 | AbstractTreasureChestBlock.java:163 | AbstractTreasureChestBlock | newBlockEntity | tileEntity -> mod.gottsch.forge.treasure2.core.block.entity.CardboardBoxBlockEntity@1f731585 @ BlockPos{x=-411, y=129, z=924}
2025-07-18 04:51:16,077 [Server thread] INFO treasure2 | PitChestFeatureGenerator.java:130 | CHEATER! COMMON chest at coords: -411 135 924
2025-07-18 04:52:20,448 [Worker-Main-89] INFO treasure2 | AbstractTreasureChestBlock.java:162 | AbstractTreasureChestBlock | newBlockEntity | lockStates -> [LockState [slot=LockSlot [index=0, face=NORTH, xOffset=0.5, yOffset=0.3, zOffset=0.05, rotation=0.0], lockItem=null], LockState [slot=LockSlot [index=1, face=EAST, xOffset=0.95, yOffset=0.3, zOffset=0.5, rotation=90.0], lockItem=null], LockState [slot=LockSlot [index=2, face=WEST, xOffset=0.05, yOffset=0.3, zOffset=0.5, rotation=-90.0], lockItem=null]]
2025-07-18 04:52:20,448 [Worker-Main-89] INFO treasure2 | AbstractTreasureChestBlock.java:163 | AbstractTreasureChestBlock | newBlockEntity | tileEntity -> mod.gottsch.forge.treasure2.core.block.entity.DreadPirateChestBlockEntity@2cb8864c @ BlockPos{x=-1192, y=70, z=624}
2025-07-18 04:52:20,471 [Worker-Main-89] INFO treasure2 | SimpleSurfaceChestFeatureGenerator.java:87 | CHEATER! EPIC chest at coords: -1192 70 624
2025-07-18 04:55:51,623 [Server thread] INFO treasure2 | AbstractTreasureChestBlock.java:162 | AbstractTreasureChestBlock | newBlockEntity | lockStates -> [LockState [slot=LockSlot [index=0, face=NORTH, xOffset=0.5, yOffset=0.95, zOffset=0.3, rotation=0.0], lockItem=null], LockState [slot=LockSlot [index=1, face=NORTH, xOffset=0.5, yOffset=0.95, zOffset=0.7, rotation=0.0], lockItem=null]]
2025-07-18 04:55:51,624 [Server thread] INFO treasure2 | AbstractTreasureChestBlock.java:163 | AbstractTreasureChestBlock | newBlockEntity | tileEntity -> mod.gottsch.forge.treasure2.core.block.entity.CauldronChestBlockEntity@54f86748 @ BlockPos{x=-408, y=111, z=1138}
2025-07-18 04:55:51,653 [Server thread] INFO treasure2 | PitChestFeatureGenerator.java:130 | CHEATER! CAULDRON chest at coords: -408 141 1138
2025-07-18 04:58:47,404 [Server thread] INFO treasure2 | AbstractTreasureChestBlock.java:162 | AbstractTreasureChestBlock | newBlockEntity | lockStates -> [LockState [slot=LockSlot [index=0, face=NORTH, xOffset=0.5, yOffset=0.3, zOffset=0.05, rotation=0.0], lockItem=null], LockState [slot=LockSlot [index=1, face=EAST, xOffset=0.95, yOffset=0.3, zOffset=0.5, rotation=90.0], lockItem=null], LockState [slot=LockSlot [index=2, face=WEST, xOffset=0.05, yOffset=0.3, zOffset=0.5, rotation=-90.0], lockItem=null]]
2025-07-18 04:58:47,404 [Server thread] INFO treasure2 | AbstractTreasureChestBlock.java:163 | AbstractTreasureChestBlock | newBlockEntity | tileEntity -> mod.gottsch.forge.treasure2.core.block.entity.DreadPirateChestBlockEntity@3192e9fa @ BlockPos{x=-209, y=29, z=882}
2025-07-18 04:58:47,447 [Server thread] INFO treasure2 | PitChestFeatureGenerator.java:130 | CHEATER! MYTHICAL chest at coords: -212 103 885
2025-07-18 04:59:06,462 [Server thread] INFO treasure2 | AbstractTreasureChestBlock.java:162 | AbstractTreasureChestBlock | newBlockEntity | lockStates -> [LockState [slot=LockSlot [index=0, face=NORTH, xOffset=0.5, yOffset=0.95, zOffset=0.05, rotation=0.0], lockItem=null], LockState [slot=LockSlot [index=1, face=NORTH, xOffset=0.5, yOffset=0.4, zOffset=0.05, rotation=0.0], lockItem=null]]
2025-07-18 04:59:06,462 [Server thread] INFO treasure2 | AbstractTreasureChestBlock.java:163 | AbstractTreasureChestBlock | newBlockEntity | tileEntity -> mod.gottsch.forge.treasure2.core.block.entity.WitherChestBlockEntity@360de90a @ BlockPos{x=-218, y=98, z=688}
2025-07-18 04:59:06,463 [Server thread] INFO treasure2 | WitherFeatureGenerator.java:154 | CHEATER! WITHER chest at coords: -218 120 684
2025-07-18 05:12:00,482 [Server thread] INFO treasure2 | AbstractTreasureChestBlock.java:162 | AbstractTreasureChestBlock | newBlockEntity | lockStates -> [LockState [slot=LockSlot [index=0, face=NORTH, xOffset=0.5, yOffset=0.2, zOffset=0.2, rotation=0.0], lockItem=null], LockState [slot=LockSlot [index=1, face=EAST, xOffset=0.825, yOffset=0.2, zOffset=0.5, rotation=90.0], lockItem=null], LockState [slot=LockSlot [index=2, face=WEST, xOffset=0.175, yOffset=0.2, zOffset=0.5, rotation=-90.0], lockItem=null]]
2025-07-18 05:12:00,482 [Server thread] INFO treasure2 | AbstractTreasureChestBlock.java:163 | AbstractTreasureChestBlock | newBlockEntity | tileEntity -> mod.gottsch.forge.treasure2.core.block.entity.IronStrongboxBlockEntity@792a87ba @ BlockPos{x=-516, y=69, z=-339}
2025-07-18 05:12:15,031 [Server thread] INFO treasure2 | AbstractTreasureChestBlock.java:162 | AbstractTreasureChestBlock | newBlockEntity | lockStates -> [LockState [slot=LockSlot [index=0, face=NORTH, xOffset=0.5, yOffset=0.95, zOffset=0.3, rotation=0.0], lockItem=null], LockState [slot=LockSlot [index=1, face=NORTH, xOffset=0.5, yOffset=0.95, zOffset=0.7, rotation=0.0], lockItem=null]]
2025-07-18 05:12:15,031 [Server thread] INFO treasure2 | AbstractTreasureChestBlock.java:163 | AbstractTreasureChestBlock | newBlockEntity | tileEntity -> mod.gottsch.forge.treasure2.core.block.entity.CardboardBoxBlockEntity@6748243a @ BlockPos{x=-516, y=68, z=-340}
2025-07-18 05:17:12,245 [Server thread] WARN treasure2 | DeferredGeneratorBlockEntity.java:121 | unable to locate rarity config for rarity - >UNCOMMON
2025-07-18 05:17:35,749 [Server thread] INFO treasure2 | AbstractTreasureChestBlock.java:162 | AbstractTreasureChestBlock | newBlockEntity | lockStates -> [LockState [slot=LockSlot [index=0, face=NORTH, xOffset=0.5, yOffset=0.55, zOffset=0.17, rotation=0.0], lockItem=null]]
2025-07-18 05:17:35,749 [Server thread] INFO treasure2 | AbstractTreasureChestBlock.java:163 | AbstractTreasureChestBlock | newBlockEntity | tileEntity -> mod.gottsch.forge.treasure2.core.block.entity.VikingChestBlockEntity@1a4f1702 @ BlockPos{x=-772, y=70, z=-935}
2025-07-18 05:17:35,778 [Server thread] INFO treasure2 | PitChestFeatureGenerator.java:130 | CHEATER! UNCOMMON chest at coords: -772 80 -935
2025-07-18 05:18:50,394 [Server thread] INFO treasure2 | AbstractTreasureChestBlock.java:162 | AbstractTreasureChestBlock | newBlockEntity | lockStates -> [LockState [slot=LockSlot [index=0, face=NORTH, xOffset=0.5, yOffset=0.6, zOffset=0.05, rotation=0.0], lockItem=null]]
2025-07-18 05:18:50,394 [Server thread] INFO treasure2 | AbstractTreasureChestBlock.java:163 | AbstractTreasureChestBlock | newBlockEntity | tileEntity -> mod.gottsch.forge.treasure2.core.block.entity.CrateChestBlockEntity@1b53641 @ BlockPos{x=-566, y=52, z=-1109}
2025-07-18 05:18:50,402 [Server thread] INFO treasure2 | PitChestFeatureGenerator.java:130 | CHEATER! UNCOMMON chest at coords: -566 64 -1109
2025-07-18 05:19:00,639 [Server thread] INFO treasure2 | AbstractTreasureChestBlock.java:162 | AbstractTreasureChestBlock | newBlockEntity | lockStates -> [LockState [slot=LockSlot [index=0, face=NORTH, xOffset=0.5, yOffset=0.3, zOffset=0.05, rotation=0.0], lockItem=null]]
2025-07-18 05:19:00,640 [Server thread] INFO treasure2 | AbstractTreasureChestBlock.java:163 | AbstractTreasureChestBlock | newBlockEntity | tileEntity -> mod.gottsch.forge.treasure2.core.block.entity.VanillaChestBlockEntity@5b6343cd @ BlockPos{x=-866, y=56, z=-1128}
2025-07-18 05:19:00,648 [Server thread] INFO treasure2 | PitChestFeatureGenerator.java:130 | CHEATER! COMMON chest at coords: -866 63 -1128
2025-07-18 05:19:12,389 [Worker-Main-89] INFO treasure2 | WellGenerator.java:198 | CHEATER! Wishing Well at coords: -572 107 -1227
2025-07-18 05:19:35,849 [Server thread] INFO treasure2 | AbstractTreasureChestBlock.java:162 | AbstractTreasureChestBlock | newBlockEntity | lockStates -> [LockState [slot=LockSlot [index=0, face=NORTH, xOffset=0.5, yOffset=0.3, zOffset=0.05, rotation=0.0], lockItem=null], LockState [slot=LockSlot [index=1, face=EAST, xOffset=0.95, yOffset=0.3, zOffset=0.5, rotation=90.0], lockItem=null], LockState [slot=LockSlot [index=2, face=WEST, xOffset=0.05, yOffset=0.3, zOffset=0.5, rotation=-90.0], lockItem=null]]
2025-07-18 05:19:35,849 [Server thread] INFO treasure2 | AbstractTreasureChestBlock.java:163 | AbstractTreasureChestBlock | newBlockEntity | tileEntity -> mod.gottsch.forge.treasure2.core.block.entity.DreadPirateChestBlockEntity@4554451d @ BlockPos{x=-558, y=55, z=-1302}
2025-07-18 05:19:35,900 [Server thread] INFO treasure2 | PitChestFeatureGenerator.java:130 | CHEATER! MYTHICAL chest at coords: -558 125 -1302
2025-07-18 05:19:44,852 [Server thread] INFO treasure2 | AbstractTreasureChestBlock.java:162 | AbstractTreasureChestBlock | newBlockEntity | lockStates -> [LockState [slot=LockSlot [index=0, face=NORTH, xOffset=0.5, yOffset=0.95, zOffset=0.05, rotation=0.0], lockItem=null], LockState [slot=LockSlot [index=1, face=NORTH, xOffset=0.5, yOffset=0.4, zOffset=0.05, rotation=0.0], lockItem=null]]
2025-07-18 05:19:44,852 [Server thread] INFO treasure2 | AbstractTreasureChestBlock.java:163 | AbstractTreasureChestBlock | newBlockEntity | tileEntity -> mod.gottsch.forge.treasure2.core.block.entity.WitherChestBlockEntity@797ecdf4 @ BlockPos{x=-757, y=92, z=-1330}
2025-07-18 05:19:44,852 [Server thread] INFO treasure2 | WitherFeatureGenerator.java:154 | CHEATER! WITHER chest at coords: -757 108 -1330
2025-07-18 05:25:47,309 [Server thread] WARN treasure2 | DeferredGeneratorBlockEntity.java:121 | unable to locate rarity config for rarity - >UNCOMMON
2025-07-18 05:27:39,054 [Worker-Main-45] INFO treasure2 | AbstractTreasureChestBlock.java:162 | AbstractTreasureChestBlock | newBlockEntity | lockStates -> [LockState [slot=LockSlot [index=0, face=NORTH, xOffset=0.5, yOffset=0.2, zOffset=0.2, rotation=0.0], lockItem=null], LockState [slot=LockSlot [index=1, face=EAST, xOffset=0.825, yOffset=0.2, zOffset=0.5, rotation=90.0], lockItem=null], LockState [slot=LockSlot [index=2, face=WEST, xOffset=0.175, yOffset=0.2, zOffset=0.5, rotation=-90.0], lockItem=null]]
2025-07-18 05:27:39,054 [Worker-Main-45] INFO treasure2 | AbstractTreasureChestBlock.java:163 | AbstractTreasureChestBlock | newBlockEntity | tileEntity -> mod.gottsch.forge.treasure2.core.block.entity.IronStrongboxBlockEntity@d6bda47 @ BlockPos{x=-979, y=90, z=-1753}
2025-07-18 05:27:39,077 [Worker-Main-45] INFO treasure2 | SimpleSurfaceChestFeatureGenerator.java:87 | CHEATER! SCARCE chest at coords: -979 90 -1753
2025-07-18 05:28:06,487 [Server thread] WARN treasure2 | DeferredGeneratorBlockEntity.java:121 | unable to locate rarity config for rarity - >COMMON
2025-07-18 05:28:50,919 [Worker-Main-3] INFO treasure2 | WellGenerator.java:198 | CHEATER! Wishing Well at coords: -892 98 -1826
2025-07-18 05:39:18,690 [Server thread] INFO treasure2 | AbstractTreasureChestBlock.java:162 | AbstractTreasureChestBlock | newBlockEntity | lockStates -> [LockState [slot=LockSlot [index=0, face=EAST, xOffset=0.72, yOffset=0.18, zOffset=0.5, rotation=90.0], lockItem=null]]
2025-07-18 05:39:18,690 [Server thread] INFO treasure2 | AbstractTreasureChestBlock.java:163 | AbstractTreasureChestBlock | newBlockEntity | tileEntity -> mod.gottsch.forge.treasure2.core.block.entity.GoldSkullChestBlockEntity@69cecc7 @ BlockPos{x=-530, y=24, z=-1516}
2025-07-18 05:39:18,725 [Server thread] INFO treasure2 | PitChestFeatureGenerator.java:130 | CHEATER! GOLD_SKULL chest at coords: -530 64 -1516
2025-07-18 06:07:21,624 [Server thread] INFO treasure2 | Config.java:760 | transforming mob set config...
2025-07-18 06:07:21,625 [Server thread] INFO treasure2 | Config.java:769 | adding mobset to map -> MobSet{name='treasure2:wishing_well_group', category='wishing_wells', biomeWhitelist=[], biomeBlacklist=[], count=IntegerRange [min=1, max=3], mobs=[WeightedMob{name='minecraft:zombie', weight=35}, WeightedMob{name='minecraft:zombie_villager', weight=10}, WeightedMob{name='minecraft:skeleton', weight=35}, WeightedMob{name='minecraft:vex', weight=20}, WeightedMob{name='minecraft:creeper', weight=15}, WeightedMob{name='minecraft:slime', weight=5}]}
2025-07-18 06:07:21,625 [Server thread] INFO treasure2 | Config.java:769 | adding mobset to map -> MobSet{name='treasure2:wither_tree_group', category='wither_trees', biomeWhitelist=[], biomeBlacklist=[], count=IntegerRange [min=1, max=3], mobs=[WeightedMob{name='minecraft:wither_skeleton', weight=90}, WeightedMob{name='minecraft:skeleton', weight=10}]}
2025-07-18 06:07:21,625 [Server thread] INFO treasure2 | Config.java:769 | adding mobset to map -> MobSet{name='treasure2:small_zombie_group', category='zombies', biomeWhitelist=[], biomeBlacklist=[], count=IntegerRange [min=1, max=3], mobs=[WeightedMob{name='minecraft:zombie', weight=90}, WeightedMob{name='minecraft:zombie_villager', weight=10}]}
2025-07-18 06:07:21,625 [Server thread] INFO treasure2 | Config.java:769 | adding mobset to map -> MobSet{name='treasure2:medium_zombie_group', category='zombies', biomeWhitelist=[], biomeBlacklist=[], count=IntegerRange [min=2, max=5], mobs=[WeightedMob{name='minecraft:zombie', weight=90}, WeightedMob{name='minecraft:zombie_villager', weight=10}]}
2025-08-26 03:16:18,530 [modloading-worker-0] WARN treasure2 | TreasureLootTableRegistry.java:173 | unable to locate file in jar -> data/treasure2/loot_tables/injects
2025-08-26 03:16:25,961 [main] INFO treasure2 | TreasureTags.java:135 | in tags updated event
2025-08-26 03:16:25,962 [main] INFO treasure2 | TreasureTags.java:152 | registering key -> treasure2:stone_key by rarity -> COMMON
2025-08-26 03:16:25,963 [main] INFO treasure2 | TreasureTags.java:152 | registering key -> treasure2:leaf_key by rarity -> UNCOMMON
2025-08-26 03:16:25,963 [main] INFO treasure2 | TreasureTags.java:152 | registering key -> treasure2:gold_key by rarity -> SCARCE
2025-08-26 03:16:25,963 [main] INFO treasure2 | TreasureTags.java:152 | registering key -> treasure2:diamond_key by rarity -> RARE
2025-08-26 03:16:25,963 [main] INFO treasure2 | TreasureTags.java:152 | registering key -> treasure2:thiefs_lock_pick by rarity -> UNCOMMON
2025-08-26 03:16:25,963 [main] INFO treasure2 | TreasureTags.java:152 | registering key -> treasure2:ember_key by rarity -> SCARCE
2025-08-26 03:16:25,963 [main] INFO treasure2 | TreasureTags.java:152 | registering key -> treasure2:wood_key by rarity -> COMMON
2025-08-26 03:16:25,963 [main] INFO treasure2 | TreasureTags.java:152 | registering key -> treasure2:metallurgists_key by rarity -> RARE
2025-08-26 03:16:25,963 [main] INFO treasure2 | TreasureTags.java:152 | registering key -> treasure2:skeleton_key by rarity -> RARE
2025-08-26 03:16:25,963 [main] INFO treasure2 | TreasureTags.java:152 | registering key -> treasure2:jewelled_key by rarity -> EPIC
2025-08-26 03:16:25,964 [main] INFO treasure2 | TreasureTags.java:152 | registering key -> treasure2:ruby_key by rarity -> EPIC
2025-08-26 03:16:25,964 [main] INFO treasure2 | TreasureTags.java:152 | registering key -> treasure2:onyx_key by rarity -> SCARCE
2025-08-26 03:16:25,964 [main] INFO treasure2 | TreasureTags.java:152 | registering key -> treasure2:emerald_key by rarity -> RARE
2025-08-26 03:16:25,964 [main] INFO treasure2 | TreasureTags.java:152 | registering key -> treasure2:lightning_key by rarity -> SCARCE
2025-08-26 03:16:25,964 [main] INFO treasure2 | TreasureTags.java:152 | registering key -> treasure2:topaz_key by rarity -> SCARCE
2025-08-26 03:16:25,964 [main] INFO treasure2 | TreasureTags.java:152 | registering key -> treasure2:sapphire_key by rarity -> EPIC
2025-08-26 03:16:25,964 [main] INFO treasure2 | TreasureTags.java:152 | registering key -> treasure2:pilferers_lock_pick by rarity -> COMMON
2025-08-26 03:16:25,964 [main] INFO treasure2 | TreasureTags.java:152 | registering key -> treasure2:iron_key by rarity -> UNCOMMON
2025-08-26 03:16:25,964 [main] INFO treasure2 | TreasureTags.java:152 | registering key -> treasure2:wither_key by rarity -> RARE
2025-08-26 03:16:25,965 [main] INFO treasure2 | TreasureTags.java:152 | registering key -> treasure2:spider_key by rarity -> SCARCE
2025-08-26 03:16:25,965 [main] INFO treasure2 | TreasureTags.java:152 | registering key -> treasure2:one_key by rarity -> MYTHICAL
2025-08-26 03:16:25,965 [main] INFO treasure2 | TreasureTags.java:167 | registering lock -> treasure2:onyx_lock by rarity -> SCARCE
2025-08-26 03:16:25,965 [main] INFO treasure2 | TreasureTags.java:167 | registering lock -> treasure2:spider_lock by rarity -> SCARCE
2025-08-26 03:16:25,965 [main] INFO treasure2 | TreasureTags.java:167 | registering lock -> treasure2:emerald_lock by rarity -> RARE
2025-08-26 03:16:25,965 [main] INFO treasure2 | TreasureTags.java:167 | registering lock -> treasure2:ruby_lock by rarity -> EPIC
2025-08-26 03:16:25,965 [main] INFO treasure2 | TreasureTags.java:167 | registering lock -> treasure2:stone_lock by rarity -> COMMON
2025-08-26 03:16:25,966 [main] INFO treasure2 | TreasureTags.java:167 | registering lock -> treasure2:leaf_lock by rarity -> UNCOMMON
2025-08-26 03:16:25,966 [main] INFO treasure2 | TreasureTags.java:167 | registering lock -> treasure2:sapphire_lock by rarity -> EPIC
2025-08-26 03:16:25,966 [main] INFO treasure2 | TreasureTags.java:167 | registering lock -> treasure2:diamond_lock by rarity -> RARE
2025-08-26 03:16:25,966 [main] INFO treasure2 | TreasureTags.java:167 | registering lock -> treasure2:ember_lock by rarity -> SCARCE
2025-08-26 03:16:25,966 [main] INFO treasure2 | TreasureTags.java:167 | registering lock -> treasure2:gold_lock by rarity -> SCARCE
2025-08-26 03:16:25,966 [main] INFO treasure2 | TreasureTags.java:167 | registering lock -> treasure2:wood_lock by rarity -> COMMON
2025-08-26 03:16:25,966 [main] INFO treasure2 | TreasureTags.java:167 | registering lock -> treasure2:iron_lock by rarity -> UNCOMMON
2025-08-26 03:16:25,966 [main] INFO treasure2 | TreasureTags.java:167 | registering lock -> treasure2:topaz_lock by rarity -> SCARCE
2025-08-26 03:16:25,967 [main] INFO treasure2 | TreasureTags.java:184 | registering chest -> treasure2:barrel_chest by rarity -> UNCOMMON
2025-08-26 03:16:25,967 [main] INFO treasure2 | TreasureTags.java:184 | registering chest -> treasure2:viking_chest by rarity -> UNCOMMON
2025-08-26 03:16:25,967 [main] INFO treasure2 | TreasureTags.java:184 | registering chest -> treasure2:pirate_chest by rarity -> SCARCE
2025-08-26 03:16:25,967 [main] INFO treasure2 | TreasureTags.java:184 | registering chest -> treasure2:safe by rarity -> RARE
2025-08-26 03:16:25,967 [main] INFO treasure2 | TreasureTags.java:184 | registering chest -> treasure2:cauldron_chest by rarity -> CAULDRON
2025-08-26 03:16:25,967 [main] INFO treasure2 | TreasureTags.java:184 | registering chest -> treasure2:crate_chest by rarity -> UNCOMMON
2025-08-26 03:16:25,967 [main] INFO treasure2 | TreasureTags.java:184 | registering chest -> treasure2:crate_chest_moldy by rarity -> COMMON
2025-08-26 03:16:25,967 [main] INFO treasure2 | TreasureTags.java:184 | registering chest -> treasure2:dread_pirate_chest by rarity -> EPIC
2025-08-26 03:16:25,967 [main] INFO treasure2 | TreasureTags.java:184 | registering chest -> treasure2:spider_chest by rarity -> RARE
2025-08-26 03:16:25,968 [main] INFO treasure2 | TreasureTags.java:184 | registering chest -> treasure2:ironbound_chest by rarity -> UNCOMMON
2025-08-26 03:16:25,968 [main] INFO treasure2 | TreasureTags.java:184 | registering chest -> treasure2:skull_chest by rarity -> SKULL
2025-08-26 03:16:25,968 [main] INFO treasure2 | TreasureTags.java:184 | registering chest -> treasure2:milk_crate by rarity -> COMMON
2025-08-26 03:16:25,968 [main] INFO treasure2 | TreasureTags.java:184 | registering chest -> treasure2:vanilla_chest by rarity -> COMMON
2025-08-26 03:16:25,968 [main] INFO treasure2 | TreasureTags.java:184 | registering chest -> treasure2:gold_skull_chest by rarity -> GOLD_SKULL
2025-08-26 03:16:25,968 [main] INFO treasure2 | TreasureTags.java:184 | registering chest -> treasure2:gold_strongbox by rarity -> RARE
2025-08-26 03:16:25,968 [main] INFO treasure2 | TreasureTags.java:184 | registering chest -> treasure2:iron_strongbox by rarity -> SCARCE
2025-08-26 03:16:25,968 [main] INFO treasure2 | TreasureTags.java:184 | registering chest -> treasure2:crystal_skull_chest by rarity -> CRYSTAL_SKULL
2025-08-26 03:16:25,968 [main] INFO treasure2 | TreasureTags.java:184 | registering chest -> treasure2:wood_chest by rarity -> COMMON
2025-08-26 03:16:25,968 [main] INFO treasure2 | TreasureTags.java:184 | registering chest -> treasure2:wither_chest by rarity -> WITHER
2025-08-26 03:16:25,968 [main] INFO treasure2 | TreasureTags.java:184 | registering chest -> treasure2:compressor_chest by rarity -> EPIC
2025-08-26 03:16:25,969 [main] INFO treasure2 | TreasureTags.java:184 | registering chest -> treasure2:cardboard_box by rarity -> COMMON
2025-08-26 03:16:25,969 [main] INFO treasure2 | TreasureTags.java:201 | registering wishable -> treasure2:onyx by rarity -> RARE
2025-08-26 03:16:25,969 [main] INFO treasure2 | TreasureTags.java:201 | registering wishable -> treasure2:ruby by rarity -> RARE
2025-08-26 03:16:25,969 [main] INFO treasure2 | TreasureTags.java:201 | registering wishable -> treasure2:white_pearl by rarity -> RARE
2025-08-26 03:16:25,969 [main] INFO treasure2 | TreasureTags.java:201 | registering wishable -> treasure2:sapphire by rarity -> EPIC
2025-08-26 03:16:25,969 [main] INFO treasure2 | TreasureTags.java:201 | registering wishable -> treasure2:black_pearl by rarity -> EPIC
2025-08-26 03:16:25,969 [main] INFO treasure2 | TreasureTags.java:201 | registering wishable -> treasure2:gold_coin by rarity -> SCARCE
2025-08-26 03:16:25,970 [main] INFO treasure2 | TreasureTags.java:201 | registering wishable -> treasure2:topaz by rarity -> SCARCE
2025-08-26 03:16:25,970 [main] INFO treasure2 | TreasureTags.java:201 | registering wishable -> minecraft:diamond by rarity -> SCARCE
2025-08-26 03:16:25,970 [main] INFO treasure2 | TreasureTags.java:201 | registering wishable -> minecraft:emerald by rarity -> SCARCE
2025-08-26 03:16:25,970 [main] INFO treasure2 | TreasureTags.java:201 | registering wishable -> treasure2:silver_coin by rarity -> UNCOMMON
2025-08-26 03:16:25,970 [main] INFO treasure2 | TreasureTags.java:201 | registering wishable -> treasure2:copper_coin by rarity -> COMMON
2025-08-26 03:16:26,286 [Server thread] INFO treasure2 | Config.java:760 | transforming mob set config...
2025-08-26 03:16:26,293 [Server thread] INFO treasure2 | Config.java:769 | adding mobset to map -> MobSet{name='treasure2:wishing_well_group', category='wishing_wells', biomeWhitelist=[], biomeBlacklist=[], count=IntegerRange [min=1, max=3], mobs=[WeightedMob{name='minecraft:zombie', weight=35}, WeightedMob{name='minecraft:zombie_villager', weight=10}, WeightedMob{name='minecraft:skeleton', weight=35}, WeightedMob{name='minecraft:vex', weight=20}, WeightedMob{name='minecraft:creeper', weight=15}, WeightedMob{name='minecraft:slime', weight=5}]}
2025-08-26 03:16:26,293 [Server thread] INFO treasure2 | Config.java:769 | adding mobset to map -> MobSet{name='treasure2:wither_tree_group', category='wither_trees', biomeWhitelist=[], biomeBlacklist=[], count=IntegerRange [min=1, max=3], mobs=[WeightedMob{name='minecraft:wither_skeleton', weight=90}, WeightedMob{name='minecraft:skeleton', weight=10}]}
2025-08-26 03:16:26,293 [Server thread] INFO treasure2 | Config.java:769 | adding mobset to map -> MobSet{name='treasure2:small_zombie_group', category='zombies', biomeWhitelist=[], biomeBlacklist=[], count=IntegerRange [min=1, max=3], mobs=[WeightedMob{name='minecraft:zombie', weight=90}, WeightedMob{name='minecraft:zombie_villager', weight=10}]}
2025-08-26 03:16:26,293 [Server thread] INFO treasure2 | Config.java:769 | adding mobset to map -> MobSet{name='treasure2:medium_zombie_group', category='zombies', biomeWhitelist=[], biomeBlacklist=[], count=IntegerRange [min=2, max=5], mobs=[WeightedMob{name='minecraft:zombie', weight=90}, WeightedMob{name='minecraft:zombie_villager', weight=10}]}
2025-08-26 03:16:26,293 [Thread-2] INFO treasure2 | Config.java:760 | transforming mob set config...
2025-08-26 03:16:26,294 [Thread-2] INFO treasure2 | Config.java:769 | adding mobset to map -> MobSet{name='treasure2:wishing_well_group', category='wishing_wells', biomeWhitelist=[], biomeBlacklist=[], count=IntegerRange [min=1, max=3], mobs=[WeightedMob{name='minecraft:zombie', weight=35}, WeightedMob{name='minecraft:zombie_villager', weight=10}, WeightedMob{name='minecraft:skeleton', weight=35}, WeightedMob{name='minecraft:vex', weight=20}, WeightedMob{name='minecraft:creeper', weight=15}, WeightedMob{name='minecraft:slime', weight=5}]}
2025-08-26 03:16:26,294 [Thread-2] INFO treasure2 | Config.java:769 | adding mobset to map -> MobSet{name='treasure2:wither_tree_group', category='wither_trees', biomeWhitelist=[], biomeBlacklist=[], count=IntegerRange [min=1, max=3], mobs=[WeightedMob{name='minecraft:wither_skeleton', weight=90}, WeightedMob{name='minecraft:skeleton', weight=10}]}
2025-08-26 03:16:26,294 [Thread-2] INFO treasure2 | Config.java:769 | adding mobset to map -> MobSet{name='treasure2:small_zombie_group', category='zombies', biomeWhitelist=[], biomeBlacklist=[], count=IntegerRange [min=1, max=3], mobs=[WeightedMob{name='minecraft:zombie', weight=90}, WeightedMob{name='minecraft:zombie_villager', weight=10}]}
2025-08-26 03:16:26,295 [Thread-2] INFO treasure2 | Config.java:769 | adding mobset to map -> MobSet{name='treasure2:medium_zombie_group', category='zombies', biomeWhitelist=[], biomeBlacklist=[], count=IntegerRange [min=2, max=5], mobs=[WeightedMob{name='minecraft:zombie', weight=90}, WeightedMob{name='minecraft:zombie_villager', weight=10}]}
2025-08-26 03:16:26,295 [Thread-2] INFO treasure2 | Config.java:760 | transforming mob set config...
2025-08-26 03:16:26,296 [Thread-2] INFO treasure2 | Config.java:769 | adding mobset to map -> MobSet{name='treasure2:wishing_well_group', category='wishing_wells', biomeWhitelist=[], biomeBlacklist=[], count=IntegerRange [min=1, max=3], mobs=[WeightedMob{name='minecraft:zombie', weight=35}, WeightedMob{name='minecraft:zombie_villager', weight=10}, WeightedMob{name='minecraft:skeleton', weight=35}, WeightedMob{name='minecraft:vex', weight=20}, WeightedMob{name='minecraft:creeper', weight=15}, WeightedMob{name='minecraft:slime', weight=5}]}
2025-08-26 03:16:26,297 [Thread-2] INFO treasure2 | Config.java:769 | adding mobset to map -> MobSet{name='treasure2:wither_tree_group', category='wither_trees', biomeWhitelist=[], biomeBlacklist=[], count=IntegerRange [min=1, max=3], mobs=[WeightedMob{name='minecraft:wither_skeleton', weight=90}, WeightedMob{name='minecraft:skeleton', weight=10}]}
2025-08-26 03:16:26,297 [Thread-2] INFO treasure2 | Config.java:769 | adding mobset to map -> MobSet{name='treasure2:small_zombie_group', category='zombies', biomeWhitelist=[], biomeBlacklist=[], count=IntegerRange [min=1, max=3], mobs=[WeightedMob{name='minecraft:zombie', weight=90}, WeightedMob{name='minecraft:zombie_villager', weight=10}]}
2025-08-26 03:16:26,297 [Thread-2] INFO treasure2 | Config.java:769 | adding mobset to map -> MobSet{name='treasure2:medium_zombie_group', category='zombies', biomeWhitelist=[], biomeBlacklist=[], count=IntegerRange [min=2, max=5], mobs=[WeightedMob{name='minecraft:zombie', weight=90}, WeightedMob{name='minecraft:zombie_villager', weight=10}]}
2025-08-26 03:16:26,901 [Server thread] INFO treasure2 | WorldEventHandler.java:54 | In world load event
2025-08-26 03:16:26,905 [Server thread] INFO treasure2 | WorldEventHandler.java:64 | In world load event for dimension minecraft:overworld
2025-08-26 03:16:26,914 [Server thread] INFO treasure2 | MobSetRegistry.java:37 | mobSetConfig optional ...
2025-08-26 03:16:26,914 [Server thread] INFO treasure2 | MobSetRegistry.java:39 | mobSetConfig is present
2025-08-26 03:16:27,362 [Server thread] WARN treasure2 | TreasureTemplateRegistry.java:791 | biome -> 'minecraft:desert' is not registgered
2025-08-26 03:16:27,362 [Server thread] WARN treasure2 | TreasureTemplateRegistry.java:791 | biome -> 'minecraft:desert' is not registgered
2025-08-26 03:16:27,362 [Server thread] WARN treasure2 | TreasureTemplateRegistry.java:791 | biome -> 'minecraft:desert' is not registgered
2025-08-26 03:16:27,362 [Server thread] WARN treasure2 | TreasureTemplateRegistry.java:791 | biome -> 'minecraft:desert' is not registgered
2025-08-26 03:16:27,362 [Server thread] WARN treasure2 | TreasureTemplateRegistry.java:791 | biome -> 'minecraft:desert' is not registgered
2025-08-26 03:16:27,362 [Server thread] WARN treasure2 | TreasureTemplateRegistry.java:791 | biome -> 'minecraft:desert' is not registgered
2025-08-26 03:16:27,362 [Server thread] WARN treasure2 | TreasureTemplateRegistry.java:791 | biome -> 'minecraft:desert' is not registgered
2025-08-26 03:16:27,363 [Server thread] WARN treasure2 | TreasureTemplateRegistry.java:791 | biome -> 'minecraft:desert' is not registgered
2025-08-26 03:16:29,473 [Server thread] INFO treasure2 | WorldEventHandler.java:54 | In world load event
2025-08-26 03:16:29,473 [Server thread] INFO treasure2 | WorldEventHandler.java:64 | In world load event for dimension minecraft:the_nether
2025-08-26 03:16:29,495 [Server thread] INFO treasure2 | WorldEventHandler.java:54 | In world load event
2025-08-26 03:16:29,495 [Server thread] INFO treasure2 | WorldEventHandler.java:64 | In world load event for dimension minecraft:the_end
2025-08-26 03:50:17,965 [Server thread] INFO treasure2 | AbstractTreasureChestBlock.java:162 | AbstractTreasureChestBlock | newBlockEntity | lockStates -> [LockState [slot=LockSlot [index=0, face=NORTH, xOffset=0.5, yOffset=0.3, zOffset=0.05, rotation=0.0], lockItem=null]]
2025-08-26 03:50:17,965 [Server thread] INFO treasure2 | AbstractTreasureChestBlock.java:163 | AbstractTreasureChestBlock | newBlockEntity | tileEntity -> mod.gottsch.forge.treasure2.core.block.entity.VanillaChestBlockEntity@536b63bb @ BlockPos{x=221, y=56, z=62}
2025-08-26 03:50:18,025 [Server thread] INFO treasure2 | PitChestFeatureGenerator.java:130 | CHEATER! COMMON chest at coords: 221 69 62
2025-08-26 04:08:25,017 [Worker-Main-48] INFO treasure2 | WellGenerator.java:198 | CHEATER! Wishing Well at coords: -996 64 -316
2025-08-26 05:12:47,051 [Server thread] INFO treasure2 | Config.java:760 | transforming mob set config...
2025-08-26 05:12:47,052 [Server thread] INFO treasure2 | Config.java:769 | adding mobset to map -> MobSet{name='treasure2:wishing_well_group', category='wishing_wells', biomeWhitelist=[], biomeBlacklist=[], count=IntegerRange [min=1, max=3], mobs=[WeightedMob{name='minecraft:zombie', weight=35}, WeightedMob{name='minecraft:zombie_villager', weight=10}, WeightedMob{name='minecraft:skeleton', weight=35}, WeightedMob{name='minecraft:vex', weight=20}, WeightedMob{name='minecraft:creeper', weight=15}, WeightedMob{name='minecraft:slime', weight=5}]}
2025-08-26 05:12:47,052 [Server thread] INFO treasure2 | Config.java:769 | adding mobset to map -> MobSet{name='treasure2:wither_tree_group', category='wither_trees', biomeWhitelist=[], biomeBlacklist=[], count=IntegerRange [min=1, max=3], mobs=[WeightedMob{name='minecraft:wither_skeleton', weight=90}, WeightedMob{name='minecraft:skeleton', weight=10}]}
2025-08-26 05:12:47,052 [Server thread] INFO treasure2 | Config.java:769 | adding mobset to map -> MobSet{name='treasure2:small_zombie_group', category='zombies', biomeWhitelist=[], biomeBlacklist=[], count=IntegerRange [min=1, max=3], mobs=[WeightedMob{name='minecraft:zombie', weight=90}, WeightedMob{name='minecraft:zombie_villager', weight=10}]}
2025-08-26 05:12:47,053 [Server thread] INFO treasure2 | Config.java:769 | adding mobset to map -> MobSet{name='treasure2:medium_zombie_group', category='zombies', biomeWhitelist=[], biomeBlacklist=[], count=IntegerRange [min=2, max=5], mobs=[WeightedMob{name='minecraft:zombie', weight=90}, WeightedMob{name='minecraft:zombie_villager', weight=10}]}
2025-08-28 03:12:53,761 [modloading-worker-0] WARN treasure2 | TreasureLootTableRegistry.java:173 | unable to locate file in jar -> data/treasure2/loot_tables/injects
2025-08-28 03:13:01,620 [main] INFO treasure2 | TreasureTags.java:135 | in tags updated event
2025-08-28 03:13:01,621 [main] INFO treasure2 | TreasureTags.java:152 | registering key -> treasure2:stone_key by rarity -> COMMON
2025-08-28 03:13:01,621 [main] INFO treasure2 | TreasureTags.java:152 | registering key -> treasure2:leaf_key by rarity -> UNCOMMON
2025-08-28 03:13:01,621 [main] INFO treasure2 | TreasureTags.java:152 | registering key -> treasure2:gold_key by rarity -> SCARCE
2025-08-28 03:13:01,622 [main] INFO treasure2 | TreasureTags.java:152 | registering key -> treasure2:diamond_key by rarity -> RARE
2025-08-28 03:13:01,622 [main] INFO treasure2 | TreasureTags.java:152 | registering key -> treasure2:thiefs_lock_pick by rarity -> UNCOMMON
2025-08-28 03:13:01,622 [main] INFO treasure2 | TreasureTags.java:152 | registering key -> treasure2:ember_key by rarity -> SCARCE
2025-08-28 03:13:01,622 [main] INFO treasure2 | TreasureTags.java:152 | registering key -> treasure2:wood_key by rarity -> COMMON
2025-08-28 03:13:01,622 [main] INFO treasure2 | TreasureTags.java:152 | registering key -> treasure2:metallurgists_key by rarity -> RARE
2025-08-28 03:13:01,622 [main] INFO treasure2 | TreasureTags.java:152 | registering key -> treasure2:skeleton_key by rarity -> RARE
2025-08-28 03:13:01,622 [main] INFO treasure2 | TreasureTags.java:152 | registering key -> treasure2:jewelled_key by rarity -> EPIC
2025-08-28 03:13:01,622 [main] INFO treasure2 | TreasureTags.java:152 | registering key -> treasure2:ruby_key by rarity -> EPIC
2025-08-28 03:13:01,622 [main] INFO treasure2 | TreasureTags.java:152 | registering key -> treasure2:onyx_key by rarity -> SCARCE
2025-08-28 03:13:01,623 [main] INFO treasure2 | TreasureTags.java:152 | registering key -> treasure2:emerald_key by rarity -> RARE
2025-08-28 03:13:01,623 [main] INFO treasure2 | TreasureTags.java:152 | registering key -> treasure2:lightning_key by rarity -> SCARCE
2025-08-28 03:13:01,623 [main] INFO treasure2 | TreasureTags.java:152 | registering key -> treasure2:topaz_key by rarity -> SCARCE
2025-08-28 03:13:01,623 [main] INFO treasure2 | TreasureTags.java:152 | registering key -> treasure2:sapphire_key by rarity -> EPIC
2025-08-28 03:13:01,623 [main] INFO treasure2 | TreasureTags.java:152 | registering key -> treasure2:pilferers_lock_pick by rarity -> COMMON
2025-08-28 03:13:01,623 [main] INFO treasure2 | TreasureTags.java:152 | registering key -> treasure2:iron_key by rarity -> UNCOMMON
2025-08-28 03:13:01,623 [main] INFO treasure2 | TreasureTags.java:152 | registering key -> treasure2:wither_key by rarity -> RARE
2025-08-28 03:13:01,623 [main] INFO treasure2 | TreasureTags.java:152 | registering key -> treasure2:spider_key by rarity -> SCARCE
2025-08-28 03:13:01,624 [main] INFO treasure2 | TreasureTags.java:152 | registering key -> treasure2:one_key by rarity -> MYTHICAL
2025-08-28 03:13:01,624 [main] INFO treasure2 | TreasureTags.java:167 | registering lock -> treasure2:onyx_lock by rarity -> SCARCE
2025-08-28 03:13:01,624 [main] INFO treasure2 | TreasureTags.java:167 | registering lock -> treasure2:spider_lock by rarity -> SCARCE
2025-08-28 03:13:01,624 [main] INFO treasure2 | TreasureTags.java:167 | registering lock -> treasure2:emerald_lock by rarity -> RARE
2025-08-28 03:13:01,624 [main] INFO treasure2 | TreasureTags.java:167 | registering lock -> treasure2:ruby_lock by rarity -> EPIC
2025-08-28 03:13:01,624 [main] INFO treasure2 | TreasureTags.java:167 | registering lock -> treasure2:stone_lock by rarity -> COMMON
2025-08-28 03:13:01,624 [main] INFO treasure2 | TreasureTags.java:167 | registering lock -> treasure2:leaf_lock by rarity -> UNCOMMON
2025-08-28 03:13:01,624 [main] INFO treasure2 | TreasureTags.java:167 | registering lock -> treasure2:sapphire_lock by rarity -> EPIC
2025-08-28 03:13:01,624 [main] INFO treasure2 | TreasureTags.java:167 | registering lock -> treasure2:diamond_lock by rarity -> RARE
2025-08-28 03:13:01,625 [main] INFO treasure2 | TreasureTags.java:167 | registering lock -> treasure2:ember_lock by rarity -> SCARCE
2025-08-28 03:13:01,625 [main] INFO treasure2 | TreasureTags.java:167 | registering lock -> treasure2:gold_lock by rarity -> SCARCE
2025-08-28 03:13:01,625 [main] INFO treasure2 | TreasureTags.java:167 | registering lock -> treasure2:wood_lock by rarity -> COMMON
2025-08-28 03:13:01,625 [main] INFO treasure2 | TreasureTags.java:167 | registering lock -> treasure2:iron_lock by rarity -> UNCOMMON
2025-08-28 03:13:01,625 [main] INFO treasure2 | TreasureTags.java:167 | registering lock -> treasure2:topaz_lock by rarity -> SCARCE
2025-08-28 03:13:01,625 [main] INFO treasure2 | TreasureTags.java:184 | registering chest -> treasure2:barrel_chest by rarity -> UNCOMMON
2025-08-28 03:13:01,625 [main] INFO treasure2 | TreasureTags.java:184 | registering chest -> treasure2:viking_chest by rarity -> UNCOMMON
2025-08-28 03:13:01,626 [main] INFO treasure2 | TreasureTags.java:184 | registering chest -> treasure2:pirate_chest by rarity -> SCARCE
2025-08-28 03:13:01,626 [main] INFO treasure2 | TreasureTags.java:184 | registering chest -> treasure2:safe by rarity -> RARE
2025-08-28 03:13:01,626 [main] INFO treasure2 | TreasureTags.java:184 | registering chest -> treasure2:cauldron_chest by rarity -> CAULDRON
2025-08-28 03:13:01,626 [main] INFO treasure2 | TreasureTags.java:184 | registering chest -> treasure2:crate_chest by rarity -> UNCOMMON
2025-08-28 03:13:01,626 [main] INFO treasure2 | TreasureTags.java:184 | registering chest -> treasure2:crate_chest_moldy by rarity -> COMMON
2025-08-28 03:13:01,626 [main] INFO treasure2 | TreasureTags.java:184 | registering chest -> treasure2:dread_pirate_chest by rarity -> EPIC
2025-08-28 03:13:01,626 [main] INFO treasure2 | TreasureTags.java:184 | registering chest -> treasure2:spider_chest by rarity -> RARE
2025-08-28 03:13:01,626 [main] INFO treasure2 | TreasureTags.java:184 | registering chest -> treasure2:ironbound_chest by rarity -> UNCOMMON
2025-08-28 03:13:01,626 [main] INFO treasure2 | TreasureTags.java:184 | registering chest -> treasure2:skull_chest by rarity -> SKULL
2025-08-28 03:13:01,626 [main] INFO treasure2 | TreasureTags.java:184 | registering chest -> treasure2:milk_crate by rarity -> COMMON
2025-08-28 03:13:01,626 [main] INFO treasure2 | TreasureTags.java:184 | registering chest -> treasure2:vanilla_chest by rarity -> COMMON
2025-08-28 03:13:01,627 [main] INFO treasure2 | TreasureTags.java:184 | registering chest -> treasure2:gold_skull_chest by rarity -> GOLD_SKULL
2025-08-28 03:13:01,627 [main] INFO treasure2 | TreasureTags.java:184 | registering chest -> treasure2:gold_strongbox by rarity -> RARE
2025-08-28 03:13:01,627 [main] INFO treasure2 | TreasureTags.java:184 | registering chest -> treasure2:iron_strongbox by rarity -> SCARCE
2025-08-28 03:13:01,627 [main] INFO treasure2 | TreasureTags.java:184 | registering chest -> treasure2:crystal_skull_chest by rarity -> CRYSTAL_SKULL
2025-08-28 03:13:01,627 [main] INFO treasure2 | TreasureTags.java:184 | registering chest -> treasure2:wood_chest by rarity -> COMMON
2025-08-28 03:13:01,627 [main] INFO treasure2 | TreasureTags.java:184 | registering chest -> treasure2:wither_chest by rarity -> WITHER
2025-08-28 03:13:01,627 [main] INFO treasure2 | TreasureTags.java:184 | registering chest -> treasure2:compressor_chest by rarity -> EPIC
2025-08-28 03:13:01,627 [main] INFO treasure2 | TreasureTags.java:184 | registering chest -> treasure2:cardboard_box by rarity -> COMMON
2025-08-28 03:13:01,628 [main] INFO treasure2 | TreasureTags.java:201 | registering wishable -> treasure2:onyx by rarity -> RARE
2025-08-28 03:13:01,628 [main] INFO treasure2 | TreasureTags.java:201 | registering wishable -> treasure2:ruby by rarity -> RARE
2025-08-28 03:13:01,628 [main] INFO treasure2 | TreasureTags.java:201 | registering wishable -> treasure2:white_pearl by rarity -> RARE
2025-08-28 03:13:01,628 [main] INFO treasure2 | TreasureTags.java:201 | registering wishable -> treasure2:sapphire by rarity -> EPIC
2025-08-28 03:13:01,628 [main] INFO treasure2 | TreasureTags.java:201 | registering wishable -> treasure2:black_pearl by rarity -> EPIC
2025-08-28 03:13:01,628 [main] INFO treasure2 | TreasureTags.java:201 | registering wishable -> treasure2:gold_coin by rarity -> SCARCE
2025-08-28 03:13:01,628 [main] INFO treasure2 | TreasureTags.java:201 | registering wishable -> treasure2:topaz by rarity -> SCARCE
2025-08-28 03:13:01,628 [main] INFO treasure2 | TreasureTags.java:201 | registering wishable -> minecraft:diamond by rarity -> SCARCE
2025-08-28 03:13:01,628 [main] INFO treasure2 | TreasureTags.java:201 | registering wishable -> minecraft:emerald by rarity -> SCARCE
2025-08-28 03:13:01,628 [main] INFO treasure2 | TreasureTags.java:201 | registering wishable -> treasure2:silver_coin by rarity -> UNCOMMON
2025-08-28 03:13:01,629 [main] INFO treasure2 | TreasureTags.java:201 | registering wishable -> treasure2:copper_coin by rarity -> COMMON
2025-08-28 03:13:01,969 [Server thread] INFO treasure2 | Config.java:760 | transforming mob set config...
2025-08-28 03:13:01,976 [Server thread] INFO treasure2 | Config.java:769 | adding mobset to map -> MobSet{name='treasure2:wishing_well_group', category='wishing_wells', biomeWhitelist=[], biomeBlacklist=[], count=IntegerRange [min=1, max=3], mobs=[WeightedMob{name='minecraft:zombie', weight=35}, WeightedMob{name='minecraft:zombie_villager', weight=10}, WeightedMob{name='minecraft:skeleton', weight=35}, WeightedMob{name='minecraft:vex', weight=20}, WeightedMob{name='minecraft:creeper', weight=15}, WeightedMob{name='minecraft:slime', weight=5}]}
2025-08-28 03:13:01,976 [Server thread] INFO treasure2 | Config.java:769 | adding mobset to map -> MobSet{name='treasure2:wither_tree_group', category='wither_trees', biomeWhitelist=[], biomeBlacklist=[], count=IntegerRange [min=1, max=3], mobs=[WeightedMob{name='minecraft:wither_skeleton', weight=90}, WeightedMob{name='minecraft:skeleton', weight=10}]}
2025-08-28 03:13:01,976 [Server thread] INFO treasure2 | Config.java:769 | adding mobset to map -> MobSet{name='treasure2:small_zombie_group', category='zombies', biomeWhitelist=[], biomeBlacklist=[], count=IntegerRange [min=1, max=3], mobs=[WeightedMob{name='minecraft:zombie', weight=90}, WeightedMob{name='minecraft:zombie_villager', weight=10}]}
2025-08-28 03:13:01,977 [Server thread] INFO treasure2 | Config.java:769 | adding mobset to map -> MobSet{name='treasure2:medium_zombie_group', category='zombies', biomeWhitelist=[], biomeBlacklist=[], count=IntegerRange [min=2, max=5], mobs=[WeightedMob{name='minecraft:zombie', weight=90}, WeightedMob{name='minecraft:zombie_villager', weight=10}]}
2025-08-28 03:13:01,977 [Thread-2] INFO treasure2 | Config.java:760 | transforming mob set config...
2025-08-28 03:13:01,979 [Thread-2] INFO treasure2 | Config.java:769 | adding mobset to map -> MobSet{name='treasure2:wishing_well_group', category='wishing_wells', biomeWhitelist=[], biomeBlacklist=[], count=IntegerRange [min=1, max=3], mobs=[WeightedMob{name='minecraft:zombie', weight=35}, WeightedMob{name='minecraft:zombie_villager', weight=10}, WeightedMob{name='minecraft:skeleton', weight=35}, WeightedMob{name='minecraft:vex', weight=20}, WeightedMob{name='minecraft:creeper', weight=15}, WeightedMob{name='minecraft:slime', weight=5}]}
2025-08-28 03:13:01,979 [Thread-2] INFO treasure2 | Config.java:769 | adding mobset to map -> MobSet{name='treasure2:wither_tree_group', category='wither_trees', biomeWhitelist=[], biomeBlacklist=[], count=IntegerRange [min=1, max=3], mobs=[WeightedMob{name='minecraft:wither_skeleton', weight=90}, WeightedMob{name='minecraft:skeleton', weight=10}]}
2025-08-28 03:13:01,979 [Thread-2] INFO treasure2 | Config.java:769 | adding mobset to map -> MobSet{name='treasure2:small_zombie_group', category='zombies', biomeWhitelist=[], biomeBlacklist=[], count=IntegerRange [min=1, max=3], mobs=[WeightedMob{name='minecraft:zombie', weight=90}, WeightedMob{name='minecraft:zombie_villager', weight=10}]}
2025-08-28 03:13:01,979 [Thread-2] INFO treasure2 | Config.java:769 | adding mobset to map -> MobSet{name='treasure2:medium_zombie_group', category='zombies', biomeWhitelist=[], biomeBlacklist=[], count=IntegerRange [min=2, max=5], mobs=[WeightedMob{name='minecraft:zombie', weight=90}, WeightedMob{name='minecraft:zombie_villager', weight=10}]}
2025-08-28 03:13:01,980 [Thread-2] INFO treasure2 | Config.java:760 | transforming mob set config...
2025-08-28 03:13:01,981 [Thread-2] INFO treasure2 | Config.java:769 | adding mobset to map -> MobSet{name='treasure2:wishing_well_group', category='wishing_wells', biomeWhitelist=[], biomeBlacklist=[], count=IntegerRange [min=1, max=3], mobs=[WeightedMob{name='minecraft:zombie', weight=35}, WeightedMob{name='minecraft:zombie_villager', weight=10}, WeightedMob{name='minecraft:skeleton', weight=35}, WeightedMob{name='minecraft:vex', weight=20}, WeightedMob{name='minecraft:creeper', weight=15}, WeightedMob{name='minecraft:slime', weight=5}]}
2025-08-28 03:13:01,981 [Thread-2] INFO treasure2 | Config.java:769 | adding mobset to map -> MobSet{name='treasure2:wither_tree_group', category='wither_trees', biomeWhitelist=[], biomeBlacklist=[], count=IntegerRange [min=1, max=3], mobs=[WeightedMob{name='minecraft:wither_skeleton', weight=90}, WeightedMob{name='minecraft:skeleton', weight=10}]}
2025-08-28 03:13:01,981 [Thread-2] INFO treasure2 | Config.java:769 | adding mobset to map -> MobSet{name='treasure2:small_zombie_group', category='zombies', biomeWhitelist=[], biomeBlacklist=[], count=IntegerRange [min=1, max=3], mobs=[WeightedMob{name='minecraft:zombie', weight=90}, WeightedMob{name='minecraft:zombie_villager', weight=10}]}
2025-08-28 03:13:01,981 [Thread-2] INFO treasure2 | Config.java:769 | adding mobset to map -> MobSet{name='treasure2:medium_zombie_group', category='zombies', biomeWhitelist=[], biomeBlacklist=[], count=IntegerRange [min=2, max=5], mobs=[WeightedMob{name='minecraft:zombie', weight=90}, WeightedMob{name='minecraft:zombie_villager', weight=10}]}
2025-08-28 03:13:02,424 [Server thread] INFO treasure2 | WorldEventHandler.java:54 | In world load event
2025-08-28 03:13:02,425 [Server thread] INFO treasure2 | WorldEventHandler.java:64 | In world load event for dimension minecraft:overworld
2025-08-28 03:13:02,437 [Server thread] INFO treasure2 | MobSetRegistry.java:37 | mobSetConfig optional ...
2025-08-28 03:13:02,437 [Server thread] INFO treasure2 | MobSetRegistry.java:39 | mobSetConfig is present
2025-08-28 03:13:02,993 [Server thread] WARN treasure2 | TreasureTemplateRegistry.java:791 | biome -> 'minecraft:desert' is not registgered
2025-08-28 03:13:02,994 [Server thread] WARN treasure2 | TreasureTemplateRegistry.java:791 | biome -> 'minecraft:desert' is not registgered
2025-08-28 03:13:02,997 [Server thread] WARN treasure2 | TreasureTemplateRegistry.java:791 | biome -> 'minecraft:desert' is not registgered
2025-08-28 03:13:02,997 [Server thread] WARN treasure2 | TreasureTemplateRegistry.java:791 | biome -> 'minecraft:desert' is not registgered
2025-08-28 03:13:02,997 [Server thread] WARN treasure2 | TreasureTemplateRegistry.java:791 | biome -> 'minecraft:desert' is not registgered
2025-08-28 03:13:02,997 [Server thread] WARN treasure2 | TreasureTemplateRegistry.java:791 | biome -> 'minecraft:desert' is not registgered
2025-08-28 03:13:02,997 [Server thread] WARN treasure2 | TreasureTemplateRegistry.java:791 | biome -> 'minecraft:desert' is not registgered
2025-08-28 03:13:02,997 [Server thread] WARN treasure2 | TreasureTemplateRegistry.java:791 | biome -> 'minecraft:desert' is not registgered
2025-08-28 03:13:05,359 [Server thread] INFO treasure2 | WorldEventHandler.java:54 | In world load event
2025-08-28 03:13:05,359 [Server thread] INFO treasure2 | WorldEventHandler.java:64 | In world load event for dimension minecraft:the_end
2025-08-28 03:13:05,370 [Server thread] INFO treasure2 | WorldEventHandler.java:54 | In world load event
2025-08-28 03:13:05,370 [Server thread] INFO treasure2 | WorldEventHandler.java:64 | In world load event for dimension minecraft:the_nether
2025-08-28 03:21:26,512 [Server thread] INFO treasure2 | Config.java:760 | transforming mob set config...
2025-08-28 03:21:26,514 [Server thread] INFO treasure2 | Config.java:769 | adding mobset to map -> MobSet{name='treasure2:wishing_well_group', category='wishing_wells', biomeWhitelist=[], biomeBlacklist=[], count=IntegerRange [min=1, max=3], mobs=[WeightedMob{name='minecraft:zombie', weight=35}, WeightedMob{name='minecraft:zombie_villager', weight=10}, WeightedMob{name='minecraft:skeleton', weight=35}, WeightedMob{name='minecraft:vex', weight=20}, WeightedMob{name='minecraft:creeper', weight=15}, WeightedMob{name='minecraft:slime', weight=5}]}
2025-08-28 03:21:26,514 [Server thread] INFO treasure2 | Config.java:769 | adding mobset to map -> MobSet{name='treasure2:wither_tree_group', category='wither_trees', biomeWhitelist=[], biomeBlacklist=[], count=IntegerRange [min=1, max=3], mobs=[WeightedMob{name='minecraft:wither_skeleton', weight=90}, WeightedMob{name='minecraft:skeleton', weight=10}]}
2025-08-28 03:21:26,514 [Server thread] INFO treasure2 | Config.java:769 | adding mobset to map -> MobSet{name='treasure2:small_zombie_group', category='zombies', biomeWhitelist=[], biomeBlacklist=[], count=IntegerRange [min=1, max=3], mobs=[WeightedMob{name='minecraft:zombie', weight=90}, WeightedMob{name='minecraft:zombie_villager', weight=10}]}
2025-08-28 03:21:26,514 [Server thread] INFO treasure2 | Config.java:769 | adding mobset to map -> MobSet{name='treasure2:medium_zombie_group', category='zombies', biomeWhitelist=[], biomeBlacklist=[], count=IntegerRange [min=2, max=5], mobs=[WeightedMob{name='minecraft:zombie', weight=90}, WeightedMob{name='minecraft:zombie_villager', weight=10}]}
2025-08-28 03:23:05,436 [modloading-worker-0] WARN treasure2 | TreasureLootTableRegistry.java:173 | unable to locate file in jar -> data/treasure2/loot_tables/injects
2025-08-28 03:23:13,959 [main] INFO treasure2 | TreasureTags.java:135 | in tags updated event
2025-08-28 03:23:13,960 [main] INFO treasure2 | TreasureTags.java:152 | registering key -> treasure2:stone_key by rarity -> COMMON
2025-08-28 03:23:13,960 [main] INFO treasure2 | TreasureTags.java:152 | registering key -> treasure2:leaf_key by rarity -> UNCOMMON
2025-08-28 03:23:13,960 [main] INFO treasure2 | TreasureTags.java:152 | registering key -> treasure2:gold_key by rarity -> SCARCE
2025-08-28 03:23:13,960 [main] INFO treasure2 | TreasureTags.java:152 | registering key -> treasure2:diamond_key by rarity -> RARE
2025-08-28 03:23:13,961 [main] INFO treasure2 | TreasureTags.java:152 | registering key -> treasure2:thiefs_lock_pick by rarity -> UNCOMMON
2025-08-28 03:23:13,961 [main] INFO treasure2 | TreasureTags.java:152 | registering key -> treasure2:ember_key by rarity -> SCARCE
2025-08-28 03:23:13,961 [main] INFO treasure2 | TreasureTags.java:152 | registering key -> treasure2:wood_key by rarity -> COMMON
2025-08-28 03:23:13,961 [main] INFO treasure2 | TreasureTags.java:152 | registering key -> treasure2:metallurgists_key by rarity -> RARE
2025-08-28 03:23:13,961 [main] INFO treasure2 | TreasureTags.java:152 | registering key -> treasure2:skeleton_key by rarity -> RARE
2025-08-28 03:23:13,961 [main] INFO treasure2 | TreasureTags.java:152 | registering key -> treasure2:jewelled_key by rarity -> EPIC
2025-08-28 03:23:13,961 [main] INFO treasure2 | TreasureTags.java:152 | registering key -> treasure2:ruby_key by rarity -> EPIC
2025-08-28 03:23:13,961 [main] INFO treasure2 | TreasureTags.java:152 | registering key -> treasure2:onyx_key by rarity -> SCARCE
2025-08-28 03:23:13,961 [main] INFO treasure2 | TreasureTags.java:152 | registering key -> treasure2:emerald_key by rarity -> RARE
2025-08-28 03:23:13,961 [main] INFO treasure2 | TreasureTags.java:152 | registering key -> treasure2:lightning_key by rarity -> SCARCE
2025-08-28 03:23:13,962 [main] INFO treasure2 | TreasureTags.java:152 | registering key -> treasure2:topaz_key by rarity -> SCARCE
2025-08-28 03:23:13,962 [main] INFO treasure2 | TreasureTags.java:152 | registering key -> treasure2:sapphire_key by rarity -> EPIC
2025-08-28 03:23:13,962 [main] INFO treasure2 | TreasureTags.java:152 | registering key -> treasure2:pilferers_lock_pick by rarity -> COMMON
2025-08-28 03:23:13,962 [main] INFO treasure2 | TreasureTags.java:152 | registering key -> treasure2:iron_key by rarity -> UNCOMMON
2025-08-28 03:23:13,962 [main] INFO treasure2 | TreasureTags.java:152 | registering key -> treasure2:wither_key by rarity -> RARE
2025-08-28 03:23:13,962 [main] INFO treasure2 | TreasureTags.java:152 | registering key -> treasure2:spider_key by rarity -> SCARCE
2025-08-28 03:23:13,962 [main] INFO treasure2 | TreasureTags.java:152 | registering key -> treasure2:one_key by rarity -> MYTHICAL
2025-08-28 03:23:13,963 [main] INFO treasure2 | TreasureTags.java:167 | registering lock -> treasure2:onyx_lock by rarity -> SCARCE
2025-08-28 03:23:13,963 [main] INFO treasure2 | TreasureTags.java:167 | registering lock -> treasure2:spider_lock by rarity -> SCARCE
2025-08-28 03:23:13,963 [main] INFO treasure2 | TreasureTags.java:167 | registering lock -> treasure2:emerald_lock by rarity -> RARE
2025-08-28 03:23:13,963 [main] INFO treasure2 | TreasureTags.java:167 | registering lock -> treasure2:ruby_lock by rarity -> EPIC
2025-08-28 03:23:13,963 [main] INFO treasure2 | TreasureTags.java:167 | registering lock -> treasure2:stone_lock by rarity -> COMMON
2025-08-28 03:23:13,963 [main] INFO treasure2 | TreasureTags.java:167 | registering lock -> treasure2:leaf_lock by rarity -> UNCOMMON
2025-08-28 03:23:13,963 [main] INFO treasure2 | TreasureTags.java:167 | registering lock -> treasure2:sapphire_lock by rarity -> EPIC
2025-08-28 03:23:13,963 [main] INFO treasure2 | TreasureTags.java:167 | registering lock -> treasure2:diamond_lock by rarity -> RARE
2025-08-28 03:23:13,963 [main] INFO treasure2 | TreasureTags.java:167 | registering lock -> treasure2:ember_lock by rarity -> SCARCE
2025-08-28 03:23:13,964 [main] INFO treasure2 | TreasureTags.java:167 | registering lock -> treasure2:gold_lock by rarity -> SCARCE
2025-08-28 03:23:13,964 [main] INFO treasure2 | TreasureTags.java:167 | registering lock -> treasure2:wood_lock by rarity -> COMMON
2025-08-28 03:23:13,964 [main] INFO treasure2 | TreasureTags.java:167 | registering lock -> treasure2:iron_lock by rarity -> UNCOMMON
2025-08-28 03:23:13,964 [main] INFO treasure2 | TreasureTags.java:167 | registering lock -> treasure2:topaz_lock by rarity -> SCARCE
2025-08-28 03:23:13,964 [main] INFO treasure2 | TreasureTags.java:184 | registering chest -> treasure2:barrel_chest by rarity -> UNCOMMON
2025-08-28 03:23:13,964 [main] INFO treasure2 | TreasureTags.java:184 | registering chest -> treasure2:viking_chest by rarity -> UNCOMMON
2025-08-28 03:23:13,964 [main] INFO treasure2 | TreasureTags.java:184 | registering chest -> treasure2:pirate_chest by rarity -> SCARCE
2025-08-28 03:23:13,964 [main] INFO treasure2 | TreasureTags.java:184 | registering chest -> treasure2:safe by rarity -> RARE
2025-08-28 03:23:13,965 [main] INFO treasure2 | TreasureTags.java:184 | registering chest -> treasure2:cauldron_chest by rarity -> CAULDRON
2025-08-28 03:23:13,965 [main] INFO treasure2 | TreasureTags.java:184 | registering chest -> treasure2:crate_chest by rarity -> UNCOMMON
2025-08-28 03:23:13,965 [main] INFO treasure2 | TreasureTags.java:184 | registering chest -> treasure2:crate_chest_moldy by rarity -> COMMON
2025-08-28 03:23:13,965 [main] INFO treasure2 | TreasureTags.java:184 | registering chest -> treasure2:dread_pirate_chest by rarity -> EPIC
2025-08-28 03:23:13,965 [main] INFO treasure2 | TreasureTags.java:184 | registering chest -> treasure2:spider_chest by rarity -> RARE
2025-08-28 03:23:13,965 [main] INFO treasure2 | TreasureTags.java:184 | registering chest -> treasure2:ironbound_chest by rarity -> UNCOMMON
2025-08-28 03:23:13,965 [main] INFO treasure2 | TreasureTags.java:184 | registering chest -> treasure2:skull_chest by rarity -> SKULL
2025-08-28 03:23:13,965 [main] INFO treasure2 | TreasureTags.java:184 | registering chest -> treasure2:milk_crate by rarity -> COMMON
2025-08-28 03:23:13,965 [main] INFO treasure2 | TreasureTags.java:184 | registering chest -> treasure2:vanilla_chest by rarity -> COMMON
2025-08-28 03:23:13,965 [main] INFO treasure2 | TreasureTags.java:184 | registering chest -> treasure2:gold_skull_chest by rarity -> GOLD_SKULL
2025-08-28 03:23:13,966 [main] INFO treasure2 | TreasureTags.java:184 | registering chest -> treasure2:gold_strongbox by rarity -> RARE
2025-08-28 03:23:13,966 [main] INFO treasure2 | TreasureTags.java:184 | registering chest -> treasure2:iron_strongbox by rarity -> SCARCE
2025-08-28 03:23:13,966 [main] INFO treasure2 | TreasureTags.java:184 | registering chest -> treasure2:crystal_skull_chest by rarity -> CRYSTAL_SKULL
2025-08-28 03:23:13,966 [main] INFO treasure2 | TreasureTags.java:184 | registering chest -> treasure2:wood_chest by rarity -> COMMON
2025-08-28 03:23:13,966 [main] INFO treasure2 | TreasureTags.java:184 | registering chest -> treasure2:wither_chest by rarity -> WITHER
2025-08-28 03:23:13,966 [main] INFO treasure2 | TreasureTags.java:184 | registering chest -> treasure2:compressor_chest by rarity -> EPIC
2025-08-28 03:23:13,966 [main] INFO treasure2 | TreasureTags.java:184 | registering chest -> treasure2:cardboard_box by rarity -> COMMON
2025-08-28 03:23:13,966 [main] INFO treasure2 | TreasureTags.java:201 | registering wishable -> treasure2:onyx by rarity -> RARE
2025-08-28 03:23:13,967 [main] INFO treasure2 | TreasureTags.java:201 | registering wishable -> treasure2:ruby by rarity -> RARE
2025-08-28 03:23:13,967 [main] INFO treasure2 | TreasureTags.java:201 | registering wishable -> treasure2:white_pearl by rarity -> RARE
2025-08-28 03:23:13,967 [main] INFO treasure2 | TreasureTags.java:201 | registering wishable -> treasure2:sapphire by rarity -> EPIC
2025-08-28 03:23:13,967 [main] INFO treasure2 | TreasureTags.java:201 | registering wishable -> treasure2:black_pearl by rarity -> EPIC
2025-08-28 03:23:13,967 [main] INFO treasure2 | TreasureTags.java:201 | registering wishable -> treasure2:gold_coin by rarity -> SCARCE
2025-08-28 03:23:13,967 [main] INFO treasure2 | TreasureTags.java:201 | registering wishable -> treasure2:topaz by rarity -> SCARCE
2025-08-28 03:23:13,967 [main] INFO treasure2 | TreasureTags.java:201 | registering wishable -> minecraft:diamond by rarity -> SCARCE
2025-08-28 03:23:13,967 [main] INFO treasure2 | TreasureTags.java:201 | registering wishable -> minecraft:emerald by rarity -> SCARCE
2025-08-28 03:23:13,967 [main] INFO treasure2 | TreasureTags.java:201 | registering wishable -> treasure2:silver_coin by rarity -> UNCOMMON
2025-08-28 03:23:13,967 [main] INFO treasure2 | TreasureTags.java:201 | registering wishable -> treasure2:copper_coin by rarity -> COMMON
2025-08-28 03:23:14,444 [Server thread] INFO treasure2 | Config.java:760 | transforming mob set config...
2025-08-28 03:23:14,465 [Server thread] INFO treasure2 | Config.java:769 | adding mobset to map -> MobSet{name='treasure2:wishing_well_group', category='wishing_wells', biomeWhitelist=[], biomeBlacklist=[], count=IntegerRange [min=1, max=3], mobs=[WeightedMob{name='minecraft:zombie', weight=35}, WeightedMob{name='minecraft:zombie_villager', weight=10}, WeightedMob{name='minecraft:skeleton', weight=35}, WeightedMob{name='minecraft:vex', weight=20}, WeightedMob{name='minecraft:creeper', weight=15}, WeightedMob{name='minecraft:slime', weight=5}]}
2025-08-28 03:23:14,465 [Server thread] INFO treasure2 | Config.java:769 | adding mobset to map -> MobSet{name='treasure2:wither_tree_group', category='wither_trees', biomeWhitelist=[], biomeBlacklist=[], count=IntegerRange [min=1, max=3], mobs=[WeightedMob{name='minecraft:wither_skeleton', weight=90}, WeightedMob{name='minecraft:skeleton', weight=10}]}
2025-08-28 03:23:14,465 [Server thread] INFO treasure2 | Config.java:769 | adding mobset to map -> MobSet{name='treasure2:small_zombie_group', category='zombies', biomeWhitelist=[], biomeBlacklist=[], count=IntegerRange [min=1, max=3], mobs=[WeightedMob{name='minecraft:zombie', weight=90}, WeightedMob{name='minecraft:zombie_villager', weight=10}]}
2025-08-28 03:23:14,465 [Server thread] INFO treasure2 | Config.java:769 | adding mobset to map -> MobSet{name='treasure2:medium_zombie_group', category='zombies', biomeWhitelist=[], biomeBlacklist=[], count=IntegerRange [min=2, max=5], mobs=[WeightedMob{name='minecraft:zombie', weight=90}, WeightedMob{name='minecraft:zombie_villager', weight=10}]}
2025-08-28 03:23:14,466 [Thread-2] INFO treasure2 | Config.java:760 | transforming mob set config...
2025-08-28 03:23:14,467 [Thread-2] INFO treasure2 | Config.java:769 | adding mobset to map -> MobSet{name='treasure2:wishing_well_group', category='wishing_wells', biomeWhitelist=[], biomeBlacklist=[], count=IntegerRange [min=1, max=3], mobs=[WeightedMob{name='minecraft:zombie', weight=35}, WeightedMob{name='minecraft:zombie_villager', weight=10}, WeightedMob{name='minecraft:skeleton', weight=35}, WeightedMob{name='minecraft:vex', weight=20}, WeightedMob{name='minecraft:creeper', weight=15}, WeightedMob{name='minecraft:slime', weight=5}]}
2025-08-28 03:23:14,467 [Thread-2] INFO treasure2 | Config.java:769 | adding mobset to map -> MobSet{name='treasure2:wither_tree_group', category='wither_trees', biomeWhitelist=[], biomeBlacklist=[], count=IntegerRange [min=1, max=3], mobs=[WeightedMob{name='minecraft:wither_skeleton', weight=90}, WeightedMob{name='minecraft:skeleton', weight=10}]}
2025-08-28 03:23:14,467 [Thread-2] INFO treasure2 | Config.java:769 | adding mobset to map -> MobSet{name='treasure2:small_zombie_group', category='zombies', biomeWhitelist=[], biomeBlacklist=[], count=IntegerRange [min=1, max=3], mobs=[WeightedMob{name='minecraft:zombie', weight=90}, WeightedMob{name='minecraft:zombie_villager', weight=10}]}
2025-08-28 03:23:14,467 [Thread-2] INFO treasure2 | Config.java:769 | adding mobset to map -> MobSet{name='treasure2:medium_zombie_group', category='zombies', biomeWhitelist=[], biomeBlacklist=[], count=IntegerRange [min=2, max=5], mobs=[WeightedMob{name='minecraft:zombie', weight=90}, WeightedMob{name='minecraft:zombie_villager', weight=10}]}
2025-08-28 03:23:14,470 [Thread-2] INFO treasure2 | Config.java:760 | transforming mob set config...
2025-08-28 03:23:14,472 [Thread-2] INFO treasure2 | Config.java:769 | adding mobset to map -> MobSet{name='treasure2:wishing_well_group', category='wishing_wells', biomeWhitelist=[], biomeBlacklist=[], count=IntegerRange [min=1, max=3], mobs=[WeightedMob{name='minecraft:zombie', weight=35}, WeightedMob{name='minecraft:zombie_villager', weight=10}, WeightedMob{name='minecraft:skeleton', weight=35}, WeightedMob{name='minecraft:vex', weight=20}, WeightedMob{name='minecraft:creeper', weight=15}, WeightedMob{name='minecraft:slime', weight=5}]}
2025-08-28 03:23:14,472 [Thread-2] INFO treasure2 | Config.java:769 | adding mobset to map -> MobSet{name='treasure2:wither_tree_group', category='wither_trees', biomeWhitelist=[], biomeBlacklist=[], count=IntegerRange [min=1, max=3], mobs=[WeightedMob{name='minecraft:wither_skeleton', weight=90}, WeightedMob{name='minecraft:skeleton', weight=10}]}
2025-08-28 03:23:14,473 [Thread-2] INFO treasure2 | Config.java:769 | adding mobset to map -> MobSet{name='treasure2:small_zombie_group', category='zombies', biomeWhitelist=[], biomeBlacklist=[], count=IntegerRange [min=1, max=3], mobs=[WeightedMob{name='minecraft:zombie', weight=90}, WeightedMob{name='minecraft:zombie_villager', weight=10}]}
2025-08-28 03:23:14,473 [Thread-2] INFO treasure2 | Config.java:769 | adding mobset to map -> MobSet{name='treasure2:medium_zombie_group', category='zombies', biomeWhitelist=[], biomeBlacklist=[], count=IntegerRange [min=2, max=5], mobs=[WeightedMob{name='minecraft:zombie', weight=90}, WeightedMob{name='minecraft:zombie_villager', weight=10}]}
2025-08-28 03:23:15,164 [Server thread] INFO treasure2 | WorldEventHandler.java:54 | In world load event
2025-08-28 03:23:15,169 [Server thread] INFO treasure2 | WorldEventHandler.java:64 | In world load event for dimension minecraft:overworld
2025-08-28 03:23:15,186 [Server thread] INFO treasure2 | MobSetRegistry.java:37 | mobSetConfig optional ...
2025-08-28 03:23:15,186 [Server thread] INFO treasure2 | MobSetRegistry.java:39 | mobSetConfig is present
2025-08-28 03:23:15,722 [Server thread] WARN treasure2 | TreasureTemplateRegistry.java:791 | biome -> 'minecraft:desert' is not registgered
2025-08-28 03:23:15,722 [Server thread] WARN treasure2 | TreasureTemplateRegistry.java:791 | biome -> 'minecraft:desert' is not registgered
2025-08-28 03:23:15,722 [Server thread] WARN treasure2 | TreasureTemplateRegistry.java:791 | biome -> 'minecraft:desert' is not registgered
2025-08-28 03:23:15,722 [Server thread] WARN treasure2 | TreasureTemplateRegistry.java:791 | biome -> 'minecraft:desert' is not registgered
2025-08-28 03:23:15,723 [Server thread] WARN treasure2 | TreasureTemplateRegistry.java:791 | biome -> 'minecraft:desert' is not registgered
2025-08-28 03:23:15,723 [Server thread] WARN treasure2 | TreasureTemplateRegistry.java:791 | biome -> 'minecraft:desert' is not registgered
2025-08-28 03:23:15,723 [Server thread] WARN treasure2 | TreasureTemplateRegistry.java:791 | biome -> 'minecraft:desert' is not registgered
2025-08-28 03:23:15,723 [Server thread] WARN treasure2 | TreasureTemplateRegistry.java:791 | biome -> 'minecraft:desert' is not registgered
2025-08-28 03:23:17,710 [Server thread] INFO treasure2 | WorldEventHandler.java:54 | In world load event
2025-08-28 03:23:17,710 [Server thread] INFO treasure2 | WorldEventHandler.java:64 | In world load event for dimension minecraft:the_nether
2025-08-28 03:23:17,728 [Server thread] INFO treasure2 | WorldEventHandler.java:54 | In world load event
2025-08-28 03:23:17,729 [Server thread] INFO treasure2 | WorldEventHandler.java:64 | In world load event for dimension minecraft:the_end
2025-08-28 04:00:17,032 [Server thread] WARN treasure2 | DeferredGeneratorBlockEntity.java:121 | unable to locate rarity config for rarity - >UNCOMMON
2025-08-28 04:01:06,799 [Server thread] WARN treasure2 | DeferredGeneratorBlockEntity.java:121 | unable to locate rarity config for rarity - >UNCOMMON
2025-08-28 04:06:26,810 [Server thread] INFO treasure2 | AbstractTreasureChestBlock.java:162 | AbstractTreasureChestBlock | newBlockEntity | lockStates -> [LockState [slot=LockSlot [index=0, face=NORTH, xOffset=0.5, yOffset=0.3, zOffset=0.05, rotation=0.0], lockItem=null], LockState [slot=LockSlot [index=1, face=EAST, xOffset=0.95, yOffset=0.3, zOffset=0.5, rotation=90.0], lockItem=null], LockState [slot=LockSlot [index=2, face=WEST, xOffset=0.05, yOffset=0.3, zOffset=0.5, rotation=-90.0], lockItem=null]]
2025-08-28 04:06:26,811 [Server thread] INFO treasure2 | AbstractTreasureChestBlock.java:163 | AbstractTreasureChestBlock | newBlockEntity | tileEntity -> mod.gottsch.forge.treasure2.core.block.entity.DreadPirateChestBlockEntity@61dd81b4 @ BlockPos{x=-817, y=19, z=1138}
2025-08-28 04:06:26,863 [Server thread] INFO treasure2 | PitChestFeatureGenerator.java:130 | CHEATER! LEGENDARY chest at coords: -817 74 1138
2025-08-28 04:08:06,187 [Server thread] INFO treasure2 | AbstractTreasureChestBlock.java:162 | AbstractTreasureChestBlock | newBlockEntity | lockStates -> [LockState [slot=LockSlot [index=0, face=NORTH, xOffset=0.5, yOffset=0.3, zOffset=0.05, rotation=0.0], lockItem=null]]
2025-08-28 04:08:06,188 [Server thread] INFO treasure2 | AbstractTreasureChestBlock.java:163 | AbstractTreasureChestBlock | newBlockEntity | tileEntity -> mod.gottsch.forge.treasure2.core.block.entity.VanillaChestBlockEntity@155cb7c9 @ BlockPos{x=-1113, y=57, z=1222}
2025-08-28 04:08:06,199 [Server thread] INFO treasure2 | PitChestFeatureGenerator.java:130 | CHEATER! COMMON chest at coords: -1113 63 1222
2025-08-28 04:08:39,097 [Server thread] INFO treasure2 | AbstractTreasureChestBlock.java:162 | AbstractTreasureChestBlock | newBlockEntity | lockStates -> [LockState [slot=LockSlot [index=0, face=NORTH, xOffset=0.5, yOffset=0.2, zOffset=0.2, rotation=0.0], lockItem=null], LockState [slot=LockSlot [index=1, face=EAST, xOffset=0.825, yOffset=0.2, zOffset=0.5, rotation=90.0], lockItem=null], LockState [slot=LockSlot [index=2, face=WEST, xOffset=0.175, yOffset=0.2, zOffset=0.5, rotation=-90.0], lockItem=null]]
2025-08-28 04:08:39,097 [Server thread] INFO treasure2 | AbstractTreasureChestBlock.java:163 | AbstractTreasureChestBlock | newBlockEntity | tileEntity -> mod.gottsch.forge.treasure2.core.block.entity.GoldStrongboxBlockEntity@77ac0d65 @ BlockPos{x=-1078, y=26, z=1432}
2025-08-28 04:08:39,132 [Server thread] INFO treasure2 | PitChestFeatureGenerator.java:130 | CHEATER! RARE chest at coords: -1074 63 1432
2025-08-28 04:08:51,431 [Worker-Main-1] INFO treasure2 | WellGenerator.java:198 | CHEATER! Wishing Well at coords: -744 68 1518
2025-08-28 04:08:59,120 [Worker-Main-1] INFO treasure2 | AbstractTreasureChestBlock.java:162 | AbstractTreasureChestBlock | newBlockEntity | lockStates -> [LockState [slot=LockSlot [index=0, face=EAST, xOffset=0.72, yOffset=0.18, zOffset=0.5, rotation=90.0], lockItem=null]]
2025-08-28 04:08:59,121 [Worker-Main-1] INFO treasure2 | AbstractTreasureChestBlock.java:163 | AbstractTreasureChestBlock | newBlockEntity | tileEntity -> mod.gottsch.forge.treasure2.core.block.entity.SkullChestBlockEntity@36ba8d01 @ BlockPos{x=-798, y=64, z=1545}
2025-08-28 04:08:59,149 [Worker-Main-1] INFO treasure2 | SimpleSurfaceChestFeatureGenerator.java:87 | CHEATER! SKULL chest at coords: -798 64 1545
2025-08-28 04:31:00,108 [Server thread] INFO treasure2 | AbstractTreasureChestBlock.java:162 | AbstractTreasureChestBlock | newBlockEntity | lockStates -> [LockState [slot=LockSlot [index=0, face=NORTH, xOffset=0.5, yOffset=0.95, zOffset=0.05, rotation=0.0], lockItem=null], LockState [slot=LockSlot [index=1, face=NORTH, xOffset=0.5, yOffset=0.4, zOffset=0.05, rotation=0.0], lockItem=null]]
2025-08-28 04:31:00,108 [Server thread] INFO treasure2 | AbstractTreasureChestBlock.java:163 | AbstractTreasureChestBlock | newBlockEntity | tileEntity -> mod.gottsch.forge.treasure2.core.block.entity.WitherChestBlockEntity@a7d5225 @ BlockPos{x=-1009, y=40, z=1652}
2025-08-28 04:31:00,108 [Server thread] INFO treasure2 | WitherFeatureGenerator.java:154 | CHEATER! WITHER chest at coords: -997 64 1652
2025-08-28 04:31:14,685 [Worker-Main-3] INFO treasure2 | AbstractTreasureChestBlock.java:162 | AbstractTreasureChestBlock | newBlockEntity | lockStates -> [LockState [slot=LockSlot [index=0, face=NORTH, xOffset=0.5, yOffset=0.95, zOffset=0.3, rotation=0.0], lockItem=null], LockState [slot=LockSlot [index=1, face=NORTH, xOffset=0.5, yOffset=0.95, zOffset=0.7, rotation=0.0], lockItem=null]]
2025-08-28 04:31:14,685 [Worker-Main-3] INFO treasure2 | AbstractTreasureChestBlock.java:163 | AbstractTreasureChestBlock | newBlockEntity | tileEntity -> mod.gottsch.forge.treasure2.core.block.entity.CardboardBoxBlockEntity@54714938 @ BlockPos{x=-601, y=64, z=1750}
2025-08-28 04:31:14,720 [Worker-Main-3] INFO treasure2 | SimpleSurfaceChestFeatureGenerator.java:87 | CHEATER! COMMON chest at coords: -601 64 1750
2025-08-28 04:31:40,963 [Server thread] INFO treasure2 | AbstractTreasureChestBlock.java:162 | AbstractTreasureChestBlock | newBlockEntity | lockStates -> [LockState [slot=LockSlot [index=0, face=EAST, xOffset=0.72, yOffset=0.18, zOffset=0.5, rotation=90.0], lockItem=null]]
2025-08-28 04:31:40,963 [Server thread] INFO treasure2 | AbstractTreasureChestBlock.java:163 | AbstractTreasureChestBlock | newBlockEntity | tileEntity -> mod.gottsch.forge.treasure2.core.block.entity.SkullChestBlockEntity@68eb73f @ BlockPos{x=-798, y=64, z=1545}
2025-08-28 04:33:03,953 [Server thread] INFO treasure2 | AbstractTreasureChestBlock.java:162 | AbstractTreasureChestBlock | newBlockEntity | lockStates -> [LockState [slot=LockSlot [index=0, face=NORTH, xOffset=0.5, yOffset=0.2, zOffset=0.2, rotation=0.0], lockItem=null], LockState [slot=LockSlot [index=1, face=EAST, xOffset=0.825, yOffset=0.2, zOffset=0.5, rotation=90.0], lockItem=null], LockState [slot=LockSlot [index=2, face=WEST, xOffset=0.175, yOffset=0.2, zOffset=0.5, rotation=-90.0], lockItem=null]]
2025-08-28 04:33:03,953 [Server thread] INFO treasure2 | AbstractTreasureChestBlock.java:163 | AbstractTreasureChestBlock | newBlockEntity | tileEntity -> mod.gottsch.forge.treasure2.core.block.entity.GoldStrongboxBlockEntity@72620ff5 @ BlockPos{x=-803, y=68, z=1754}
2025-08-28 04:33:03,980 [Server thread] INFO treasure2 | PitChestFeatureGenerator.java:130 | CHEATER! RARE chest at coords: -803 98 1748
2025-08-28 04:38:15,184 [Server thread] INFO treasure2 | AbstractTreasureChestBlock.java:162 | AbstractTreasureChestBlock | newBlockEntity | lockStates -> [LockState [slot=LockSlot [index=0, face=NORTH, xOffset=0.5, yOffset=0.412, zOffset=0.15, rotation=0.0], lockItem=null]]
2025-08-28 04:38:15,184 [Server thread] INFO treasure2 | AbstractTreasureChestBlock.java:163 | AbstractTreasureChestBlock | newBlockEntity | tileEntity -> mod.gottsch.forge.treasure2.core.block.entity.MilkCrateBlockEntity@38a5e5d3 @ BlockPos{x=-474, y=97, z=1352}
2025-08-28 04:38:15,221 [Server thread] INFO treasure2 | PitChestFeatureGenerator.java:130 | CHEATER! COMMON chest at coords: -474 103 1352
2025-08-28 04:43:43,364 [Worker-Main-3] INFO treasure2 | WellGenerator.java:198 | CHEATER! Wishing Well at coords: -140 91 1519
2025-08-28 04:51:02,025 [Worker-Main-1] INFO treasure2 | AbstractTreasureChestBlock.java:162 | AbstractTreasureChestBlock | newBlockEntity | lockStates -> [LockState [slot=LockSlot [index=0, face=NORTH, xOffset=0.5, yOffset=0.412, zOffset=0.15, rotation=0.0], lockItem=null]]
2025-08-28 04:51:02,026 [Worker-Main-1] INFO treasure2 | AbstractTreasureChestBlock.java:163 | AbstractTreasureChestBlock | newBlockEntity | tileEntity -> mod.gottsch.forge.treasure2.core.block.entity.MilkCrateBlockEntity@28f15b6f @ BlockPos{x=-383, y=64, z=1735}
2025-08-28 04:51:02,053 [Worker-Main-1] INFO treasure2 | SimpleSurfaceChestFeatureGenerator.java:87 | CHEATER! COMMON chest at coords: -383 64 1735
2025-08-28 05:01:14,564 [Server thread] INFO treasure2 | AbstractTreasureChestBlock.java:162 | AbstractTreasureChestBlock | newBlockEntity | lockStates -> [LockState [slot=LockSlot [index=0, face=EAST, xOffset=0.72, yOffset=0.18, zOffset=0.5, rotation=90.0], lockItem=null]]
2025-08-28 05:01:14,564 [Server thread] INFO treasure2 | AbstractTreasureChestBlock.java:163 | AbstractTreasureChestBlock | newBlockEntity | tileEntity -> mod.gottsch.forge.treasure2.core.block.entity.GoldSkullChestBlockEntity@516b7c37 @ BlockPos{x=-77, y=78, z=1430}
2025-08-28 05:01:14,621 [Server thread] INFO treasure2 | PitChestFeatureGenerator.java:130 | CHEATER! GOLD_SKULL chest at coords: -77 104 1430
2025-08-28 05:06:10,066 [Server thread] INFO treasure2 | AbstractTreasureChestBlock.java:162 | AbstractTreasureChestBlock | newBlockEntity | lockStates -> [LockState [slot=LockSlot [index=0, face=EAST, xOffset=0.72, yOffset=0.18, zOffset=0.5, rotation=90.0], lockItem=null]]
2025-08-28 05:06:10,066 [Server thread] INFO treasure2 | AbstractTreasureChestBlock.java:163 | AbstractTreasureChestBlock | newBlockEntity | tileEntity -> mod.gottsch.forge.treasure2.core.block.entity.GoldSkullChestBlockEntity@7fb82643 @ BlockPos{x=23, y=43, z=1726}
2025-08-28 05:06:10,093 [Server thread] INFO treasure2 | PitChestFeatureGenerator.java:130 | CHEATER! GOLD_SKULL chest at coords: 23 69 1726
2025-08-28 05:07:04,302 [Server thread] INFO treasure2 | AbstractTreasureChestBlock.java:162 | AbstractTreasureChestBlock | newBlockEntity | lockStates -> [LockState [slot=LockSlot [index=0, face=NORTH, xOffset=0.5, yOffset=0.3, zOffset=0.05, rotation=0.0], lockItem=null], LockState [slot=LockSlot [index=1, face=EAST, xOffset=0.95, yOffset=0.3, zOffset=0.5, rotation=90.0], lockItem=null], LockState [slot=LockSlot [index=2, face=WEST, xOffset=0.05, yOffset=0.3, zOffset=0.5, rotation=-90.0], lockItem=null]]
2025-08-28 05:07:04,302 [Server thread] INFO treasure2 | AbstractTreasureChestBlock.java:163 | AbstractTreasureChestBlock | newBlockEntity | tileEntity -> mod.gottsch.forge.treasure2.core.block.entity.IronboundChestBlockEntity@2c87f88d @ BlockPos{x=117, y=80, z=1375}
2025-08-28 05:07:04,328 [Server thread] INFO treasure2 | PitChestFeatureGenerator.java:130 | CHEATER! UNCOMMON chest at coords: 117 93 1375
2025-08-28 05:11:38,505 [Server thread] INFO treasure2 | AbstractTreasureChestBlock.java:162 | AbstractTreasureChestBlock | newBlockEntity | lockStates -> [LockState [slot=LockSlot [index=0, face=NORTH, xOffset=0.5, yOffset=0.3, zOffset=0.05, rotation=0.0], lockItem=null], LockState [slot=LockSlot [index=1, face=EAST, xOffset=0.95, yOffset=0.3, zOffset=0.5, rotation=90.0], lockItem=null], LockState [slot=LockSlot [index=2, face=WEST, xOffset=0.05, yOffset=0.3, zOffset=0.5, rotation=-90.0], lockItem=null]]
2025-08-28 05:11:38,505 [Server thread] INFO treasure2 | AbstractTreasureChestBlock.java:163 | AbstractTreasureChestBlock | newBlockEntity | tileEntity -> mod.gottsch.forge.treasure2.core.block.entity.DreadPirateChestBlockEntity@6c2c690a @ BlockPos{x=220, y=51, z=1577}
2025-08-28 05:11:38,536 [Server thread] INFO treasure2 | PitChestFeatureGenerator.java:130 | CHEATER! LEGENDARY chest at coords: 217 110 1577
2025-08-28 05:12:05,665 [Server thread] INFO treasure2 | AbstractTreasureChestBlock.java:162 | AbstractTreasureChestBlock | newBlockEntity | lockStates -> [LockState [slot=LockSlot [index=0, face=EAST, xOffset=0.72, yOffset=0.18, zOffset=0.5, rotation=90.0], lockItem=null]]
2025-08-28 05:12:05,665 [Server thread] INFO treasure2 | AbstractTreasureChestBlock.java:163 | AbstractTreasureChestBlock | newBlockEntity | tileEntity -> mod.gottsch.forge.treasure2.core.block.entity.SkullChestBlockEntity@2586e496 @ BlockPos{x=314, y=84, z=1378}
2025-08-28 05:12:05,697 [Server thread] INFO treasure2 | PitChestFeatureGenerator.java:130 | CHEATER! SKULL chest at coords: 314 96 1378
2025-08-28 05:12:42,249 [Server thread] INFO treasure2 | AbstractTreasureChestBlock.java:162 | AbstractTreasureChestBlock | newBlockEntity | lockStates -> [LockState [slot=LockSlot [index=0, face=NORTH, xOffset=0.5, yOffset=0.3, zOffset=0.05, rotation=0.0], lockItem=null], LockState [slot=LockSlot [index=1, face=EAST, xOffset=0.95, yOffset=0.3, zOffset=0.5, rotation=90.0], lockItem=null], LockState [slot=LockSlot [index=2, face=WEST, xOffset=0.05, yOffset=0.3, zOffset=0.5, rotation=-90.0], lockItem=null]]
2025-08-28 05:12:42,249 [Server thread] INFO treasure2 | AbstractTreasureChestBlock.java:163 | AbstractTreasureChestBlock | newBlockEntity | tileEntity -> mod.gottsch.forge.treasure2.core.block.entity.DreadPirateChestBlockEntity@35135f4f @ BlockPos{x=339, y=72, z=1184}
2025-08-28 05:12:42,310 [Server thread] INFO treasure2 | PitChestFeatureGenerator.java:130 | CHEATER! EPIC chest at coords: 339 119 1184
2025-08-28 05:13:36,445 [Server thread] WARN treasure2 | DeferredGeneratorBlockEntity.java:121 | unable to locate rarity config for rarity - >UNCOMMON
2025-08-28 05:14:30,349 [Server thread] INFO treasure2 | AbstractTreasureChestBlock.java:162 | AbstractTreasureChestBlock | newBlockEntity | lockStates -> [LockState [slot=LockSlot [index=0, face=NORTH, xOffset=0.5, yOffset=0.3, zOffset=0.05, rotation=0.0], lockItem=null], LockState [slot=LockSlot [index=1, face=EAST, xOffset=0.95, yOffset=0.3, zOffset=0.5, rotation=90.0], lockItem=null], LockState [slot=LockSlot [index=2, face=WEST, xOffset=0.05, yOffset=0.3, zOffset=0.5, rotation=-90.0], lockItem=null]]
2025-08-28 05:14:30,350 [Server thread] INFO treasure2 | AbstractTreasureChestBlock.java:163 | AbstractTreasureChestBlock | newBlockEntity | tileEntity -> mod.gottsch.forge.treasure2.core.block.entity.WoodChestBlockEntity@59e9ad0c @ BlockPos{x=709, y=81, z=1399}
2025-08-28 05:14:30,370 [Server thread] INFO treasure2 | PitChestFeatureGenerator.java:130 | CHEATER! COMMON chest at coords: 709 94 1399
2025-08-28 05:15:25,354 [Worker-Main-3] INFO treasure2 | AbstractTreasureChestBlock.java:162 | AbstractTreasureChestBlock | newBlockEntity | lockStates -> [LockState [slot=LockSlot [index=0, face=EAST, xOffset=0.72, yOffset=0.18, zOffset=0.5, rotation=90.0], lockItem=null]]
2025-08-28 05:15:25,354 [Worker-Main-3] INFO treasure2 | AbstractTreasureChestBlock.java:163 | AbstractTreasureChestBlock | newBlockEntity | tileEntity -> mod.gottsch.forge.treasure2.core.block.entity.CrystalSkullChestBlockEntity@3d9cb6d3 @ BlockPos{x=942, y=103, z=1137}
2025-08-28 05:15:25,394 [Worker-Main-3] INFO treasure2 | SimpleSurfaceChestFeatureGenerator.java:87 | CHEATER! CRYSTAL_SKULL chest at coords: 942 103 1137
2025-08-28 05:15:34,848 [Server thread] INFO treasure2 | AbstractTreasureChestBlock.java:162 | AbstractTreasureChestBlock | newBlockEntity | lockStates -> [LockState [slot=LockSlot [index=0, face=NORTH, xOffset=0.5, yOffset=0.6, zOffset=0.05, rotation=0.0], lockItem=null]]
2025-08-28 05:15:34,848 [Server thread] INFO treasure2 | AbstractTreasureChestBlock.java:163 | AbstractTreasureChestBlock | newBlockEntity | tileEntity -> mod.gottsch.forge.treasure2.core.block.entity.MoldyCrateChestBlockEntity@25998ccd @ BlockPos{x=854, y=94, z=939}
2025-08-28 05:15:34,874 [Server thread] INFO treasure2 | PitChestFeatureGenerator.java:130 | CHEATER! COMMON chest at coords: 854 104 939
2025-08-28 05:16:10,990 [Worker-Main-2] INFO treasure2 | WellGenerator.java:198 | CHEATER! Wishing Well at coords: 1069 110 1116
2025-08-28 05:16:23,788 [Server thread] INFO treasure2 | AbstractTreasureChestBlock.java:162 | AbstractTreasureChestBlock | newBlockEntity | lockStates -> [LockState [slot=LockSlot [index=0, face=NORTH, xOffset=0.5, yOffset=0.3, zOffset=0.05, rotation=0.0], lockItem=null], LockState [slot=LockSlot [index=1, face=EAST, xOffset=0.95, yOffset=0.3, zOffset=0.5, rotation=90.0], lockItem=null], LockState [slot=LockSlot [index=2, face=WEST, xOffset=0.05, yOffset=0.3, zOffset=0.5, rotation=-90.0], lockItem=null]]
2025-08-28 05:16:23,788 [Server thread] INFO treasure2 | AbstractTreasureChestBlock.java:163 | AbstractTreasureChestBlock | newBlockEntity | tileEntity -> mod.gottsch.forge.treasure2.core.block.entity.PirateChestBlockEntity@6ab64af4 @ BlockPos{x=1048, y=47, z=941}
2025-08-28 05:16:23,818 [Server thread] INFO treasure2 | PitChestFeatureGenerator.java:130 | CHEATER! SCARCE chest at coords: 1048 72 941
2025-08-28 05:17:52,385 [Server thread] INFO treasure2 | AbstractTreasureChestBlock.java:162 | AbstractTreasureChestBlock | newBlockEntity | lockStates -> [LockState [slot=LockSlot [index=0, face=NORTH, xOffset=0.5, yOffset=0.6, zOffset=0.05, rotation=0.0], lockItem=null]]
2025-08-28 05:17:52,388 [Server thread] INFO treasure2 | AbstractTreasureChestBlock.java:163 | AbstractTreasureChestBlock | newBlockEntity | tileEntity -> mod.gottsch.forge.treasure2.core.block.entity.MoldyCrateChestBlockEntity@239eb716 @ BlockPos{x=1246, y=71, z=970}
2025-08-28 05:17:52,429 [Server thread] INFO treasure2 | PitChestFeatureGenerator.java:130 | CHEATER! COMMON chest at coords: 1246 77 970
2025-08-28 05:35:41,228 [Server thread] INFO treasure2 | Config.java:760 | transforming mob set config...
2025-08-28 05:35:41,229 [Server thread] INFO treasure2 | Config.java:769 | adding mobset to map -> MobSet{name='treasure2:wishing_well_group', category='wishing_wells', biomeWhitelist=[], biomeBlacklist=[], count=IntegerRange [min=1, max=3], mobs=[WeightedMob{name='minecraft:zombie', weight=35}, WeightedMob{name='minecraft:zombie_villager', weight=10}, WeightedMob{name='minecraft:skeleton', weight=35}, WeightedMob{name='minecraft:vex', weight=20}, WeightedMob{name='minecraft:creeper', weight=15}, WeightedMob{name='minecraft:slime', weight=5}]}
2025-08-28 05:35:41,229 [Server thread] INFO treasure2 | Config.java:769 | adding mobset to map -> MobSet{name='treasure2:wither_tree_group', category='wither_trees', biomeWhitelist=[], biomeBlacklist=[], count=IntegerRange [min=1, max=3], mobs=[WeightedMob{name='minecraft:wither_skeleton', weight=90}, WeightedMob{name='minecraft:skeleton', weight=10}]}
2025-08-28 05:35:41,229 [Server thread] INFO treasure2 | Config.java:769 | adding mobset to map -> MobSet{name='treasure2:small_zombie_group', category='zombies', biomeWhitelist=[], biomeBlacklist=[], count=IntegerRange [min=1, max=3], mobs=[WeightedMob{name='minecraft:zombie', weight=90}, WeightedMob{name='minecraft:zombie_villager', weight=10}]}
2025-08-28 05:35:41,229 [Server thread] INFO treasure2 | Config.java:769 | adding mobset to map -> MobSet{name='treasure2:medium_zombie_group', category='zombies', biomeWhitelist=[], biomeBlacklist=[], count=IntegerRange [min=2, max=5], mobs=[WeightedMob{name='minecraft:zombie', weight=90}, WeightedMob{name='minecraft:zombie_villager', weight=10}]}
2025-08-29 03:01:16,126 [modloading-worker-0] WARN treasure2 | TreasureLootTableRegistry.java:173 | unable to locate file in jar -> data/treasure2/loot_tables/injects
2025-08-29 03:01:23,656 [main] INFO treasure2 | TreasureTags.java:135 | in tags updated event
2025-08-29 03:01:23,657 [main] INFO treasure2 | TreasureTags.java:152 | registering key -> treasure2:stone_key by rarity -> COMMON
2025-08-29 03:01:23,657 [main] INFO treasure2 | TreasureTags.java:152 | registering key -> treasure2:leaf_key by rarity -> UNCOMMON
2025-08-29 03:01:23,657 [main] INFO treasure2 | TreasureTags.java:152 | registering key -> treasure2:gold_key by rarity -> SCARCE
2025-08-29 03:01:23,658 [main] INFO treasure2 | TreasureTags.java:152 | registering key -> treasure2:diamond_key by rarity -> RARE
2025-08-29 03:01:23,658 [main] INFO treasure2 | TreasureTags.java:152 | registering key -> treasure2:thiefs_lock_pick by rarity -> UNCOMMON
2025-08-29 03:01:23,658 [main] INFO treasure2 | TreasureTags.java:152 | registering key -> treasure2:ember_key by rarity -> SCARCE
2025-08-29 03:01:23,658 [main] INFO treasure2 | TreasureTags.java:152 | registering key -> treasure2:wood_key by rarity -> COMMON
2025-08-29 03:01:23,658 [main] INFO treasure2 | TreasureTags.java:152 | registering key -> treasure2:metallurgists_key by rarity -> RARE
2025-08-29 03:01:23,658 [main] INFO treasure2 | TreasureTags.java:152 | registering key -> treasure2:skeleton_key by rarity -> RARE
2025-08-29 03:01:23,658 [main] INFO treasure2 | TreasureTags.java:152 | registering key -> treasure2:jewelled_key by rarity -> EPIC
2025-08-29 03:01:23,658 [main] INFO treasure2 | TreasureTags.java:152 | registering key -> treasure2:ruby_key by rarity -> EPIC
2025-08-29 03:01:23,658 [main] INFO treasure2 | TreasureTags.java:152 | registering key -> treasure2:onyx_key by rarity -> SCARCE
2025-08-29 03:01:23,658 [main] INFO treasure2 | TreasureTags.java:152 | registering key -> treasure2:emerald_key by rarity -> RARE
2025-08-29 03:01:23,659 [main] INFO treasure2 | TreasureTags.java:152 | registering key -> treasure2:lightning_key by rarity -> SCARCE
2025-08-29 03:01:23,659 [main] INFO treasure2 | TreasureTags.java:152 | registering key -> treasure2:topaz_key by rarity -> SCARCE
2025-08-29 03:01:23,659 [main] INFO treasure2 | TreasureTags.java:152 | registering key -> treasure2:sapphire_key by rarity -> EPIC
2025-08-29 03:01:23,659 [main] INFO treasure2 | TreasureTags.java:152 | registering key -> treasure2:pilferers_lock_pick by rarity -> COMMON
2025-08-29 03:01:23,659 [main] INFO treasure2 | TreasureTags.java:152 | registering key -> treasure2:iron_key by rarity -> UNCOMMON
2025-08-29 03:01:23,659 [main] INFO treasure2 | TreasureTags.java:152 | registering key -> treasure2:wither_key by rarity -> RARE
2025-08-29 03:01:23,659 [main] INFO treasure2 | TreasureTags.java:152 | registering key -> treasure2:spider_key by rarity -> SCARCE
2025-08-29 03:01:23,659 [main] INFO treasure2 | TreasureTags.java:152 | registering key -> treasure2:one_key by rarity -> MYTHICAL
2025-08-29 03:01:23,660 [main] INFO treasure2 | TreasureTags.java:167 | registering lock -> treasure2:onyx_lock by rarity -> SCARCE
2025-08-29 03:01:23,660 [main] INFO treasure2 | TreasureTags.java:167 | registering lock -> treasure2:spider_lock by rarity -> SCARCE
2025-08-29 03:01:23,660 [main] INFO treasure2 | TreasureTags.java:167 | registering lock -> treasure2:emerald_lock by rarity -> RARE
2025-08-29 03:01:23,660 [main] INFO treasure2 | TreasureTags.java:167 | registering lock -> treasure2:ruby_lock by rarity -> EPIC
2025-08-29 03:01:23,660 [main] INFO treasure2 | TreasureTags.java:167 | registering lock -> treasure2:stone_lock by rarity -> COMMON
2025-08-29 03:01:23,660 [main] INFO treasure2 | TreasureTags.java:167 | registering lock -> treasure2:leaf_lock by rarity -> UNCOMMON
2025-08-29 03:01:23,660 [main] INFO treasure2 | TreasureTags.java:167 | registering lock -> treasure2:sapphire_lock by rarity -> EPIC
2025-08-29 03:01:23,660 [main] INFO treasure2 | TreasureTags.java:167 | registering lock -> treasure2:diamond_lock by rarity -> RARE
2025-08-29 03:01:23,660 [main] INFO treasure2 | TreasureTags.java:167 | registering lock -> treasure2:ember_lock by rarity -> SCARCE
2025-08-29 03:01:23,660 [main] INFO treasure2 | TreasureTags.java:167 | registering lock -> treasure2:gold_lock by rarity -> SCARCE
2025-08-29 03:01:23,660 [main] INFO treasure2 | TreasureTags.java:167 | registering lock -> treasure2:wood_lock by rarity -> COMMON
2025-08-29 03:01:23,661 [main] INFO treasure2 | TreasureTags.java:167 | registering lock -> treasure2:iron_lock by rarity -> UNCOMMON
2025-08-29 03:01:23,661 [main] INFO treasure2 | TreasureTags.java:167 | registering lock -> treasure2:topaz_lock by rarity -> SCARCE
2025-08-29 03:01:23,661 [main] INFO treasure2 | TreasureTags.java:184 | registering chest -> treasure2:barrel_chest by rarity -> UNCOMMON
2025-08-29 03:01:23,661 [main] INFO treasure2 | TreasureTags.java:184 | registering chest -> treasure2:viking_chest by rarity -> UNCOMMON
2025-08-29 03:01:23,661 [main] INFO treasure2 | TreasureTags.java:184 | registering chest -> treasure2:pirate_chest by rarity -> SCARCE
2025-08-29 03:01:23,661 [main] INFO treasure2 | TreasureTags.java:184 | registering chest -> treasure2:safe by rarity -> RARE
2025-08-29 03:01:23,661 [main] INFO treasure2 | TreasureTags.java:184 | registering chest -> treasure2:cauldron_chest by rarity -> CAULDRON
2025-08-29 03:01:23,661 [main] INFO treasure2 | TreasureTags.java:184 | registering chest -> treasure2:crate_chest by rarity -> UNCOMMON
2025-08-29 03:01:23,662 [main] INFO treasure2 | TreasureTags.java:184 | registering chest -> treasure2:crate_chest_moldy by rarity -> COMMON
2025-08-29 03:01:23,662 [main] INFO treasure2 | TreasureTags.java:184 | registering chest -> treasure2:dread_pirate_chest by rarity -> EPIC
2025-08-29 03:01:23,662 [main] INFO treasure2 | TreasureTags.java:184 | registering chest -> treasure2:spider_chest by rarity -> RARE
2025-08-29 03:01:23,662 [main] INFO treasure2 | TreasureTags.java:184 | registering chest -> treasure2:ironbound_chest by rarity -> UNCOMMON
2025-08-29 03:01:23,662 [main] INFO treasure2 | TreasureTags.java:184 | registering chest -> treasure2:skull_chest by rarity -> SKULL
2025-08-29 03:01:23,662 [main] INFO treasure2 | TreasureTags.java:184 | registering chest -> treasure2:milk_crate by rarity -> COMMON
2025-08-29 03:01:23,662 [main] INFO treasure2 | TreasureTags.java:184 | registering chest -> treasure2:vanilla_chest by rarity -> COMMON
2025-08-29 03:01:23,662 [main] INFO treasure2 | TreasureTags.java:184 | registering chest -> treasure2:gold_skull_chest by rarity -> GOLD_SKULL
2025-08-29 03:01:23,662 [main] INFO treasure2 | TreasureTags.java:184 | registering chest -> treasure2:gold_strongbox by rarity -> RARE
2025-08-29 03:01:23,662 [main] INFO treasure2 | TreasureTags.java:184 | registering chest -> treasure2:iron_strongbox by rarity -> SCARCE
2025-08-29 03:01:23,662 [main] INFO treasure2 | TreasureTags.java:184 | registering chest -> treasure2:crystal_skull_chest by rarity -> CRYSTAL_SKULL
2025-08-29 03:01:23,663 [main] INFO treasure2 | TreasureTags.java:184 | registering chest -> treasure2:wood_chest by rarity -> COMMON
2025-08-29 03:01:23,663 [main] INFO treasure2 | TreasureTags.java:184 | registering chest -> treasure2:wither_chest by rarity -> WITHER
2025-08-29 03:01:23,663 [main] INFO treasure2 | TreasureTags.java:184 | registering chest -> treasure2:compressor_chest by rarity -> EPIC
2025-08-29 03:01:23,663 [main] INFO treasure2 | TreasureTags.java:184 | registering chest -> treasure2:cardboard_box by rarity -> COMMON
2025-08-29 03:01:23,663 [main] INFO treasure2 | TreasureTags.java:201 | registering wishable -> treasure2:onyx by rarity -> RARE
2025-08-29 03:01:23,663 [main] INFO treasure2 | TreasureTags.java:201 | registering wishable -> treasure2:ruby by rarity -> RARE
2025-08-29 03:01:23,663 [main] INFO treasure2 | TreasureTags.java:201 | registering wishable -> treasure2:white_pearl by rarity -> RARE
2025-08-29 03:01:23,663 [main] INFO treasure2 | TreasureTags.java:201 | registering wishable -> treasure2:sapphire by rarity -> EPIC
2025-08-29 03:01:23,664 [main] INFO treasure2 | TreasureTags.java:201 | registering wishable -> treasure2:black_pearl by rarity -> EPIC
2025-08-29 03:01:23,664 [main] INFO treasure2 | TreasureTags.java:201 | registering wishable -> treasure2:gold_coin by rarity -> SCARCE
2025-08-29 03:01:23,664 [main] INFO treasure2 | TreasureTags.java:201 | registering wishable -> treasure2:topaz by rarity -> SCARCE
2025-08-29 03:01:23,664 [main] INFO treasure2 | TreasureTags.java:201 | registering wishable -> minecraft:diamond by rarity -> SCARCE
2025-08-29 03:01:23,664 [main] INFO treasure2 | TreasureTags.java:201 | registering wishable -> minecraft:emerald by rarity -> SCARCE
2025-08-29 03:01:23,664 [main] INFO treasure2 | TreasureTags.java:201 | registering wishable -> treasure2:silver_coin by rarity -> UNCOMMON
2025-08-29 03:01:23,664 [main] INFO treasure2 | TreasureTags.java:201 | registering wishable -> treasure2:copper_coin by rarity -> COMMON
2025-08-29 03:01:24,011 [Server thread] INFO treasure2 | Config.java:760 | transforming mob set config...
2025-08-29 03:01:24,019 [Server thread] INFO treasure2 | Config.java:769 | adding mobset to map -> MobSet{name='treasure2:wishing_well_group', category='wishing_wells', biomeWhitelist=[], biomeBlacklist=[], count=IntegerRange [min=1, max=3], mobs=[WeightedMob{name='minecraft:zombie', weight=35}, WeightedMob{name='minecraft:zombie_villager', weight=10}, WeightedMob{name='minecraft:skeleton', weight=35}, WeightedMob{name='minecraft:vex', weight=20}, WeightedMob{name='minecraft:creeper', weight=15}, WeightedMob{name='minecraft:slime', weight=5}]}
2025-08-29 03:01:24,019 [Server thread] INFO treasure2 | Config.java:769 | adding mobset to map -> MobSet{name='treasure2:wither_tree_group', category='wither_trees', biomeWhitelist=[], biomeBlacklist=[], count=IntegerRange [min=1, max=3], mobs=[WeightedMob{name='minecraft:wither_skeleton', weight=90}, WeightedMob{name='minecraft:skeleton', weight=10}]}
2025-08-29 03:01:24,019 [Server thread] INFO treasure2 | Config.java:769 | adding mobset to map -> MobSet{name='treasure2:small_zombie_group', category='zombies', biomeWhitelist=[], biomeBlacklist=[], count=IntegerRange [min=1, max=3], mobs=[WeightedMob{name='minecraft:zombie', weight=90}, WeightedMob{name='minecraft:zombie_villager', weight=10}]}
2025-08-29 03:01:24,019 [Server thread] INFO treasure2 | Config.java:769 | adding mobset to map -> MobSet{name='treasure2:medium_zombie_group', category='zombies', biomeWhitelist=[], biomeBlacklist=[], count=IntegerRange [min=2, max=5], mobs=[WeightedMob{name='minecraft:zombie', weight=90}, WeightedMob{name='minecraft:zombie_villager', weight=10}]}
2025-08-29 03:01:24,020 [Thread-2] INFO treasure2 | Config.java:760 | transforming mob set config...
2025-08-29 03:01:24,021 [Thread-2] INFO treasure2 | Config.java:769 | adding mobset to map -> MobSet{name='treasure2:wishing_well_group', category='wishing_wells', biomeWhitelist=[], biomeBlacklist=[], count=IntegerRange [min=1, max=3], mobs=[WeightedMob{name='minecraft:zombie', weight=35}, WeightedMob{name='minecraft:zombie_villager', weight=10}, WeightedMob{name='minecraft:skeleton', weight=35}, WeightedMob{name='minecraft:vex', weight=20}, WeightedMob{name='minecraft:creeper', weight=15}, WeightedMob{name='minecraft:slime', weight=5}]}
2025-08-29 03:01:24,021 [Thread-2] INFO treasure2 | Config.java:769 | adding mobset to map -> MobSet{name='treasure2:wither_tree_group', category='wither_trees', biomeWhitelist=[], biomeBlacklist=[], count=IntegerRange [min=1, max=3], mobs=[WeightedMob{name='minecraft:wither_skeleton', weight=90}, WeightedMob{name='minecraft:skeleton', weight=10}]}
2025-08-29 03:01:24,021 [Thread-2] INFO treasure2 | Config.java:769 | adding mobset to map -> MobSet{name='treasure2:small_zombie_group', category='zombies', biomeWhitelist=[], biomeBlacklist=[], count=IntegerRange [min=1, max=3], mobs=[WeightedMob{name='minecraft:zombie', weight=90}, WeightedMob{name='minecraft:zombie_villager', weight=10}]}
2025-08-29 03:01:24,021 [Thread-2] INFO treasure2 | Config.java:769 | adding mobset to map -> MobSet{name='treasure2:medium_zombie_group', category='zombies', biomeWhitelist=[], biomeBlacklist=[], count=IntegerRange [min=2, max=5], mobs=[WeightedMob{name='minecraft:zombie', weight=90}, WeightedMob{name='minecraft:zombie_villager', weight=10}]}
2025-08-29 03:01:24,022 [Thread-2] INFO treasure2 | Config.java:760 | transforming mob set config...
2025-08-29 03:01:24,022 [Thread-2] INFO treasure2 | Config.java:769 | adding mobset to map -> MobSet{name='treasure2:wishing_well_group', category='wishing_wells', biomeWhitelist=[], biomeBlacklist=[], count=IntegerRange [min=1, max=3], mobs=[WeightedMob{name='minecraft:zombie', weight=35}, WeightedMob{name='minecraft:zombie_villager', weight=10}, WeightedMob{name='minecraft:skeleton', weight=35}, WeightedMob{name='minecraft:vex', weight=20}, WeightedMob{name='minecraft:creeper', weight=15}, WeightedMob{name='minecraft:slime', weight=5}]}
2025-08-29 03:01:24,022 [Thread-2] INFO treasure2 | Config.java:769 | adding mobset to map -> MobSet{name='treasure2:wither_tree_group', category='wither_trees', biomeWhitelist=[], biomeBlacklist=[], count=IntegerRange [min=1, max=3], mobs=[WeightedMob{name='minecraft:wither_skeleton', weight=90}, WeightedMob{name='minecraft:skeleton', weight=10}]}
2025-08-29 03:01:24,022 [Thread-2] INFO treasure2 | Config.java:769 | adding mobset to map -> MobSet{name='treasure2:small_zombie_group', category='zombies', biomeWhitelist=[], biomeBlacklist=[], count=IntegerRange [min=1, max=3], mobs=[WeightedMob{name='minecraft:zombie', weight=90}, WeightedMob{name='minecraft:zombie_villager', weight=10}]}
2025-08-29 03:01:24,022 [Thread-2] INFO treasure2 | Config.java:769 | adding mobset to map -> MobSet{name='treasure2:medium_zombie_group', category='zombies', biomeWhitelist=[], biomeBlacklist=[], count=IntegerRange [min=2, max=5], mobs=[WeightedMob{name='minecraft:zombie', weight=90}, WeightedMob{name='minecraft:zombie_villager', weight=10}]}
2025-08-29 03:01:24,568 [Server thread] INFO treasure2 | WorldEventHandler.java:54 | In world load event
2025-08-29 03:01:24,573 [Server thread] INFO treasure2 | WorldEventHandler.java:64 | In world load event for dimension minecraft:overworld
2025-08-29 03:01:24,597 [Server thread] INFO treasure2 | MobSetRegistry.java:37 | mobSetConfig optional ...
2025-08-29 03:01:24,598 [Server thread] INFO treasure2 | MobSetRegistry.java:39 | mobSetConfig is present
2025-08-29 03:01:25,117 [Server thread] WARN treasure2 | TreasureTemplateRegistry.java:791 | biome -> 'minecraft:desert' is not registgered
2025-08-29 03:01:25,118 [Server thread] WARN treasure2 | TreasureTemplateRegistry.java:791 | biome -> 'minecraft:desert' is not registgered
2025-08-29 03:01:25,118 [Server thread] WARN treasure2 | TreasureTemplateRegistry.java:791 | biome -> 'minecraft:desert' is not registgered
2025-08-29 03:01:25,118 [Server thread] WARN treasure2 | TreasureTemplateRegistry.java:791 | biome -> 'minecraft:desert' is not registgered
2025-08-29 03:01:25,118 [Server thread] WARN treasure2 | TreasureTemplateRegistry.java:791 | biome -> 'minecraft:desert' is not registgered
2025-08-29 03:01:25,118 [Server thread] WARN treasure2 | TreasureTemplateRegistry.java:791 | biome -> 'minecraft:desert' is not registgered
2025-08-29 03:01:25,118 [Server thread] WARN treasure2 | TreasureTemplateRegistry.java:791 | biome -> 'minecraft:desert' is not registgered
2025-08-29 03:01:25,118 [Server thread] WARN treasure2 | TreasureTemplateRegistry.java:791 | biome -> 'minecraft:desert' is not registgered
2025-08-29 03:01:27,229 [Server thread] INFO treasure2 | WorldEventHandler.java:54 | In world load event
2025-08-29 03:01:27,229 [Server thread] INFO treasure2 | WorldEventHandler.java:64 | In world load event for dimension minecraft:the_nether
2025-08-29 03:01:27,249 [Server thread] INFO treasure2 | WorldEventHandler.java:54 | In world load event
2025-08-29 03:01:27,249 [Server thread] INFO treasure2 | WorldEventHandler.java:64 | In world load event for dimension minecraft:the_end
2025-08-29 03:05:54,808 [Server thread] INFO treasure2 | AbstractTreasureChestBlock.java:162 | AbstractTreasureChestBlock | newBlockEntity | lockStates -> [LockState [slot=LockSlot [index=0, face=NORTH, xOffset=0.5, yOffset=0.3, zOffset=0.05, rotation=0.0], lockItem=null]]
2025-08-29 03:05:54,810 [Server thread] INFO treasure2 | AbstractTreasureChestBlock.java:163 | AbstractTreasureChestBlock | newBlockEntity | tileEntity -> mod.gottsch.forge.treasure2.core.block.entity.VanillaChestBlockEntity@ef36ec7 @ BlockPos{x=1526, y=76, z=1205}
2025-08-29 03:05:54,848 [Server thread] INFO treasure2 | PitChestFeatureGenerator.java:130 | CHEATER! COMMON chest at coords: 1526 91 1205
2025-08-29 03:15:02,265 [Server thread] INFO treasure2 | AbstractTreasureChestBlock.java:162 | AbstractTreasureChestBlock | newBlockEntity | lockStates -> [LockState [slot=LockSlot [index=0, face=EAST, xOffset=0.72, yOffset=0.18, zOffset=0.5, rotation=90.0], lockItem=null]]
2025-08-29 03:15:02,265 [Server thread] INFO treasure2 | AbstractTreasureChestBlock.java:163 | AbstractTreasureChestBlock | newBlockEntity | tileEntity -> mod.gottsch.forge.treasure2.core.block.entity.CrystalSkullChestBlockEntity@14c6ba34 @ BlockPos{x=1442, y=35, z=910}
2025-08-29 03:15:02,313 [Server thread] INFO treasure2 | PitChestFeatureGenerator.java:130 | CHEATER! CRYSTAL_SKULL chest at coords: 1442 64 910
2025-08-29 03:17:57,189 [Server thread] INFO treasure2 | AbstractTreasureChestBlock.java:162 | AbstractTreasureChestBlock | newBlockEntity | lockStates -> [LockState [slot=LockSlot [index=0, face=NORTH, xOffset=0.5, yOffset=0.55, zOffset=0.17, rotation=0.0], lockItem=null]]
2025-08-29 03:17:57,189 [Server thread] INFO treasure2 | AbstractTreasureChestBlock.java:163 | AbstractTreasureChestBlock | newBlockEntity | tileEntity -> mod.gottsch.forge.treasure2.core.block.entity.VikingChestBlockEntity@68a9ed84 @ BlockPos{x=1641, y=74, z=993}
2025-08-29 03:17:57,215 [Server thread] INFO treasure2 | PitChestFeatureGenerator.java:130 | CHEATER! UNCOMMON chest at coords: 1641 99 993
2025-08-29 03:17:57,525 [Worker-Main-1] INFO treasure2 | WellGenerator.java:198 | CHEATER! Wishing Well at coords: 1680 78 1190
2025-08-29 03:22:36,528 [Server thread] WARN treasure2 | DeferredGeneratorBlockEntity.java:121 | unable to locate rarity config for rarity - >UNCOMMON
2025-08-29 03:24:58,634 [Server thread] INFO treasure2 | AbstractTreasureChestBlock.java:162 | AbstractTreasureChestBlock | newBlockEntity | lockStates -> [LockState [slot=LockSlot [index=0, face=NORTH, xOffset=0.5, yOffset=0.3, zOffset=0.05, rotation=0.0], lockItem=null], LockState [slot=LockSlot [index=1, face=EAST, xOffset=0.95, yOffset=0.3, zOffset=0.5, rotation=90.0], lockItem=null], LockState [slot=LockSlot [index=2, face=WEST, xOffset=0.05, yOffset=0.3, zOffset=0.5, rotation=-90.0], lockItem=null]]
2025-08-29 03:24:58,635 [Server thread] INFO treasure2 | AbstractTreasureChestBlock.java:163 | AbstractTreasureChestBlock | newBlockEntity | tileEntity -> mod.gottsch.forge.treasure2.core.block.entity.DreadPirateChestBlockEntity@5abb6f30 @ BlockPos{x=446, y=5, z=1606}
2025-08-29 03:24:58,669 [Server thread] INFO treasure2 | PitChestFeatureGenerator.java:130 | CHEATER! MYTHICAL chest at coords: 446 75 1606
2025-08-29 03:30:26,284 [Server thread] INFO treasure2 | AbstractTreasureChestBlock.java:162 | AbstractTreasureChestBlock | newBlockEntity | lockStates -> [LockState [slot=LockSlot [index=0, face=NORTH, xOffset=0.5, yOffset=0.6, zOffset=0.05, rotation=0.0], lockItem=null]]
2025-08-29 03:30:26,284 [Server thread] INFO treasure2 | AbstractTreasureChestBlock.java:163 | AbstractTreasureChestBlock | newBlockEntity | tileEntity -> mod.gottsch.forge.treasure2.core.block.entity.MoldyCrateChestBlockEntity@458328dc @ BlockPos{x=137, y=96, z=1175}
2025-08-29 03:30:26,324 [Server thread] INFO treasure2 | PitChestFeatureGenerator.java:130 | CHEATER! COMMON chest at coords: 137 103 1175
2025-08-29 05:56:10,065 [Server thread] INFO treasure2 | Config.java:760 | transforming mob set config...
2025-08-29 05:56:10,066 [Server thread] INFO treasure2 | Config.java:769 | adding mobset to map -> MobSet{name='treasure2:wishing_well_group', category='wishing_wells', biomeWhitelist=[], biomeBlacklist=[], count=IntegerRange [min=1, max=3], mobs=[WeightedMob{name='minecraft:zombie', weight=35}, WeightedMob{name='minecraft:zombie_villager', weight=10}, WeightedMob{name='minecraft:skeleton', weight=35}, WeightedMob{name='minecraft:vex', weight=20}, WeightedMob{name='minecraft:creeper', weight=15}, WeightedMob{name='minecraft:slime', weight=5}]}
2025-08-29 05:56:10,066 [Server thread] INFO treasure2 | Config.java:769 | adding mobset to map -> MobSet{name='treasure2:wither_tree_group', category='wither_trees', biomeWhitelist=[], biomeBlacklist=[], count=IntegerRange [min=1, max=3], mobs=[WeightedMob{name='minecraft:wither_skeleton', weight=90}, WeightedMob{name='minecraft:skeleton', weight=10}]}
2025-08-29 05:56:10,066 [Server thread] INFO treasure2 | Config.java:769 | adding mobset to map -> MobSet{name='treasure2:small_zombie_group', category='zombies', biomeWhitelist=[], biomeBlacklist=[], count=IntegerRange [min=1, max=3], mobs=[WeightedMob{name='minecraft:zombie', weight=90}, WeightedMob{name='minecraft:zombie_villager', weight=10}]}
2025-08-29 05:56:10,066 [Server thread] INFO treasure2 | Config.java:769 | adding mobset to map -> MobSet{name='treasure2:medium_zombie_group', category='zombies', biomeWhitelist=[], biomeBlacklist=[], count=IntegerRange [min=2, max=5], mobs=[WeightedMob{name='minecraft:zombie', weight=90}, WeightedMob{name='minecraft:zombie_villager', weight=10}]}
2025-08-29 18:39:09,112 [modloading-worker-0] WARN treasure2 | TreasureLootTableRegistry.java:173 | unable to locate file in jar -> data/treasure2/loot_tables/injects
2025-08-29 18:39:17,272 [main] INFO treasure2 | TreasureTags.java:135 | in tags updated event
2025-08-29 18:39:17,273 [main] INFO treasure2 | TreasureTags.java:152 | registering key -> treasure2:stone_key by rarity -> COMMON
2025-08-29 18:39:17,274 [main] INFO treasure2 | TreasureTags.java:152 | registering key -> treasure2:leaf_key by rarity -> UNCOMMON
2025-08-29 18:39:17,274 [main] INFO treasure2 | TreasureTags.java:152 | registering key -> treasure2:gold_key by rarity -> SCARCE
2025-08-29 18:39:17,274 [main] INFO treasure2 | TreasureTags.java:152 | registering key -> treasure2:diamond_key by rarity -> RARE
2025-08-29 18:39:17,274 [main] INFO treasure2 | TreasureTags.java:152 | registering key -> treasure2:thiefs_lock_pick by rarity -> UNCOMMON
2025-08-29 18:39:17,274 [main] INFO treasure2 | TreasureTags.java:152 | registering key -> treasure2:ember_key by rarity -> SCARCE
2025-08-29 18:39:17,274 [main] INFO treasure2 | TreasureTags.java:152 | registering key -> treasure2:wood_key by rarity -> COMMON
2025-08-29 18:39:17,274 [main] INFO treasure2 | TreasureTags.java:152 | registering key -> treasure2:metallurgists_key by rarity -> RARE
2025-08-29 18:39:17,274 [main] INFO treasure2 | TreasureTags.java:152 | registering key -> treasure2:skeleton_key by rarity -> RARE
2025-08-29 18:39:17,274 [main] INFO treasure2 | TreasureTags.java:152 | registering key -> treasure2:jewelled_key by rarity -> EPIC
2025-08-29 18:39:17,274 [main] INFO treasure2 | TreasureTags.java:152 | registering key -> treasure2:ruby_key by rarity -> EPIC
2025-08-29 18:39:17,275 [main] INFO treasure2 | TreasureTags.java:152 | registering key -> treasure2:onyx_key by rarity -> SCARCE
2025-08-29 18:39:17,275 [main] INFO treasure2 | TreasureTags.java:152 | registering key -> treasure2:emerald_key by rarity -> RARE
2025-08-29 18:39:17,275 [main] INFO treasure2 | TreasureTags.java:152 | registering key -> treasure2:lightning_key by rarity -> SCARCE
2025-08-29 18:39:17,275 [main] INFO treasure2 | TreasureTags.java:152 | registering key -> treasure2:topaz_key by rarity -> SCARCE
2025-08-29 18:39:17,275 [main] INFO treasure2 | TreasureTags.java:152 | registering key -> treasure2:sapphire_key by rarity -> EPIC
2025-08-29 18:39:17,275 [main] INFO treasure2 | TreasureTags.java:152 | registering key -> treasure2:pilferers_lock_pick by rarity -> COMMON
2025-08-29 18:39:17,275 [main] INFO treasure2 | TreasureTags.java:152 | registering key -> treasure2:iron_key by rarity -> UNCOMMON
2025-08-29 18:39:17,275 [main] INFO treasure2 | TreasureTags.java:152 | registering key -> treasure2:wither_key by rarity -> RARE
2025-08-29 18:39:17,275 [main] INFO treasure2 | TreasureTags.java:152 | registering key -> treasure2:spider_key by rarity -> SCARCE
2025-08-29 18:39:17,275 [main] INFO treasure2 | TreasureTags.java:152 | registering key -> treasure2:one_key by rarity -> MYTHICAL
2025-08-29 18:39:17,276 [main] INFO treasure2 | TreasureTags.java:167 | registering lock -> treasure2:onyx_lock by rarity -> SCARCE
2025-08-29 18:39:17,276 [main] INFO treasure2 | TreasureTags.java:167 | registering lock -> treasure2:spider_lock by rarity -> SCARCE
2025-08-29 18:39:17,276 [main] INFO treasure2 | TreasureTags.java:167 | registering lock -> treasure2:emerald_lock by rarity -> RARE
2025-08-29 18:39:17,276 [main] INFO treasure2 | TreasureTags.java:167 | registering lock -> treasure2:ruby_lock by rarity -> EPIC
2025-08-29 18:39:17,276 [main] INFO treasure2 | TreasureTags.java:167 | registering lock -> treasure2:stone_lock by rarity -> COMMON
2025-08-29 18:39:17,276 [main] INFO treasure2 | TreasureTags.java:167 | registering lock -> treasure2:leaf_lock by rarity -> UNCOMMON
2025-08-29 18:39:17,276 [main] INFO treasure2 | TreasureTags.java:167 | registering lock -> treasure2:sapphire_lock by rarity -> EPIC
2025-08-29 18:39:17,277 [main] INFO treasure2 | TreasureTags.java:167 | registering lock -> treasure2:diamond_lock by rarity -> RARE
2025-08-29 18:39:17,277 [main] INFO treasure2 | TreasureTags.java:167 | registering lock -> treasure2:ember_lock by rarity -> SCARCE
2025-08-29 18:39:17,277 [main] INFO treasure2 | TreasureTags.java:167 | registering lock -> treasure2:gold_lock by rarity -> SCARCE
2025-08-29 18:39:17,277 [main] INFO treasure2 | TreasureTags.java:167 | registering lock -> treasure2:wood_lock by rarity -> COMMON
2025-08-29 18:39:17,277 [main] INFO treasure2 | TreasureTags.java:167 | registering lock -> treasure2:iron_lock by rarity -> UNCOMMON
2025-08-29 18:39:17,277 [main] INFO treasure2 | TreasureTags.java:167 | registering lock -> treasure2:topaz_lock by rarity -> SCARCE
2025-08-29 18:39:17,277 [main] INFO treasure2 | TreasureTags.java:184 | registering chest -> treasure2:barrel_chest by rarity -> UNCOMMON
2025-08-29 18:39:17,277 [main] INFO treasure2 | TreasureTags.java:184 | registering chest -> treasure2:viking_chest by rarity -> UNCOMMON
2025-08-29 18:39:17,278 [main] INFO treasure2 | TreasureTags.java:184 | registering chest -> treasure2:pirate_chest by rarity -> SCARCE
2025-08-29 18:39:17,278 [main] INFO treasure2 | TreasureTags.java:184 | registering chest -> treasure2:safe by rarity -> RARE
2025-08-29 18:39:17,278 [main] INFO treasure2 | TreasureTags.java:184 | registering chest -> treasure2:cauldron_chest by rarity -> CAULDRON
2025-08-29 18:39:17,278 [main] INFO treasure2 | TreasureTags.java:184 | registering chest -> treasure2:crate_chest by rarity -> UNCOMMON
2025-08-29 18:39:17,278 [main] INFO treasure2 | TreasureTags.java:184 | registering chest -> treasure2:crate_chest_moldy by rarity -> COMMON
2025-08-29 18:39:17,278 [main] INFO treasure2 | TreasureTags.java:184 | registering chest -> treasure2:dread_pirate_chest by rarity -> EPIC
2025-08-29 18:39:17,278 [main] INFO treasure2 | TreasureTags.java:184 | registering chest -> treasure2:spider_chest by rarity -> RARE
2025-08-29 18:39:17,278 [main] INFO treasure2 | TreasureTags.java:184 | registering chest -> treasure2:ironbound_chest by rarity -> UNCOMMON
2025-08-29 18:39:17,278 [main] INFO treasure2 | TreasureTags.java:184 | registering chest -> treasure2:skull_chest by rarity -> SKULL
2025-08-29 18:39:17,278 [main] INFO treasure2 | TreasureTags.java:184 | registering chest -> treasure2:milk_crate by rarity -> COMMON
2025-08-29 18:39:17,278 [main] INFO treasure2 | TreasureTags.java:184 | registering chest -> treasure2:vanilla_chest by rarity -> COMMON
2025-08-29 18:39:17,279 [main] INFO treasure2 | TreasureTags.java:184 | registering chest -> treasure2:gold_skull_chest by rarity -> GOLD_SKULL
2025-08-29 18:39:17,279 [main] INFO treasure2 | TreasureTags.java:184 | registering chest -> treasure2:gold_strongbox by rarity -> RARE
2025-08-29 18:39:17,279 [main] INFO treasure2 | TreasureTags.java:184 | registering chest -> treasure2:iron_strongbox by rarity -> SCARCE
2025-08-29 18:39:17,279 [main] INFO treasure2 | TreasureTags.java:184 | registering chest -> treasure2:crystal_skull_chest by rarity -> CRYSTAL_SKULL
2025-08-29 18:39:17,279 [main] INFO treasure2 | TreasureTags.java:184 | registering chest -> treasure2:wood_chest by rarity -> COMMON
2025-08-29 18:39:17,279 [main] INFO treasure2 | TreasureTags.java:184 | registering chest -> treasure2:wither_chest by rarity -> WITHER
2025-08-29 18:39:17,279 [main] INFO treasure2 | TreasureTags.java:184 | registering chest -> treasure2:compressor_chest by rarity -> EPIC
2025-08-29 18:39:17,279 [main] INFO treasure2 | TreasureTags.java:184 | registering chest -> treasure2:cardboard_box by rarity -> COMMON
2025-08-29 18:39:17,280 [main] INFO treasure2 | TreasureTags.java:201 | registering wishable -> treasure2:onyx by rarity -> RARE
2025-08-29 18:39:17,280 [main] INFO treasure2 | TreasureTags.java:201 | registering wishable -> treasure2:ruby by rarity -> RARE
2025-08-29 18:39:17,280 [main] INFO treasure2 | TreasureTags.java:201 | registering wishable -> treasure2:white_pearl by rarity -> RARE
2025-08-29 18:39:17,280 [main] INFO treasure2 | TreasureTags.java:201 | registering wishable -> treasure2:sapphire by rarity -> EPIC
2025-08-29 18:39:17,280 [main] INFO treasure2 | TreasureTags.java:201 | registering wishable -> treasure2:black_pearl by rarity -> EPIC
2025-08-29 18:39:17,280 [main] INFO treasure2 | TreasureTags.java:201 | registering wishable -> treasure2:gold_coin by rarity -> SCARCE
2025-08-29 18:39:17,280 [main] INFO treasure2 | TreasureTags.java:201 | registering wishable -> treasure2:topaz by rarity -> SCARCE
2025-08-29 18:39:17,280 [main] INFO treasure2 | TreasureTags.java:201 | registering wishable -> minecraft:diamond by rarity -> SCARCE
2025-08-29 18:39:17,280 [main] INFO treasure2 | TreasureTags.java:201 | registering wishable -> minecraft:emerald by rarity -> SCARCE
2025-08-29 18:39:17,281 [main] INFO treasure2 | TreasureTags.java:201 | registering wishable -> treasure2:silver_coin by rarity -> UNCOMMON
2025-08-29 18:39:17,281 [main] INFO treasure2 | TreasureTags.java:201 | registering wishable -> treasure2:copper_coin by rarity -> COMMON
2025-08-29 18:39:17,820 [Server thread] INFO treasure2 | Config.java:760 | transforming mob set config...
2025-08-29 18:39:17,827 [Server thread] INFO treasure2 | Config.java:769 | adding mobset to map -> MobSet{name='treasure2:wishing_well_group', category='wishing_wells', biomeWhitelist=[], biomeBlacklist=[], count=IntegerRange [min=1, max=3], mobs=[WeightedMob{name='minecraft:zombie', weight=35}, WeightedMob{name='minecraft:zombie_villager', weight=10}, WeightedMob{name='minecraft:skeleton', weight=35}, WeightedMob{name='minecraft:vex', weight=20}, WeightedMob{name='minecraft:creeper', weight=15}, WeightedMob{name='minecraft:slime', weight=5}]}
2025-08-29 18:39:17,828 [Server thread] INFO treasure2 | Config.java:769 | adding mobset to map -> MobSet{name='treasure2:wither_tree_group', category='wither_trees', biomeWhitelist=[], biomeBlacklist=[], count=IntegerRange [min=1, max=3], mobs=[WeightedMob{name='minecraft:wither_skeleton', weight=90}, WeightedMob{name='minecraft:skeleton', weight=10}]}
2025-08-29 18:39:17,828 [Server thread] INFO treasure2 | Config.java:769 | adding mobset to map -> MobSet{name='treasure2:small_zombie_group', category='zombies', biomeWhitelist=[], biomeBlacklist=[], count=IntegerRange [min=1, max=3], mobs=[WeightedMob{name='minecraft:zombie', weight=90}, WeightedMob{name='minecraft:zombie_villager', weight=10}]}
2025-08-29 18:39:17,828 [Server thread] INFO treasure2 | Config.java:769 | adding mobset to map -> MobSet{name='treasure2:medium_zombie_group', category='zombies', biomeWhitelist=[], biomeBlacklist=[], count=IntegerRange [min=2, max=5], mobs=[WeightedMob{name='minecraft:zombie', weight=90}, WeightedMob{name='minecraft:zombie_villager', weight=10}]}
2025-08-29 18:39:17,828 [Thread-2] INFO treasure2 | Config.java:760 | transforming mob set config...
2025-08-29 18:39:17,830 [Thread-2] INFO treasure2 | Config.java:769 | adding mobset to map -> MobSet{name='treasure2:wishing_well_group', category='wishing_wells', biomeWhitelist=[], biomeBlacklist=[], count=IntegerRange [min=1, max=3], mobs=[WeightedMob{name='minecraft:zombie', weight=35}, WeightedMob{name='minecraft:zombie_villager', weight=10}, WeightedMob{name='minecraft:skeleton', weight=35}, WeightedMob{name='minecraft:vex', weight=20}, WeightedMob{name='minecraft:creeper', weight=15}, WeightedMob{name='minecraft:slime', weight=5}]}
2025-08-29 18:39:17,830 [Thread-2] INFO treasure2 | Config.java:769 | adding mobset to map -> MobSet{name='treasure2:wither_tree_group', category='wither_trees', biomeWhitelist=[], biomeBlacklist=[], count=IntegerRange [min=1, max=3], mobs=[WeightedMob{name='minecraft:wither_skeleton', weight=90}, WeightedMob{name='minecraft:skeleton', weight=10}]}
2025-08-29 18:39:17,830 [Thread-2] INFO treasure2 | Config.java:769 | adding mobset to map -> MobSet{name='treasure2:small_zombie_group', category='zombies', biomeWhitelist=[], biomeBlacklist=[], count=IntegerRange [min=1, max=3], mobs=[WeightedMob{name='minecraft:zombie', weight=90}, WeightedMob{name='minecraft:zombie_villager', weight=10}]}
2025-08-29 18:39:17,830 [Thread-2] INFO treasure2 | Config.java:769 | adding mobset to map -> MobSet{name='treasure2:medium_zombie_group', category='zombies', biomeWhitelist=[], biomeBlacklist=[], count=IntegerRange [min=2, max=5], mobs=[WeightedMob{name='minecraft:zombie', weight=90}, WeightedMob{name='minecraft:zombie_villager', weight=10}]}
2025-08-29 18:39:17,831 [Thread-2] INFO treasure2 | Config.java:760 | transforming mob set config...
2025-08-29 18:39:17,831 [Thread-2] INFO treasure2 | Config.java:769 | adding mobset to map -> MobSet{name='treasure2:wishing_well_group', category='wishing_wells', biomeWhitelist=[], biomeBlacklist=[], count=IntegerRange [min=1, max=3], mobs=[WeightedMob{name='minecraft:zombie', weight=35}, WeightedMob{name='minecraft:zombie_villager', weight=10}, WeightedMob{name='minecraft:skeleton', weight=35}, WeightedMob{name='minecraft:vex', weight=20}, WeightedMob{name='minecraft:creeper', weight=15}, WeightedMob{name='minecraft:slime', weight=5}]}
2025-08-29 18:39:17,831 [Thread-2] INFO treasure2 | Config.java:769 | adding mobset to map -> MobSet{name='treasure2:wither_tree_group', category='wither_trees', biomeWhitelist=[], biomeBlacklist=[], count=IntegerRange [min=1, max=3], mobs=[WeightedMob{name='minecraft:wither_skeleton', weight=90}, WeightedMob{name='minecraft:skeleton', weight=10}]}
2025-08-29 18:39:17,831 [Thread-2] INFO treasure2 | Config.java:769 | adding mobset to map -> MobSet{name='treasure2:small_zombie_group', category='zombies', biomeWhitelist=[], biomeBlacklist=[], count=IntegerRange [min=1, max=3], mobs=[WeightedMob{name='minecraft:zombie', weight=90}, WeightedMob{name='minecraft:zombie_villager', weight=10}]}
2025-08-29 18:39:17,832 [Thread-2] INFO treasure2 | Config.java:769 | adding mobset to map -> MobSet{name='treasure2:medium_zombie_group', category='zombies', biomeWhitelist=[], biomeBlacklist=[], count=IntegerRange [min=2, max=5], mobs=[WeightedMob{name='minecraft:zombie', weight=90}, WeightedMob{name='minecraft:zombie_villager', weight=10}]}
2025-08-29 18:39:18,400 [Server thread] INFO treasure2 | WorldEventHandler.java:54 | In world load event
2025-08-29 18:39:18,410 [Server thread] INFO treasure2 | WorldEventHandler.java:64 | In world load event for dimension minecraft:overworld
2025-08-29 18:39:18,428 [Server thread] INFO treasure2 | MobSetRegistry.java:37 | mobSetConfig optional ...
2025-08-29 18:39:18,429 [Server thread] INFO treasure2 | MobSetRegistry.java:39 | mobSetConfig is present
2025-08-29 18:39:18,909 [Server thread] WARN treasure2 | TreasureTemplateRegistry.java:791 | biome -> 'minecraft:desert' is not registgered
2025-08-29 18:39:18,910 [Server thread] WARN treasure2 | TreasureTemplateRegistry.java:791 | biome -> 'minecraft:desert' is not registgered
2025-08-29 18:39:18,910 [Server thread] WARN treasure2 | TreasureTemplateRegistry.java:791 | biome -> 'minecraft:desert' is not registgered
2025-08-29 18:39:18,910 [Server thread] WARN treasure2 | TreasureTemplateRegistry.java:791 | biome -> 'minecraft:desert' is not registgered
2025-08-29 18:39:18,910 [Server thread] WARN treasure2 | TreasureTemplateRegistry.java:791 | biome -> 'minecraft:desert' is not registgered
2025-08-29 18:39:18,910 [Server thread] WARN treasure2 | TreasureTemplateRegistry.java:791 | biome -> 'minecraft:desert' is not registgered
2025-08-29 18:39:18,910 [Server thread] WARN treasure2 | TreasureTemplateRegistry.java:791 | biome -> 'minecraft:desert' is not registgered
2025-08-29 18:39:18,910 [Server thread] WARN treasure2 | TreasureTemplateRegistry.java:791 | biome -> 'minecraft:desert' is not registgered
2025-08-29 18:39:21,158 [Server thread] INFO treasure2 | WorldEventHandler.java:54 | In world load event
2025-08-29 18:39:21,158 [Server thread] INFO treasure2 | WorldEventHandler.java:64 | In world load event for dimension minecraft:the_nether
2025-08-29 18:39:21,196 [Server thread] INFO treasure2 | WorldEventHandler.java:54 | In world load event
2025-08-29 18:39:21,197 [Server thread] INFO treasure2 | WorldEventHandler.java:64 | In world load event for dimension minecraft:the_end
2025-08-29 19:45:19,279 [Server thread] INFO treasure2 | Config.java:760 | transforming mob set config...
2025-08-29 19:45:19,280 [Server thread] INFO treasure2 | Config.java:769 | adding mobset to map -> MobSet{name='treasure2:wishing_well_group', category='wishing_wells', biomeWhitelist=[], biomeBlacklist=[], count=IntegerRange [min=1, max=3], mobs=[WeightedMob{name='minecraft:zombie', weight=35}, WeightedMob{name='minecraft:zombie_villager', weight=10}, WeightedMob{name='minecraft:skeleton', weight=35}, WeightedMob{name='minecraft:vex', weight=20}, WeightedMob{name='minecraft:creeper', weight=15}, WeightedMob{name='minecraft:slime', weight=5}]}
2025-08-29 19:45:19,280 [Server thread] INFO treasure2 | Config.java:769 | adding mobset to map -> MobSet{name='treasure2:wither_tree_group', category='wither_trees', biomeWhitelist=[], biomeBlacklist=[], count=IntegerRange [min=1, max=3], mobs=[WeightedMob{name='minecraft:wither_skeleton', weight=90}, WeightedMob{name='minecraft:skeleton', weight=10}]}
2025-08-29 19:45:19,280 [Server thread] INFO treasure2 | Config.java:769 | adding mobset to map -> MobSet{name='treasure2:small_zombie_group', category='zombies', biomeWhitelist=[], biomeBlacklist=[], count=IntegerRange [min=1, max=3], mobs=[WeightedMob{name='minecraft:zombie', weight=90}, WeightedMob{name='minecraft:zombie_villager', weight=10}]}
2025-08-29 19:45:19,280 [Server thread] INFO treasure2 | Config.java:769 | adding mobset to map -> MobSet{name='treasure2:medium_zombie_group', category='zombies', biomeWhitelist=[], biomeBlacklist=[], count=IntegerRange [min=2, max=5], mobs=[WeightedMob{name='minecraft:zombie', weight=90}, WeightedMob{name='minecraft:zombie_villager', weight=10}]}
2025-08-30 02:28:11,554 [modloading-worker-0] WARN treasure2 | TreasureLootTableRegistry.java:173 | unable to locate file in jar -> data/treasure2/loot_tables/injects
2025-08-30 02:28:20,096 [main] INFO treasure2 | TreasureTags.java:135 | in tags updated event
2025-08-30 02:28:20,098 [main] INFO treasure2 | TreasureTags.java:152 | registering key -> treasure2:stone_key by rarity -> COMMON
2025-08-30 02:28:20,098 [main] INFO treasure2 | TreasureTags.java:152 | registering key -> treasure2:leaf_key by rarity -> UNCOMMON
2025-08-30 02:28:20,098 [main] INFO treasure2 | TreasureTags.java:152 | registering key -> treasure2:gold_key by rarity -> SCARCE
2025-08-30 02:28:20,098 [main] INFO treasure2 | TreasureTags.java:152 | registering key -> treasure2:diamond_key by rarity -> RARE
2025-08-30 02:28:20,098 [main] INFO treasure2 | TreasureTags.java:152 | registering key -> treasure2:thiefs_lock_pick by rarity -> UNCOMMON
2025-08-30 02:28:20,098 [main] INFO treasure2 | TreasureTags.java:152 | registering key -> treasure2:ember_key by rarity -> SCARCE
2025-08-30 02:28:20,098 [main] INFO treasure2 | TreasureTags.java:152 | registering key -> treasure2:wood_key by rarity -> COMMON
2025-08-30 02:28:20,098 [main] INFO treasure2 | TreasureTags.java:152 | registering key -> treasure2:metallurgists_key by rarity -> RARE
2025-08-30 02:28:20,098 [main] INFO treasure2 | TreasureTags.java:152 | registering key -> treasure2:skeleton_key by rarity -> RARE
2025-08-30 02:28:20,099 [main] INFO treasure2 | TreasureTags.java:152 | registering key -> treasure2:jewelled_key by rarity -> EPIC
2025-08-30 02:28:20,099 [main] INFO treasure2 | TreasureTags.java:152 | registering key -> treasure2:ruby_key by rarity -> EPIC
2025-08-30 02:28:20,099 [main] INFO treasure2 | TreasureTags.java:152 | registering key -> treasure2:onyx_key by rarity -> SCARCE
2025-08-30 02:28:20,099 [main] INFO treasure2 | TreasureTags.java:152 | registering key -> treasure2:emerald_key by rarity -> RARE
2025-08-30 02:28:20,099 [main] INFO treasure2 | TreasureTags.java:152 | registering key -> treasure2:lightning_key by rarity -> SCARCE
2025-08-30 02:28:20,099 [main] INFO treasure2 | TreasureTags.java:152 | registering key -> treasure2:topaz_key by rarity -> SCARCE
2025-08-30 02:28:20,099 [main] INFO treasure2 | TreasureTags.java:152 | registering key -> treasure2:sapphire_key by rarity -> EPIC
2025-08-30 02:28:20,099 [main] INFO treasure2 | TreasureTags.java:152 | registering key -> treasure2:pilferers_lock_pick by rarity -> COMMON
2025-08-30 02:28:20,099 [main] INFO treasure2 | TreasureTags.java:152 | registering key -> treasure2:iron_key by rarity -> UNCOMMON
2025-08-30 02:28:20,100 [main] INFO treasure2 | TreasureTags.java:152 | registering key -> treasure2:wither_key by rarity -> RARE
2025-08-30 02:28:20,100 [main] INFO treasure2 | TreasureTags.java:152 | registering key -> treasure2:spider_key by rarity -> SCARCE
2025-08-30 02:28:20,100 [main] INFO treasure2 | TreasureTags.java:152 | registering key -> treasure2:one_key by rarity -> MYTHICAL
2025-08-30 02:28:20,100 [main] INFO treasure2 | TreasureTags.java:167 | registering lock -> treasure2:onyx_lock by rarity -> SCARCE
2025-08-30 02:28:20,100 [main] INFO treasure2 | TreasureTags.java:167 | registering lock -> treasure2:spider_lock by rarity -> SCARCE
2025-08-30 02:28:20,100 [main] INFO treasure2 | TreasureTags.java:167 | registering lock -> treasure2:emerald_lock by rarity -> RARE
2025-08-30 02:28:20,100 [main] INFO treasure2 | TreasureTags.java:167 | registering lock -> treasure2:ruby_lock by rarity -> EPIC
2025-08-30 02:28:20,100 [main] INFO treasure2 | TreasureTags.java:167 | registering lock -> treasure2:stone_lock by rarity -> COMMON
2025-08-30 02:28:20,100 [main] INFO treasure2 | TreasureTags.java:167 | registering lock -> treasure2:leaf_lock by rarity -> UNCOMMON
2025-08-30 02:28:20,101 [main] INFO treasure2 | TreasureTags.java:167 | registering lock -> treasure2:sapphire_lock by rarity -> EPIC
2025-08-30 02:28:20,101 [main] INFO treasure2 | TreasureTags.java:167 | registering lock -> treasure2:diamond_lock by rarity -> RARE
2025-08-30 02:28:20,101 [main] INFO treasure2 | TreasureTags.java:167 | registering lock -> treasure2:ember_lock by rarity -> SCARCE
2025-08-30 02:28:20,101 [main] INFO treasure2 | TreasureTags.java:167 | registering lock -> treasure2:gold_lock by rarity -> SCARCE
2025-08-30 02:28:20,101 [main] INFO treasure2 | TreasureTags.java:167 | registering lock -> treasure2:wood_lock by rarity -> COMMON
2025-08-30 02:28:20,101 [main] INFO treasure2 | TreasureTags.java:167 | registering lock -> treasure2:iron_lock by rarity -> UNCOMMON
2025-08-30 02:28:20,101 [main] INFO treasure2 | TreasureTags.java:167 | registering lock -> treasure2:topaz_lock by rarity -> SCARCE
2025-08-30 02:28:20,101 [main] INFO treasure2 | TreasureTags.java:184 | registering chest -> treasure2:barrel_chest by rarity -> UNCOMMON
2025-08-30 02:28:20,102 [main] INFO treasure2 | TreasureTags.java:184 | registering chest -> treasure2:viking_chest by rarity -> UNCOMMON
2025-08-30 02:28:20,102 [main] INFO treasure2 | TreasureTags.java:184 | registering chest -> treasure2:pirate_chest by rarity -> SCARCE
2025-08-30 02:28:20,102 [main] INFO treasure2 | TreasureTags.java:184 | registering chest -> treasure2:safe by rarity -> RARE
2025-08-30 02:28:20,102 [main] INFO treasure2 | TreasureTags.java:184 | registering chest -> treasure2:cauldron_chest by rarity -> CAULDRON
2025-08-30 02:28:20,102 [main] INFO treasure2 | TreasureTags.java:184 | registering chest -> treasure2:crate_chest by rarity -> UNCOMMON
2025-08-30 02:28:20,102 [main] INFO treasure2 | TreasureTags.java:184 | registering chest -> treasure2:crate_chest_moldy by rarity -> COMMON
2025-08-30 02:28:20,102 [main] INFO treasure2 | TreasureTags.java:184 | registering chest -> treasure2:dread_pirate_chest by rarity -> EPIC
2025-08-30 02:28:20,102 [main] INFO treasure2 | TreasureTags.java:184 | registering chest -> treasure2:spider_chest by rarity -> RARE
2025-08-30 02:28:20,102 [main] INFO treasure2 | TreasureTags.java:184 | registering chest -> treasure2:ironbound_chest by rarity -> UNCOMMON
2025-08-30 02:28:20,102 [main] INFO treasure2 | TreasureTags.java:184 | registering chest -> treasure2:skull_chest by rarity -> SKULL
2025-08-30 02:28:20,102 [main] INFO treasure2 | TreasureTags.java:184 | registering chest -> treasure2:milk_crate by rarity -> COMMON
2025-08-30 02:28:20,103 [main] INFO treasure2 | TreasureTags.java:184 | registering chest -> treasure2:vanilla_chest by rarity -> COMMON
2025-08-30 02:28:20,103 [main] INFO treasure2 | TreasureTags.java:184 | registering chest -> treasure2:gold_skull_chest by rarity -> GOLD_SKULL
2025-08-30 02:28:20,103 [main] INFO treasure2 | TreasureTags.java:184 | registering chest -> treasure2:gold_strongbox by rarity -> RARE
2025-08-30 02:28:20,103 [main] INFO treasure2 | TreasureTags.java:184 | registering chest -> treasure2:iron_strongbox by rarity -> SCARCE
2025-08-30 02:28:20,103 [main] INFO treasure2 | TreasureTags.java:184 | registering chest -> treasure2:crystal_skull_chest by rarity -> CRYSTAL_SKULL
2025-08-30 02:28:20,103 [main] INFO treasure2 | TreasureTags.java:184 | registering chest -> treasure2:wood_chest by rarity -> COMMON
2025-08-30 02:28:20,103 [main] INFO treasure2 | TreasureTags.java:184 | registering chest -> treasure2:wither_chest by rarity -> WITHER
2025-08-30 02:28:20,103 [main] INFO treasure2 | TreasureTags.java:184 | registering chest -> treasure2:compressor_chest by rarity -> EPIC
2025-08-30 02:28:20,103 [main] INFO treasure2 | TreasureTags.java:184 | registering chest -> treasure2:cardboard_box by rarity -> COMMON
2025-08-30 02:28:20,104 [main] INFO treasure2 | TreasureTags.java:201 | registering wishable -> treasure2:onyx by rarity -> RARE
2025-08-30 02:28:20,104 [main] INFO treasure2 | TreasureTags.java:201 | registering wishable -> treasure2:ruby by rarity -> RARE
2025-08-30 02:28:20,104 [main] INFO treasure2 | TreasureTags.java:201 | registering wishable -> treasure2:white_pearl by rarity -> RARE
2025-08-30 02:28:20,104 [main] INFO treasure2 | TreasureTags.java:201 | registering wishable -> treasure2:sapphire by rarity -> EPIC
2025-08-30 02:28:20,104 [main] INFO treasure2 | TreasureTags.java:201 | registering wishable -> treasure2:black_pearl by rarity -> EPIC
2025-08-30 02:28:20,104 [main] INFO treasure2 | TreasureTags.java:201 | registering wishable -> treasure2:gold_coin by rarity -> SCARCE
2025-08-30 02:28:20,104 [main] INFO treasure2 | TreasureTags.java:201 | registering wishable -> treasure2:topaz by rarity -> SCARCE
2025-08-30 02:28:20,104 [main] INFO treasure2 | TreasureTags.java:201 | registering wishable -> minecraft:diamond by rarity -> SCARCE
2025-08-30 02:28:20,104 [main] INFO treasure2 | TreasureTags.java:201 | registering wishable -> minecraft:emerald by rarity -> SCARCE
2025-08-30 02:28:20,105 [main] INFO treasure2 | TreasureTags.java:201 | registering wishable -> treasure2:silver_coin by rarity -> UNCOMMON
2025-08-30 02:28:20,105 [main] INFO treasure2 | TreasureTags.java:201 | registering wishable -> treasure2:copper_coin by rarity -> COMMON
2025-08-30 02:28:20,554 [Server thread] INFO treasure2 | Config.java:760 | transforming mob set config...
2025-08-30 02:28:20,560 [Server thread] INFO treasure2 | Config.java:769 | adding mobset to map -> MobSet{name='treasure2:wishing_well_group', category='wishing_wells', biomeWhitelist=[], biomeBlacklist=[], count=IntegerRange [min=1, max=3], mobs=[WeightedMob{name='minecraft:zombie', weight=35}, WeightedMob{name='minecraft:zombie_villager', weight=10}, WeightedMob{name='minecraft:skeleton', weight=35}, WeightedMob{name='minecraft:vex', weight=20}, WeightedMob{name='minecraft:creeper', weight=15}, WeightedMob{name='minecraft:slime', weight=5}]}
2025-08-30 02:28:20,561 [Server thread] INFO treasure2 | Config.java:769 | adding mobset to map -> MobSet{name='treasure2:wither_tree_group', category='wither_trees', biomeWhitelist=[], biomeBlacklist=[], count=IntegerRange [min=1, max=3], mobs=[WeightedMob{name='minecraft:wither_skeleton', weight=90}, WeightedMob{name='minecraft:skeleton', weight=10}]}
2025-08-30 02:28:20,561 [Server thread] INFO treasure2 | Config.java:769 | adding mobset to map -> MobSet{name='treasure2:small_zombie_group', category='zombies', biomeWhitelist=[], biomeBlacklist=[], count=IntegerRange [min=1, max=3], mobs=[WeightedMob{name='minecraft:zombie', weight=90}, WeightedMob{name='minecraft:zombie_villager', weight=10}]}
2025-08-30 02:28:20,561 [Server thread] INFO treasure2 | Config.java:769 | adding mobset to map -> MobSet{name='treasure2:medium_zombie_group', category='zombies', biomeWhitelist=[], biomeBlacklist=[], count=IntegerRange [min=2, max=5], mobs=[WeightedMob{name='minecraft:zombie', weight=90}, WeightedMob{name='minecraft:zombie_villager', weight=10}]}
2025-08-30 02:28:20,562 [Thread-2] INFO treasure2 | Config.java:760 | transforming mob set config...
2025-08-30 02:28:20,564 [Thread-2] INFO treasure2 | Config.java:769 | adding mobset to map -> MobSet{name='treasure2:wishing_well_group', category='wishing_wells', biomeWhitelist=[], biomeBlacklist=[], count=IntegerRange [min=1, max=3], mobs=[WeightedMob{name='minecraft:zombie', weight=35}, WeightedMob{name='minecraft:zombie_villager', weight=10}, WeightedMob{name='minecraft:skeleton', weight=35}, WeightedMob{name='minecraft:vex', weight=20}, WeightedMob{name='minecraft:creeper', weight=15}, WeightedMob{name='minecraft:slime', weight=5}]}
2025-08-30 02:28:20,564 [Thread-2] INFO treasure2 | Config.java:769 | adding mobset to map -> MobSet{name='treasure2:wither_tree_group', category='wither_trees', biomeWhitelist=[], biomeBlacklist=[], count=IntegerRange [min=1, max=3], mobs=[WeightedMob{name='minecraft:wither_skeleton', weight=90}, WeightedMob{name='minecraft:skeleton', weight=10}]}
2025-08-30 02:28:20,564 [Thread-2] INFO treasure2 | Config.java:769 | adding mobset to map -> MobSet{name='treasure2:small_zombie_group', category='zombies', biomeWhitelist=[], biomeBlacklist=[], count=IntegerRange [min=1, max=3], mobs=[WeightedMob{name='minecraft:zombie', weight=90}, WeightedMob{name='minecraft:zombie_villager', weight=10}]}
2025-08-30 02:28:20,564 [Thread-2] INFO treasure2 | Config.java:769 | adding mobset to map -> MobSet{name='treasure2:medium_zombie_group', category='zombies', biomeWhitelist=[], biomeBlacklist=[], count=IntegerRange [min=2, max=5], mobs=[WeightedMob{name='minecraft:zombie', weight=90}, WeightedMob{name='minecraft:zombie_villager', weight=10}]}
2025-08-30 02:28:21,102 [Server thread] INFO treasure2 | WorldEventHandler.java:54 | In world load event
2025-08-30 02:28:21,103 [Server thread] INFO treasure2 | WorldEventHandler.java:64 | In world load event for dimension minecraft:overworld
2025-08-30 02:28:21,112 [Server thread] INFO treasure2 | MobSetRegistry.java:37 | mobSetConfig optional ...
2025-08-30 02:28:21,112 [Server thread] INFO treasure2 | MobSetRegistry.java:39 | mobSetConfig is present
2025-08-30 02:28:21,567 [Server thread] WARN treasure2 | TreasureTemplateRegistry.java:791 | biome -> 'minecraft:desert' is not registgered
2025-08-30 02:28:21,570 [Server thread] WARN treasure2 | TreasureTemplateRegistry.java:791 | biome -> 'minecraft:desert' is not registgered
2025-08-30 02:28:21,570 [Server thread] WARN treasure2 | TreasureTemplateRegistry.java:791 | biome -> 'minecraft:desert' is not registgered
2025-08-30 02:28:21,571 [Server thread] WARN treasure2 | TreasureTemplateRegistry.java:791 | biome -> 'minecraft:desert' is not registgered
2025-08-30 02:28:21,571 [Server thread] WARN treasure2 | TreasureTemplateRegistry.java:791 | biome -> 'minecraft:desert' is not registgered
2025-08-30 02:28:21,571 [Server thread] WARN treasure2 | TreasureTemplateRegistry.java:791 | biome -> 'minecraft:desert' is not registgered
2025-08-30 02:28:21,571 [Server thread] WARN treasure2 | TreasureTemplateRegistry.java:791 | biome -> 'minecraft:desert' is not registgered
2025-08-30 02:28:21,571 [Server thread] WARN treasure2 | TreasureTemplateRegistry.java:791 | biome -> 'minecraft:desert' is not registgered
2025-08-30 02:28:23,700 [Server thread] INFO treasure2 | WorldEventHandler.java:54 | In world load event
2025-08-30 02:28:23,700 [Server thread] INFO treasure2 | WorldEventHandler.java:64 | In world load event for dimension minecraft:the_nether
2025-08-30 02:28:23,744 [Server thread] INFO treasure2 | WorldEventHandler.java:54 | In world load event
2025-08-30 02:28:23,744 [Server thread] INFO treasure2 | WorldEventHandler.java:64 | In world load event for dimension minecraft:the_end
2025-08-30 03:36:47,019 [Server thread] INFO treasure2 | AbstractTreasureChestBlock.java:162 | AbstractTreasureChestBlock | newBlockEntity | lockStates -> [LockState [slot=LockSlot [index=0, face=NORTH, xOffset=0.5, yOffset=0.95, zOffset=0.3, rotation=0.0], lockItem=null], LockState [slot=LockSlot [index=1, face=NORTH, xOffset=0.5, yOffset=0.95, zOffset=0.7, rotation=0.0], lockItem=null]]
2025-08-30 03:36:47,020 [Server thread] INFO treasure2 | AbstractTreasureChestBlock.java:163 | AbstractTreasureChestBlock | newBlockEntity | tileEntity -> mod.gottsch.forge.treasure2.core.block.entity.CauldronChestBlockEntity@7db2b744 @ BlockPos{x=-258, y=33, z=-615}
2025-08-30 03:36:47,125 [Server thread] INFO treasure2 | PitChestFeatureGenerator.java:130 | CHEATER! CAULDRON chest at coords: -245 63 -615
2025-08-30 03:38:26,335 [Server thread] INFO treasure2 | AbstractTreasureChestBlock.java:162 | AbstractTreasureChestBlock | newBlockEntity | lockStates -> [LockState [slot=LockSlot [index=0, face=NORTH, xOffset=0.25, yOffset=0.6, zOffset=0.1125, rotation=0.0], lockItem=null], LockState [slot=LockSlot [index=1, face=NORTH, xOffset=0.25, yOffset=0.3, zOffset=0.1125, rotation=0.0], lockItem=null]]
2025-08-30 03:38:26,336 [Server thread] INFO treasure2 | AbstractTreasureChestBlock.java:163 | AbstractTreasureChestBlock | newBlockEntity | tileEntity -> mod.gottsch.forge.treasure2.core.block.entity.SafeBlockEntity@2b647f29 @ BlockPos{x=-123, y=37, z=-825}
2025-08-30 03:38:26,363 [Server thread] INFO treasure2 | PitChestFeatureGenerator.java:130 | CHEATER! RARE chest at coords: -123 72 -825
2025-08-30 03:59:26,533 [Server thread] INFO treasure2 | AbstractTreasureChestBlock.java:162 | AbstractTreasureChestBlock | newBlockEntity | lockStates -> [LockState [slot=LockSlot [index=0, face=NORTH, xOffset=0.5, yOffset=0.6, zOffset=0.05, rotation=0.0], lockItem=null]]
2025-08-30 03:59:26,533 [Server thread] INFO treasure2 | AbstractTreasureChestBlock.java:163 | AbstractTreasureChestBlock | newBlockEntity | tileEntity -> mod.gottsch.forge.treasure2.core.block.entity.MoldyCrateChestBlockEntity@693d77e7 @ BlockPos{x=-362, y=54, z=-1142}
2025-08-30 03:59:26,554 [Server thread] INFO treasure2 | PitChestFeatureGenerator.java:130 | CHEATER! COMMON chest at coords: -362 63 -1142
2025-08-30 04:00:41,779 [Server thread] INFO treasure2 | AbstractTreasureChestBlock.java:162 | AbstractTreasureChestBlock | newBlockEntity | lockStates -> [LockState [slot=LockSlot [index=0, face=EAST, xOffset=0.72, yOffset=0.18, zOffset=0.5, rotation=90.0], lockItem=null]]
2025-08-30 04:00:41,779 [Server thread] INFO treasure2 | AbstractTreasureChestBlock.java:163 | AbstractTreasureChestBlock | newBlockEntity | tileEntity -> mod.gottsch.forge.treasure2.core.block.entity.GoldSkullChestBlockEntity@5e039d28 @ BlockPos{x=-51, y=35, z=-629}
2025-08-30 04:00:41,810 [Server thread] INFO treasure2 | PitChestFeatureGenerator.java:130 | CHEATER! GOLD_SKULL chest at coords: -51 72 -629
2025-08-30 04:04:25,185 [Server thread] INFO treasure2 | AbstractTreasureChestBlock.java:162 | AbstractTreasureChestBlock | newBlockEntity | lockStates -> [LockState [slot=LockSlot [index=0, face=NORTH, xOffset=0.5, yOffset=0.55, zOffset=0.17, rotation=0.0], lockItem=null]]
2025-08-30 04:04:25,185 [Server thread] INFO treasure2 | AbstractTreasureChestBlock.java:163 | AbstractTreasureChestBlock | newBlockEntity | tileEntity -> mod.gottsch.forge.treasure2.core.block.entity.VikingChestBlockEntity@4b42eb14 @ BlockPos{x=-149, y=54, z=-1233}
2025-08-30 04:04:25,215 [Server thread] INFO treasure2 | PitChestFeatureGenerator.java:130 | CHEATER! UNCOMMON chest at coords: -149 66 -1233
2025-08-30 04:05:31,529 [Worker-Main-35] INFO treasure2 | WellGenerator.java:198 | CHEATER! Wishing Well at coords: 34 70 -1232
2025-08-30 04:06:50,905 [Worker-Main-39] INFO treasure2 | AbstractTreasureChestBlock.java:162 | AbstractTreasureChestBlock | newBlockEntity | lockStates -> [LockState [slot=LockSlot [index=0, face=NORTH, xOffset=0.5, yOffset=0.3, zOffset=0.05, rotation=0.0], lockItem=null], LockState [slot=LockSlot [index=1, face=EAST, xOffset=0.95, yOffset=0.3, zOffset=0.5, rotation=90.0], lockItem=null], LockState [slot=LockSlot [index=2, face=WEST, xOffset=0.05, yOffset=0.3, zOffset=0.5, rotation=-90.0], lockItem=null]]
2025-08-30 04:06:50,905 [Worker-Main-39] INFO treasure2 | AbstractTreasureChestBlock.java:163 | AbstractTreasureChestBlock | newBlockEntity | tileEntity -> mod.gottsch.forge.treasure2.core.block.entity.DreadPirateChestBlockEntity@4462b3ab @ BlockPos{x=-11, y=65, z=-1430}
2025-08-30 04:06:50,946 [Worker-Main-39] INFO treasure2 | SimpleSurfaceChestFeatureGenerator.java:87 | CHEATER! EPIC chest at coords: -11 65 -1430
